[{"slug":"walking","title":"Caminando","phrases":[{"type":"❤️","phrase":"Me gusta caminar"},{"type":"❌","phrase":"No me gusta caminar"},{"type":"🙋","phrase":"¿Quieres caminar juntos?"}]},{"slug":"running","title":"Corriendo","phrases":[{"type":"❤️","phrase":"Me gusta correr."},{"type":"❌","phrase":"No me gusta correr"},{"type":"🙋","phrase":"¿Quieres ir a correr?"}]},{"slug":"talking","title":"Hablando","phrases":[{"type":"❤️","phrase":"Me gusta hablar."},{"type":"❌","phrase":"No me gusta hablar"},{"type":"🙋","phrase":"¿Quieres hablar conmigo?"}]},{"slug":"reading","title":"Leyendo","phrases":[{"type":"❤️","phrase":"Me gusta leer."},{"type":"❌","phrase":"No me gusta leer"},{"type":"🙋","phrase":"¿Quieres leer juntos?"}]},{"slug":"football","title":"Fútbol americano","phrases":[{"type":"❤️","phrase":"Me gusta jugar fútbol."},{"type":"❌","phrase":"No me gusta jugar futbol."},{"type":"🙋","phrase":"¿Quieres jugar futbol?"}]},{"slug":"basketball","title":"Baloncesto","phrases":[{"type":"❤️","phrase":"Me gusta jugar basquetbol."},{"type":"❌","phrase":"No me gusta jugar basquetbol."},{"type":"🙋","phrase":"¿Quieres jugar basketball?"}]},{"slug":"swimming","title":"Nadando","phrases":[{"type":"❤️","phrase":"Me gusta nadar."},{"type":"❌","phrase":"No me gusta nadar"},{"type":"🙋","phrase":"¿Quieres ir a nadar?"}]},{"slug":"painting","title":"Pintura","phrases":[{"type":"❤️","phrase":"Me gusta pintar."},{"type":"❌","phrase":"No me gusta pintar"},{"type":"🙋","phrase":"¿Quieres pintar juntos?"}]},{"slug":"drawing","title":"Dibujo","phrases":[{"type":"❤️","phrase":"Me gusta dibujar."},{"type":"❌","phrase":"No me gusta dibujar"},{"type":"🙋","phrase":"¿Quieres dibujar juntos?"}]},{"slug":"cycling","title":"Ciclismo","phrases":[{"type":"❤️","phrase":"Me gusta el ciclismo."},{"type":"❌","phrase":"No me gusta el ciclismo."},{"type":"🙋","phrase":"¿Quieres ir en bicicleta?"}]},{"slug":"skating","title":"Patinaje","phrases":[{"type":"❤️","phrase":"Me gusta patinar"},{"type":"❌","phrase":"No me gusta patinar"},{"type":"🙋","phrase":"¿Quieres ir a patinar?"}]},{"slug":"sightseeing","title":"Turismo","phrases":[{"type":"❤️","phrase":"Me gusta hacer turismo"},{"type":"❌","phrase":"No me gusta hacer turismo."},{"type":"🙋","phrase":"¿Quieres ir a hacer turismo?"}]},{"slug":"video-games","title":"Videojuegos","phrases":[{"type":"❤️","phrase":"Me gusta jugar juegos de video."},{"type":"❌","phrase":"No me gusta jugar videojuegos."},{"type":"🙋","phrase":"¿Quieres jugar juegos?"}]},{"slug":"tidying","title":"Poner en orden","phrases":[{"type":"❤️","phrase":"Me gusta ordenar mi habitación."},{"type":"❌","phrase":"No me gusta ordenar mi habitación."},{"type":"🙋","phrase":"¿Me pueden ayudar a ordenar mi habitación?"}]},{"slug":"toys","title":"Juguetes","phrases":[{"type":"❤️","phrase":"Me gustan los juguetes"},{"type":"❌","phrase":"No me gustan los juguetes"},{"type":"🙋","phrase":"¿Quieres jugar con mis juguetes?"}]},{"slug":"puzzle","title":"Rompecabezas","phrases":[{"type":"❤️","phrase":"Me gusta resolver acertijos."},{"type":"❌","phrase":"No me gusta resolver acertijos."},{"type":"🙋","phrase":"¿Quieres resolver rompecabezas conmigo?"}]},{"slug":"comics","title":"Historietas","phrases":[{"type":"❤️","phrase":"Me gusta leer cómics."},{"type":"❌","phrase":"No me gusta leer cómics."},{"type":"🙋","phrase":"¿Quieres leer comics?"}]},{"slug":"chess","title":"Ajedrez","phrases":[{"type":"❤️","phrase":"Me gusta jugar ajedrez."},{"type":"❌","phrase":"No me gusta jugar ajedrez."},{"type":"🙋","phrase":"¿Quieres jugar al ajedrez conmigo?"}]},{"slug":"using-leeloo","title":"Usando Leeloo","phrases":[{"type":"❤️","phrase":"Me gusta usar leeloo."},{"type":"❌","phrase":"No me gusta usar leeloo."},{"type":"🙋","phrase":"¿Se pueden cambiar los paquetes de tarjetas en leeloo?"}]},{"slug":"texting","title":"Mensajes de texto","phrases":[{"type":"❤️","phrase":"Me gusta enviar mensajes de texto."},{"type":"❌","phrase":"No me gustan los mensajes de texto."}]},{"slug":"knitting","title":"Tejido de punto","phrases":[{"type":"❤️","phrase":"Me gusta tejer"},{"type":"❌","phrase":"No me gusta tejer"},{"type":"🙋","phrase":"Quiero aprender a tejer."}]},{"slug":"bowling","title":"Bolos","phrases":[{"type":"❤️","phrase":"Me gusta el boliche."},{"type":"❌","phrase":"No me gusta el boliche."},{"type":"🙋","phrase":"¿Quieres jugar bolos conmigo?"}]},{"slug":"watching-tv","title":"Viendo la televisión","phrases":[{"type":"❤️","phrase":"Me gusta ver la televisión."},{"type":"❌","phrase":"No me gusta ver televisión."},{"type":"🙋","phrase":"¿Quieres ver la televisión?"}]},{"slug":"fishing","title":"Pescar","phrases":[{"type":"❤️","phrase":"Me gusta pescar."},{"type":"❌","phrase":"No me gusta pescar"},{"type":"🙋","phrase":"¿Quieres ir a pescar?"}]},{"slug":"exercising","title":"Ejercicio","phrases":[{"type":"❤️","phrase":"Me gusta hacer ejercicio"},{"type":"❌","phrase":"No me gusta hacer ejercicio"},{"type":"🙋","phrase":"¿Quieres hacer ejercicio conmigo?"}]},{"slug":"tennis","title":"Tenis","phrases":[{"type":"❤️","phrase":"Me gusta jugar tenis."},{"type":"❌","phrase":"No me gusta jugar tenis."},{"type":"🙋","phrase":"¿Quieres jugar tenis conmigo?"}]}]