[{"slug":"cat","title":"Gato","phrases":[{"type":"❤️","phrase":"Me gustan los gatos."},{"type":"👀","phrase":"Vi un gato"},{"type":"🔊","phrase":"¿Qué ruido hace un gato?"},{"type":"🐈","phrase":"¿Podemos conseguir un gato como mascota?"}]},{"slug":"dog","title":"Perro","phrases":[{"type":"❤️","phrase":"Me gusta el perro."},{"type":"👀","phrase":"Vi un perro"},{"type":"🔊","phrase":"¿Qué ruido hace un perro?"},{"type":"🐕","phrase":"¿Podemos tener un perro como mascota?"}]},{"slug":"fish","title":"Pez","phrases":[{"type":"❤️","phrase":"Me gusta el pescado."},{"type":"👀","phrase":"Vi un pez"},{"type":"🔊","phrase":"¿Qué ruido hace un pez?"},{"type":"🐠","phrase":"¿Podemos conseguir un pez como mascota?"}]},{"slug":"rabbit","title":"Conejo","phrases":[{"type":"❤️","phrase":"Me gustan los conejos"},{"type":"👀","phrase":"Vi un conejo"},{"type":"🔊","phrase":"¿Qué ruido hace un conejo?"},{"type":"🐇","phrase":"¿Podemos conseguir un conejo como mascota?"}]},{"slug":"butterfly","title":"Mariposa","phrases":[{"type":"❤️","phrase":"Me gustan las mariposas"},{"type":"👀","phrase":"Vi una mariposa"},{"type":"🔊","phrase":"¿Qué ruido hace una mariposa?"}]},{"slug":"kangaroo","title":"Canguro","phrases":[{"type":"❤️","phrase":"Me gustan los canguros."},{"type":"👀","phrase":"Vi un canguro."},{"type":"🔊","phrase":"¿Qué ruido hace un canguro?"}]},{"slug":"turtle","title":"Tortuga","phrases":[{"type":"❤️","phrase":"Me gustan las tortugas."},{"type":"👀","phrase":"Vi una tortuga"},{"type":"🔊","phrase":"¿Qué ruido hace una tortuga?"}]},{"slug":"giraffe","title":"Jirafa","phrases":[{"type":"❤️","phrase":"Me gustan las jirafas"},{"type":"👀","phrase":"Vi una jirafa"},{"type":"🔊","phrase":"¿Qué ruido hace una jirafa?"}]},{"slug":"frog","title":"Rana","phrases":[{"type":"❤️","phrase":"Me gustan las ranas"},{"type":"👀","phrase":"Vi una rana"},{"type":"🔊","phrase":"¿Qué ruido hace una rana?"}]},{"slug":"swan","title":"Cisne","phrases":[{"type":"❤️","phrase":"Me gustan los cisnes"},{"type":"👀","phrase":"Vi un cisne"},{"type":"🔊","phrase":"¿Qué ruido hace un cisne?"}]},{"slug":"spider","title":"Araña","phrases":[{"type":"❤️","phrase":"Me gustan las arañas"},{"type":"👀","phrase":"Vi una araña"},{"type":"🔊","phrase":"¿Qué ruido hace una araña?"}]},{"slug":"cow","title":"Vaca","phrases":[{"type":"❤️","phrase":"Me gustan las vacas"},{"type":"👀","phrase":"Vi una vaca"},{"type":"🔊","phrase":"¿Qué ruido hace una vaca?"}]},{"slug":"duck","title":"Pato","phrases":[{"type":"❤️","phrase":"Me gustan los patos"},{"type":"👀","phrase":"Vi un pato"},{"type":"🔊","phrase":"¿Qué ruido hace un pato?"}]},{"slug":"horse","title":"Caballo","phrases":[{"type":"❤️","phrase":"Me gustan los caballos."},{"type":"👀","phrase":"Vi un caballo"},{"type":"🔊","phrase":"¿Qué ruido hace un caballo?"}]},{"slug":"chicken","title":"Pollo","phrases":[{"type":"❤️","phrase":"Me gustan las gallinas"},{"type":"👀","phrase":"Vi un pollo"},{"type":"🔊","phrase":"¿Qué ruido hace un pollo?"}]},{"slug":"bee","title":"abeja","phrases":[{"type":"❤️","phrase":"Me gustan las abejas"},{"type":"👀","phrase":"Vi una abeja"},{"type":"🔊","phrase":"¿Qué ruido hace una abeja?"}]},{"slug":"pig","title":"Cerdo","phrases":[{"type":"❤️","phrase":"Me gustan los cerdos"},{"type":"👀","phrase":"Vi un cerdo"},{"type":"🔊","phrase":"¿Qué ruido hace un cerdo?"}]},{"slug":"dove","title":"Paloma","phrases":[{"type":"❤️","phrase":"Me gustan las palomas"},{"type":"👀","phrase":"Vi una paloma"},{"type":"🔊","phrase":"¿Qué ruido hace una paloma?"}]},{"slug":"crab","title":"Cangrejo","phrases":[{"type":"❤️","phrase":"Me gustan los cangrejos."},{"type":"👀","phrase":"Vi un cangrejo"},{"type":"🔊","phrase":"¿Qué ruido hace un cangrejo?"}]},{"slug":"penguin","title":"Pingüino","phrases":[{"type":"❤️","phrase":"Me gustan los pinguinos"},{"type":"👀","phrase":"Vi un pinguino"},{"type":"🔊","phrase":"¿Qué ruido hace un pingüino?"}]},{"slug":"elephant","title":"Elefante","phrases":[{"type":"❤️","phrase":"Me gustan los elefantes"},{"type":"👀","phrase":"Vi un elefante"},{"type":"🔊","phrase":"¿Qué ruido hace un elefante?"}]},{"slug":"zebra","title":"Cebra","phrases":[{"type":"❤️","phrase":"Me gustan las cebras"},{"type":"👀","phrase":"Vi una cebra"},{"type":"🔊","phrase":"¿Qué ruido hace una cebra?"}]},{"slug":"panda","title":"Panda","phrases":[{"type":"❤️","phrase":"Me gustan los pandas."},{"type":"👀","phrase":"Vi un panda"},{"type":"🔊","phrase":"¿Qué ruido hace un panda?"}]},{"slug":"monkey","title":"Mono","phrases":[{"type":"❤️","phrase":"Me gustan los monos."},{"type":"👀","phrase":"Vi un mono"},{"type":"🔊","phrase":"¿Qué ruido hace un mono?"}]},{"slug":"camel","title":"Camello","phrases":[{"type":"❤️","phrase":"Me gustan los camellos"},{"type":"👀","phrase":"Vi un camello"},{"type":"🔊","phrase":"¿Qué ruido hace un camello?"}]},{"slug":"mouse","title":"Ratón","phrases":[{"type":"❤️","phrase":"Me gustan los ratones"},{"type":"👀","phrase":"Vi un raton."},{"type":"🔊","phrase":"¿Qué ruido hace un mouse?"}]},{"slug":"tiger","title":"Tigre","phrases":[{"type":"❤️","phrase":"Me gustan los tigres"},{"type":"👀","phrase":"Vi un tigre"},{"type":"🔊","phrase":"¿Qué ruido hace un tigre?"}]},{"slug":"jellyfish","title":"Medusa","phrases":[{"type":"❤️","phrase":"Me gustan las medusas."},{"type":"👀","phrase":"Vi una medusa"},{"type":"🔊","phrase":"¿Qué ruido hace una medusa?"}]},{"slug":"crocodile","title":"Cocodrilo","phrases":[{"type":"❤️","phrase":"Me gustan los cocodrilos"},{"type":"👀","phrase":"Vi un cocodrilo"},{"type":"🔊","phrase":"¿Qué ruido hace un cocodrilo?"}]},{"slug":"koala","title":"Coala","phrases":[{"type":"❤️","phrase":"Me gustan los koalas"},{"type":"👀","phrase":"Vi un koala"},{"type":"🔊","phrase":"¿Qué ruido hace un koala?"}]},{"slug":"ostrich","title":"Avestruz","phrases":[{"type":"❤️","phrase":"Me gustan las avestruces"},{"type":"👀","phrase":"Vi un avestruz"},{"type":"🔊","phrase":"¿Qué ruido hace un avestruz?"}]},{"slug":"racoon","title":"Mapache","phrases":[{"type":"❤️","phrase":"Me gustan los mapaches."},{"type":"👀","phrase":"Vi un mapache."},{"type":"🔊","phrase":"¿Qué ruido hace un mapache?"}]},{"slug":"bat","title":"Murciélago","phrases":[{"type":"❤️","phrase":"Me gustan los murciélagos"},{"type":"👀","phrase":"Vi un murciélago"},{"type":"🔊","phrase":"¿Qué ruido hace un murciélago?"}]},{"slug":"eagle","title":"Águila","phrases":[{"type":"❤️","phrase":"Me gustan las águilas"},{"type":"👀","phrase":"Vi un águila"},{"type":"🔊","phrase":"¿Qué ruido hace un águila?"}]},{"slug":"hippopotamus","title":"Hipopótamo","phrases":[{"type":"❤️","phrase":"Me gusta el hipopótamo"},{"type":"👀","phrase":"Vi un hipopótamo."},{"type":"🔊","phrase":"¿Qué ruido hace un hipopótamo?"}]},{"slug":"seal","title":"Sello","phrases":[{"type":"❤️","phrase":"Me gustan las focas."},{"type":"👀","phrase":"Vi un sello"},{"type":"🔊","phrase":"¿Qué ruido hace un sello?"}]},{"slug":"walrus","title":"Morsa","phrases":[{"type":"❤️","phrase":"Me gustan las morsas."},{"type":"👀","phrase":"Vi una morsa."},{"type":"🔊","phrase":"¿Qué ruido hace una morsa?"}]},{"slug":"seahorse","title":"Caballo de mar","phrases":[{"type":"❤️","phrase":"Me gustan los caballitos de mar."},{"type":"👀","phrase":"Vi un caballito de mar."},{"type":"🔊","phrase":"¿Qué ruido hace un caballito de mar?"}]},{"slug":"bull","title":"Toro","phrases":[{"type":"❤️","phrase":"Me gustan los toros"},{"type":"👀","phrase":"Vi un toro"},{"type":"🔊","phrase":"¿Qué ruido hace un toro?"}]},{"slug":"pelican","title":"Pelícano","phrases":[{"type":"❤️","phrase":"Me gustan los pelicanos"},{"type":"👀","phrase":"Vi un pelícano."},{"type":"🔊","phrase":"¿Qué ruido hace un pelícano?"}]},{"slug":"beaver","title":"Castor","phrases":[{"type":"❤️","phrase":"Me gustan los castores."},{"type":"👀","phrase":"Vi un castor."},{"type":"🔊","phrase":"¿Qué ruido hace un castor?"}]},{"slug":"goldfish","title":"Pez de colores","phrases":[{"type":"❤️","phrase":"Me gustan los peces dorados."},{"type":"👀","phrase":"Vi un pez dorado."},{"type":"🔊","phrase":"¿Qué ruido hace un pez dorado?"},{"type":"🐠","phrase":"¿Podemos conseguir un pez dorado como mascota?"}]},{"slug":"rhinoceros","title":"Rinoceronte","phrases":[{"type":"❤️","phrase":"Me gusta el rinoceronte"},{"type":"👀","phrase":"Vi un rinoceronte."},{"type":"🔊","phrase":"¿Qué ruido hace un rinoceronte?"}]},{"slug":"snake","title":"Serpiente","phrases":[{"type":"❤️","phrase":"Me gustan las serpientes"},{"type":"👀","phrase":"Vi una serpiente"},{"type":"🔊","phrase":"¿Qué ruido hace una serpiente?"}]},{"slug":"lion","title":"León","phrases":[{"type":"❤️","phrase":"Me gustan los leones"},{"type":"👀","phrase":"Vi un leon."},{"type":"🔊","phrase":"¿Qué ruido hace un león?"}]},{"slug":"squid","title":"Calamar","phrases":[{"type":"❤️","phrase":"Me gustan los calamares."},{"type":"👀","phrase":"Vi un calamar"},{"type":"🔊","phrase":"¿Qué ruido hace un calamar?"}]},{"slug":"whale","title":"Ballena","phrases":[{"type":"❤️","phrase":"Me gustan las ballenas"},{"type":"👀","phrase":"Vi una ballena"},{"type":"🔊","phrase":"¿Qué ruido hace una ballena?"}]},{"slug":"beetle","title":"Escarabajo","phrases":[{"type":"❤️","phrase":"Me gustan los escarabajos"},{"type":"👀","phrase":"Vi un escarabajo"},{"type":"🔊","phrase":"¿Qué ruido hace un escarabajo?"}]},{"slug":"dolphin","title":"Delfín","phrases":[{"type":"❤️","phrase":"Me gustan los delfines"},{"type":"👀","phrase":"Vi un delfín"},{"type":"🔊","phrase":"¿Qué ruido hace un delfín?"}]},{"slug":"starfish","title":"Estrella de mar","phrases":[{"type":"❤️","phrase":"Me gustan las estrellas de mar."},{"type":"👀","phrase":"Vi una estrella de mar."},{"type":"🔊","phrase":"¿Qué ruido hace una estrella de mar?"}]},{"slug":"parakeet","title":"Perico","phrases":[{"type":"❤️","phrase":"Me gustan los periquitos."},{"type":"👀","phrase":"Vi un periquito."},{"type":"🔊","phrase":"¿Qué ruido hace un periquito?"}]},{"slug":"owl","title":"Búho","phrases":[{"type":"❤️","phrase":"Me gustan los búhos."},{"type":"👀","phrase":"Vi una lechuza"},{"type":"🔊","phrase":"¿Qué ruido hace un búho?"}]},{"slug":"sheep","title":"Oveja","phrases":[{"type":"❤️","phrase":"Me gustan las ovejas"},{"type":"👀","phrase":"Vi una oveja"},{"type":"🔊","phrase":"¿Qué ruido hace una oveja?"}]}]