[{"slug":"pants","title":"Pantalones","phrases":[{"type":"🧼","phrase":"Mis pantalones estan sucios."},{"type":"🙋","phrase":"¿Me pueden ayudar a ponerme los pantalones?"}]},{"slug":"shirt","title":"Camisa","phrases":[{"type":"🧼","phrase":"Mi camisa esta sucia"},{"type":"🙋","phrase":"¿Me pueden ayudar a ponerme la camisa?"}]},{"slug":"skirt","title":"Falda","phrases":[{"type":"🧼","phrase":"Mi falda esta sucia"},{"type":"🙋","phrase":"¿Me pueden ayudar a ponerme la falda?"}]},{"slug":"panty","title":"Bragas","phrases":[{"type":"🧼","phrase":"Mi ropa interior está sucia."},{"type":"🙋","phrase":"¿Me pueden ayudar a ponerme las bragas?"}]},{"slug":"jacket","title":"Chaqueta","phrases":[{"type":"🧼","phrase":"Mi chaqueta esta sucia."},{"type":"🙋","phrase":"¿Me pueden ayudar a usar mi chaqueta?"}]},{"slug":"tie","title":"Corbata","phrases":[{"type":"❤️","phrase":"Me gusta usar corbata."},{"type":"🙋","phrase":"¿Me pueden ayudar a atar mi corbata?"}]},{"slug":"baseball-cap","title":"Gorra de beisbol","phrases":[{"type":"❤️","phrase":"Me gusta usar gorra de beisbol."},{"type":"❓","phrase":"¿Qué gorra de béisbol debo usar?"}]},{"slug":"dress","title":"Vestir","phrases":[{"type":"🧼","phrase":"Mi vestido esta sucio"},{"type":"🙋","phrase":"¿Me pueden ayudar a usar mi vestido?"}]},{"slug":"shoes","title":"Zapatos","phrases":[{"type":"🧼","phrase":"Mis zapatos están sucios."},{"type":"🙋","phrase":"¿Me pueden ayudar a usar mis zapatos?"}]},{"slug":"boots","title":"Botas","phrases":[{"type":"🧼","phrase":"Mis botas están sucias."},{"type":"🙋","phrase":"¿Me pueden ayudar a ponerme las botas?"}]},{"slug":"sneakers","title":"Zapatillas","phrases":[{"type":"🎈","phrase":"Quiero usar mis zapatillas de deporte."},{"type":"🙋","phrase":"¿Me pueden ayudar a usar mis zapatillas?"}]},{"slug":"slippers","title":"Zapatillas","phrases":[{"type":"🎈","phrase":"Quiero usar mis zapatillas."},{"type":"🙋","phrase":"¿Me pueden ayudar a usar mis zapatillas?"}]},{"slug":"belt","title":"Cinturón","phrases":[{"type":"❤️","phrase":"Me gusta usar cinturón."},{"type":"🙋","phrase":"¿Me pueden ayudar a usar mi cinturón?"}]},{"slug":"socks","title":"Calcetines","phrases":[{"type":"🧼","phrase":"Mis calcetines están sucios."},{"type":"🙋","phrase":"¿Me pueden ayudar a ponerme los calcetines?"}]},{"slug":"swimsuit","title":"Traje de baño","phrases":[{"type":"❤️","phrase":"Quiero usar mi traje de baño."},{"type":"🙋","phrase":"¿Me pueden ayudar a usar mi traje de baño?"}]},{"slug":"sweater","title":"Suéter","phrases":[{"type":"🧼","phrase":"Mi suéter está sucio"},{"type":"🙋","phrase":"¿Me pueden ayudar a usar mi suéter?"}]},{"slug":"scarf","title":"Bufanda","phrases":[{"type":"❤️","phrase":"Me gusta usar bufanda."},{"type":"🙋","phrase":"¿Me pueden ayudar a usar mi bufanda?"}]},{"slug":"denim-shorts","title":"Shorts de mezclilla","phrases":[{"type":"🧼","phrase":"Mis pantalones cortos de mezclilla están sucios."},{"type":"🙋","phrase":"¿Me pueden ayudar a usar mis pantalones cortos de mezclilla?"}]},{"slug":"hoodies","title":"Sudaderas con capucha","phrases":[{"type":"❤️","phrase":"Me gusta usar sudaderas con capucha."},{"type":"🙋","phrase":"¿Me pueden ayudar a usar mi sudadera con capucha?"}]},{"slug":"swimming-shorts","title":"Bañador","phrases":[{"type":"🧼","phrase":"Mis shorts de baño están sucios."},{"type":"🙋","phrase":"¿Me pueden ayudar a usar mis shorts de baño?"}]},{"slug":"bow-tie","title":"Corbata de moño","phrases":[{"type":"❤️","phrase":"Me gusta usar pajarita."},{"type":"🙋","phrase":"¿Me pueden ayudar a usar mi pajarita?"}]},{"slug":"leather-jacket","title":"Chaqueta de cuero","phrases":[{"type":"❤️","phrase":"Me gusta llevar chaqueta de cuero."},{"type":"🙋","phrase":"¿Me pueden ayudar a usar mi chaqueta de cuero?"}]},{"slug":"bathrobe","title":"Bathrope","phrases":[{"type":"❤️","phrase":"Me gusta usar bata de baño."},{"type":"🙋","phrase":"¿Me pueden ayudar a ponerme la bata de baño?"}]},{"slug":"jumpsuit","title":"Mono","phrases":[{"type":"❤️","phrase":"Me gusta usar mono."},{"type":"🙋","phrase":"¿Me pueden ayudar a usar mi mono?"}]},{"slug":"fedora-hat","title":"sombrero de fieltro","phrases":[{"type":"❤️","phrase":"Me gusta usar sombrero fedora."},{"type":"🙋","phrase":"¿Me pueden ayudar a usar mi sombrero fedora?"}]},{"slug":"t-shirt","title":"camiseta","phrases":[{"type":"❤️","phrase":"Me gusta usar camiseta."},{"type":"🙋","phrase":"¿Me pueden ayudar a usar mi camiseta?"}]},{"slug":"sleeveless","title":"Sin mangas","phrases":[{"type":"❤️","phrase":"Me gusta usar sin mangas."},{"type":"🙋","phrase":"¿Me pueden ayudar a usar mi sin mangas?"}]},{"slug":"boxers","title":"Boxeadores","phrases":[{"type":"❤️","phrase":"Me gusta usar boxers."},{"type":"🙋","phrase":"¿Me pueden ayudar a usar mis boxers?"}]},{"slug":"vest","title":"Chaleco","phrases":[{"type":"❤️","phrase":"Me gusta usar chaleco."},{"type":"🙋","phrase":"¿Me pueden ayudar a usar mi chaleco?"}]},{"slug":"pamela-hat","title":"Sombrero Pamela","phrases":[{"type":"❤️","phrase":"Me gusta usar el sombrero pamela."},{"type":"🙋","phrase":"¿Me pueden ayudar a usar mi sombrero pamela?"}]},{"slug":"high-heels","title":"Tacones altos","phrases":[{"type":"❤️","phrase":"Me gusta usar tacones altos."},{"type":"🙋","phrase":"¿Me pueden ayudar a usar mis tacones altos?"}]},{"slug":"overalls","title":"Mono","phrases":[{"type":"❤️","phrase":"Me gusta usar monos."},{"type":"🙋","phrase":"¿Me pueden ayudar a ponerme el mono?"}]},{"slug":"kimono","title":"Kimono","phrases":[{"type":"❤️","phrase":"Me gusta usar kimono."},{"type":"🙋","phrase":"¿Me pueden ayudar a usar mi kimono?"}]},{"slug":"raincoat","title":"Impermeable","phrases":[{"type":"❤️","phrase":"Me gusta usar gabardina."},{"type":"🙋","phrase":"¿Me pueden ayudar a usar mi impermeable?"}]},{"slug":"bandana","title":"Pañuelo","phrases":[{"type":"❤️","phrase":"Me gusta usar pañuelo."},{"type":"🙋","phrase":"¿Me pueden ayudar a usar mi pañuelo?"}]},{"slug":"beret","title":"Boina","phrases":[{"type":"❤️","phrase":"Me gusta llevar boina."},{"type":"🙋","phrase":"¿Puedes ayudarme a usar mi boina?"}]},{"slug":"knit-hat","title":"Sombrero tejido","phrases":[{"type":"❤️","phrase":"Me gusta usar gorro de punto."},{"type":"🙋","phrase":"¿Me pueden ayudar a usar mi gorro de punto?"}]},{"slug":"suspenders","title":"Tirantes","phrases":[{"type":"❤️","phrase":"Me gusta usar tirantes."},{"type":"🙋","phrase":"¿Me pueden ayudar a usar mis tirantes?"}]},{"slug":"mitten","title":"Mitón","phrases":[{"type":"❤️","phrase":"Me gusta usar guantes."},{"type":"🙋","phrase":"¿Me pueden ayudar a usar mi manopla?"}]},{"slug":"suit","title":"Traje","phrases":[{"type":"❤️","phrase":"Me gusta usar traje."},{"type":"🙋","phrase":"¿Me pueden ayudar a usar mi traje?"}]},{"slug":"coat","title":"Saco","phrases":[{"type":"❤️","phrase":"Me gusta llevar abrigo."},{"type":"🙋","phrase":"¿Me pueden ayudar a ponerme el abrigo?"}]},{"slug":"trench-coat","title":"Gabardina","phrases":[{"type":"❤️","phrase":"Me gusta usar gabardina."},{"type":"🙋","phrase":"¿Me pueden ayudar a usar mi gabardina?"}]}]