[{"slug":"crayons","title":"Lápices de color","phrases":[{"type":"❤️","phrase":"Me gustan los crayones."},{"type":"🙋","phrase":"¿Me puedes dar crayones?"},{"type":"🖍️","phrase":"Quiero dibujar usando mis crayones."}]},{"slug":"red","title":"rojo","phrases":[{"type":"👉","phrase":"Es rojo."},{"type":"💜","phrase":"Mi color favorito es el rojo."},{"type":"🙋","phrase":"¿Me puedes dar pintura roja?"}]},{"slug":"blue","title":"Azul","phrases":[{"type":"👉","phrase":"Es azul."},{"type":"💜","phrase":"Mi color favorito es el azul."},{"type":"🙋","phrase":"¿Me puedes dar pintura azul?"}]},{"slug":"orange","title":"naranja","phrases":[{"type":"👉","phrase":"Es de color naranja."},{"type":"💜","phrase":"Mi color favorito es el naranja."},{"type":"🙋","phrase":"¿Me puede dar pintura naranja?"}]},{"slug":"green","title":"Verde","phrases":[{"type":"👉","phrase":"Es verde."},{"type":"💜","phrase":"Mi color favorito es el verde."},{"type":"🙋","phrase":"¿Me puede dar pintura verde?"}]},{"slug":"yellow","title":"Amarillo","phrases":[{"type":"👉","phrase":"Es amarillo."},{"type":"💜","phrase":"Mi color favorito es el amarillo."},{"type":"🙋","phrase":"¿Me puede dar pintura amarilla?"}]},{"slug":"purple","title":"Púrpura","phrases":[{"type":"👉","phrase":"Es púrpura."},{"type":"💜","phrase":"Mi color favorito es morado."},{"type":"🙋","phrase":"¿Me puede dar pintura morada?"}]},{"slug":"pink","title":"Rosado","phrases":[{"type":"👉","phrase":"Es rosa."},{"type":"💜","phrase":"Mi color favorito es el rosado."},{"type":"🙋","phrase":"¿Me puedes dar pintura rosa?"}]},{"slug":"brown","title":"marrón","phrases":[{"type":"👉","phrase":"Es marrón."},{"type":"💜","phrase":"Mi color favorito es el marrón."},{"type":"🙋","phrase":"¿Me puede dar pintura marrón?"}]},{"slug":"black","title":"Negro","phrases":[{"type":"👉","phrase":"Es negro."},{"type":"💜","phrase":"Mi color favorito es el negro."},{"type":"🙋","phrase":"¿Me puedes dar pintura negra?"}]},{"slug":"white","title":"Blanco","phrases":[{"type":"👉","phrase":"Es blanco."},{"type":"💜","phrase":"Mi color favorito es el blanco."},{"type":"🙋","phrase":"¿Me puede dar pintura blanca?"}]},{"slug":"gray","title":"gris","phrases":[{"type":"👉","phrase":"Es gris"},{"type":"💜","phrase":"Mi color favorito es el gris."},{"type":"🙋","phrase":"¿Me puede dar pintura gris?"}]},{"slug":"transparent","title":"Transparente","phrases":[{"type":"👉","phrase":"Es transparente."},{"type":"👀","phrase":"Puedo ver detrás de color transparente."},{"type":"🙋","phrase":"¿Me pueden ayudar a borrar?"}]},{"slug":"cyan","title":"Cian","phrases":[{"type":"👉","phrase":"Es cian"},{"type":"💜","phrase":"Mi color favorito es el cian."},{"type":"🙋","phrase":"¿Me puede dar pintura cian?"}]},{"slug":"violet","title":"Violeta","phrases":[{"type":"👉","phrase":"Es violeta"},{"type":"💜","phrase":"Mi color favorito es el violeta."},{"type":"🙋","phrase":"¿Me puede dar pintura violeta?"}]},{"slug":"turquoise","title":"Turquesa","phrases":[{"type":"👉","phrase":"Es turquesa."},{"type":"💜","phrase":"Mi color favorito es el turquose."},{"type":"🙋","phrase":"¿Me puede dar pintura turquesa?"}]},{"slug":"lime","title":"Lima","phrases":[{"type":"👉","phrase":"Es lima."},{"type":"💜","phrase":"Mi color favorito es la lima."},{"type":"🙋","phrase":"¿Me puede dar pintura de cal?"}]},{"slug":"plum","title":"ciruela","phrases":[{"type":"👉","phrase":"Es ciruela"},{"type":"💜","phrase":"Mi color favorito es la ciruela."},{"type":"🙋","phrase":"¿Me puede dar pintura de ciruela?"}]},{"slug":"tan","title":"Bronceado","phrases":[{"type":"👉","phrase":"Es de color tostado."},{"type":"💜","phrase":"Mi color favorito es el color tostado."},{"type":"🙋","phrase":"¿Me puede dar pintura de color tostado?"}]},{"slug":"avocado","title":"Aguacate","phrases":[{"type":"👉","phrase":"Es de color aguacate."},{"type":"💜","phrase":"Mi color favorito es el color aguacate."},{"type":"🙋","phrase":"¿Me puede dar pintura de color aguacate?"}]},{"slug":"barbie-pink","title":"Rosa Barbie","phrases":[{"type":"👉","phrase":"Es de color rosa barbie."},{"type":"💜","phrase":"Mi color favorito es el rosa barbie."},{"type":"🙋","phrase":"¿Me puedes dar pintura rosa barbie?"}]},{"slug":"blizzard-blue","title":"Ventisca azul","phrases":[{"type":"👉","phrase":"Es de color azul ventisca."},{"type":"💜","phrase":"Mi color favorito es el color azul de ventisca."},{"type":"🙋","phrase":"¿Me puede dar pintura azul de ventisca?"}]}]