[{"slug":"coffee","title":"café","phrases":[{"type":"❤️","phrase":"Me gusta tomar cafe"},{"type":"🙋","phrase":"Quiero beber café."}]},{"slug":"water","title":"Agua","phrases":[{"type":"☝️","phrase":"Necesito tomar agua"},{"type":"🙋","phrase":"Quiero beber agua."}]},{"slug":"juice","title":"Jugo","phrases":[{"type":"❤️","phrase":"Me gusta beber jugo"},{"type":"🙋","phrase":"Quiero tomar jugo"}]},{"slug":"tea","title":"Té","phrases":[{"type":"❤️","phrase":"Me gusta tomar té"},{"type":"🙋","phrase":"Quiero tomar te"}]},{"slug":"grape-juice","title":"Jugo de uva","phrases":[{"type":"❤️","phrase":"Me gusta beber jugo de uva."},{"type":"🙋","phrase":"Quiero tomar jugo de uva"}]},{"slug":"milk","title":"Leche","phrases":[{"type":"❤️","phrase":"Me gusta tomar leche"},{"type":"🙋","phrase":"Quiero beber leche."}]},{"slug":"milkshake","title":"Malteada","phrases":[{"type":"❤️","phrase":"Me gusta beber batidos."},{"type":"🙋","phrase":"Quiero tomar batido de leche."}]},{"slug":"orange-juice","title":"zumo de naranja","phrases":[{"type":"❤️","phrase":"Me gusta beber jugo de naranja."},{"type":"🙋","phrase":"Quiero tomar jugo de naranja"}]},{"slug":"apple-juice","title":"jugo de manzana","phrases":[{"type":"❤️","phrase":"Me gusta beber jugo de manzana."},{"type":"🙋","phrase":"Quiero tomar jugo de manzana"}]},{"slug":"pineapple-juice","title":"Jugo de piña","phrases":[{"type":"❤️","phrase":"Me gusta beber jugo de piña."},{"type":"🙋","phrase":"Quiero tomar jugo de piña."}]},{"slug":"lemonade","title":"Limonada","phrases":[{"type":"❤️","phrase":"Me gusta beber limonada."},{"type":"🙋","phrase":"Quiero tomar limonada"}]},{"slug":"coke","title":"Coca","phrases":[{"type":"❤️","phrase":"Me gusta beber coca cola."},{"type":"🙋","phrase":"Quiero beber coca cola"}]},{"slug":"soda","title":"soda","phrases":[{"type":"❤️","phrase":"Me gusta beber refrescos."},{"type":"🙋","phrase":"Quiero tomar refrescos"}]},{"slug":"frappe","title":"Frapé","phrases":[{"type":"❤️","phrase":"Me gusta beber frappe."},{"type":"🙋","phrase":"Quiero beber frappe"}]},{"slug":"smoothie","title":"Zalamero","phrases":[{"type":"❤️","phrase":"Me gusta beber batidos."},{"type":"🙋","phrase":"Quiero tomar un licuado"}]},{"slug":"iced-tea","title":"Te helado","phrases":[{"type":"❤️","phrase":"Me gusta beber té helado."},{"type":"🙋","phrase":"Quiero tomar té helado."}]},{"slug":"hot-chocolate","title":"Chocolate caliente","phrases":[{"type":"❤️","phrase":"Me gusta beber chocolate caliente."},{"type":"🙋","phrase":"Quiero tomar chocolate caliente"}]},{"slug":"mineral-water","title":"Agua mineral","phrases":[{"type":"❤️","phrase":"Me gusta beber agua mineral."},{"type":"🙋","phrase":"Quiero tomar agua mineral"}]}]