[{"slug":"cotton-candy","title":"Cotto candy","phrases":[{"type":"❤️","phrase":"Me gusta comer algodón de azúcar."}]},{"slug":"magic-hat","title":"Sombrero mágico","phrases":[{"type":"❤️","phrase":"Me gusta usar sombrero mágico."}]},{"slug":"ferris-wheel","title":"Rueda de la fortuna","phrases":[{"type":"❤️","phrase":"Me gusta andar en la noria."}]},{"slug":"bowling","title":"Bolos","phrases":[{"type":"❤️","phrase":"Me gusta jugar boliche."}]},{"slug":"bumper-car","title":"Auto de choque","phrases":[{"type":"❤️","phrase":"Me gusta viajar en el auto de choque."}]},{"slug":"carousel","title":"Carrusel","phrases":[{"type":"❤️","phrase":"Me gusta viajar en el carrusel."}]},{"slug":"balloons","title":"Globos","phrases":[{"type":"❤️","phrase":"Me gustan los globos"}]},{"slug":"cups","title":"Tazas","phrases":[]},{"slug":"unicycle","title":"Unicylce","phrases":[]},{"slug":"circus-tent","title":"Tienda de circo","phrases":[]},{"slug":"food-truck","title":"Camión de comida","phrases":[]},{"slug":"tea-cup-ride","title":"Paseo en taza de té","phrases":[]},{"slug":"whack-a-mole","title":"Aplasta un topo","phrases":[]},{"slug":"food-stall","title":"Puesto de comida","phrases":[]},{"slug":"claw-machine","title":"Máquina de garra","phrases":[]},{"slug":"shooting-target","title":"Objetivo de tiro","phrases":[]},{"slug":"teddy-bear","title":"oso de peluche","phrases":[]},{"slug":"fireworks","title":"Fuegos artificiales","phrases":[]},{"slug":"caramelized-apple","title":"Manzana caramelizada","phrases":[]},{"slug":"ring","title":"anillo","phrases":[]}]