[{"slug":"happy","title":"Contento","phrases":[{"type":"🖐️","phrase":"Estoy feliz."},{"type":"🙋","phrase":"Me siento feliz."},{"type":"❓","phrase":"¿Te sientes feliz?"},{"type":"☝️","phrase":"Quiero sentirme feliz"},{"type":"🎈","phrase":"Me estas haciendo feliz"}]},{"slug":"sad","title":"Triste","phrases":[{"type":"🖐️","phrase":"Estoy triste."},{"type":"🙋","phrase":"Me siento triste."},{"type":"❓","phrase":"Te sientes triste"},{"type":"☝️","phrase":"No quiero sentirme triste"},{"type":"😠","phrase":"Me estás poniendo triste."}]},{"slug":"exhausted","title":"Agotado","phrases":[{"type":"🖐️","phrase":"Estoy agotado."},{"type":"🙋","phrase":"Me siento agotado."},{"type":"❓","phrase":"¿Te sientes agotado?"},{"type":"☝️","phrase":"No quiero estar agotado."}]},{"slug":"relaxed","title":"Relajado","phrases":[{"type":"🖐️","phrase":"Estoy relajado."},{"type":"🙋","phrase":"Me siento relajado."},{"type":"❓","phrase":"¿Te sientes relajado?"},{"type":"☝️","phrase":"Quiero sentirme relajado"}]},{"slug":"in-love","title":"Enamorado","phrases":[{"type":"🖐️","phrase":"Estoy enamorado."},{"type":"🙋","phrase":"Me siento enamorado."},{"type":"❓","phrase":"¿Estas enamorado?"},{"type":"☝️","phrase":"Quiero enamorarme."},{"type":"👉","phrase":"¿Me amas?"}]},{"slug":"stressed","title":"Estresado","phrases":[{"type":"🖐️","phrase":"Estoy estresado."},{"type":"🙋","phrase":"Me siento estresado."},{"type":"❓","phrase":"¿Te sientes estresado?"},{"type":"☝️","phrase":"No quiero sentirme estresado."}]},{"slug":"thankful","title":"Agradecido","phrases":[{"type":"🖐️","phrase":"Estoy agradecido."},{"type":"🙋","phrase":"Me siento agradecido"},{"type":"❓","phrase":"¿Te sientes agradecido?"},{"type":"☝️","phrase":"Quiero sentirme agradecido"}]},{"slug":"confused","title":"Confuso","phrases":[{"type":"🖐️","phrase":"Estoy confundido."},{"type":"🙋","phrase":"Me siento confundido."},{"type":"❓","phrase":"¿Te sientes confundido?"},{"type":"☝️","phrase":"Me estás confundiendo."}]},{"slug":"joyful","title":"Alegre","phrases":[{"type":"🖐️","phrase":"Estoy alegre"},{"type":"🙋","phrase":"Me siento alegre"},{"type":"❓","phrase":"¿Te sientes alegre?"},{"type":"☝️","phrase":"Quiero sentirme alegre"}]},{"slug":"angry","title":"Enojado","phrases":[{"type":"🖐️","phrase":"Estoy enojado."},{"type":"🙋","phrase":"Me siento enojado."},{"type":"❓","phrase":"¿Te sientes enojado?"},{"type":"☝️","phrase":"Estoy enojado contigo."},{"type":"😠","phrase":"Me estas haciendo enojar."}]},{"slug":"smart","title":"Inteligente","phrases":[{"type":"🖐️","phrase":"Soy inteligente."},{"type":"🙋","phrase":"Me siento inteligente"},{"type":"❓","phrase":"Te sientes inteligente?"},{"type":"☝️","phrase":"¿Soy inteligente?"},{"type":"👉","phrase":"¡Eres inteligente!"}]},{"slug":"afraid","title":"Asustado","phrases":[{"type":"🖐️","phrase":"Me temo que."},{"type":"🙋","phrase":"Tengo miedo."},{"type":"❓","phrase":"¿Tienes miedo?"},{"type":"☝️","phrase":"No quiero sentir miedo."},{"type":"😠","phrase":"Me estás asustando."}]},{"slug":"ashamed","title":"Avergonzado","phrases":[{"type":"🖐️","phrase":"Estoy avergonzado."},{"type":"🙋","phrase":"Me siento avergonzado."},{"type":"❓","phrase":"Te sientes avergonzado?"},{"type":"☝️","phrase":"No quiero sentir vergüenza."}]},{"slug":"shocked","title":"Conmocionado","phrases":[{"type":"🖐️","phrase":"Estoy sorprendido"},{"type":"🙋","phrase":"Me siento conmocionado"},{"type":"❓","phrase":"¿Te sientes conmocionado?"},{"type":"☝️","phrase":"Me sorprendiste."}]},{"slug":"sick","title":"Enfermo","phrases":[{"type":"🖐️","phrase":"Estoy enfermado."},{"type":"🙋","phrase":"Me siento enfermo."},{"type":"❓","phrase":"¿Te siente mal?"},{"type":"☝️","phrase":"No quiero estar enfermo"},{"type":"🤢","phrase":"Estoy harto de la comida."}]},{"slug":"frustrated","title":"Frustrado","phrases":[{"type":"🖐️","phrase":"Estoy frustrado."},{"type":"🙋","phrase":"Me siento frustrado."},{"type":"❓","phrase":"¿Te sientes frustrado?"},{"type":"☝️","phrase":"No quiero sentirme frustrado."}]},{"slug":"excited","title":"Emocionado","phrases":[{"type":"🖐️","phrase":"Estoy emocionado."},{"type":"🙋","phrase":"Estoy emocionado."},{"type":"❓","phrase":"¿Te sientes emocionado?"},{"type":"☝️","phrase":"No quiero sentirme emocionado."}]},{"slug":"nauseated","title":"Náuseas","phrases":[{"type":"🖐️","phrase":"Tengo náuseas"},{"type":"🙋","phrase":"Siento náuseas"},{"type":"❓","phrase":"¿Tienes náuseas?"},{"type":"☝️","phrase":"No quiero sentir náuseas."}]},{"slug":"agitated","title":"Agitado","phrases":[{"type":"🖐️","phrase":"Estoy agitado"},{"type":"🙋","phrase":"Me siento agitado"},{"type":"❓","phrase":"¿Te sientes agitado?"},{"type":"☝️","phrase":"No quiero sentirme agitado."}]}]