[{"slug":"hungry","title":"Hambriento","phrases":[{"type":"‼️","phrase":"Tengo hambre."},{"type":"❓","phrase":"¿Tienes hambre?"},{"type":"🙋","phrase":"¿Me puedes hacer comida?"},{"type":"🍳","phrase":"¿Que hay para cenar?"}]},{"slug":"thirsty","title":"Sediento","phrases":[{"type":"‼️","phrase":"Estoy sediento."},{"type":"🌊","phrase":"¿Puedo tomar un poco de agua?"},{"type":"🥛","phrase":"¿Puedo tener un vaso de agua?"},{"type":"🙋","phrase":"Quiero algo de beber"}]},{"slug":"cutlery","title":"Cuchillería","phrases":[{"type":"🙋","phrase":"Necesito cubiertos"},{"type":"🍽️","phrase":"Ayúdame a usar cubiertos."},{"type":"🍴","phrase":"Necesito un tenedor"},{"type":"🥄","phrase":"Necesito una cuchara"},{"type":"🥢","phrase":"Necesito palillos chinos"},{"type":"🔪","phrase":"Necesito un cuchillo"},{"type":"🧻","phrase":"Necesito una servilleta"}]},{"slug":"apple","title":"manzana","phrases":[{"type":"❤️","phrase":"Me gusta la manzana."},{"type":"❌","phrase":"No me gusta la manzana"},{"type":"🙋","phrase":"Quiero comer una manzana."}]},{"slug":"carrot","title":"Zanahoria","phrases":[{"type":"❤️","phrase":"Me gusta la zanahoria"},{"type":"❌","phrase":"No me gusta la zanahoria"},{"type":"🙋","phrase":"Quiero comer una zanahoria"}]},{"slug":"beans","title":"Frijoles","phrases":[{"type":"❤️","phrase":"Me gustan los frijoles"},{"type":"❌","phrase":"No me gustan los frijoles."},{"type":"🙋","phrase":"Quiero comer frijoles"}]},{"slug":"chicken","title":"Pollo","phrases":[{"type":"❤️","phrase":"Me gusta el pollo."},{"type":"❌","phrase":"No me gusta el pollo"},{"type":"🙋","phrase":"Quiero comer pollo."},{"type":"🍗","phrase":"Quiero pollo frito"},{"type":"🐣","phrase":"Quiero pollo hervido"}]},{"slug":"chocolate","title":"Chocolate","phrases":[{"type":"❤️","phrase":"Me gusta el chocolate."},{"type":"❌","phrase":"No me gusta el chocolate"},{"type":"🙋","phrase":"Quiero comer chocolate."},{"type":"⚫","phrase":"Quiero chocolate negro"},{"type":"⚪","phrase":"Quiero chocolate blanco"}]},{"slug":"milk","title":"Leche","phrases":[{"type":"❤️","phrase":"Me gusta la leche."},{"type":"❌","phrase":"No me gusta la leche"},{"type":"🙋","phrase":"Quiero beber leche."},{"type":"🍳","phrase":"¿Puedo tomar un vaso de leche?"}]},{"slug":"sandwich","title":"Sandwich","phrases":[{"type":"❤️","phrase":"Me gusta el sandwich"},{"type":"❌","phrase":"No me gusta el sandwich"},{"type":"🙋","phrase":"Quiero comer un sandwich"},{"type":"🍳","phrase":"¿Me puedes hacer un sandwich?"}]},{"slug":"steak","title":"filete","phrases":[{"type":"❤️","phrase":"Me gusta el bistec"},{"type":"❌","phrase":"No me gusta el bistec."},{"type":"🙋","phrase":"Quiero comer carne"},{"type":"🍳","phrase":"¿Puedes cocinar carne para mí?"}]},{"slug":"banana","title":"Plátano","phrases":[{"type":"❤️","phrase":"Me gusta el platano."},{"type":"❌","phrase":"No me gusta el plátano"},{"type":"🙋","phrase":"Quiero comer un plátano"}]},{"slug":"pie","title":"Tarta","phrases":[{"type":"❤️","phrase":"Me gusta la tarta."},{"type":"❌","phrase":"No me gusta el pastel"},{"type":"🙋","phrase":"Quiero comer pastel"},{"type":"🍳","phrase":"¿Puedes hornear un pastel para mí?"}]},{"slug":"egg","title":"Huevo","phrases":[{"type":"❤️","phrase":"Me gusta el huevo"},{"type":"❌","phrase":"No me gusta el huevo"},{"type":"🙋","phrase":"Quiero comer huevo"},{"type":"🍳","phrase":"Quiero huevos fritos"},{"type":"🥚","phrase":"Quiero huevos cocidos."}]},{"slug":"noodles","title":"Tallarines","phrases":[{"type":"❤️","phrase":"Me gustan los fideos."},{"type":"❌","phrase":"No me gustan los fideos."},{"type":"🙋","phrase":"Quiero comer fideos"},{"type":"🍳","phrase":"¿Puedes cocinar fideos para mí?"}]},{"slug":"salt","title":"sal","phrases":[{"type":"🙋","phrase":"Quiero sal"},{"type":"❓","phrase":"¿Puedes pasarme la sal?"},{"type":"🧂","phrase":"La comida es muy salada."},{"type":"🧂","phrase":"Mi comida necesita un poco de sal."}]},{"slug":"spices","title":"Especias","phrases":[{"type":"❤️","phrase":"Me gusta la comida picante."},{"type":"❌","phrase":"No me gusta la comida picante."},{"type":"🙋","phrase":"Quiero pimentón"},{"type":"⚫","phrase":"Quiero pimienta negra"}]},{"slug":"pizza","title":"Pizza","phrases":[{"type":"❤️","phrase":"Me gusta la pizza."},{"type":"❌","phrase":"No me gusta la pizza"},{"type":"🙋","phrase":"Quiero comer pizza."},{"type":"🍳","phrase":"¿Puedes cocinar pizza para mí?"},{"type":"☝️","phrase":"¿Podemos pedir pizza?"}]},{"slug":"cheese","title":"Queso","phrases":[{"type":"❤️","phrase":"Me gusta el queso."},{"type":"❌","phrase":"No me gusta el queso"},{"type":"🙋","phrase":"Quiero comer queso"}]},{"slug":"fish","title":"Pez","phrases":[{"type":"❤️","phrase":"Me gusta el pescado."},{"type":"❌","phrase":"No me gusta el pescado"},{"type":"🙋","phrase":"Quiero comer pescado"},{"type":"🍳","phrase":"¿Puedes cocinar pescado para mí?"}]},{"slug":"ice-cream","title":"Helado","phrases":[{"type":"❤️","phrase":"Me gusta el helado."},{"type":"❌","phrase":"No me gusta el helado"},{"type":"🙋","phrase":"Quiero comer helado."},{"type":"☝️","phrase":"¿Puedes comprar helado para mí?"}]},{"slug":"tea","title":"Té","phrases":[{"type":"❤️","phrase":"Me gusta el té."},{"type":"❌","phrase":"No me gusta el te"},{"type":"🙋","phrase":"Quiero tomar te"},{"type":"🍳","phrase":"¿Puedes hacer té para mí?"}]},{"slug":"coffee","title":"café","phrases":[{"type":"❤️","phrase":"Me gusta el café."},{"type":"❌","phrase":"No me gusta el cafe"},{"type":"🙋","phrase":"Quiero beber café."},{"type":"🍳","phrase":"¿Puedes hacer café para mí?"}]},{"slug":"tomato","title":"Tomate","phrases":[{"type":"❤️","phrase":"Me gusta el tomate"},{"type":"❌","phrase":"No me gusta el tomate"},{"type":"🙋","phrase":"Quiero comer tomate"}]},{"slug":"cereal","title":"Cereal","phrases":[{"type":"❤️","phrase":"Me gusta el cereal."},{"type":"❌","phrase":"No me gusta el cereal"},{"type":"🙋","phrase":"Quiero comer cereal"},{"type":"🍳","phrase":"¿Me puedes hacer cereal?"}]},{"slug":"burger","title":"Hamburguesa","phrases":[{"type":"❤️","phrase":"Me gusta la hamburguesa"},{"type":"❌","phrase":"No me gusta la hamburguesa"},{"type":"🙋","phrase":"Quiero comer hamburguesa"},{"type":"🍳","phrase":"¿Puedes cocinar hamburguesas para mí?"},{"type":"☝️","phrase":"¿Podemos pedir una hamburguesa?"}]},{"slug":"french-fries","title":"papas fritas","phrases":[{"type":"❤️","phrase":"Me gustan las papas fritas."},{"type":"❌","phrase":"No me gustan las papas fritas."},{"type":"🙋","phrase":"Quiero comer papas fritas."},{"type":"🍳","phrase":"¿Puedes cocinar papas fritas para mí?"},{"type":"☝️","phrase":"¿Podemos pedir papas fritas?"}]},{"slug":"spinach","title":"Espinacas","phrases":[{"type":"❤️","phrase":"Me gustan las espinacas"},{"type":"❌","phrase":"No me gustan las espinacas."},{"type":"🙋","phrase":"Quiero comer espinacas"}]},{"slug":"rice","title":"Arroz","phrases":[{"type":"❤️","phrase":"Me gusta el arroz."},{"type":"❌","phrase":"No me gusta el arroz"},{"type":"🙋","phrase":"Quiero comer arroz."},{"type":"🍳","phrase":"¿Puedes cocinar arroz para mí?"}]},{"slug":"bread","title":"Un pan","phrases":[{"type":"❤️","phrase":"Me gusta el pan."},{"type":"❌","phrase":"No me gusta el pan"},{"type":"🙋","phrase":"Quiero comer pan"},{"type":"☝️","phrase":"¿Puedes comprar un poco de pan?"}]},{"slug":"pasta","title":"Pasta","phrases":[{"type":"❤️","phrase":"Me gusta la pasta."},{"type":"❌","phrase":"No me gusta la pasta"},{"type":"🙋","phrase":"Quiero comer pasta"},{"type":"🍳","phrase":"¿Puedes cocinar pasta para mí?"}]},{"slug":"sauce","title":"Salsa","phrases":[{"type":"❤️","phrase":"Me gusta la salsa"},{"type":"❌","phrase":"No me gusta la salsa"},{"type":"🙋","phrase":"Quiero un poco de salsa"},{"type":"🔴","phrase":"¿Puedo tomar ketchup?"},{"type":"⚪","phrase":"¿Puedo comer mayonesa?"},{"type":"🟡","phrase":"¿Puedo tener mostaza?"},{"type":"🚜","phrase":"¿Puedo tener salsa ranch?"}]},{"slug":"kebab","title":"Brocheta","phrases":[{"type":"❤️","phrase":"Me gusta el kebab"},{"type":"❌","phrase":"No me gusta el kebab."},{"type":"🙋","phrase":"Quiero comer kebab"},{"type":"🍳","phrase":"¿Puedes cocinar kebab para mí?"},{"type":"☝️","phrase":"¿Podemos pedir kebab?"}]}]