[{"slug":"apple","title":"manzana","phrases":[{"type":"❤️","phrase":"Me gusta comer manzana."},{"type":"🙋","phrase":"Quiero comer una manzana."},{"type":"❌","phrase":"No me gusta la manzana"}]},{"slug":"watermelon","title":"Sandía","phrases":[{"type":"❤️","phrase":"Me gusta comer sandía."},{"type":"🙋","phrase":"Quiero comer una sandia."},{"type":"❌","phrase":"No me gusta la sandia."}]},{"slug":"orange","title":"naranja","phrases":[{"type":"❤️","phrase":"Me gusta comer naranja."},{"type":"🙋","phrase":"Quiero comer una naranja"},{"type":"❌","phrase":"No me gusta el naranja"}]},{"slug":"strawberry","title":"fresa","phrases":[{"type":"❤️","phrase":"Me gusta comer fresa."},{"type":"🙋","phrase":"Quiero comer algunas fresas."},{"type":"❌","phrase":"No me gusta la fresa"}]},{"slug":"grape","title":"Uva","phrases":[{"type":"❤️","phrase":"Me gusta comer uva."},{"type":"🙋","phrase":"Quiero comer unas uvas."},{"type":"❌","phrase":"No me gusta la uva"}]},{"slug":"cherry","title":"Cereza","phrases":[{"type":"❤️","phrase":"Me gusta comer cereza."},{"type":"🙋","phrase":"Quiero comer algunas cerezas."},{"type":"❌","phrase":"No me gusta la cereza"}]},{"slug":"mango","title":"Mango","phrases":[{"type":"❤️","phrase":"Me gusta comer mango."},{"type":"🙋","phrase":"Quiero comer un mango"},{"type":"❌","phrase":"No me gusta el mango."}]},{"slug":"guava","title":"Guayaba","phrases":[{"type":"❤️","phrase":"Me gusta comer guayaba."},{"type":"🙋","phrase":"Quiero comer una guayaba."},{"type":"❌","phrase":"No me gusta la guayaba."}]},{"slug":"banana","title":"Plátano","phrases":[{"type":"❤️","phrase":"Me gusta comer plátano."},{"type":"🙋","phrase":"Quiero comer un plátano"},{"type":"❌","phrase":"No me gusta el plátano"}]},{"slug":"pomegranate","title":"Granada","phrases":[{"type":"❤️","phrase":"Me gusta comer granada."},{"type":"🙋","phrase":"Quiero comer una granada."},{"type":"❌","phrase":"No me gusta la granada."}]},{"slug":"raspberry","title":"Frambuesa","phrases":[{"type":"❤️","phrase":"Me gusta comer frambuesa."},{"type":"🙋","phrase":"Quiero comer algunas frambuesas."},{"type":"❌","phrase":"No me gusta la frambuesa."}]},{"slug":"papaya","title":"Papaya","phrases":[{"type":"❤️","phrase":"Me gusta comer papaya."},{"type":"🙋","phrase":"Quiero comer una papaya"},{"type":"❌","phrase":"No me gusta la papaya."}]},{"slug":"kiwi","title":"kiwi","phrases":[{"type":"❤️","phrase":"Me gusta comer kiwi."},{"type":"🙋","phrase":"Quiero comer un kiwi"},{"type":"❌","phrase":"No me gusta el kiwi"}]},{"slug":"pineapple","title":"Piña","phrases":[{"type":"❤️","phrase":"Me gusta comer piña."},{"type":"🙋","phrase":"Quiero comer un poco de piña."},{"type":"❌","phrase":"No me gusta la piña."}]},{"slug":"lemon","title":"Limón","phrases":[{"type":"❤️","phrase":"Me gusta comer limon."},{"type":"🙋","phrase":"Quiero comer un limon."},{"type":"❌","phrase":"No me gusta el limon."},{"type":"🍋","phrase":"Los limones son agrios."}]},{"slug":"apricot","title":"Albaricoque","phrases":[{"type":"❤️","phrase":"Me gusta comer albaricoque."},{"type":"🙋","phrase":"Quiero comer un albaricoque."},{"type":"❌","phrase":"No me gusta el albaricoque."}]},{"slug":"dragon-fruit","title":"Dragon de fruta","phrases":[{"type":"❤️","phrase":"Me gusta comer fruta del dragón."},{"type":"🙋","phrase":"Quiero comer una fruta del dragón."},{"type":"❌","phrase":"No me gusta la fruta del dragón."}]},{"slug":"peach","title":"melocotón","phrases":[{"type":"❤️","phrase":"Me gusta comer durazno."},{"type":"🙋","phrase":"Quiero comer un durazno"},{"type":"❌","phrase":"No me gusta el durazno."}]},{"slug":"avocado","title":"Aguacate","phrases":[{"type":"❤️","phrase":"Me gusta comer aguacate."},{"type":"🙋","phrase":"Quiero comer un aguacate."},{"type":"❌","phrase":"No me gusta el aguacate."}]},{"slug":"fig","title":"Higo","phrases":[{"type":"❤️","phrase":"Me gusta comer higo."},{"type":"🙋","phrase":"Quiero comer un higo"},{"type":"❌","phrase":"No me gusta la fig."}]},{"slug":"lychee","title":"Lychee","phrases":[{"type":"❤️","phrase":"Me gusta comer lichi."},{"type":"🙋","phrase":"Quiero comerme un lichi."},{"type":"❌","phrase":"No me gusta el lichi."}]},{"slug":"passion-fruit","title":"Maracuyá","phrases":[{"type":"❤️","phrase":"Me gusta comer fruta de la pasión."},{"type":"🙋","phrase":"Quiero comer una fruta de la pasión."},{"type":"❌","phrase":"No me gusta la fruta de la pasión."}]},{"slug":"blueberry","title":"Arándano","phrases":[{"type":"❤️","phrase":"Me gusta comer arándanos."},{"type":"🙋","phrase":"Quiero comer unos arándanos."},{"type":"❌","phrase":"No me gusta el arándano."}]},{"slug":"coconut","title":"Coco","phrases":[{"type":"❤️","phrase":"Me gusta comer coco."},{"type":"🙋","phrase":"Quiero comer un poco de coco."},{"type":"❌","phrase":"No me gusta el coco"}]}]