[{"slug":"gardener","title":"Jardinero","phrases":[]},{"slug":"sprout","title":"Brote","phrases":[]},{"slug":"hose","title":"Manguera","phrases":[]},{"slug":"glove","title":"Guante","phrases":[]},{"slug":"flowers","title":"Flores","phrases":[]},{"slug":"seeds","title":"Semillas","phrases":[]},{"slug":"shovel","title":"Pala","phrases":[]},{"slug":"watering","title":"Riego","phrases":[]},{"slug":"scarecrow","title":"Espantapájaros","phrases":[]},{"slug":"tree","title":"Árbol","phrases":[]},{"slug":"fertilizer","title":"Fertilizante","phrases":[]},{"slug":"pitchfork","title":"Horca","phrases":[]},{"slug":"bucket","title":"Cubeta","phrases":[]},{"slug":"fence","title":"Cerca","phrases":[]},{"slug":"leaf","title":"Hoja","phrases":[]},{"slug":"windmill","title":"Molino","phrases":[]},{"slug":"spray","title":"Rociar","phrases":[]},{"slug":"shears","title":"Tijeras","phrases":[]},{"slug":"sprinkler","title":"Aspersor","phrases":[]},{"slug":"tractor","title":"Tractor","phrases":[]},{"slug":"jam","title":"Mermelada","phrases":[]},{"slug":"bonsai","title":"Bonsai","phrases":[]},{"slug":"wheelbarrow","title":"Carretilla","phrases":[]},{"slug":"birdhouse","title":"Pajarera","phrases":[]}]