[{"slug":"mixer","title":"Mezclador","phrases":[{"type":"🙋","phrase":"¿Me puede mostrar cómo usar una batidora?"},{"type":"🤞","phrase":"No debería usar la batidora sin mis padres."}]},{"slug":"apron","title":"Delantal","phrases":[{"type":"👚","phrase":"Me pongo un delantal mientras cocino."},{"type":"👚","phrase":"Mi mamá usa un delantal mientras cocina."}]},{"slug":"fryer","title":"Freidora","phrases":[{"type":"🙋","phrase":"¿Me puede mostrar cómo usar una freidora?"},{"type":"🤞","phrase":"No debería usar la freidora sin mis padres."}]},{"slug":"rolling-pin","title":"Rodillo","phrases":[{"type":"🙋","phrase":"¿Me puede mostrar cómo usar un rodillo?"},{"type":"💡","phrase":"Yo uso un rodillo para estirar la masa."}]},{"slug":"coffee-machine","title":"Maquina de cafe","phrases":[{"type":"🙋","phrase":"¿Me puede mostrar cómo usar una máquina de café?"},{"type":"🤞","phrase":"No debería usar la máquina de café sin mis padres."}]},{"slug":"fridge","title":"Refrigerador","phrases":[{"type":"🙋","phrase":"¿Me puede mostrar cómo usar una nevera?"},{"type":"💡","phrase":"El refrigerador mantiene los alimentos fríos."}]},{"slug":"pot","title":"Maceta","phrases":[{"type":"🙋","phrase":"¿Me puede mostrar cómo usar una olla?"},{"type":"🤞","phrase":"No debería usar marihuana sin mis padres."}]},{"slug":"toaster","title":"Tostadora","phrases":[{"type":"🙋","phrase":"¿Me puede mostrar cómo usar una tostadora?"},{"type":"🤞","phrase":"No debería usar la tostadora sin mis padres."}]},{"slug":"cutlery","title":"Cuchillería","phrases":[{"type":"🙋","phrase":"¿Me puede mostrar cómo usar los cubiertos?"},{"type":"😋","phrase":"Estoy aprendiendo a comer con cubiertos."}]},{"slug":"spatula","title":"Espátula","phrases":[{"type":"🙋","phrase":"¿Me puede mostrar cómo usar una espátula?"}]},{"slug":"oven","title":"Horno","phrases":[{"type":"🙋","phrase":"¿Me puede mostrar cómo usar el horno?"},{"type":"🤞","phrase":"No debería usar el horno sin mis padres."}]},{"slug":"kitchen-timer","title":"Temporizador de cocina","phrases":[{"type":"🙋","phrase":"¿Me puede mostrar cómo usar el temporizador de cocina?"},{"type":"⏱️","phrase":"El temporizador de la cocina está sonando."}]},{"slug":"pizza-cutter","title":"Cortador de pizza","phrases":[{"type":"🙋","phrase":"¿Me puede mostrar cómo usar el cortador de pizza?"},{"type":"🤞","phrase":"No debería usar cortador de pizza sin mis padres."}]},{"slug":"grater","title":"Rallador","phrases":[{"type":"🙋","phrase":"¿Me puede mostrar cómo usar un rallador?"},{"type":"🤞","phrase":"No debería usar rallador sin mis padres."}]},{"slug":"grill","title":"Parrilla","phrases":[{"type":"🙋","phrase":"¿Me puede mostrar cómo usar la parrilla?"},{"type":"🤞","phrase":"No debería usar la parrilla sin mis padres."}]},{"slug":"recipe-book","title":"Libro de recetas","phrases":[{"type":"🙋","phrase":"¿Puedo elegir una receta para cocinar?"},{"type":"🍳","phrase":"¿Podemos cocinar esta receta?"}]},{"slug":"kitchen-utensils","title":"Utensilios de cocina","phrases":[{"type":"❤️","phrase":"Me gusta usar utensilios de cocina."},{"type":"🤞","phrase":"No debería usar utensilios de cocina sin mis padres."}]},{"slug":"stove","title":"Estufa","phrases":[{"type":"🙋","phrase":"¿Me puede mostrar cómo usar la estufa?"},{"type":"🤞","phrase":"No debería usar la estufa sin mis padres."}]},{"slug":"salt-and-pepper","title":"Sal y pimienta","phrases":[{"type":"🙋","phrase":"¿Puedes traer sal y pimienta?"}]},{"slug":"kitchen-board","title":"Tablero de cocina","phrases":[{"type":"🙋","phrase":"¿Puedo escribir en la pizarra de la cocina?"}]},{"slug":"scale","title":"Escala","phrases":[{"type":"🙋","phrase":"¿Me puede mostrar cómo usar la báscula de cocina?"}]},{"slug":"teapot","title":"Tetera","phrases":[{"type":"🙋","phrase":"¿Me puede mostrar cómo usar la tetera?"},{"type":"🤞","phrase":"No debería usar la tetera sin mis padres."}]},{"slug":"microwave","title":"Microonda","phrases":[{"type":"🙋","phrase":"¿Me puede mostrar cómo usar el microondas?"},{"type":"🤞","phrase":"No debería usar el microondas sin mis padres."}]}]