[{"slug":"hospital-bed","title":"Cama de hospital","phrases":[{"type":"🙋","phrase":"¿Me pueden ayudar con la cama del hospital?"}]},{"slug":"weight-loss","title":"Pérdida de peso","phrases":[{"type":"🏋️","phrase":"Necesito moderar mi consumo de alimentos."},{"type":"🏃‍♀️","phrase":"Estoy perdiendo peso"},{"type":"🥩","phrase":"Estoy ganando peso."}]},{"slug":"exercise","title":"Ejercicio","phrases":[{"type":"🏋️","phrase":"Estoy haciendo ejercicio"},{"type":"⏲️","phrase":"Tengo una rutina de ejercicios."}]},{"slug":"medical-history","title":"Historial médico","phrases":[{"type":"📂","phrase":"Aquí está mi historial médico."}]},{"slug":"vitamin-c","title":"Vitamina C","phrases":[{"type":"🍹","phrase":"Necesito tomar vitamina c."},{"type":"🍊","phrase":"Las naranjas contienen vitamina c."}]},{"slug":"thermometer","title":"Termómetro","phrases":[{"type":"🤒","phrase":"¿Puedes medir mi fiebre?"},{"type":"🌡️","phrase":"¿Cómo funciona un termómetro?"}]},{"slug":"pills","title":"Pastillas","phrases":[{"type":"💊","phrase":"Necesito tomar mis pastillas."},{"type":"👉","phrase":"¿Tomaste tus pastillas?"}]},{"slug":"medical-mask","title":"Mascarilla medica","phrases":[]},{"slug":"dental-care","title":"Cuidado dental","phrases":[{"type":"🦷","phrase":"Me duelen los dientes."},{"type":"🦷","phrase":"Estoy cepillando mis dientes."}]},{"slug":"hearing-exam","title":"Examen de audición","phrases":[{"type":"👂","phrase":"Tengo problemas de audición"},{"type":"🦻","phrase":"Tendré un examen de audición."}]},{"slug":"hospital","title":"Hospital","phrases":[{"type":"🏥","phrase":"Voy al hospital."},{"type":"🏥","phrase":"Estoy en el hospital."}]},{"slug":"stethoscope","title":"Estetoscopio","phrases":[{"type":"👨‍⚕️","phrase":"Los médicos usan estetoscopio."},{"type":"🩺","phrase":"¿Puedo tener un estetoscopio de juguete?"}]},{"slug":"ambulance","title":"Ambulancia","phrases":[{"type":"👀","phrase":"Vi una ambulancia"},{"type":"👂","phrase":"Escuché una voz de ambulancia."}]},{"slug":"drugstore","title":"Farmacia","phrases":[{"type":"🧾","phrase":"Necesito surtir mi receta."},{"type":"➡️","phrase":"Aquí está mi receta."}]},{"slug":"emergency","title":"Emergencia","phrases":[{"type":"🚨","phrase":"Tengo una emergencia de salud."},{"type":"🚑","phrase":"Voy a la sala de emergencias."}]},{"slug":"health-insurance","title":"Seguro de salud","phrases":[{"type":"⚕️","phrase":"Tengo seguro de salud."},{"type":"❌","phrase":"No tengo seguro de salud."}]},{"slug":"doctor","title":"Médico","phrases":[{"type":"❤️","phrase":"Me gusta mi doctor"},{"type":"🤩","phrase":"El doctor me está ayudando."}]},{"slug":"nurse","title":"enfermero","phrases":[{"type":"❤️","phrase":"Me gusta mi enfermera"},{"type":"🤩","phrase":"La enfermera me está ayudando."}]}]