[{"slug":"one","title":"Uno","phrases":[{"type":"➖","phrase":"Uno viene antes que los dos."},{"type":"➕","phrase":"Uno viene después de cero."},{"type":"🙋","phrase":"Quiero uno."}]},{"slug":"two","title":"Dos","phrases":[{"type":"➖","phrase":"Dos vienen antes que las tres."},{"type":"➕","phrase":"Dos vienen después de uno."},{"type":"🙋","phrase":"Quiero dos."}]},{"slug":"three","title":"Tres","phrases":[{"type":"➖","phrase":"Tres vienen antes que las cuatro."},{"type":"➕","phrase":"Tres vienen después de las dos."},{"type":"🙋","phrase":"Quiero tres"}]},{"slug":"four","title":"Cuatro","phrases":[{"type":"➖","phrase":"Cuatro viene antes de las cinco."},{"type":"➕","phrase":"Cuatro viene después de las tres."},{"type":"🙋","phrase":"Quiero cuatro"}]},{"slug":"five","title":"Cinco","phrases":[{"type":"➖","phrase":"Cinco viene antes de las seis."},{"type":"➕","phrase":"Cinco viene después de las cuatro."},{"type":"🙋","phrase":"Quiero cinco"}]},{"slug":"six","title":"Seis","phrases":[{"type":"➖","phrase":"Seis viene antes de las siete."},{"type":"➕","phrase":"Seis viene después de las cinco."},{"type":"🙋","phrase":"Quiero arreglarlo"}]},{"slug":"seven","title":"Siete","phrases":[{"type":"➖","phrase":"Siete viene antes de las ocho."},{"type":"➕","phrase":"Siete viene después de las seis."},{"type":"🙋","phrase":"Quiero siete"}]},{"slug":"eight","title":"Ocho","phrases":[{"type":"➖","phrase":"Ocho viene antes de las nueve."},{"type":"➕","phrase":"Ocho viene después de las siete."},{"type":"🙋","phrase":"Quiero ocho"}]},{"slug":"nine","title":"Nueve","phrases":[{"type":"➖","phrase":"Nueve viene antes de las diez."},{"type":"➕","phrase":"Nueve viene después de las ocho."},{"type":"🙋","phrase":"Quiero nueve"}]},{"slug":"ten","title":"Diez","phrases":[{"type":"➖","phrase":"Diez viene antes de las once."},{"type":"➕","phrase":"Diez viene después de las nueve."},{"type":"🙋","phrase":"Quiero diez"}]},{"slug":"eleven","title":"Once","phrases":[{"type":"➖","phrase":"Once viene antes de los trece."},{"type":"➕","phrase":"Once viene después de las diez."},{"type":"🙋","phrase":"Quiero once."}]},{"slug":"twenty","title":"Veinte","phrases":[{"type":"🔢","phrase":"Puedo contar hasta veinte."}]},{"slug":"thirty","title":"Treinta","phrases":[{"type":"🔢","phrase":"Puedo contar hasta treinta."}]},{"slug":"forty","title":"Cuarenta","phrases":[{"type":"🔢","phrase":"Puedo contar hasta cuarenta."}]},{"slug":"fifty","title":"Cincuenta","phrases":[{"type":"🔢","phrase":"Puedo contar hasta cincuenta."}]},{"slug":"hundred","title":"Cien","phrases":[{"type":"🔢","phrase":"Puedo contar hasta cien."}]},{"slug":"thousand","title":"Mil","phrases":[{"type":"🔢","phrase":"Puedo contar hasta mil."}]},{"slug":"calculator","title":"Calculadora","phrases":[{"type":"🖩","phrase":"Quiero usar una calculadora."},{"type":"🧮","phrase":"¿Me puede enseñar cómo usar una calculadora?"},{"type":"🙋","phrase":"¿Puedo cambiar tu calculadora?"}]}]