[{"slug":"teacher","title":"Profesor","phrases":[{"type":"❓","phrase":"¿Que hace un profesor?"},{"type":"🙋","phrase":"Quiero convertirme en maestro."}]},{"slug":"police-officer","title":"Oficial de policía","phrases":[{"type":"❓","phrase":"¿Qué hace un oficial de policía?"},{"type":"🙋","phrase":"Quiero convertirme en un oficial de policía."}]},{"slug":"writer","title":"Escritor","phrases":[{"type":"❓","phrase":"¿Qué hace un escritor?"},{"type":"🙋","phrase":"Quiero ser escritor"}]},{"slug":"doctor","title":"Médico","phrases":[{"type":"❓","phrase":"¿Qué hace un doctor?"},{"type":"🙋","phrase":"Quiero ser doctor"}]},{"slug":"detective","title":"detective","phrases":[{"type":"❓","phrase":"¿Qué hace un detective?"},{"type":"🙋","phrase":"Quiero ser detective."}]},{"slug":"artist","title":"Artista","phrases":[{"type":"❓","phrase":"¿Qué hace un artista?"},{"type":"🙋","phrase":"Quiero ser artista"}]},{"slug":"singer","title":"Cantante","phrases":[{"type":"❓","phrase":"¿Qué hace un cantante?"},{"type":"🙋","phrase":"Quiero ser cantante"}]},{"slug":"astronaut","title":"Astronauta","phrases":[{"type":"❓","phrase":"¿Qué hace un astronauta?"},{"type":"🙋","phrase":"Quiero convertirme en astronauta."}]},{"slug":"sailor","title":"Marinero","phrases":[{"type":"❓","phrase":"¿Qué hace un marinero?"},{"type":"🙋","phrase":"Quiero ser marinero."}]},{"slug":"chef","title":"Cocinero","phrases":[{"type":"❓","phrase":"¿Qué hace un chef?"},{"type":"🙋","phrase":"Quiero convertirme en chef."}]},{"slug":"farmer","title":"Agricultor","phrases":[{"type":"❓","phrase":"¿Qué hace un granjero?"},{"type":"🙋","phrase":"Quiero ser agricultor"}]},{"slug":"construction-worker","title":"Obrero","phrases":[{"type":"❓","phrase":"¿Qué hace un trabajador de la construcción?"},{"type":"🙋","phrase":"Quiero convertirme en un trabajador de la construcción."}]},{"slug":"baker","title":"Panadero","phrases":[{"type":"❓","phrase":"¿Qué hace un panadero?"},{"type":"🙋","phrase":"Quiero ser panadero"}]},{"slug":"lifeguard","title":"Salvavidas","phrases":[{"type":"❓","phrase":"¿Qué hace un socorrista?"},{"type":"🙋","phrase":"Quiero convertirme en un salvavidas."}]},{"slug":"astronomer","title":"Astrónomo","phrases":[{"type":"❓","phrase":"¿Qué hace un astrónomo?"},{"type":"🙋","phrase":"Quiero convertirme en astrónomo."}]},{"slug":"journalist","title":"Periodista","phrases":[{"type":"❓","phrase":"¿Qué hace un periodista?"},{"type":"🙋","phrase":"Quiero ser periodista."}]},{"slug":"archeologist","title":"Arqueólogo","phrases":[{"type":"❓","phrase":"¿Qué hace un arqueólogo?"},{"type":"🙋","phrase":"Quiero convertirme en arqueólogo."}]},{"slug":"musician","title":"Músico","phrases":[{"type":"❓","phrase":"¿Qué hace un músico?"},{"type":"🙋","phrase":"Quiero convertirme en músico."}]},{"slug":"magician","title":"Mago","phrases":[{"type":"❓","phrase":"¿Qué hace un mago?"},{"type":"🙋","phrase":"Quiero ser mago."}]},{"slug":"soccer-player","title":"Jugador de fútbol","phrases":[{"type":"❓","phrase":"¿Qué hace un jugador de fútbol?"},{"type":"🙋","phrase":"Quiero ser futbolista."}]},{"slug":"postwoman","title":"Cartero","phrases":[{"type":"❓","phrase":"¿Qué hace una postwoman?"},{"type":"🙋","phrase":"Quiero convertirme en una postwoman."}]},{"slug":"firefighter","title":"Bombero","phrases":[{"type":"❓","phrase":"¿Qué hace un bombero?"},{"type":"🙋","phrase":"Quiero convertirme en bombero."}]},{"slug":"scientist","title":"Científico","phrases":[{"type":"❓","phrase":"¿Qué hace un científico?"},{"type":"🙋","phrase":"Quiero ser un científico"}]},{"slug":"gardener","title":"Jardinero","phrases":[{"type":"❓","phrase":"¿Qué hace un jardinero?"},{"type":"🙋","phrase":"Quiero convertirme en jardinero."}]},{"slug":"butcher","title":"Carnicero","phrases":[{"type":"❓","phrase":"¿Qué hace un carnicero?"},{"type":"🙋","phrase":"Quiero convertirme en carnicero."}]},{"slug":"veterinarian","title":"Veterinario","phrases":[{"type":"❓","phrase":"¿Qué hace un veterinario?"},{"type":"🙋","phrase":"Quiero ser veterinario."}]},{"slug":"lumber-jack","title":"Gato de madera","phrases":[{"type":"❓","phrase":"¿Qué hace un gato de madera?"},{"type":"🙋","phrase":"Quiero convertirme en un aserradero."}]},{"slug":"miner","title":"Minero","phrases":[{"type":"❓","phrase":"¿Qué hace un minero?"},{"type":"🙋","phrase":"Quiero convertirme en minero."}]},{"slug":"nun","title":"Monja","phrases":[{"type":"❓","phrase":"¿Qué hace una monja?"},{"type":"🙋","phrase":"Quiero ser monja."}]},{"slug":"fisher-woman","title":"Mujer pescador","phrases":[{"type":"❓","phrase":"¿Qué hace una mujer pescadora?"},{"type":"🙋","phrase":"Quiero convertirme en una mujer pescadora."}]},{"slug":"hair-dresser","title":"Peluqueria","phrases":[{"type":"❓","phrase":"¿Qué hace un peluquero?"},{"type":"🙋","phrase":"Quiero ser peluquero."}]},{"slug":"mechanic","title":"Mecánico","phrases":[{"type":"❓","phrase":"¿Qué hace un mecánico?"},{"type":"🙋","phrase":"Quiero ser mecánico."}]},{"slug":"electrician","title":"Electricista","phrases":[{"type":"❓","phrase":"¿Qué hace un electricista?"},{"type":"🙋","phrase":"Quiero ser electricista."}]},{"slug":"swimmer","title":"Nadador","phrases":[{"type":"❓","phrase":"¿Qué hace un nadador?"},{"type":"🙋","phrase":"Quiero convertirme en nadador."}]},{"slug":"photographer","title":"Fotógrafo","phrases":[{"type":"❓","phrase":"¿Qué hace un fotógrafo?"},{"type":"🙋","phrase":"Quiero ser fotógrafo"}]},{"slug":"priest","title":"Sacerdote","phrases":[{"type":"❓","phrase":"¿Qué hace un sacerdote?"},{"type":"🙋","phrase":"Quiero ser sacerdote"}]},{"slug":"soldier","title":"Soldado","phrases":[{"type":"❓","phrase":"¿Qué hace un soldado?"},{"type":"🙋","phrase":"Quiero ser un soldado"}]},{"slug":"carpenter","title":"Carpintero","phrases":[{"type":"❓","phrase":"¿Qué hace un carpintero?"},{"type":"🙋","phrase":"Quiero ser carpintero."}]},{"slug":"plumber","title":"Fontanero","phrases":[{"type":"❓","phrase":"¿Qué hace un fontanero?"},{"type":"🙋","phrase":"Quiero convertirme en fontanero."}]},{"slug":"wall-painter","title":"Pintor de pared","phrases":[{"type":"❓","phrase":"¿Qué hace un pintor de paredes?"},{"type":"🙋","phrase":"Quiero ser pintor de paredes."}]},{"slug":"nurse","title":"enfermero","phrases":[{"type":"❓","phrase":"¿Qué hace una enfermera?"},{"type":"🙋","phrase":"Quiero ser enfermera"}]},{"slug":"judge","title":"Juez","phrases":[{"type":"❓","phrase":"¿Qué hace un juez?"},{"type":"🙋","phrase":"Quiero ser juez"}]},{"slug":"waiter","title":"Camarero","phrases":[{"type":"❓","phrase":"¿Qué hace un mesero?"},{"type":"🙋","phrase":"Quiero ser mesero."}]},{"slug":"pilot","title":"Piloto","phrases":[{"type":"❓","phrase":"¿Qué hace un piloto?"},{"type":"🙋","phrase":"Quiero ser piloto"}]},{"slug":"welder","title":"Soldador","phrases":[{"type":"❓","phrase":"¿Qué hace un soldador?"},{"type":"🙋","phrase":"Quiero convertirme en soldador."}]},{"slug":"executive","title":"Ejecutivo","phrases":[{"type":"❓","phrase":"¿Qué hace un ejecutivo?"},{"type":"🙋","phrase":"Quiero convertirme en ejecutivo."}]},{"slug":"hostess","title":"Anfitriona","phrases":[{"type":"❓","phrase":"¿Qué hace una anfitriona?"},{"type":"🙋","phrase":"Quiero convertirme en una anfitriona."}]}]