[{"slug":"confetti","title":"Papel picado","phrases":[{"type":"❤️","phrase":"Me gusta el confeti"},{"type":"🙋","phrase":"¿Puedo reventar el confeti?"}]},{"slug":"party-blower","title":"Soplador de fiesta","phrases":[{"type":"❤️","phrase":"Me gustan los fiesteros."},{"type":"🔊","phrase":"¿Es ruidosa mi fiesta?"}]},{"slug":"gift","title":"Regalo","phrases":[{"type":"❤️","phrase":"Me gustan los regalos"},{"type":"🎁","phrase":"¿Qué me regalaste?"}]},{"slug":"candle","title":"Vela","phrases":[{"type":"❤️","phrase":"Me gustan las velas de fiesta."},{"type":"🕯️","phrase":"¿Puedo soplar las velas?"},{"type":"🎂","phrase":"¿Cuántas velas hay?"}]},{"slug":"party-hat","title":"Sombrero de fiesta","phrases":[{"type":"❤️","phrase":"Me gusta usar gorro de fiesta."},{"type":"👚","phrase":"Usaré un sombrero de fiesta durante la fiesta."}]},{"slug":"balloons","title":"Globos","phrases":[{"type":"❤️","phrase":"Me gustan los globos"},{"type":"🎈","phrase":"¿Puedo reventar los globos?"}]},{"slug":"garlands","title":"Guirnaldas","phrases":[{"type":"❤️","phrase":"Me gustan las guirnaldas"},{"type":"🙋","phrase":"Quiero usar guirnaldas para mi fiesta."},{"type":"🙋","phrase":"¿Puedes poner estas guirnaldas en mi brazo?"}]},{"slug":"cake","title":"pastel","phrases":[{"type":"❤️","phrase":"Me gusta comer pastel"},{"type":"🙋","phrase":"¿Me das un trozo de tarta?"}]},{"slug":"ice-cream","title":"Helado","phrases":[{"type":"❤️","phrase":"Me gusta comer helado."},{"type":"🍭","phrase":"¿Cuál es tu sabor favorito?"}]},{"slug":"microphone","title":"Micrófono","phrases":[{"type":"❤️","phrase":"Me gusta jugar karaoke."},{"type":"❤️","phrase":"Me gusta cantar."}]},{"slug":"music","title":"Música","phrases":[{"type":"❤️","phrase":"Me gusta tocar musica"},{"type":"🎶","phrase":"¿Qué tipo de música te gusta?"}]},{"slug":"magician","title":"Mago","phrases":[{"type":"❤️","phrase":"Me gustan los magos"},{"type":"✨","phrase":"Quiero ser mago"},{"type":"🙋","phrase":"¿Me puedes enseñar algunos trucos de magia?"}]},{"slug":"taking-photos","title":"Tomando fotos","phrases":[{"type":"❤️","phrase":"Me gusta tomar fotos"},{"type":"🙋","phrase":"¿Puedo tomar fotos con tu teléfono?"}]},{"slug":"invitation","title":"Invitación","phrases":[{"type":"📧","phrase":"Recibí una invitación."},{"type":"📨","phrase":"¿Puedo invitar a mis amigos a la fiesta?"},{"type":"📨","phrase":"¿Puedo invitar a mis amigos a mi fiesta de cumpleaños?"},{"type":"📨","phrase":"¿Podemos invitar a mis amigos a la fiesta de mi hermana?"},{"type":"📨","phrase":"¿Podemos invitar a mis amigos a la fiesta de mi hermano?"}]},{"slug":"candy","title":"Dulce","phrases":[{"type":"❤️","phrase":"Me gustan los dulces."},{"type":"🙋","phrase":"¿Puedo comer algunos dulces?"}]},{"slug":"popsicle","title":"paleta de hielo","phrases":[{"type":"❤️","phrase":"Me gusta la paleta"},{"type":"🙋","phrase":"¿Puedo comer alguna paleta?"},{"type":"🙋","phrase":"¿Podemos hacer unas paletas?"},{"type":"🙋","phrase":"¿Quieres comer paletas?"}]},{"slug":"cupcake","title":"Magdalena","phrases":[{"type":"❤️","phrase":"Me gusta la magdalena"},{"type":"🙋","phrase":"¿Puedo comer un pastelito?"}]},{"slug":"costume","title":"Disfraz","phrases":[{"type":"❤️","phrase":"Me gusta usar disfraces."},{"type":"🦸","phrase":"¿Puedo usar un disfraz de hombre araña?"},{"type":"🦸‍♂️","phrase":"¿Puedo usar un disfraz de Batman?"},{"type":"🦸‍♀️","phrase":"¿Puedo usar un disfraz de mujer maravilla?"}]},{"slug":"party-glasses","title":"Gafas de fiesta","phrases":[{"type":"❤️","phrase":"Me gustan las gafas de fiesta."},{"type":"🙋","phrase":"¿Puedo usar unas gafas de fiesta?"}]},{"slug":"spotlights","title":"Focos","phrases":[{"type":"❤️","phrase":"Me gustan los focos."},{"type":"❌","phrase":"No me gustan los focos."}]},{"slug":"marshmallow","title":"Malvavisco","phrases":[{"type":"❤️","phrase":"Me gusta el malvavisco"},{"type":"🔥","phrase":"Estoy cocinando malvaviscos sobre una fogata."},{"type":"🙋","phrase":"Quiero comer malvaviscos."}]},{"slug":"guacamole","title":"Guacamole","phrases":[{"type":"❤️","phrase":"Me gusta el guacamole"},{"type":"🙋","phrase":"¿Puedo comer un poco de guacamole?"},{"type":"❌","phrase":"No me gusta comer guacamole."}]},{"slug":"hotdog","title":"Pancho","phrases":[{"type":"❤️","phrase":"Me gusta hotdog"},{"type":"🙋","phrase":"¿Puedo obtener un hot dog?"},{"type":"❌","phrase":"No me gusta comer perritos calientes."},{"type":"🙋","phrase":"¿Puedo comer algunos perritos calientes?"}]},{"slug":"bouncy-castle","title":"Castillo inflable","phrases":[{"type":"❤️","phrase":"Me gusta el castillo hinchable."},{"type":"🙋","phrase":"Quiero jugar en el castillo hinchable."},{"type":"🙋","phrase":"Juguemos en el castillo hinchable."}]},{"slug":"clown","title":"Payaso","phrases":[{"type":"❤️","phrase":"Me gustan los payasos"},{"type":"❌","phrase":"No me gustan los payasos."},{"type":"🙋","phrase":"Quiero ser un payaso"}]},{"slug":"magic-hat","title":"Sombrero mágico","phrases":[{"type":"❤️","phrase":"Me gustan los sombreros magicos."},{"type":"🧙‍♂️","phrase":"¡Soy un mago!"},{"type":"🙋","phrase":"Quiero como magia"}]},{"slug":"dart-board","title":"Tablero de dardos","phrases":[{"type":"❤️","phrase":"Me gusta jugar al dardo."},{"type":"🎯","phrase":"Jugar al dardo puede ser peligroso."}]}]