[{"slug":"mother","title":"Madre","phrases":[{"type":"⁉️","phrase":"¡Mamá!"},{"type":"💘","phrase":"Amo a mi madre."},{"type":"❤️","phrase":"Te quiero, mamá."},{"type":"☹️","phrase":"Extraño a mi mamá."},{"type":"🙏🏼","phrase":"Gracias por cuidarme."},{"type":"👉🏼","phrase":"Ella es mi mama."},{"type":"❓","phrase":"¿Me pueden ayudar a encontrar a mi madre?"}]},{"slug":"father","title":"Padre","phrases":[{"type":"⁉️","phrase":"¡Papi!"},{"type":"💘","phrase":"Yo quiero a mi padre."},{"type":"❤️","phrase":"Te amo, papá."},{"type":"☹️","phrase":"Extraño a mi papá."},{"type":"🙏🏼","phrase":"Gracias por cuidarme."},{"type":"👉🏼","phrase":"El es mi papa."},{"type":"❓","phrase":"¿Me pueden ayudar a encontrar a mi padre?"}]},{"slug":"parents","title":"Padres","phrases":[{"type":"💑","phrase":"Amo a mis papas."},{"type":"💘","phrase":"Amo a mis papas."},{"type":"☹️","phrase":"Extraño a mis Padres."},{"type":"👉🏼","phrase":"Ellos son mis padres."},{"type":"👨‍👩‍👧","phrase":"Mis padres me están cuidando."},{"type":"❓","phrase":"¿Me pueden ayudar a encontrar a mis padres?"}]},{"slug":"grandparents","title":"Abuelos","phrases":[{"type":"💑","phrase":"Amo a mis abuelos."},{"type":"💘","phrase":"Los amo abuelos"},{"type":"☹️","phrase":"Extraño a mis abuelos."},{"type":"👉🏼","phrase":"Ellos son mis abuelos."},{"type":"👨‍👩‍👧","phrase":"Mis abuelos me están cuidando."},{"type":"❓","phrase":"¿Me pueden ayudar a encontrar a mis abuelos?"}]},{"slug":"brother","title":"Hermano","phrases":[{"type":"💑","phrase":"Amo a mi hermano."},{"type":"💘","phrase":"Te amo hermano."},{"type":"☹️","phrase":"Extraño a mi hermano."},{"type":"👉🏼","phrase":"Él es mi hermano."},{"type":"🙎‍♂️","phrase":"Mi hermano me está cuidando."},{"type":"❓","phrase":"¿Me pueden ayudar a encontrar a mi hermano?"}]},{"slug":"sister","title":"Hermana","phrases":[{"type":"💑","phrase":"Yo quiero a mi hermana."},{"type":"💘","phrase":"Te amo hermana"},{"type":"☹️","phrase":"Extraño a mi hermana."},{"type":"👉🏼","phrase":"Ella es mi hermana."},{"type":"🙍‍♀️","phrase":"Mi hermana me está cuidando."},{"type":"❓","phrase":"¿Me pueden ayudar a encontrar a mi hermana?"}]},{"slug":"uncle","title":"Tío","phrases":[{"type":"💑","phrase":"Amo mi tio."},{"type":"💘","phrase":"Te amo tio"},{"type":"☹️","phrase":"Extraño a mi tío."},{"type":"👉🏼","phrase":"Él es mi tío."},{"type":"❓","phrase":"¿Me pueden ayudar a encontrar a mi tío?"}]},{"slug":"aunt","title":"Tía","phrases":[{"type":"💑","phrase":"Amo a mi tia."},{"type":"💘","phrase":"Te amo tia"},{"type":"☹️","phrase":"Extraño a mi tia."},{"type":"👉🏼","phrase":"Ella es mi tía."},{"type":"❓","phrase":"¿Me pueden ayudar a encontrar a mi tía?"}]},{"slug":"teacher","title":"Profesor","phrases":[{"type":"💑","phrase":"Quiero a mi profesor."},{"type":"💘","phrase":"Te quiero profesor."},{"type":"💔","phrase":"No me gusta mi maestra."},{"type":"☹️","phrase":"Extraño a mi maestra."},{"type":"🙏🏼","phrase":"Gracias por la leccion."}]},{"slug":"therapist","title":"Terapeuta","phrases":[{"type":"💑","phrase":"Amo a mi terapeuta"},{"type":"💘","phrase":"Te amo terapeuta"},{"type":"💔","phrase":"No me gusta mi terapeuta."},{"type":"☹️","phrase":"Extraño a mi terapeuta."},{"type":"🙏🏼","phrase":"Gracias por la sesion."}]},{"slug":"doctor","title":"Médico","phrases":[{"type":"💑","phrase":"Amo a mi doctor"},{"type":"💘","phrase":"Te amo doctor"},{"type":"💔","phrase":"No me gusta mi doctor."},{"type":"☹️","phrase":"Extraño a mi doctor."},{"type":"🙏🏼","phrase":"Gracias por curarme."}]},{"slug":"friends","title":"Amigos","phrases":[{"type":"💑","phrase":"Quiero a mis amigos."},{"type":"❓","phrase":"¿Quieres ser mi amigo?"},{"type":"💔","phrase":"No me gustan mis amigos"},{"type":"☹️","phrase":"Echo de menos a mis amigos."},{"type":"👉🏼","phrase":"Ellos son mis amigos."},{"type":"🙏🏼","phrase":"Gracias por jugar conmigo."}]},{"slug":"cousins","title":"Primos","phrases":[{"type":"💑","phrase":"Amo a mis primos"},{"type":"❌","phrase":"No tengo primos"},{"type":"☹️","phrase":"Echo de menos a mis primos."},{"type":"👉🏼","phrase":"Ellos son mis primos."}]},{"slug":"grandmother","title":"Abuela","phrases":[{"type":"💑","phrase":"Amo a mi abuela."},{"type":"💘","phrase":"Te amo abuela."},{"type":"☹️","phrase":"Extraño a mi abuela."},{"type":"👉🏼","phrase":"Ella es mi abuela"}]},{"slug":"grandfather","title":"Abuelo","phrases":[{"type":"💑","phrase":"Amo a mi abuelo"},{"type":"💘","phrase":"Te amo abuelo."},{"type":"☹️","phrase":"Extraño a mi abuelo."},{"type":"👉🏼","phrase":"El es mi abuelo."}]},{"slug":"stepfather","title":"Padrastro","phrases":[{"type":"💑","phrase":"Amo a mi padrastro"},{"type":"👉🏼","phrase":"El es mi padrastro."},{"type":"☹️","phrase":"Extraño a mi padrastro."},{"type":"👉🏼","phrase":"El es mi padrastro."}]},{"slug":"stepmother","title":"Madrastra","phrases":[{"type":"💑","phrase":"Amo a mi madrastra"},{"type":"👉🏼","phrase":"Ella es mi madrastra."},{"type":"☹️","phrase":"Extraño a mi madrastra."},{"type":"👉🏼","phrase":"Ella es mi madrastra."}]},{"slug":"stepsister","title":"Hermanastra","phrases":[{"type":"💑","phrase":"Amo a mi hermanastra"},{"type":"👉🏼","phrase":"Ella es mi hermanastra"},{"type":"☹️","phrase":"Extraño a mi hermanastra."},{"type":"👉🏼","phrase":"Ella es mi hermanastra"}]},{"slug":"stepbrother","title":"Hermanastro","phrases":[{"type":"💑","phrase":"Amo a mi hermanastro."},{"type":"👉🏼","phrase":"El es mi hermanastro."},{"type":"☹️","phrase":"Extraño a mi hermanastro."},{"type":"👉🏼","phrase":"El es mi hermanastro."}]},{"slug":"half-brother","title":"Medio hermano","phrases":[{"type":"💑","phrase":"Amo a mi medio hermano"},{"type":"👉🏼","phrase":"El es mi medio hermano."},{"type":"☹️","phrase":"Extraño a mi medio hermano."},{"type":"👉🏼","phrase":"El es mi medio hermano."}]},{"slug":"half-sister","title":"Media hermana","phrases":[{"type":"💑","phrase":"Amo a mi media hermana"},{"type":"👉🏼","phrase":"Ella es mi media hermana."},{"type":"☹️","phrase":"Extraño a mi media hermana."},{"type":"👉🏼","phrase":"Ella es mi media hermana."}]}]