[{"slug":"captain","title":"Capitán","phrases":[]},{"slug":"pirate-crew","title":"Tripulación pirata","phrases":[]},{"slug":"treasure","title":"Tesoro","phrases":[]},{"slug":"hook","title":"Gancho","phrases":[]},{"slug":"compass","title":"Brújula","phrases":[]},{"slug":"pirate-ship","title":"Barco pirata","phrases":[]},{"slug":"pirate-gun","title":"Arma pirata","phrases":[]},{"slug":"pirate-sword","title":"Espada pirata","phrases":[]},{"slug":"barrel","title":"Barril","phrases":[]},{"slug":"pirate-flag","title":"Bandera pirata","phrases":[]},{"slug":"treasure-map","title":"Mapa del tesoro","phrases":[]},{"slug":"spyglass","title":"Catalejo","phrases":[]},{"slug":"cannon","title":"Cañón","phrases":[]},{"slug":"helm","title":"Timón","phrases":[]},{"slug":"lighthouse","title":"Faro","phrases":[]},{"slug":"anchor","title":"Ancla","phrases":[]},{"slug":"bomb","title":"Bomba","phrases":[]},{"slug":"coin","title":"Moneda","phrases":[]},{"slug":"candle","title":"Vela","phrases":[]},{"slug":"knife","title":"Cuchillo","phrases":[]}]