[{"slug":"park","title":"Parque","phrases":[{"type":"🙋","phrase":"Quiero ir al parque"},{"type":"☝️","phrase":"¿Me puedes llevar al parque?"},{"type":"💡","phrase":"Puedo jugar en el parque"}]},{"slug":"mall","title":"Centro comercial","phrases":[{"type":"🙋","phrase":"Quiero ir al centro comercial"},{"type":"☝️","phrase":"¿Me puedes llevar al centro comercial?"},{"type":"💡","phrase":"Puedo comprar en el centro comercial."}]},{"slug":"restaurant","title":"Restaurante","phrases":[{"type":"🙋","phrase":"Quiero ir al restaurante"},{"type":"☝️","phrase":"¿Me puedes llevar al restaurante?"},{"type":"💡","phrase":"Puedo comer en el restaurante."}]},{"slug":"cinema","title":"Cine","phrases":[{"type":"🙋","phrase":"Quiero ir al cine"},{"type":"☝️","phrase":"¿Me puedes llevar al cine?"},{"type":"💡","phrase":"Puedo ver una película en el cine."}]},{"slug":"school","title":"Colegio","phrases":[{"type":"🙋","phrase":"Quiero ir a la escuela."},{"type":"☝️","phrase":"¿Me puedes llevar a la escuela?"},{"type":"💡","phrase":"Puedo aprender en la escuela."}]},{"slug":"library","title":"Biblioteca","phrases":[{"type":"🙋","phrase":"Quiero ir a la biblioteca"},{"type":"☝️","phrase":"¿Me puedes llevar a la biblioteca?"},{"type":"💡","phrase":"Puedo estudiar en la biblioteca."}]},{"slug":"fair","title":"Justa","phrases":[{"type":"🙋","phrase":"Quiero ir a feria"},{"type":"☝️","phrase":"¿Me puedes llevar a la feria?"},{"type":"💡","phrase":"Puedo divertirme en la feria."}]},{"slug":"drugstore","title":"Farmacia","phrases":[{"type":"🙋","phrase":"Quiero ir a la farmacia"},{"type":"☝️","phrase":"¿Me puedes llevar a la farmacia?"},{"type":"💡","phrase":"Puedo comprar mi medicina en la farmacia."}]},{"slug":"hospital","title":"Hospital","phrases":[{"type":"🙋","phrase":"Quiero ir al hospital"},{"type":"☝️","phrase":"¿Me puedes llevar al hospital?"},{"type":"💡","phrase":"Las personas enfermas pueden ir al hospital."}]},{"slug":"amusement-park","title":"Parque de atracciones","phrases":[{"type":"🙋","phrase":"Quiero ir al parque de diversiones."},{"type":"☝️","phrase":"¿Me puedes llevar al parque de atracciones?"},{"type":"💡","phrase":"Puedo divertirme en el parque de atracciones."}]},{"slug":"dormitory","title":"Dormitorio","phrases":[{"type":"🙋","phrase":"Quiero ir al dormitorio"},{"type":"☝️","phrase":"¿Me puedes llevar al dormitorio?"},{"type":"💡","phrase":"Puedo quedarme en el dormitorio."}]},{"slug":"laundry-place","title":"Lugar de lavandería","phrases":[{"type":"🙋","phrase":"Quiero ir al lavadero."},{"type":"☝️","phrase":"¿Me puedes llevar a la lavandería?"},{"type":"💡","phrase":"Puedo limpiar mi ropa en la lavandería."}]},{"slug":"barber-shop","title":"barbería","phrases":[{"type":"🙋","phrase":"Quiero ir a la peluquería."},{"type":"☝️","phrase":"¿Me puedes llevar a la peluquería?"},{"type":"💡","phrase":"Puedo cortarme el pelo en la peluquería."}]},{"slug":"hotel","title":"Hotel","phrases":[{"type":"🙋","phrase":"Quiero ir al hotel"},{"type":"☝️","phrase":"¿Me puedes llevar al hotel?"},{"type":"💡","phrase":"Me puedo quedar en un hotel."}]},{"slug":"kindergarten","title":"Jardín de infancia","phrases":[{"type":"🙋","phrase":"Quiero ir al jardín de infantes."},{"type":"☝️","phrase":"¿Me puedes llevar al jardín de infantes?"}]},{"slug":"parking-lot","title":"Estacionamiento","phrases":[{"type":"🙋","phrase":"Quiero ir al estacionamiento"},{"type":"☝️","phrase":"¿Me puedes llevar al estacionamiento?"}]},{"slug":"elevator","title":"Ascensor","phrases":[{"type":"🙋","phrase":"Quiero usar el elevador."},{"type":"💗","phrase":"Me gusta usar el elevador?"},{"type":"💡","phrase":"Puedo subir escaleras usando el elevador."}]},{"slug":"bank","title":"Banco","phrases":[{"type":"🙋","phrase":"Quiero ir al banco"},{"type":"☝️","phrase":"¿Me puedes llevar al banco?"},{"type":"💡","phrase":"Puedo retirar dinero en el banco."}]},{"slug":"skycraper","title":"Rascacielos","phrases":[{"type":"🙋","phrase":"Quiero ir al rascacielos."},{"type":"☝️","phrase":"¿Puedes llevarme al rascacielos?"}]},{"slug":"stadium","title":"Estadio","phrases":[{"type":"🙋","phrase":"Quiero ir al estadio"},{"type":"☝️","phrase":"¿Me puedes llevar al estadio?"}]},{"slug":"cruise-ship","title":"Crucero","phrases":[{"type":"🙋","phrase":"Quiero abordar un crucero."},{"type":"☝️","phrase":"¿Me puedes llevar al crucero?"}]},{"slug":"forest","title":"Bosque","phrases":[{"type":"🙋","phrase":"Quiero ir al bosque"},{"type":"☝️","phrase":"¿Me puedes llevar al bosque?"}]},{"slug":"tent","title":"Tienda","phrases":[{"type":"🙋","phrase":"Quiero ir a la tienda"},{"type":"☝️","phrase":"¿Podemos quedarnos en una tienda de campaña?"}]},{"slug":"beach","title":"playa","phrases":[{"type":"🙋","phrase":"Quiero ir a la playa"},{"type":"☝️","phrase":"¿Me puedes llevar a la playa?"},{"type":"💡","phrase":"Puedo tomar el sol en la playa."}]}]