[{"slug":"protective-mask","title":"Mascarilla protectora","phrases":[{"type":"🛡️","phrase":"Estoy usando mascarilla protectora."},{"type":"😷","phrase":"No puedo salir sin máscara protectora."}]},{"slug":"stay-home","title":"Quedarse en casa","phrases":[{"type":"🏠","phrase":"Necesitas quedarte en casa."},{"type":"🏡","phrase":"Me voy a quedar en casa."}]},{"slug":"toilet-paper","title":"Papel higiénico","phrases":[]},{"slug":"sprayer","title":"Rociador","phrases":[]},{"slug":"disinfectant","title":"Desinfectante","phrases":[{"type":"🧼","phrase":"Estoy usando desinfectante."},{"type":"🙋","phrase":"¿Me pueden ayudar a usar desinfectante?"}]},{"slug":"coughing","title":"Tos","phrases":[{"type":"🤒","phrase":"Estoy tosiendo."},{"type":"🏥","phrase":"La tos es un síntoma de virus."}]},{"slug":"medical-assistance","title":"Asistencia medica","phrases":[{"type":"⚕️","phrase":"Necesito asistencia medica."},{"type":"❓","phrase":"¿Necesitas asistencia médica?"}]},{"slug":"hand-sanitizer","title":"Alcohol en gel","phrases":[{"type":"🚰","phrase":"Estoy usando desinfectante para manos."},{"type":"🙋","phrase":"¿Me pueden ayudar a usar desinfectante para manos?"}]},{"slug":"gloves","title":"Guantes","phrases":[{"type":"🧤","phrase":"Estoy usando guantes"},{"type":"🙋","phrase":"¿Me pueden ayudar a ponerme los guantes?"}]},{"slug":"social-distancing","title":"Distanciamiento social","phrases":[{"type":"🖐️","phrase":"Estoy practicando el distanciamiento social."},{"type":"📏","phrase":"Necesitamos mantener nuestra distancia entre nosotros."}]},{"slug":"mouth-mask","title":"Máscara de la boca","phrases":[{"type":"😷","phrase":"Estoy usando mascarilla bucal."},{"type":"🏡","phrase":"No puedo salir sin mascarilla bucal."}]},{"slug":"pandemic","title":"Pandemia","phrases":[{"type":"🌐","phrase":"¿Qué es una pandemia?"},{"type":"⏱️","phrase":"¿Cuándo terminará la pandemia?"},{"type":"⌚","phrase":"Hay una pandemia en curso."}]},{"slug":"working-at-home","title":"Trabajando en casa","phrases":[{"type":"🏠","phrase":"Estoy trabajando en casa"},{"type":"👪","phrase":"Mis padres están trabajando en casa."}]},{"slug":"wet-wipes","title":"Toallitas húmedas","phrases":[{"type":"🤧","phrase":"Necesito toallitas húmedas."}]},{"slug":"quarantine","title":"Cuarentena","phrases":[{"type":"🔲","phrase":"¿Qué es la cuarentena?"},{"type":"🙋","phrase":"Estoy en cuarentena."}]},{"slug":"first-aid-kit","title":"Kit de primeros auxilios","phrases":[{"type":"❓","phrase":"¿Dónde está el botiquín de primeros auxilios?"},{"type":"🙋","phrase":"¿Me pueden ayudar a usar el botiquín de primeros auxilios?"}]},{"slug":"fitness","title":"Aptitud","phrases":[{"type":"🤸","phrase":"Me gusta hacer ejercicio."},{"type":"🤼","phrase":"Me gusta hacer ejercicio."}]},{"slug":"e-learning","title":"E-learning","phrases":[{"type":"💻","phrase":"Estoy aprendiendo desde casa."},{"type":"📱","phrase":"Estoy usando aplicaciones de aprendizaje electrónico."}]},{"slug":"virus","title":"Virus","phrases":[{"type":"🦠","phrase":"¿Qué es un virus?"},{"type":"💉","phrase":"¿Cuáles son los síntomas del virus?"}]},{"slug":"cleaning","title":"Limpieza","phrases":[{"type":"🧼","phrase":"Estoy limpiando mi habitación."},{"type":"🔲","phrase":"Mantener su habitación limpia es importante."}]}]