[{"slug":"desk","title":"Escritorio","phrases":[{"type":"🙋","phrase":"¿Puedo usar este escritorio?"},{"type":"❓","phrase":"¿Qué escritorio es el mío?"},{"type":"🥛","phrase":"Me derramé sobre mi escritorio."},{"type":"❌","phrase":"No rasques tu escritorio."}]},{"slug":"chair","title":"Silla","phrases":[{"type":"🙋","phrase":"¿Puedo sentarme contigo?"},{"type":"❓","phrase":"¿Qué silla es mía?"},{"type":"☝️","phrase":"¿Esta silla está ocupada?"},{"type":"🥛","phrase":"Me derramé sobre mi silla."}]},{"slug":"book","title":"Libro","phrases":[{"type":"📙","phrase":"Libro de texto"},{"type":"📒","phrase":"Libro de trabajo"},{"type":"📚","phrase":"Leyendo un libro."},{"type":"😇","phrase":"¿Puedo tomar prestado tu libro?"},{"type":"📃","phrase":"¿En qué página estamos?"},{"type":"☝️","phrase":"Voltear la página."},{"type":"😱","phrase":"Perdí mi libro."}]},{"slug":"notebook","title":"Cuaderno","phrases":[{"type":"📝","phrase":"Tomando notas."},{"type":"🖐️","phrase":"Estoy tomando notas"},{"type":"😱","phrase":"Perdí mi cuaderno."}]},{"slug":"backpack","title":"Mochila","phrases":[{"type":"👜","phrase":"Llevando mi mochila."},{"type":"💡","phrase":"Poner mis libros en mi mochila."},{"type":"🙋","phrase":"Necesito una mochila nueva"},{"type":"🙏🏼","phrase":"Gracias por llevar mi mochila."},{"type":"😱","phrase":"Perdí mi mochila."},{"type":"⚖️","phrase":"Mi mochila es pesada."}]},{"slug":"blackboard","title":"Pizarra","phrases":[{"type":"👀","phrase":"Mira la pizarra."},{"type":"🧽","phrase":"Limpieza de la pizarra."},{"type":"🧮","phrase":"Resolviendo el problema en la pizarra."},{"type":"📝","phrase":"Tomando nota en la pizarra."},{"type":"🖊️","phrase":"Dame una tiza"}]},{"slug":"teacher","title":"Profesor","phrases":[{"type":"🤔","phrase":"No entiendo esta parte."},{"type":"🔁","phrase":"¿Puedes repetir la última parte?"},{"type":"🚻","phrase":"¿Puedo ir al baño?"},{"type":"❓","phrase":"¿Cual topico?"},{"type":"😀","phrase":"Me gusta este tema"},{"type":"😔","phrase":"No me gusta este tema"},{"type":"🙏🏼","phrase":"Gracias por la leccion."}]},{"slug":"school-bus","title":"Autobús escolar","phrases":[{"type":"⌛","phrase":"Se acerca el autobús escolar."},{"type":"❓","phrase":"¿Puedo sentarme a tu lado?"},{"type":"🙏🏼","phrase":"Gracias conductor de autobús!"},{"type":"⏱️","phrase":"El autobús escolar llegó tarde."}]},{"slug":"pencil","title":"Lápiz","phrases":[{"type":"✏️","phrase":"Estoy escribiendo."},{"type":"🎓","phrase":"Estoy aprendiendo a escribir."},{"type":"🙋","phrase":"Necesito un lapiz nuevo."},{"type":"😇","phrase":"¿Me prestas tu lapiz?"},{"type":"😱","phrase":"Perdí mi lápiz."}]},{"slug":"eraser","title":"Borrador","phrases":[{"type":"🧽","phrase":"Estoy borrando."},{"type":"🙋","phrase":"Necesito un nuevo borrador."},{"type":"😇","phrase":"¿Puedo tomar prestado tu borrador?"},{"type":"😱","phrase":"Perdí mi borrador."}]},{"slug":"ruler","title":"gobernante","phrases":[{"type":"📏","phrase":"Estoy midiendo"},{"type":"🙋","phrase":"Necesito una nueva regla."},{"type":"😇","phrase":"¿Me prestas tu regla?"},{"type":"😱","phrase":"Perdí mi regla."}]},{"slug":"sharpener","title":"sacapuntas","phrases":[{"type":"🔪","phrase":"Estoy afilando mi lápiz."},{"type":"🙋","phrase":"Necesito un nuevo sacapuntas."},{"type":"😇","phrase":"¿Me prestas tu sacapuntas?"},{"type":"😱","phrase":"Perdí mi sacapuntas."}]},{"slug":"mathematics","title":"Matemáticas","phrases":[{"type":"❤️","phrase":"Me gustan las matematicas"},{"type":"🙋","phrase":"Quiero estudiar matematicas."},{"type":"❌","phrase":"No me gustan las matematicas."},{"type":"⌚","phrase":"¿Cuándo es la clase de matemáticas?"},{"type":"☝️","phrase":"¿Me pueden ayudar con mi tarea de matemáticas?"}]},{"slug":"literature","title":"Literatura","phrases":[{"type":"❤️","phrase":"Me gusta la literatura"},{"type":"🙋","phrase":"Quiero estudiar literatura"},{"type":"❌","phrase":"No me gusta la literatura"},{"type":"⌚","phrase":"¿Cuándo es la clase de literatura?"},{"type":"☝️","phrase":"¿Me pueden ayudar con mi tarea de literatura?"}]},{"slug":"science","title":"Ciencias","phrases":[{"type":"❤️","phrase":"Me gusta la ciencia."},{"type":"🙋","phrase":"Quiero estudiar ciencias"},{"type":"❌","phrase":"No me gusta la ciencia"},{"type":"⌚","phrase":"¿Cuándo es la clase de ciencias?"},{"type":"☝️","phrase":"¿Me pueden ayudar con mi tarea de ciencias?"}]},{"slug":"art-class","title":"Clase de arte","phrases":[{"type":"❤️","phrase":"Me gusta la clase de arte"},{"type":"🙋","phrase":"Quiero practicar habilidades artísticas."},{"type":"❌","phrase":"No me gusta la clase de arte."},{"type":"⌚","phrase":"¿Cuándo es la clase de arte?"},{"type":"☝️","phrase":"¿Me pueden ayudar con mi tarea de clase de arte?"}]},{"slug":"music-class","title":"Clase de musica","phrases":[{"type":"❤️","phrase":"Me gusta la clase de musica."},{"type":"🙋","phrase":"Quiero practicar habilidades musicales."},{"type":"❌","phrase":"No me gusta la clase de musica."},{"type":"⌚","phrase":"¿Cuándo es la clase de música?"},{"type":"☝️","phrase":"¿Me pueden ayudar con la tarea de mi clase de música?"}]},{"slug":"geography","title":"Geografía","phrases":[{"type":"❤️","phrase":"Me gusta la geografia."},{"type":"🙋","phrase":"Quiero estudiar geografia."},{"type":"❌","phrase":"No me gusta la geografía."},{"type":"⌚","phrase":"¿Cuándo es la geografía?"},{"type":"☝️","phrase":"¿Me pueden ayudar con mi tarea de geografía?"}]},{"slug":"telescope","title":"Telescopio","phrases":[{"type":"🌎","phrase":"Estoy usando el telescopio."},{"type":"🙋","phrase":"Quiero usar el telescopio."},{"type":"🌟","phrase":"Quiero mirar las estrellas."}]},{"slug":"glue","title":"pegamento","phrases":[{"type":"👌","phrase":"Estoy usando pegamento."},{"type":"🙋","phrase":"Necesito un nuevo pegamento."},{"type":"😇","phrase":"¿Me prestas tu pegamento?"},{"type":"😱","phrase":"Perdí mi pegamento."}]}]