[{"slug":"circle","title":"Circulo","phrases":[{"type":"👉","phrase":"Esto tiene forma de círculo."},{"type":"❓","phrase":"¿Me puedes enseñar a dibujar un círculo?"}]},{"slug":"triangle","title":"Triángulo","phrases":[{"type":"👉","phrase":"Esto tiene forma de triángulo."},{"type":"❓","phrase":"¿Me puedes enseñar a dibujar un triángulo?"}]},{"slug":"square","title":"Cuadrado","phrases":[{"type":"👉","phrase":"Esto tiene forma cuadrada."},{"type":"❓","phrase":"¿Me puedes enseñar a dibujar un cuadrado?"}]},{"slug":"rectangle","title":"Rectángulo","phrases":[{"type":"👉","phrase":"Esto tiene forma de rectángulo."},{"type":"❓","phrase":"¿Me puedes enseñar a dibujar un rectángulo?"}]},{"slug":"star","title":"Estrella","phrases":[{"type":"👉","phrase":"Esto tiene forma de estrella."},{"type":"❓","phrase":"¿Me puedes enseñar a dibujar estrellas?"}]},{"slug":"pentagon","title":"Pentágono","phrases":[{"type":"👉","phrase":"Esto tiene forma de pentágono."},{"type":"❓","phrase":"¿Me puede enseñar cómo dibujar el pentágono?"}]},{"slug":"hexagon","title":"Hexágono","phrases":[{"type":"👉","phrase":"Esto tiene forma de hexágono."},{"type":"❓","phrase":"¿Me puedes enseñar a dibujar un hexágono?"}]},{"slug":"cross","title":"Cruzar","phrases":[{"type":"👉","phrase":"Esto tiene forma de cruz."},{"type":"❓","phrase":"¿Me puedes enseñar a dibujar una cruz?"}]},{"slug":"ellipse","title":"Elipse","phrases":[{"type":"👉","phrase":"Esta tiene forma de elipse."},{"type":"❓","phrase":"¿Me puedes enseñar a dibujar la elipse?"}]},{"slug":"arrow","title":"Flecha","phrases":[{"type":"👉","phrase":"Esto tiene forma de flecha."},{"type":"❓","phrase":"¿Me puedes enseñar a dibujar flechas?"}]},{"slug":"crescent","title":"Creciente","phrases":[{"type":"👉","phrase":"Esto tiene forma de media luna."},{"type":"❓","phrase":"¿Me puedes enseñar a dibujar la media luna?"}]},{"slug":"heart","title":"Corazón","phrases":[{"type":"👉","phrase":"Esto tiene forma de corazón."},{"type":"❓","phrase":"¿Me puedes enseñar a dibujar el corazón?"}]},{"slug":"rhombus","title":"Rombo","phrases":[{"type":"👉","phrase":"Esto tiene forma de rombo."},{"type":"❓","phrase":"¿Me puedes enseñar a dibujar rombos?"}]},{"slug":"ring","title":"anillo","phrases":[{"type":"👉","phrase":"Esto tiene forma de anillo."},{"type":"❓","phrase":"¿Me puedes enseñar a dibujar el anillo?"}]},{"slug":"semicircle","title":"Semicírculo","phrases":[{"type":"👉","phrase":"Esto tiene forma de semicírculo."},{"type":"❓","phrase":"¿Me puedes enseñar a dibujar semicírculo?"}]},{"slug":"trapezoid","title":"Trapecio","phrases":[{"type":"👉","phrase":"Esto tiene forma de trapecio."},{"type":"❓","phrase":"¿Me puede enseñar cómo dibujar un trapecio?"}]},{"slug":"cube","title":"Cubo","phrases":[{"type":"👉","phrase":"Esto tiene forma de cubo."},{"type":"❓","phrase":"¿Me puedes enseñar a dibujar un cubo?"}]},{"slug":"cylinder","title":"Cilindro","phrases":[{"type":"👉","phrase":"Esto tiene forma de cilindro."},{"type":"❓","phrase":"¿Me puede enseñar cómo dibujar el cilindro?"}]}]