[{"slug":"chips","title":"Papas fritas","phrases":[{"type":"❤️","phrase":"Me gusta comer papas fritas."},{"type":"🙋","phrase":"Quiero comer papas fritas."},{"type":"🤢","phrase":"Comer demasiadas patatas fritas es malo para mí."}]},{"slug":"donut","title":"Rosquilla","phrases":[{"type":"❤️","phrase":"Me gusta comer donas."},{"type":"🙋","phrase":"Quiero comer donas"},{"type":"🤢","phrase":"Comer demasiada dona es malo para mí."}]},{"slug":"taco","title":"Taco","phrases":[{"type":"❤️","phrase":"Me gusta comer tacos."},{"type":"🙋","phrase":"Quiero comer taco"},{"type":"🤢","phrase":"Comer demasiados tacos es malo para mí."}]},{"slug":"peanuts","title":"Miseria","phrases":[{"type":"❤️","phrase":"Me gusta comer maní."},{"type":"🙋","phrase":"Quiero comer maní"},{"type":"🤢","phrase":"Comer demasiado maní es malo para mí."}]},{"slug":"croissant","title":"Cuerno","phrases":[{"type":"❤️","phrase":"Me gusta comer croissant."},{"type":"🙋","phrase":"Quiero comer croissant"},{"type":"🤢","phrase":"Comer demasiado croissant es malo para mí."}]},{"slug":"cookie","title":"Galleta","phrases":[{"type":"❤️","phrase":"Me gusta comer galletas"},{"type":"🙋","phrase":"Quiero comer galletas"},{"type":"🤢","phrase":"Comer demasiadas galletas es malo para mí."}]},{"slug":"burrito","title":"Burrito","phrases":[{"type":"❤️","phrase":"Me gusta comer burritos."},{"type":"🙋","phrase":"Quiero comer burrito"},{"type":"🤢","phrase":"Comer demasiados burritos es malo para mí."}]},{"slug":"ramen","title":"Ramen","phrases":[{"type":"❤️","phrase":"Me gusta comer ramen."},{"type":"🙋","phrase":"Quiero comer ramen"},{"type":"🤢","phrase":"Comer demasiado ramen es malo para mí."}]},{"slug":"sushi","title":"Sushi","phrases":[{"type":"❤️","phrase":"Me gusta comer sushi"},{"type":"🙋","phrase":"Quiero comer sushi"},{"type":"🤢","phrase":"Comer demasiado sushi es malo para mí."}]},{"slug":"chocolate","title":"Chocolate","phrases":[{"type":"❤️","phrase":"Me gusta comer chocolate"},{"type":"🙋","phrase":"Quiero comer chocolate."},{"type":"🤢","phrase":"Comer demasiado chocolate es malo para mí."}]},{"slug":"apple-pie","title":"pie de manzana","phrases":[{"type":"❤️","phrase":"Me gusta comer pastel de manzana."},{"type":"🙋","phrase":"Quiero comer tarta de manzana."},{"type":"🤢","phrase":"Comer demasiada tarta de manzana es malo para mí."}]},{"slug":"muffin","title":"Mollete","phrases":[{"type":"❤️","phrase":"Me gusta comer magdalenas."},{"type":"🙋","phrase":"Quiero comer magdalenas."},{"type":"🤢","phrase":"Comer demasiadas magdalenas es malo para mí."}]},{"slug":"pudding","title":"Pudín","phrases":[{"type":"❤️","phrase":"Me gusta comer budín."},{"type":"🙋","phrase":"Quiero comer budín"},{"type":"🤢","phrase":"Comer demasiado budín es malo para mí."}]},{"slug":"macaron","title":"Macarrón","phrases":[{"type":"❤️","phrase":"Me gusta comer macarrón."},{"type":"🙋","phrase":"Quiero comer macarrón."},{"type":"🤢","phrase":"Comer demasiado macarrón es malo para mí."}]},{"slug":"crepe","title":"Crepe","phrases":[{"type":"❤️","phrase":"Me gusta comer crepes."},{"type":"🙋","phrase":"Quiero comer crepe"},{"type":"🤢","phrase":"Comer demasiadas crepes es malo para mí."}]},{"slug":"pizza","title":"Pizza","phrases":[{"type":"❤️","phrase":"Me gusta comer pizza."},{"type":"🙋","phrase":"Quiero comer pizza."},{"type":"🤢","phrase":"Comer demasiada pizza es malo para mí."}]},{"slug":"skewer","title":"Brocheta","phrases":[{"type":"❤️","phrase":"Me gusta comer brocheta."},{"type":"🙋","phrase":"Quiero comer brocheta."},{"type":"🤢","phrase":"Comer demasiadas brochetas es malo para mí."}]},{"slug":"fast-food","title":"Comida rápida","phrases":[{"type":"❤️","phrase":"Me gusta comer comida rápida."},{"type":"🙋","phrase":"Quiero comer comida rapida"},{"type":"🤢","phrase":"Comer demasiada comida rápida es malo para mí."}]}]