[{"slug":"basketball","title":"Baloncesto","phrases":[{"type":"❤️","phrase":"Me gusta jugar basquetbol."},{"type":"🙋","phrase":"¿Quieres jugar basketball?"}]},{"slug":"boxing","title":"Boxeo","phrases":[{"type":"❤️","phrase":"Me gusta el boxeo"},{"type":"🙋","phrase":"¿Quieres boxear juntos?"}]},{"slug":"tennis","title":"Tenis","phrases":[{"type":"❤️","phrase":"Me gusta jugar tenis."},{"type":"🙋","phrase":"¿Quieres jugar tenis?"}]},{"slug":"golf","title":"Golf","phrases":[{"type":"❤️","phrase":"Me gusta jugar golf."},{"type":"🙋","phrase":"¿Quieres jugar al golf?"}]},{"slug":"hockey","title":"Hockey","phrases":[{"type":"❤️","phrase":"Me gusta jugar hockey."},{"type":"🙋","phrase":"¿Quieres jugar hockey?"}]},{"slug":"swimming","title":"Nadando","phrases":[{"type":"❤️","phrase":"Me gusta nadar."},{"type":"🙋","phrase":"¿Quieres nadar?"}]},{"slug":"baseball","title":"Béisbol","phrases":[{"type":"❤️","phrase":"Me gusta jugar beisbol."},{"type":"🙋","phrase":"¿Quieres jugar beisbol?"}]},{"slug":"american-football","title":"Fútbol americano","phrases":[{"type":"❤️","phrase":"Me gusta jugar futbol americano."},{"type":"🙋","phrase":"¿Quieres jugar futbol americano?"}]},{"slug":"cricket","title":"Grillo","phrases":[{"type":"❤️","phrase":"Me gusta el cricket"},{"type":"🙋","phrase":"¿Quieres jugar al cricket?"}]},{"slug":"racing","title":"Carreras","phrases":[{"type":"❤️","phrase":"Me gusta correr"},{"type":"🙋","phrase":"¿Quieres correr juntos?"}]},{"slug":"skiing","title":"Esquí","phrases":[{"type":"❤️","phrase":"Me gusta esquiar."},{"type":"🙋","phrase":"Quieres esquiar"}]},{"slug":"volleyball","title":"Vóleibol","phrases":[{"type":"❤️","phrase":"Me gusta jugar voleibol."},{"type":"🙋","phrase":"¿Quieres jugar voleibol?"}]},{"slug":"fencing","title":"Esgrima","phrases":[{"type":"❤️","phrase":"Me gusta la esgrima."}]},{"slug":"referee","title":"Árbitro","phrases":[{"type":"🏁","phrase":"¿Puedo ser el árbitro?"}]},{"slug":"coach","title":"Entrenador","phrases":[{"type":"🏁","phrase":"¿Puedo ser tu entrenador?"}]},{"slug":"kendo","title":"Kendo","phrases":[]},{"slug":"table-tennis","title":"Tenis de mesa","phrases":[{"type":"❤️","phrase":"Me gusta jugar tenis de mesa."},{"type":"🙋","phrase":"¿Quieres jugar tenis de mesa?"}]},{"slug":"medal","title":"Medalla","phrases":[{"type":"😎","phrase":"Tengo una medalla"}]},{"slug":"podium","title":"Podio","phrases":[]}]