[{"slug":"doll","title":"Muñeca","phrases":[{"type":"❤️","phrase":"Me gustan las muñecas"},{"type":"☝️","phrase":"¿Puedo jugar con mis muñecas?"},{"type":"🙋","phrase":"Quiero una muñeca como regalo."}]},{"slug":"teddy-bear","title":"oso de peluche","phrases":[{"type":"❤️","phrase":"Me gustan los ositos de peluche."},{"type":"☝️","phrase":"¿Puedo jugar con mi osito de peluche?"},{"type":"🙋","phrase":"Quiero un oso de peluche como regalo."}]},{"slug":"blocks","title":"Bloques","phrases":[{"type":"❤️","phrase":"Me gustan los bloques"},{"type":"☝️","phrase":"¿Puedo jugar con mis bloques?"},{"type":"🙋","phrase":"Quiero unos bloques como regalo."}]},{"slug":"spinner","title":"Hilandero","phrases":[{"type":"❤️","phrase":"Me gusta la ruleta."},{"type":"☝️","phrase":"¿Puedo jugar con mi ruleta?"},{"type":"🙋","phrase":"Quiero una ruleta como regalo."}]},{"slug":"nutcracker","title":"Cascanueces","phrases":[{"type":"❤️","phrase":"Me gustan los cascanueces."},{"type":"☝️","phrase":"¿Puedo jugar con mi cascanueces?"},{"type":"🙋","phrase":"Quiero un cascanueces como regalo."}]},{"slug":"video-games","title":"Videojuegos","phrases":[{"type":"❤️","phrase":"Me gustan los videojuegos."},{"type":"☝️","phrase":"¿Podemos jugar videojuegos juntos?"},{"type":"🙋","phrase":"Quiero videojuegos como regalo."}]},{"slug":"cards","title":"Tarjetas","phrases":[{"type":"❤️","phrase":"Me gusta jugar a las cartas."},{"type":"☝️","phrase":"¿Puedo jugar con mis cartas?"},{"type":"🙋","phrase":"Quiero jugar a las cartas como regalo."}]},{"slug":"toy-car","title":"Coche de juguete","phrases":[{"type":"❤️","phrase":"Me gustan los autos de juguete."},{"type":"☝️","phrase":"¿Puedo jugar con mi carro de juguete?"},{"type":"🙋","phrase":"Quiero un coche de juguete como regalo."}]},{"slug":"sword","title":"Espada","phrases":[{"type":"❤️","phrase":"Me gustan las espadas de juguete."},{"type":"☝️","phrase":"¿Puedo jugar con mi espada de juguete?"},{"type":"🙋","phrase":"Quiero una espada como regalo."}]},{"slug":"yo-yo","title":"Yoyó","phrases":[{"type":"❤️","phrase":"Me gusta jugar con yo-yo."},{"type":"☝️","phrase":"¿Puedo jugar con mi yoyo?"},{"type":"🙋","phrase":"Quiero un yoyo como regalo."}]},{"slug":"slingshot","title":"Honda","phrases":[{"type":"❤️","phrase":"Me gustan los tirachinas."},{"type":"☝️","phrase":"¿Puedo jugar con mi tirachinas?"},{"type":"🙋","phrase":"Quiero un tirachinas como regalo."}]},{"slug":"water-gun","title":"Pistola de agua","phrases":[{"type":"❤️","phrase":"Me gusta la pistola de agua."},{"type":"☝️","phrase":"¿Puedo jugar con mi pistola de agua?"},{"type":"🙋","phrase":"Quiero una pistola de agua como regalo."}]},{"slug":"doll-house","title":"Casa de muñecas","phrases":[{"type":"❤️","phrase":"Me gusta jugar con casa de muñecas."},{"type":"☝️","phrase":"¿Puedo jugar con mi casa de muñecas?"},{"type":"🙋","phrase":"Quiero una casa de muñecas como regalo."}]},{"slug":"viewer","title":"Espectador","phrases":[{"type":"❤️","phrase":"Me gusta jugar con el espectador."},{"type":"🙋","phrase":"Quiero un espectador como presente."}]},{"slug":"board-game","title":"Juego de mesa","phrases":[{"type":"❤️","phrase":"Me gustan los juegos de mesa."},{"type":"☝️","phrase":"¿Podemos jugar juegos de mesa?"},{"type":"🙋","phrase":"Quiero un juego de mesa como regalo."}]},{"slug":"rubiks-cube","title":"Cubo de rubik","phrases":[{"type":"❤️","phrase":"Me gusta resolver el cubo de rubik."},{"type":"☝️","phrase":"¿Puedo intentar resolver el cubo de mi rubik?"},{"type":"🙋","phrase":"Quiero un cubo de rubik como regalo."}]},{"slug":"puzzle","title":"Rompecabezas","phrases":[{"type":"❤️","phrase":"Me gustan los acertijos."},{"type":"☝️","phrase":"¿Puedo resolver acertijos?"},{"type":"🙋","phrase":"Quiero rompecabezas como regalo."}]},{"slug":"remote-control-car","title":"Carro de control remoto","phrases":[{"type":"❤️","phrase":"Me gusta mi auto de control remoto."},{"type":"☝️","phrase":"¿Puedo jugar con mi auto a control remoto?"},{"type":"🙋","phrase":"Quiero un auto de control remoto como presente."}]},{"slug":"rocking-horse","title":"Caballo Mecedora","phrases":[{"type":"❤️","phrase":"Me gusta mi caballo mecedora."},{"type":"☝️","phrase":"¿Puedo jugar con el caballo mecedora?"}]},{"slug":"scooter","title":"Scooter","phrases":[{"type":"❤️","phrase":"Me gusta mi scooter"},{"type":"🙋","phrase":"Quiero un scooter como regalo."}]},{"slug":"pyramid","title":"Pirámide","phrases":[{"type":"❤️","phrase":"Me gustan las pirámides"},{"type":"🙋","phrase":"Quiero una pirámide como regalo."}]},{"slug":"cart","title":"Carro","phrases":[{"type":"❤️","phrase":"Me gusta mi carrito de juguetes."},{"type":"🙋","phrase":"¿Me pueden ayudar a ordenar mis juguetes?"}]},{"slug":"aeroplane","title":"Avión","phrases":[{"type":"❤️","phrase":"Me gustan los aviones"},{"type":"☝️","phrase":"¿Puedo jugar con mi avión?"},{"type":"🙋","phrase":"Quiero un avión como regalo."}]},{"slug":"sand-bucket","title":"Cubo de arena","phrases":[{"type":"❤️","phrase":"Me gustan los cubos de arena."},{"type":"☝️","phrase":"¿Puedo construir un castillo con mi cubo de arena?"}]}]