[{"slug":"train","title":"Entrenar","phrases":[{"type":"🙋","phrase":"Quiero tomar el tren"},{"type":"❤️","phrase":"Me gustan los trenes."}]},{"slug":"car","title":"Coche","phrases":[{"type":"🙋","phrase":"Quiero conducir un carro."},{"type":"❤️","phrase":"Me gustan los autos."}]},{"slug":"bicycle","title":"Bicicleta","phrases":[{"type":"🙋","phrase":"Quiero andar en bicicleta."},{"type":"❤️","phrase":"Me gusta la bicicleta"}]},{"slug":"motorcycle","title":"Motocicleta","phrases":[{"type":"🙋","phrase":"Quiero andar en moto."},{"type":"❤️","phrase":"Me gusta la moto"}]},{"slug":"skateboard","title":"Patineta","phrases":[{"type":"🙋","phrase":"Quiero patinar"},{"type":"❤️","phrase":"Me gusta el skateboard"}]},{"slug":"food-truck","title":"Transportar","phrases":[{"type":"🙋","phrase":"Quiero tomar el ferry"},{"type":"🧑‍🤝‍🧑","phrase":"El ferry está abarrotado."}]},{"slug":"boat","title":"Barco","phrases":[{"type":"🙋","phrase":"Quiero andar en bote."},{"type":"🧑‍🤝‍🧑","phrase":"El bote está lleno de gente."}]},{"slug":"ship","title":"Embarcacion","phrases":[{"type":"🙋","phrase":"Quiero abordar un barco"},{"type":"🧑‍🤝‍🧑","phrase":"El barco está lleno de gente."}]},{"slug":"bus","title":"Autobús","phrases":[{"type":"🙋","phrase":"Quiero tomar el bus"},{"type":"🧑‍🤝‍🧑","phrase":"El autobús está lleno de gente."}]},{"slug":"minibus","title":"Microbús","phrases":[{"type":"🙋","phrase":"Quiero tomar el minibús."},{"type":"🧑‍🤝‍🧑","phrase":"Minibus está lleno de gente."}]},{"slug":"wheelchair","title":"Silla de ruedas","phrases":[{"type":"♿","phrase":"Estoy usando una silla de ruedas."},{"type":"👨‍🦽","phrase":"Él está usando una silla de ruedas."},{"type":"🙋","phrase":"¿Me pueden ayudar a usar mi silla de ruedas?"},{"type":"🖐️","phrase":"Me puedes empujar"}]},{"slug":"taxi","title":"Taxi","phrases":[{"type":"🙋","phrase":"Quiero tomar el taxi"}]},{"slug":"airplane","title":"Avión","phrases":[{"type":"🙋","phrase":"Quiero volar en un avion."},{"type":"❤️","phrase":"Me gustan los aviones"},{"type":"🧑‍🤝‍🧑","phrase":"Avión está lleno de gente."}]},{"slug":"van","title":"camioneta","phrases":[{"type":"🙋","phrase":"Quiero conducir en una camioneta."}]},{"slug":"hot-air-balloon","title":"Globo de aire caliente","phrases":[{"type":"🙋","phrase":"Quiero volar en un globo aerostático."},{"type":"❤️","phrase":"Me gusta el globo aerostático."}]},{"slug":"fire-truck","title":"Camión de bomberos","phrases":[{"type":"🚨","phrase":"Sirena de camión de bomberos."}]},{"slug":"police-car","title":"Coche de policía","phrases":[{"type":"🚨","phrase":"Sirena de coche de policía."},{"type":"❤️","phrase":"Me gustan los autos de policía."}]},{"slug":"ambulance","title":"Ambulancia","phrases":[{"type":"🚨","phrase":"Sirena de ambulancia."}]},{"slug":"stretcher","title":"Camilla","phrases":[{"type":"🙋","phrase":"¿Me pueden ayudar con mi camilla?"}]},{"slug":"helicopter","title":"Helicóptero","phrases":[{"type":"🙋","phrase":"Quiero volar en un helicóptero."}]},{"slug":"trailer","title":"Remolque","phrases":[{"type":"🙋","phrase":"Quiero conducir en un trailer."}]},{"slug":"spaceship","title":"Astronave","phrases":[{"type":"❤️","phrase":"Me gustan las naves espaciales."},{"type":"🌌","phrase":"Quiero viajar en el espacio"},{"type":"👽","phrase":"Quiero ver alienígenas."},{"type":"👩‍🚀","phrase":"Quiero ir a Marte."},{"type":"🚀","phrase":"¿Puedes llevarme a Marte Elon Musk?"}]}]