[{"slug":"luggage","title":"Equipaje","phrases":[]},{"slug":"swimming","title":"Nadando","phrases":[]},{"slug":"passport","title":"Pasaporte","phrases":[]},{"slug":"tent","title":"Tienda","phrases":[]},{"slug":"backpacking","title":"Mochilero","phrases":[]},{"slug":"beach-chair","title":"silla de playa","phrases":[]},{"slug":"room-service","title":"Servicio de habitaciones","phrases":[]},{"slug":"waiting-area","title":"Área de espera","phrases":[]},{"slug":"electric-socket","title":"Toma de corriente","phrases":[]},{"slug":"bag","title":"Bolso","phrases":[]},{"slug":"boarding-pass","title":"Tarjeta de embarque","phrases":[]},{"slug":"gps","title":"GPS","phrases":[]},{"slug":"mountain","title":"Montaña","phrases":[]},{"slug":"camera","title":"Cámara","phrases":[]},{"slug":"hotel","title":"Hotel","phrases":[]},{"slug":"bed","title":"Cama","phrases":[]},{"slug":"hotel-key","title":"Llave del hotel","phrases":[]},{"slug":"bonfire","title":"Hoguera","phrases":[]},{"slug":"snorkling","title":"Bucear","phrases":[]},{"slug":"action-camera","title":"Cámara de acción","phrases":[]}]