[{"slug":"cucumber","title":"Pepino","phrases":[{"type":"❤️","phrase":"Me gusta comer pepino."},{"type":"🙋","phrase":"Quiero comer un pepino"},{"type":"❌","phrase":"No me gusta el pepino"}]},{"slug":"onion","title":"Cebolla","phrases":[{"type":"❤️","phrase":"Me gusta comer cebolla."},{"type":"🙋","phrase":"Quiero comer una cebolla"},{"type":"❌","phrase":"No me gusta la cebolla."},{"type":"❌","phrase":"No me gusta el olor a cebolla."}]},{"slug":"garlic","title":"Ajo","phrases":[{"type":"❤️","phrase":"Me gusta comer ajo."},{"type":"🙋","phrase":"Quiero comer un ajo"},{"type":"❌","phrase":"No me gusta el ajo"},{"type":"❌","phrase":"No me gusta el olor a ajo."}]},{"slug":"carrot","title":"Zanahoria","phrases":[{"type":"❤️","phrase":"Me gusta comer zanahoria."},{"type":"🙋","phrase":"Quiero comer una zanahoria"},{"type":"❌","phrase":"No me gustan las zanahorias."}]},{"slug":"cabbage","title":"Repollo","phrases":[{"type":"❤️","phrase":"Me gusta comer repollo."},{"type":"🙋","phrase":"Quiero comer un repollo."},{"type":"❌","phrase":"No me gusta el repollo."}]},{"slug":"tomato","title":"Tomate","phrases":[{"type":"❤️","phrase":"Me gusta comer tomate."},{"type":"🙋","phrase":"Quiero comer un tomate"},{"type":"❌","phrase":"No me gusta el tomate"},{"type":"❤️","phrase":"Me gusta tomar una sopa de tomate."}]},{"slug":"eggplant","title":"Berenjena","phrases":[{"type":"❤️","phrase":"Me gusta comer berenjenas."},{"type":"🙋","phrase":"Quiero comer una berenjena."},{"type":"❌","phrase":"No me gusta la berenjena."}]},{"slug":"mushroom","title":"Seta","phrases":[{"type":"❤️","phrase":"Me gusta comer hongos."},{"type":"🙋","phrase":"Quiero comer un hongo"},{"type":"❌","phrase":"No me gustan los hongos"},{"type":"❤️","phrase":"Me gusta tener una sopa de champiñones."}]},{"slug":"pepper","title":"Pimienta","phrases":[{"type":"❤️","phrase":"Me gusta comer pimienta."},{"type":"🙋","phrase":"Quiero comer un pimiento"},{"type":"❌","phrase":"No me gusta la pimienta"}]},{"slug":"corn","title":"Maíz","phrases":[{"type":"❤️","phrase":"Me gusta comer maiz."},{"type":"🙋","phrase":"Quiero comer un maiz."},{"type":"❌","phrase":"No me gusta el maiz."},{"type":"❤️","phrase":"Me gusta tener una sopa de elote."}]},{"slug":"broccoli","title":"Brócoli","phrases":[{"type":"❤️","phrase":"Me gusta comer brócoli."},{"type":"🙋","phrase":"Quiero comer un brócoli"},{"type":"❌","phrase":"No me gusta el brócoli."}]},{"slug":"celery","title":"Apio","phrases":[{"type":"❤️","phrase":"Me gusta comer apio."},{"type":"🙋","phrase":"Quiero comer un apio."},{"type":"❌","phrase":"No me gusta el apio."}]},{"slug":"chili","title":"Chile","phrases":[{"type":"❤️","phrase":"Me gusta comer chile."},{"type":"🙋","phrase":"Quiero comer un chile"},{"type":"❌","phrase":"No me gusta el chile"}]},{"slug":"potato","title":"Patata","phrases":[{"type":"❤️","phrase":"Me gusta comer papa."},{"type":"🙋","phrase":"Quiero comer una papa"},{"type":"❌","phrase":"No me gusta la papa"},{"type":"❤️","phrase":"Me gusta comer papas fritas."}]},{"slug":"asparagus","title":"Espárragos","phrases":[{"type":"❤️","phrase":"Me gusta comer espárragos."},{"type":"🙋","phrase":"Quiero comer un espárrago."},{"type":"❌","phrase":"No me gustan los espárragos."}]},{"slug":"cauliflower","title":"Coliflor","phrases":[{"type":"❤️","phrase":"Me gusta comer coliflor."},{"type":"🙋","phrase":"Quiero comer una coliflor."},{"type":"❌","phrase":"No me gusta la coliflor."}]},{"slug":"pumpkin","title":"Calabaza","phrases":[{"type":"❤️","phrase":"Me gusta comer calabaza."},{"type":"🙋","phrase":"Quiero comer una calabaza"},{"type":"❌","phrase":"No me gusta la calabaza"},{"type":"❤️","phrase":"Me gusta tomar una sopa de calabaza."}]},{"slug":"beetroot","title":"Raíz de remolacha","phrases":[{"type":"❤️","phrase":"Me gusta comer remolacha."},{"type":"🙋","phrase":"Quiero comer una remolacha."},{"type":"❌","phrase":"No me gusta la remolacha."}]},{"slug":"bean","title":"Frijol","phrases":[{"type":"❤️","phrase":"Me gusta comer frijoles."},{"type":"🙋","phrase":"Quiero comer un frijol"},{"type":"❌","phrase":"No me gusta el frijol."}]},{"slug":"lettuce","title":"Lechuga","phrases":[{"type":"❤️","phrase":"Me gusta comer lechuga."},{"type":"🙋","phrase":"Quiero comer una lechuga"},{"type":"❌","phrase":"No me gusta la lechuga"},{"type":"❤️","phrase":"Me gusta que mi ensalada tenga más lechuga."}]},{"slug":"radish","title":"Rábano","phrases":[{"type":"❤️","phrase":"Me gusta comer rábano."},{"type":"🙋","phrase":"Quiero comer un rábano"},{"type":"❌","phrase":"No me gusta el rábano."}]},{"slug":"bok-choy","title":"Bok Choy","phrases":[{"type":"❤️","phrase":"Me gusta comer bok choy."},{"type":"🙋","phrase":"Quiero comer un bok choy."},{"type":"❌","phrase":"No me gusta el bok choy."}]},{"slug":"leek","title":"Puerro","phrases":[{"type":"❤️","phrase":"Me gusta comer puerros."},{"type":"🙋","phrase":"Quiero comer un puerro."},{"type":"❌","phrase":"No me gusta el puerro."}]},{"slug":"peas","title":"Chícharos","phrases":[{"type":"❤️","phrase":"Me gusta comer guisantes."},{"type":"🙋","phrase":"Quiero comer unos guisantes."},{"type":"❌","phrase":"No me gustan los guisantes."}]},{"slug":"ginger","title":"Jengibre","phrases":[{"type":"❤️","phrase":"Me gusta comer jengibre."},{"type":"🙋","phrase":"Quiero comer un jengibre"},{"type":"❌","phrase":"No me gusta el jengibre"}]},{"slug":"sweet-potato","title":"Batata","phrases":[{"type":"❤️","phrase":"Me gusta comer batata."},{"type":"🙋","phrase":"Quiero comer una batata."},{"type":"❌","phrase":"No me gusta la batata."},{"type":"❤️","phrase":"Me gusta comer batata frita."}]},{"slug":"olives","title":"Olivos","phrases":[{"type":"❤️","phrase":"Me gusta comer aceitunas."},{"type":"🙋","phrase":"Quiero comer unas aceitunas."},{"type":"❌","phrase":"No me gustan las aceitunas."},{"type":"❤️","phrase":"Me gustan las aceitunas en mi pizza."}]}]