[{"slug":"walking","title":"चलना","phrases":[{"type":"❤️","phrase":"मुझे चलना पसंद है"},{"type":"❌","phrase":"मुझे घूमना पसंद नहीं है"},{"type":"🙋","phrase":"क्या आप एक साथ चलना चाहते हैं?"}]},{"slug":"running","title":"चल रहा है","phrases":[{"type":"❤️","phrase":"मुझे दौड़ना पसंद है।"},{"type":"❌","phrase":"मुझे दौड़ना पसंद नहीं है।"},{"type":"🙋","phrase":"क्या आप दौड़ते हुए जाना चाहते हैं?"}]},{"slug":"talking","title":"बात कर रहे","phrases":[{"type":"❤️","phrase":"मुझे बात करना पसंद है।"},{"type":"❌","phrase":"मुझे बात करना पसंद नहीं है।"},{"type":"🙋","phrase":"क्या आप मेरे साथ बात करना चाहते हैं?"}]},{"slug":"reading","title":"पढ़ना","phrases":[{"type":"❤️","phrase":"मुझे पढ़ना पसंद है।"},{"type":"❌","phrase":"मुझे पढ़ना पसंद नहीं है।"},{"type":"🙋","phrase":"क्या आप एक साथ पढ़ना चाहते हैं?"}]},{"slug":"football","title":"फ़ुटबॉल","phrases":[{"type":"❤️","phrase":"मुझे फुटबॉल खेलना अच्छा लगता है।"},{"type":"❌","phrase":"मुझे फुटबॉल खेलना पसंद नहीं है।"},{"type":"🙋","phrase":"क्या आप फुटबॉल खेलना चाहते हैं?"}]},{"slug":"basketball","title":"बास्केटबाल","phrases":[{"type":"❤️","phrase":"मुझे बास्केटबॉल खेलना पसंद है।"},{"type":"❌","phrase":"मुझे बास्केटबॉल खेलना पसंद नहीं है।"},{"type":"🙋","phrase":"क्या आप बास्केटबॉल खेलना चाहते हैं?"}]},{"slug":"swimming","title":"तैराकी","phrases":[{"type":"❤️","phrase":"मुझे तैरना पसंद है।"},{"type":"❌","phrase":"मुझे तैरना पसंद नहीं है।"},{"type":"🙋","phrase":"क्या आप तैराकी में जाना चाहते हैं?"}]},{"slug":"painting","title":"चित्र","phrases":[{"type":"❤️","phrase":"मुझे पेंटिंग पसंद है।"},{"type":"❌","phrase":"मुझे पेंटिंग पसंद नहीं है।"},{"type":"🙋","phrase":"क्या आप एक साथ पेंट करना चाहते हैं?"}]},{"slug":"drawing","title":"चित्रकारी","phrases":[{"type":"❤️","phrase":"मुझे चित्रकला पसंद है।"},{"type":"❌","phrase":"मुझे ड्राइंग पसंद नहीं है।"},{"type":"🙋","phrase":"क्या आप एक साथ आकर्षित करना चाहते हैं?"}]},{"slug":"cycling","title":"सायक्लिंग","phrases":[{"type":"❤️","phrase":"मुझे स्यक्लिंग पसंद है।"},{"type":"❌","phrase":"मुझे साइकिल चलाना पसंद नहीं है।"},{"type":"🙋","phrase":"क्या आप साइकिल चलाना चाहते हैं?"}]},{"slug":"skating","title":"स्केटिंग","phrases":[{"type":"❤️","phrase":"मुझे स्केटिंग पसंद है।"},{"type":"❌","phrase":"मुझे स्केटिंग पसंद नहीं है।"},{"type":"🙋","phrase":"क्या आप स्केटिंग जाना चाहते हैं?"}]},{"slug":"sightseeing","title":"दर्शनीय स्थलों की यात्रा","phrases":[{"type":"❤️","phrase":"मुझे दर्शनीय स्थल पसंद हैं।"},{"type":"❌","phrase":"मुझे दर्शनीय स्थल पसंद नहीं हैं।"},{"type":"🙋","phrase":"क्या आप दर्शनीय स्थलों की यात्रा के लिए जाना चाहते हैं?"}]},{"slug":"video-games","title":"वीडियो गेम","phrases":[{"type":"❤️","phrase":"मुझे वीडियो गेम खेलना पसंद है।"},{"type":"❌","phrase":"मुझे वीडियो गेम खेलना पसंद नहीं है।"},{"type":"🙋","phrase":"क्या आप गेम खेलना चाहते हैं?"}]},{"slug":"tidying","title":"साफ़ कर रही","phrases":[{"type":"❤️","phrase":"मुझे अपना कमरा टिड्ड करना पसंद है।"},{"type":"❌","phrase":"मुझे अपना कमरा ख़राब करना पसंद नहीं है।"},{"type":"🙋","phrase":"क्या आप मेरे कमरे को साफ करने में मेरी मदद कर सकते हैं?"}]},{"slug":"toys","title":"खिलौने","phrases":[{"type":"❤️","phrase":"मुझे खिलौने पसंद हैं।"},{"type":"❌","phrase":"मुझे खिलौने पसंद नहीं हैं।"},{"type":"🙋","phrase":"क्या आप मेरे खिलौनों से खेलना चाहते हैं?"}]},{"slug":"puzzle","title":"पहेली","phrases":[{"type":"❤️","phrase":"मुझे पहेली हल करना पसंद है।"},{"type":"❌","phrase":"मुझे पहेली हल करना पसंद नहीं है।"},{"type":"🙋","phrase":"क्या आप मेरे साथ पहेलियां सुलझाना चाहते हैं?"}]},{"slug":"comics","title":"कॉमिक्स","phrases":[{"type":"❤️","phrase":"मुझे कॉमिक्स पढ़ना पसंद है।"},{"type":"❌","phrase":"मुझे कॉमिक्स पढ़ना पसंद नहीं है।"},{"type":"🙋","phrase":"क्या आप कॉमिक्स पढ़ना चाहते हैं?"}]},{"slug":"chess","title":"शतरंज","phrases":[{"type":"❤️","phrase":"मुझे शतरंज खेलना पसंद है।"},{"type":"❌","phrase":"मुझे शतरंज खेलना पसंद नहीं है।"},{"type":"🙋","phrase":"क्या आप मेरे साथ शतरंज खेलना चाहते हैं?"}]},{"slug":"using-leeloo","title":"लीलू का उपयोग करना","phrases":[{"type":"❤️","phrase":"मुझे लीलो का उपयोग करना पसंद है।"},{"type":"❌","phrase":"मुझे लीलो का उपयोग करना पसंद नहीं है।"},{"type":"🙋","phrase":"क्या आप लीलो पर कार्ड पैक बदल सकते हैं?"}]},{"slug":"texting","title":"टेक्स्ट संदेश भेजना","phrases":[{"type":"❤️","phrase":"मुझे टेक्सटिंग पसंद है।"},{"type":"❌","phrase":"मुझे टेक्सटिंग पसंद नहीं है।"}]},{"slug":"knitting","title":"बुनना","phrases":[{"type":"❤️","phrase":"मुझे बुनाई पसंद है।"},{"type":"❌","phrase":"मुझे बुनाई पसंद नहीं है।"},{"type":"🙋","phrase":"मैं सीखना चाहता हूं कि कैसे बुनना है।"}]},{"slug":"bowling","title":"बॉलिंग","phrases":[{"type":"❤️","phrase":"मुझे गेंदबाजी करना पसंद है।"},{"type":"❌","phrase":"मुझे गेंदबाजी पसंद नहीं है।"},{"type":"🙋","phrase":"क्या आप मेरे साथ गेंदबाजी करना चाहते हैं?"}]},{"slug":"watching-tv","title":"टीवी देखना","phrases":[{"type":"❤️","phrase":"मुझे टीवी देखना पसंद है।"},{"type":"❌","phrase":"मुझे टीवी देखना पसंद नहीं है।"},{"type":"🙋","phrase":"क्या तुम चित्रपटल देखना चाहते हो?"}]},{"slug":"fishing","title":"मछली पकड़ना","phrases":[{"type":"❤️","phrase":"मुझे मछली पकड़ना पसंद है।"},{"type":"❌","phrase":"मुझे मछली पकड़ना पसंद नहीं है।"},{"type":"🙋","phrase":"क्या आप मछली पकड़ने जाना चाहते हैं?"}]},{"slug":"exercising","title":"व्यायाम","phrases":[{"type":"❤️","phrase":"मुझे व्यायाम करना पसंद है।"},{"type":"❌","phrase":"मुझे व्यायाम करना पसंद नहीं है।"},{"type":"🙋","phrase":"क्या आप मेरे साथ व्यायाम करना चाहते हैं?"}]},{"slug":"tennis","title":"टेनिस","phrases":[{"type":"❤️","phrase":"मुझे टेनिस खेलना पसंद है।"},{"type":"❌","phrase":"मुझे टेनिस खेलना पसंद नहीं है।"},{"type":"🙋","phrase":"क्या आप मेरे साथ टेनिस खेलना चाहते हैं?"}]}]