[{"slug":"cat","title":"बिल्ली","phrases":[{"type":"❤️","phrase":"मुझे बिल्लियाँ पसंद हैं।"},{"type":"👀","phrase":"मैंने एक बिल्ली को देखा।"},{"type":"🔊","phrase":"बिल्ली क्या शोर मचाती है?"},{"type":"🐈","phrase":"क्या हमें पालतू के रूप में एक बिल्ली मिल सकती है?"}]},{"slug":"dog","title":"कुत्ता","phrases":[{"type":"❤️","phrase":"मुझे कुत्ते पसंद है।"},{"type":"👀","phrase":"मैंने एक कुत्ता देखा।"},{"type":"🔊","phrase":"कुत्ता क्या शोर मचाता है?"},{"type":"🐕","phrase":"क्या हम एक कुत्ते को पालतू के रूप में पा सकते हैं?"}]},{"slug":"fish","title":"मछली","phrases":[{"type":"❤️","phrase":"मुझे मछली पसंद है।"},{"type":"👀","phrase":"मैंने एक मछली देखी।"},{"type":"🔊","phrase":"मछली क्या शोर मचाती है?"},{"type":"🐠","phrase":"क्या हमें पालतू के रूप में एक मछली मिल सकती है?"}]},{"slug":"rabbit","title":"खरगोश","phrases":[{"type":"❤️","phrase":"मुझे खरगोश पसंद हैं।"},{"type":"👀","phrase":"मैंने एक खरगोश को देखा।"},{"type":"🔊","phrase":"एक खरगोश क्या शोर करता है?"},{"type":"🐇","phrase":"क्या हम पालतू जानवर के रूप में खरगोश पा सकते हैं?"}]},{"slug":"butterfly","title":"तितली","phrases":[{"type":"❤️","phrase":"मुझे तितलियाँ पसंद हैं।"},{"type":"👀","phrase":"मैंने एक तितली को देखा।"},{"type":"🔊","phrase":"तितली क्या शोर मचाती है?"}]},{"slug":"kangaroo","title":"कंगेरू","phrases":[{"type":"❤️","phrase":"मुझे कंगारू पसंद हैं।"},{"type":"👀","phrase":"मैंने एक कंगारू को देखा।"},{"type":"🔊","phrase":"कंगारू क्या शोर मचाता है?"}]},{"slug":"turtle","title":"कछुए","phrases":[{"type":"❤️","phrase":"मुझे कछुए पसंद हैं।"},{"type":"👀","phrase":"मैंने एक कछुआ देखा।"},{"type":"🔊","phrase":"कछुआ क्या शोर मचाता है?"}]},{"slug":"giraffe","title":"जिराफ़","phrases":[{"type":"❤️","phrase":"मुझे जिराफ पसंद हैं।"},{"type":"👀","phrase":"मैंने एक जिराफ को देखा।"},{"type":"🔊","phrase":"जिराफ क्या शोर मचाता है?"}]},{"slug":"frog","title":"मेढक","phrases":[{"type":"❤️","phrase":"मुझे मेंढक पसंद हैं।"},{"type":"👀","phrase":"मैंने एक मेंढक को देखा।"},{"type":"🔊","phrase":"मेंढक क्या शोर मचाता है?"}]},{"slug":"swan","title":"हंस","phrases":[{"type":"❤️","phrase":"मुझे हंस पसंद है।"},{"type":"👀","phrase":"मैंने एक हंस को देखा।"},{"type":"🔊","phrase":"हंस क्या शोर करता है?"}]},{"slug":"spider","title":"मकड़ी","phrases":[{"type":"❤️","phrase":"मुझे मकड़ियों पसंद हैं।"},{"type":"👀","phrase":"मैंने एक मकड़ी देखी।"},{"type":"🔊","phrase":"मकड़ी क्या शोर मचाती है?"}]},{"slug":"cow","title":"गाय","phrases":[{"type":"❤️","phrase":"मुझे गाय पसंद हैं।"},{"type":"👀","phrase":"मैंने एक गाय देखी।"},{"type":"🔊","phrase":"गाय क्या शोर मचाती है?"}]},{"slug":"duck","title":"बत्तख","phrases":[{"type":"❤️","phrase":"मुझे बत्तख पसंद है।"},{"type":"👀","phrase":"मैंने एक बत्तख को देखा।"},{"type":"🔊","phrase":"बत्तख क्या शोर मचाती है?"}]},{"slug":"horse","title":"घोड़ा","phrases":[{"type":"❤️","phrase":"मुझे घोड़े पसंद हैं।"},{"type":"👀","phrase":"मैंने एक घोड़ा देखा।"},{"type":"🔊","phrase":"घोड़ा क्या शोर मचाता है?"}]},{"slug":"chicken","title":"मुर्गी","phrases":[{"type":"❤️","phrase":"मुझे मुर्गियां पसंद हैं।"},{"type":"👀","phrase":"मैंने एक मुर्गी देखी।"},{"type":"🔊","phrase":"मुर्गी क्या शोर मचाती है?"}]},{"slug":"bee","title":"मधुमक्खी","phrases":[{"type":"❤️","phrase":"मुझे मधुमक्खियां पसंद हैं।"},{"type":"👀","phrase":"मैंने एक मधुमक्खी को देखा।"},{"type":"🔊","phrase":"मधुमक्खी क्या शोर मचाती है?"}]},{"slug":"pig","title":"सूअर","phrases":[{"type":"❤️","phrase":"मुझे सूअर पसंद हैं।"},{"type":"👀","phrase":"मैंने एक सुअर को देखा।"},{"type":"🔊","phrase":"सुअर क्या शोर मचाता है?"}]},{"slug":"dove","title":"डव","phrases":[{"type":"❤️","phrase":"मुझे कबूतर पसंद हैं।"},{"type":"👀","phrase":"मैंने एक कबूतर देखा।"},{"type":"🔊","phrase":"कबूतर क्या शोर मचाता है?"}]},{"slug":"crab","title":"केकड़ा","phrases":[{"type":"❤️","phrase":"मुझे केकड़े पसंद हैं।"},{"type":"👀","phrase":"मैंने एक केकड़ा देखा।"},{"type":"🔊","phrase":"एक केकड़ा क्या शोर करता है?"}]},{"slug":"penguin","title":"पेंगुइन","phrases":[{"type":"❤️","phrase":"मुझे पेंगुइन पसंद है।"},{"type":"👀","phrase":"मैंने एक पेंगुइन देखा।"},{"type":"🔊","phrase":"पेंगुइन क्या शोर मचाता है?"}]},{"slug":"elephant","title":"हाथी","phrases":[{"type":"❤️","phrase":"मुझे हाथी पसंद हैं।"},{"type":"👀","phrase":"मैंने एक हाथी देखा।"},{"type":"🔊","phrase":"हाथी क्या शोर मचाता है?"}]},{"slug":"zebra","title":"ज़ेबरा","phrases":[{"type":"❤️","phrase":"मुझे ज़ेब्रा पसंद है।"},{"type":"👀","phrase":"मैंने एक ज़ेबरा देखा।"},{"type":"🔊","phrase":"ज़ेबरा क्या शोर करता है?"}]},{"slug":"panda","title":"पांडा","phrases":[{"type":"❤️","phrase":"मुझे पांडा पसंद हैं।"},{"type":"👀","phrase":"मैंने एक पांडा को देखा।"},{"type":"🔊","phrase":"एक पांडा क्या शोर मचाता है?"}]},{"slug":"monkey","title":"बंदर","phrases":[{"type":"❤️","phrase":"मुझे बंदर पसंद हैं।"},{"type":"👀","phrase":"मैंने एक बंदर को देखा।"},{"type":"🔊","phrase":"बंदर क्या शोर मचाता है?"}]},{"slug":"camel","title":"ऊंट","phrases":[{"type":"❤️","phrase":"मुझे ऊंट पसंद हैं।"},{"type":"👀","phrase":"मैंने एक ऊंट को देखा।"},{"type":"🔊","phrase":"ऊँट किस आवाज में आवाज करता है?"}]},{"slug":"mouse","title":"चूहा","phrases":[{"type":"❤️","phrase":"मुझे चूहे पसंद हैं।"},{"type":"👀","phrase":"मैंने एक चूहा देखा।"},{"type":"🔊","phrase":"माउस क्या शोर करता है?"}]},{"slug":"tiger","title":"बाघ","phrases":[{"type":"❤️","phrase":"मुझे बाघ पसंद हैं।"},{"type":"👀","phrase":"मैंने एक बाघ देखा।"},{"type":"🔊","phrase":"बाघ क्या शोर मचाता है?"}]},{"slug":"jellyfish","title":"जेलिफ़िश","phrases":[{"type":"❤️","phrase":"मुझे जेलिफ़िश पसंद है।"},{"type":"👀","phrase":"मैंने एक जेलिफ़िश देखी।"},{"type":"🔊","phrase":"जेलिफ़िश क्या शोर करता है?"}]},{"slug":"crocodile","title":"मगरमच्छ","phrases":[{"type":"❤️","phrase":"मुझे मगरमच्छ पसंद हैं।"},{"type":"👀","phrase":"मैंने एक मगरमच्छ को देखा।"},{"type":"🔊","phrase":"मगरमच्छ क्या शोर करता है?"}]},{"slug":"koala","title":"कोअला","phrases":[{"type":"❤️","phrase":"मुझे कोआला पसंद है।"},{"type":"👀","phrase":"मैंने एक कोआला देखा।"},{"type":"🔊","phrase":"कोआला क्या शोर मचाता है?"}]},{"slug":"ostrich","title":"शुतुरमुर्ग","phrases":[{"type":"❤️","phrase":"मुझे शुतुरमुर्ग पसंद हैं।"},{"type":"👀","phrase":"मैंने एक शुतुरमुर्ग को देखा।"},{"type":"🔊","phrase":"शुतुरमुर्ग क्या शोर करता है?"}]},{"slug":"racoon","title":"एक प्रकार का जानवर","phrases":[{"type":"❤️","phrase":"मुझे डाकू पसंद हैं।"},{"type":"👀","phrase":"मैंने एक रेसून को देखा।"},{"type":"🔊","phrase":"एक रेसून किस शोर को बनाता है?"}]},{"slug":"bat","title":"बल्ला","phrases":[{"type":"❤️","phrase":"मुझे चमगादड़ पसंद हैं।"},{"type":"👀","phrase":"मैंने एक बल्ला देखा।"},{"type":"🔊","phrase":"बल्ले से क्या शोर होता है?"}]},{"slug":"eagle","title":"ईगल","phrases":[{"type":"❤️","phrase":"मुझे चील पसंद है।"},{"type":"👀","phrase":"मैंने एक चील को देखा।"},{"type":"🔊","phrase":"चील क्या शोर मचाती है?"}]},{"slug":"hippopotamus","title":"जलहस्ती","phrases":[{"type":"❤️","phrase":"मुझे दरियाई घोड़ा पसंद है।"},{"type":"👀","phrase":"मैंने एक दरियाई घोड़ा देखा।"},{"type":"🔊","phrase":"हिप्पोपोटेमस क्या शोर करता है?"}]},{"slug":"seal","title":"सील","phrases":[{"type":"❤️","phrase":"मुझे सील पसंद है।"},{"type":"👀","phrase":"मैंने एक मुहर देखी।"},{"type":"🔊","phrase":"एक सील क्या शोर करता है?"}]},{"slug":"walrus","title":"वालरस","phrases":[{"type":"❤️","phrase":"मुझे वालरस पसंद हैं।"},{"type":"👀","phrase":"मैंने एक वालरस देखा।"},{"type":"🔊","phrase":"वालरस क्या शोर करता है?"}]},{"slug":"seahorse","title":"समुद्री घोड़े","phrases":[{"type":"❤️","phrase":"मुझे समुद्री घोड़े पसंद हैं।"},{"type":"👀","phrase":"मैंने एक सीहोर को देखा।"},{"type":"🔊","phrase":"सीहोर क्या शोर मचाता है?"}]},{"slug":"bull","title":"सांड","phrases":[{"type":"❤️","phrase":"मुझे बैल पसंद हैं।"},{"type":"👀","phrase":"मैंने एक सांड देखा।"},{"type":"🔊","phrase":"बैल क्या शोर मचाता है?"}]},{"slug":"pelican","title":"हवासील","phrases":[{"type":"❤️","phrase":"मुझे पेलिकन पसंद हैं।"},{"type":"👀","phrase":"मैंने एक पेलिकन को देखा।"},{"type":"🔊","phrase":"एक श्रोणि क्या शोर करता है?"}]},{"slug":"beaver","title":"ऊदबिलाव","phrases":[{"type":"❤️","phrase":"मुझे बीवर पसंद है।"},{"type":"👀","phrase":"मैंने एक बीवर को देखा।"},{"type":"🔊","phrase":"बीवर क्या शोर करता है?"}]},{"slug":"goldfish","title":"ज़र्द मछली","phrases":[{"type":"❤️","phrase":"मुझे सुनहरी पसंद है।"},{"type":"👀","phrase":"मैंने एक सुनहरी मछली देखी।"},{"type":"🔊","phrase":"सुनहरी मछली क्या शोर मचाती है?"},{"type":"🐠","phrase":"क्या हम पालतू के रूप में सुनहरी मछली पा सकते हैं?"}]},{"slug":"rhinoceros","title":"गैंडा","phrases":[{"type":"❤️","phrase":"मुझे गैंडा पसंद है।"},{"type":"👀","phrase":"मैंने एक गैंडा देखा।"},{"type":"🔊","phrase":"गैंडा क्या शोर मचाता है?"}]},{"slug":"snake","title":"साँप","phrases":[{"type":"❤️","phrase":"मुझे सांप पसंद हैं।"},{"type":"👀","phrase":"मैंने एक सांप को देखा।"},{"type":"🔊","phrase":"सांप क्या शोर मचाता है?"}]},{"slug":"lion","title":"सिंह","phrases":[{"type":"❤️","phrase":"मुझे शेर पसंद हैं।"},{"type":"👀","phrase":"मैंने एक शेर देखा।"},{"type":"🔊","phrase":"शेर क्या शोर मचाता है?"}]},{"slug":"squid","title":"स्क्वीड","phrases":[{"type":"❤️","phrase":"मुझे स्क्वीड पसंद है।"},{"type":"👀","phrase":"मैंने एक विद्रूप देखा।"},{"type":"🔊","phrase":"एक व्यंग्य क्या शोर करता है?"}]},{"slug":"whale","title":"व्हेल","phrases":[{"type":"❤️","phrase":"मुझे व्हेल पसंद है।"},{"type":"👀","phrase":"मैंने एक व्हेल को देखा।"},{"type":"🔊","phrase":"व्हेल क्या शोर मचाती है?"}]},{"slug":"beetle","title":"भृंग","phrases":[{"type":"❤️","phrase":"मुझे बीटल पसंद है।"},{"type":"👀","phrase":"मैंने एक बीटल को देखा।"},{"type":"🔊","phrase":"बीटल क्या शोर करता है?"}]},{"slug":"dolphin","title":"डॉल्फिन","phrases":[{"type":"❤️","phrase":"मुझे डॉल्फिन पसंद हैं।"},{"type":"👀","phrase":"मैंने एक डॉल्फिन देखी।"},{"type":"🔊","phrase":"डॉल्फिन क्या शोर करता है?"}]},{"slug":"starfish","title":"एक प्रकार की मछली जिस को पाँच - सात बाहु के सदृश अंग होते है","phrases":[{"type":"❤️","phrase":"मुझे स्टारफिश पसंद है।"},{"type":"👀","phrase":"मैंने एक स्टारफिश देखी।"},{"type":"🔊","phrase":"स्टारफिश क्या शोर मचाती है?"}]},{"slug":"parakeet","title":"तोता","phrases":[{"type":"❤️","phrase":"मुझे तोते पसंद हैं।"},{"type":"👀","phrase":"मैंने एक तोता देखा।"},{"type":"🔊","phrase":"एक तोता क्या शोर करता है?"}]},{"slug":"owl","title":"उल्लू","phrases":[{"type":"❤️","phrase":"मुझे उल्लू पसंद है।"},{"type":"👀","phrase":"मैंने एक उल्लू को देखा।"},{"type":"🔊","phrase":"उल्लू क्या शोर मचाता है?"}]},{"slug":"sheep","title":"भेड़","phrases":[{"type":"❤️","phrase":"मुझे भेड़ें पसंद हैं।"},{"type":"👀","phrase":"मैंने एक भेड़ देखी।"},{"type":"🔊","phrase":"भेड़ क्या शोर मचाती है?"}]}]