[{"slug":"pants","title":"पैंट","phrases":[{"type":"🧼","phrase":"मेरी पैंट गंदी है।"},{"type":"🙋","phrase":"क्या आप मुझे मेरी पैंट पहनने में मदद कर सकते हैं?"}]},{"slug":"shirt","title":"कमीज","phrases":[{"type":"🧼","phrase":"मेरी कमीज गंदी है।"},{"type":"🙋","phrase":"क्या आप मेरी शर्ट पहनने में मेरी मदद कर सकते हैं?"}]},{"slug":"skirt","title":"स्कर्ट","phrases":[{"type":"🧼","phrase":"मेरी स्कर्ट गंदी है।"},{"type":"🙋","phrase":"क्या आप मेरी स्कर्ट पहनने में मेरी मदद कर सकते हैं?"}]},{"slug":"panty","title":"पैंटी","phrases":[{"type":"🧼","phrase":"मेरा अंडरवियर गंदा है।"},{"type":"🙋","phrase":"क्या आप मुझे मेरी पैंटी पहनने में मदद कर सकते हैं?"}]},{"slug":"jacket","title":"जैकेट","phrases":[{"type":"🧼","phrase":"मेरी जैकेट गंदी है।"},{"type":"🙋","phrase":"क्या आप मेरी जैकेट पहनने में मेरी मदद कर सकते हैं?"}]},{"slug":"tie","title":"गुलोबन्द","phrases":[{"type":"❤️","phrase":"मुझे टाई पहनना पसंद है।"},{"type":"🙋","phrase":"क्या आप मेरी टाई बांधने में मेरी मदद कर सकते हैं?"}]},{"slug":"baseball-cap","title":"बेसबॉल टोपी","phrases":[{"type":"❤️","phrase":"मुझे बेसबॉल टोपी पहनना पसंद है।"},{"type":"❓","phrase":"मुझे कौन सी बेसबॉल टोपी पहननी चाहिए?"}]},{"slug":"dress","title":"पोशाक","phrases":[{"type":"🧼","phrase":"मेरा पहनावा गंदा है।"},{"type":"🙋","phrase":"क्या आप मेरी ड्रेस पहनने में मेरी मदद कर सकते हैं?"}]},{"slug":"shoes","title":"जूते","phrases":[{"type":"🧼","phrase":"मेरे जूते गंदे हैं।"},{"type":"🙋","phrase":"क्या आप मुझे अपने जूते पहनने में मदद कर सकते हैं?"}]},{"slug":"boots","title":"जूते","phrases":[{"type":"🧼","phrase":"मेरे जूते गंदे हैं।"},{"type":"🙋","phrase":"क्या आप मुझे अपने जूते पहनने में मदद कर सकते हैं?"}]},{"slug":"sneakers","title":"स्नीकर्स","phrases":[{"type":"🎈","phrase":"मैं अपने स्नीकर्स पहनना चाहता हूं।"},{"type":"🙋","phrase":"क्या आप मुझे मेरे स्नीकर्स पहनने में मदद कर सकते हैं?"}]},{"slug":"slippers","title":"चप्पलें","phrases":[{"type":"🎈","phrase":"मैं अपनी चप्पल पहनना चाहता हूं।"},{"type":"🙋","phrase":"क्या आप मुझे मेरी चप्पल पहनने में मदद कर सकते हैं?"}]},{"slug":"belt","title":"बेल्ट","phrases":[{"type":"❤️","phrase":"मुझे बेल्ट पहनना पसंद है।"},{"type":"🙋","phrase":"क्या आप मुझे अपना बेल्ट पहनने में मदद कर सकते हैं?"}]},{"slug":"socks","title":"मोज़े","phrases":[{"type":"🧼","phrase":"मेरे मोजे गंदे हैं।"},{"type":"🙋","phrase":"क्या आप मुझे अपने मोजे पहनने में मदद कर सकते हैं?"}]},{"slug":"swimsuit","title":"स्विमिंग सूट","phrases":[{"type":"❤️","phrase":"मैं अपना स्विमसूट पहनना चाहती हूं।"},{"type":"🙋","phrase":"क्या आप मुझे अपना स्विमसूट पहनने में मदद कर सकते हैं?"}]},{"slug":"sweater","title":"स्वेटर","phrases":[{"type":"🧼","phrase":"मेरा स्वेटर गंदा है।"},{"type":"🙋","phrase":"क्या आप मुझे मेरा स्वेटर पहनने में मदद कर सकते हैं?"}]},{"slug":"scarf","title":"दुपट्टा","phrases":[{"type":"❤️","phrase":"मुझे दुपट्टा पहनना पसंद है।"},{"type":"🙋","phrase":"क्या आप मुझे अपना दुपट्टा पहनने में मदद कर सकते हैं?"}]},{"slug":"denim-shorts","title":"डेनिम शॉर्ट्स","phrases":[{"type":"🧼","phrase":"मेरे डेनिम शॉर्ट्स गंदे हैं।"},{"type":"🙋","phrase":"क्या आप मुझे मेरे डेनिम शॉर्ट्स पहनने में मदद कर सकते हैं?"}]},{"slug":"hoodies","title":"हूडीज़","phrases":[{"type":"❤️","phrase":"मुझे हुडी पहनना पसंद है।"},{"type":"🙋","phrase":"क्या आप मुझे अपना हुडी पहनने में मदद कर सकते हैं?"}]},{"slug":"swimming-shorts","title":"तैराकी के शॉर्ट्स","phrases":[{"type":"🧼","phrase":"मेरे तैराकी शॉर्ट्स गंदे हैं।"},{"type":"🙋","phrase":"क्या आप मुझे मेरी तैराकी शॉर्ट्स पहनने में मदद कर सकते हैं?"}]},{"slug":"bow-tie","title":"बो टाई","phrases":[{"type":"❤️","phrase":"मुझे धनुष टाई पहनना पसंद है।"},{"type":"🙋","phrase":"क्या आप मेरी धनुष टाई पहनने में मेरी मदद कर सकते हैं?"}]},{"slug":"leather-jacket","title":"चमड़े का जैकेट","phrases":[{"type":"❤️","phrase":"मुझे लेदर जैकेट पहनना पसंद है।"},{"type":"🙋","phrase":"क्या आप मुझे अपनी चमड़े की जैकेट पहनने में मदद कर सकते हैं?"}]},{"slug":"bathrobe","title":"Bathrope","phrases":[{"type":"❤️","phrase":"मुझे बाथरोब पहनना पसंद है।"},{"type":"🙋","phrase":"क्या आप मुझे मेरे स्नान वस्त्र पहनने में मदद कर सकते हैं?"}]},{"slug":"jumpsuit","title":"जम्पसुट","phrases":[{"type":"❤️","phrase":"मुझे जंपसूट पहनना पसंद है।"},{"type":"🙋","phrase":"क्या आप मुझे मेरा जंपसूट पहनने में मदद कर सकते हैं?"}]},{"slug":"fedora-hat","title":"फेडोरा टोपी","phrases":[{"type":"❤️","phrase":"मुझे फेडोरा टोपी पहनना पसंद है।"},{"type":"🙋","phrase":"क्या आप मुझे अपनी फेडोरा टोपी पहनने में मदद कर सकते हैं?"}]},{"slug":"t-shirt","title":"टीशर्ट","phrases":[{"type":"❤️","phrase":"मुझे टीशर्ट पहनना पसंद है।"},{"type":"🙋","phrase":"क्या आप मुझे मेरी टी-शर्ट पहनने में मदद कर सकते हैं?"}]},{"slug":"sleeveless","title":"बिना आस्तीन का","phrases":[{"type":"❤️","phrase":"मुझे स्लीवलेस पहनना पसंद है।"},{"type":"🙋","phrase":"क्या आप मेरी स्लीवलेस पहनने में मेरी मदद कर सकते हैं?"}]},{"slug":"boxers","title":"मुक्केबाजों","phrases":[{"type":"❤️","phrase":"मुझे मुक्केबाज पहनना पसंद है।"},{"type":"🙋","phrase":"क्या आप मुझे मेरे मुक्केबाज पहनने में मदद कर सकते हैं?"}]},{"slug":"vest","title":"बनियान","phrases":[{"type":"❤️","phrase":"मुझे बनियान पहनना पसंद है।"},{"type":"🙋","phrase":"क्या आप मुझे मेरी बनियान पहनने में मदद कर सकते हैं?"}]},{"slug":"pamela-hat","title":"पामेला टोपी","phrases":[{"type":"❤️","phrase":"मुझे पामेला टोपी पहनना पसंद है।"},{"type":"🙋","phrase":"क्या आप मेरी पमेला टोपी पहनने में मेरी मदद कर सकते हैं?"}]},{"slug":"high-heels","title":"ऊँची एड़ी के जूते","phrases":[{"type":"❤️","phrase":"मुझे हाई हील्स पहनना पसंद है।"},{"type":"🙋","phrase":"क्या आप मुझे अपनी ऊँची एड़ी के जूते पहनने में मदद कर सकते हैं?"}]},{"slug":"overalls","title":"चौग़ा","phrases":[{"type":"❤️","phrase":"मुझे चौग़ा पहनना पसंद है।"},{"type":"🙋","phrase":"क्या आप मुझे अपने चौग़ा पहनने में मदद कर सकते हैं?"}]},{"slug":"kimono","title":"कीमोनो","phrases":[{"type":"❤️","phrase":"मुझे किमोनो पहनना पसंद है।"},{"type":"🙋","phrase":"क्या आप मुझे मेरी किमोनो पहनने में मदद कर सकते हैं?"}]},{"slug":"raincoat","title":"रेनकोट","phrases":[{"type":"❤️","phrase":"मुझे रेनकोट पहनना पसंद है।"},{"type":"🙋","phrase":"क्या आप मुझे अपना रेनकोट पहनने में मदद कर सकते हैं?"}]},{"slug":"bandana","title":"बान्दाना","phrases":[{"type":"❤️","phrase":"मुझे बंदना पहनना पसंद है।"},{"type":"🙋","phrase":"क्या आप मुझे अपना बाना पहनने में मदद कर सकते हैं?"}]},{"slug":"beret","title":"बेरेत","phrases":[{"type":"❤️","phrase":"मुझे बर्थ पहनना पसंद है।"},{"type":"🙋","phrase":"क्या आप मुझे मेरी बर्थ पहनने में मदद कर सकते हैं?"}]},{"slug":"knit-hat","title":"टोपी बुनो","phrases":[{"type":"❤️","phrase":"मुझे नाइट हैट पहनना पसंद है।"},{"type":"🙋","phrase":"क्या आप मेरी नाइट टोपी पहनने में मेरी मदद कर सकते हैं?"}]},{"slug":"suspenders","title":"ब्रेसिज़","phrases":[{"type":"❤️","phrase":"मुझे सस्पेंडर्स पहनना पसंद है।"},{"type":"🙋","phrase":"क्या आप मुझे मेरे सस्पेंडर्स पहनने में मदद कर सकते हैं?"}]},{"slug":"mitten","title":"एक प्रकार का दस्ताना","phrases":[{"type":"❤️","phrase":"मुझे मटन पहनना पसंद है।"},{"type":"🙋","phrase":"क्या आप मुझे मेरा मटन पहनने में मदद कर सकते हैं?"}]},{"slug":"suit","title":"सूट","phrases":[{"type":"❤️","phrase":"मुझे सूट पहनना पसंद है।"},{"type":"🙋","phrase":"क्या आप मेरा सूट पहनने में मेरी मदद कर सकते हैं?"}]},{"slug":"coat","title":"कोट","phrases":[{"type":"❤️","phrase":"मुझे कोट पहनना पसंद है।"},{"type":"🙋","phrase":"क्या आप मुझे अपना कोट पहनने में मदद कर सकते हैं?"}]},{"slug":"trench-coat","title":"बरसाती","phrases":[{"type":"❤️","phrase":"मुझे ट्रेंच कोट पहनना पसंद है।"},{"type":"🙋","phrase":"क्या आप मुझे अपना ट्रेंच कोट पहनने में मदद कर सकते हैं?"}]}]