[{"slug":"crayons","title":"crayons","phrases":[{"type":"❤️","phrase":"मुझे क्रेयॉन पसंद हैं।"},{"type":"🙋","phrase":"क्या आप मुझे क्रेयॉन दे सकते हैं?"},{"type":"🖍️","phrase":"मैं अपने क्रेयॉन का उपयोग करना चाहता हूं।"}]},{"slug":"red","title":"लाल","phrases":[{"type":"👉","phrase":"यह लाल है।"},{"type":"💜","phrase":"मेरा मनपसंद रंग लाल है।"},{"type":"🙋","phrase":"क्या आप मुझे लाल रंग दे सकते हैं?"}]},{"slug":"blue","title":"नीला","phrases":[{"type":"👉","phrase":"यह नीला है।"},{"type":"💜","phrase":"मेरा पसंदीदा रंग नीला है।"},{"type":"🙋","phrase":"क्या आप मुझे ब्लू पेंट दे सकते हैं?"}]},{"slug":"orange","title":"संतरा","phrases":[{"type":"👉","phrase":"यह नारंगी रंग है।"},{"type":"💜","phrase":"मेरा प्रिय रंग नारंगी है।"},{"type":"🙋","phrase":"क्या आप मुझे नारंगी रंग दे सकते हैं?"}]},{"slug":"green","title":"हरा","phrases":[{"type":"👉","phrase":"यह हरे रंग का है।"},{"type":"💜","phrase":"मेरा पसंदीदा रंग हरा है।"},{"type":"🙋","phrase":"क्या आप मुझे हरा रंग दे सकते हैं?"}]},{"slug":"yellow","title":"पीला","phrases":[{"type":"👉","phrase":"यह पीला है।"},{"type":"💜","phrase":"मेरा पसंदीदा रंग पीला है।"},{"type":"🙋","phrase":"क्या आप मुझे पीला पेंट दे सकते हैं?"}]},{"slug":"purple","title":"बैंगनी","phrases":[{"type":"👉","phrase":"यह बैंगनी है।"},{"type":"💜","phrase":"मेरा पसंदीदा रंग बैंगनी है।"},{"type":"🙋","phrase":"क्या आप मुझे पर्पल पेंट दे सकते हैं?"}]},{"slug":"pink","title":"गुलाबी","phrases":[{"type":"👉","phrase":"यह गुलाबी है।"},{"type":"💜","phrase":"मेरा पसंदीदा रंग गुलाबी है।"},{"type":"🙋","phrase":"क्या आप मुझे गुलाबी रंग दे सकते हैं?"}]},{"slug":"brown","title":"भूरा","phrases":[{"type":"👉","phrase":"ये भूरा हैं।"},{"type":"💜","phrase":"मेरा पसंदीदा रंग भूरा है।"},{"type":"🙋","phrase":"क्या आप मुझे ब्राउन पेंट दे सकते हैं?"}]},{"slug":"black","title":"काली","phrases":[{"type":"👉","phrase":"यह काला है।"},{"type":"💜","phrase":"मेरा पसंदीदा रंग काला है।"},{"type":"🙋","phrase":"क्या आप मुझे काला पेंट दे सकते हैं?"}]},{"slug":"white","title":"सफेद","phrases":[{"type":"👉","phrase":"यह सफेद है।"},{"type":"💜","phrase":"मेरा पसंदीदा रंग सफेद है।"},{"type":"🙋","phrase":"क्या आप मुझे सफेद पेंट दे सकते हैं?"}]},{"slug":"gray","title":"धूसर","phrases":[{"type":"👉","phrase":"यह धूसर होता है।"},{"type":"💜","phrase":"मेरा पसंदीदा रंग ग्रे है।"},{"type":"🙋","phrase":"क्या आप मुझे ग्रे पेंट दे सकते हैं?"}]},{"slug":"transparent","title":"पारदर्शक","phrases":[{"type":"👉","phrase":"यह पारदर्शी है।"},{"type":"👀","phrase":"मैं पारदर्शी रंग के पीछे देख सकता हूं।"},{"type":"🙋","phrase":"क्या आप मुझे मिटाने में मदद कर सकते हैं?"}]},{"slug":"cyan","title":"सियान","phrases":[{"type":"👉","phrase":"यह सियान है।"},{"type":"💜","phrase":"मेरा पसंदीदा रंग सियान है।"},{"type":"🙋","phrase":"क्या आप मुझे सियान पेंट दे सकते हैं?"}]},{"slug":"violet","title":"बैंगनी","phrases":[{"type":"👉","phrase":"यह वायलेट है।"},{"type":"💜","phrase":"मेरा पसंदीदा रंग बैंगनी है।"},{"type":"🙋","phrase":"क्या आप मुझे वायलेट पेंट दे सकते हैं?"}]},{"slug":"turquoise","title":"फ़िरोज़ा","phrases":[{"type":"👉","phrase":"यह फ़िरोज़ा है।"},{"type":"💜","phrase":"मेरा पसंदीदा रंग तुर्कोज़ है।"},{"type":"🙋","phrase":"क्या आप मुझे टरक्वोस पेंट दे सकते हैं?"}]},{"slug":"lime","title":"चूना","phrases":[{"type":"👉","phrase":"यह चूना है।"},{"type":"💜","phrase":"मेरा पसंदीदा रंग चूना है।"},{"type":"🙋","phrase":"क्या आप मुझे चूना पेंट दे सकते हैं?"}]},{"slug":"plum","title":"बेर","phrases":[{"type":"👉","phrase":"यह बेर है।"},{"type":"💜","phrase":"मेरा पसंदीदा रंग बेर है।"},{"type":"🙋","phrase":"क्या आप मुझे बेर पेंट दे सकते हैं?"}]},{"slug":"tan","title":"टैन","phrases":[{"type":"👉","phrase":"यह टैन रंग है।"},{"type":"💜","phrase":"मेरा पसंदीदा रंग तन रंग है।"},{"type":"🙋","phrase":"क्या आप मुझे टैन कलर पेंट दे सकते हैं?"}]},{"slug":"avocado","title":"एवोकाडो","phrases":[{"type":"👉","phrase":"यह एवोकैडो रंग है।"},{"type":"💜","phrase":"मेरा पसंदीदा रंग एवोकैडो रंग है।"},{"type":"🙋","phrase":"क्या आप मुझे एवोकैडो रंग पेंट दे सकते हैं?"}]},{"slug":"barbie-pink","title":"बार्बी गुलाबी","phrases":[{"type":"👉","phrase":"यह बार्बी गुलाबी रंग है।"},{"type":"💜","phrase":"मेरा पसंदीदा रंग बार्बी गुलाबी है।"},{"type":"🙋","phrase":"क्या आप मुझे बार्बी गुलाबी पेंट दे सकते हैं?"}]},{"slug":"blizzard-blue","title":"बर्फानी नीला","phrases":[{"type":"👉","phrase":"यह नीला रंग है।"},{"type":"💜","phrase":"मेरा पसंदीदा रंग नीला रंग है।"},{"type":"🙋","phrase":"क्या आप मुझे ब्लिज़र्ड ब्लू पेंट दे सकते हैं?"}]}]