[{"slug":"coffee","title":"कॉफ़ी","phrases":[{"type":"❤️","phrase":"मुझे कॉफी पीना पसंद है।"},{"type":"🙋","phrase":"मैं कॉफ़ी पीना चाहता हूँ।"}]},{"slug":"water","title":"पानी","phrases":[{"type":"☝️","phrase":"मुझे पानी पीने की जरूरत है।"},{"type":"🙋","phrase":"मैं पानी पीना चाहता हूँ।"}]},{"slug":"juice","title":"रस","phrases":[{"type":"❤️","phrase":"मुझे जूस पीना पसंद है।"},{"type":"🙋","phrase":"मैं जूस पीना चाहता हूं।"}]},{"slug":"tea","title":"चाय","phrases":[{"type":"❤️","phrase":"मुझे चाय पीना पसंद है।"},{"type":"🙋","phrase":"मुझे चाय पीनी है।"}]},{"slug":"grape-juice","title":"अंगूर का रस","phrases":[{"type":"❤️","phrase":"मुझे अंगूर का रस पीना पसंद है।"},{"type":"🙋","phrase":"मैं अंगूर का रस पीना चाहता हूं।"}]},{"slug":"milk","title":"दूध","phrases":[{"type":"❤️","phrase":"मुझे दूध पीना पसंद है।"},{"type":"🙋","phrase":"मुझे दूध पीना हे।"}]},{"slug":"milkshake","title":"मिल्कशेक","phrases":[{"type":"❤️","phrase":"मुझे मिल्कशेक पीना पसंद है।"},{"type":"🙋","phrase":"मैं मिल्कशेक पीना चाहता हूं।"}]},{"slug":"orange-juice","title":"संतरे का रस","phrases":[{"type":"❤️","phrase":"मुझे संतरे का जूस पीना पसंद है।"},{"type":"🙋","phrase":"मैं संतरे का जूस पीना चाहता हूं।"}]},{"slug":"apple-juice","title":"सेब का रस","phrases":[{"type":"❤️","phrase":"मुझे सेब का जूस पीना पसंद है।"},{"type":"🙋","phrase":"मैं सेब का जूस पीना चाहता हूं।"}]},{"slug":"pineapple-juice","title":"अनानास का रस","phrases":[{"type":"❤️","phrase":"मुझे अनानास का रस पीना पसंद है।"},{"type":"🙋","phrase":"मैं अनानास का रस पीना चाहता हूं।"}]},{"slug":"lemonade","title":"नींबु पानी","phrases":[{"type":"❤️","phrase":"मुझे नींबू पानी पीना पसंद है।"},{"type":"🙋","phrase":"मैं नींबू पानी पीना चाहता हूं।"}]},{"slug":"coke","title":"कोक","phrases":[{"type":"❤️","phrase":"मुझे कोक पीना पसंद है।"},{"type":"🙋","phrase":"मैं कोक पीना चाहता हूं।"}]},{"slug":"soda","title":"सोडा","phrases":[{"type":"❤️","phrase":"मुझे सोडा पीना पसंद है।"},{"type":"🙋","phrase":"मैं सोडा पीना चाहता हूं।"}]},{"slug":"frappe","title":"फ्रेपे","phrases":[{"type":"❤️","phrase":"मुझे फ्रैपी पीना पसंद है।"},{"type":"🙋","phrase":"मैं फ्रैपी पीना चाहता हूं।"}]},{"slug":"smoothie","title":"ठग","phrases":[{"type":"❤️","phrase":"मुझे स्मूदी पीना पसंद है।"},{"type":"🙋","phrase":"मैं स्मूदी पीना चाहता हूं।"}]},{"slug":"iced-tea","title":"बर्फीला चाय","phrases":[{"type":"❤️","phrase":"मुझे आइस्ड टी पीना पसंद है।"},{"type":"🙋","phrase":"मैं आइस्ड चाय पीना चाहता हूं।"}]},{"slug":"hot-chocolate","title":"गर्म चॉकलेट","phrases":[{"type":"❤️","phrase":"मुझे हॉट चॉकलेट पीना पसंद है।"},{"type":"🙋","phrase":"मैं हॉट चॉकलेट पीना चाहता हूं।"}]},{"slug":"mineral-water","title":"शुद्ध पानी","phrases":[{"type":"❤️","phrase":"मुझे मिनरल वाटर पीना पसंद है।"},{"type":"🙋","phrase":"मैं मिनरल वाटर पीना चाहता हूं।"}]}]