[{"slug":"cotton-candy","title":"Cotto कैंडी","phrases":[{"type":"❤️","phrase":"मुझे कॉटन कैंडी खाना पसंद है।"}]},{"slug":"magic-hat","title":"जादू की टोपी","phrases":[{"type":"❤️","phrase":"मुझे जादू की टोपी पहनना पसंद है।"}]},{"slug":"ferris-wheel","title":"बड़ा चक्का","phrases":[{"type":"❤️","phrase":"मुझे फेरिस व्हील में सवारी करना पसंद है।"}]},{"slug":"bowling","title":"बॉलिंग","phrases":[{"type":"❤️","phrase":"मुझे गेंदबाजी करना पसंद है।"}]},{"slug":"bumper-car","title":"बम्पर कार","phrases":[{"type":"❤️","phrase":"मुझे बंपर कार में सवारी करना पसंद है।"}]},{"slug":"carousel","title":"हिंडोला","phrases":[{"type":"❤️","phrase":"मुझे हिंडोला में सवारी करना पसंद है।"}]},{"slug":"balloons","title":"गुब्बारे","phrases":[{"type":"❤️","phrase":"मुझे गुब्बारे पसंद हैं।"}]},{"slug":"cups","title":"कप","phrases":[]},{"slug":"unicycle","title":"Unicylce","phrases":[]},{"slug":"circus-tent","title":"सरकस का तंबू","phrases":[]},{"slug":"food-truck","title":"खाद्य ट्रक","phrases":[]},{"slug":"tea-cup-ride","title":"चाय कप की सवारी","phrases":[]},{"slug":"whack-a-mole","title":"व्हैक अ मोल","phrases":[]},{"slug":"food-stall","title":"भोजन स्टाल","phrases":[]},{"slug":"claw-machine","title":"पंजा मशीन","phrases":[]},{"slug":"shooting-target","title":"शूटिंग का लक्ष्य","phrases":[]},{"slug":"teddy-bear","title":"टेडी बियर","phrases":[]},{"slug":"fireworks","title":"पटाखे","phrases":[]},{"slug":"caramelized-apple","title":"कारमेलाइज्ड सेब","phrases":[]},{"slug":"ring","title":"अंगूठी","phrases":[]}]