[{"slug":"happy","title":"खुश","phrases":[{"type":"🖐️","phrase":"में खुश हूँ।"},{"type":"🙋","phrase":"मुझे खुशी महसूस हो रही है।"},{"type":"❓","phrase":"क्या आप खुश महसूस करते हैं?"},{"type":"☝️","phrase":"मैं खुश महसूस करना चाहता हूं।"},{"type":"🎈","phrase":"आप मुझे खुश कर रहे हैं।"}]},{"slug":"sad","title":"उदास","phrases":[{"type":"🖐️","phrase":"मैं दुखी हूँ।"},{"type":"🙋","phrase":"मुझे दुख हो रहा है।"},{"type":"❓","phrase":"क्या आपको दुःख होता है?"},{"type":"☝️","phrase":"मैं दुखी महसूस नहीं करना चाहता।"},{"type":"😠","phrase":"आप मुझे दुखी कर रहे हैं।"}]},{"slug":"exhausted","title":"थक","phrases":[{"type":"🖐️","phrase":"मैं थक गया हूँ।"},{"type":"🙋","phrase":"मैं थका हुआ महसूस कर रहा हूँ।"},{"type":"❓","phrase":"क्या आपको थकावट महसूस होती है?"},{"type":"☝️","phrase":"मैं थकना नहीं चाहता।"}]},{"slug":"relaxed","title":"ढील","phrases":[{"type":"🖐️","phrase":"मैं आराम से हूं।"},{"type":"🙋","phrase":"मैं आराम महसूस करता हूँ।"},{"type":"❓","phrase":"क्या आप आराम महसूस करते हैं?"},{"type":"☝️","phrase":"मैं आराम महसूस करना चाहता हूं।"}]},{"slug":"in-love","title":"प्यार हुआ इकरार हुआ","phrases":[{"type":"🖐️","phrase":"मुझे प्यार हो गया है।"},{"type":"🙋","phrase":"मुझे प्यार हो गया।"},{"type":"❓","phrase":"क्या आप प्यार में हैं?"},{"type":"☝️","phrase":"मैं प्यार में पड़ना चाहता हूँ।"},{"type":"👉","phrase":"क्या तुम मुझे प्यार करती?"}]},{"slug":"stressed","title":"पर बल दिया","phrases":[{"type":"🖐️","phrase":"मैं तनाव में हूं।"},{"type":"🙋","phrase":"मैं अत्यधिक थका हुआ हूँ।"},{"type":"❓","phrase":"क्या आप तनाव महसूस करते हैं?"},{"type":"☝️","phrase":"मैं तनाव महसूस नहीं करना चाहता।"}]},{"slug":"thankful","title":"कृतज्ञ","phrases":[{"type":"🖐️","phrase":"मैं आभारी हूँ।"},{"type":"🙋","phrase":"मैं आभारी महसूस करता हूं।"},{"type":"❓","phrase":"क्या आप आभारी महसूस करते हैं?"},{"type":"☝️","phrase":"मैं आभारी महसूस करना चाहता हूं।"}]},{"slug":"confused","title":"उलझन में","phrases":[{"type":"🖐️","phrase":"मैं उलझन में हूं।"},{"type":"🙋","phrase":"मुझे उलझन मसहूस हो रही है।"},{"type":"❓","phrase":"क्या आप भ्रमित महसूस करते हैं?"},{"type":"☝️","phrase":"तुम मुझे संदेह में डाल रहे हो।"}]},{"slug":"joyful","title":"आनंदपूर्ण","phrases":[{"type":"🖐️","phrase":"मैं हर्षित हूं।"},{"type":"🙋","phrase":"मुझे खुशी महसूस होती है।"},{"type":"❓","phrase":"क्या आप आनंदित महसूस करते हैं?"},{"type":"☝️","phrase":"मैं खुशी महसूस करना चाहता हूं।"}]},{"slug":"angry","title":"गुस्सा","phrases":[{"type":"🖐️","phrase":"मैं नाराज़ हूँ।"},{"type":"🙋","phrase":"मुझे गुस्सा आ रहा है।"},{"type":"❓","phrase":"क्या आपको गुस्सा आता है?"},{"type":"☝️","phrase":"मैं तुम से नाराज हूं।"},{"type":"😠","phrase":"आप मुझे क्रोधित कर रहे हैं।"}]},{"slug":"smart","title":"होशियार","phrases":[{"type":"🖐️","phrase":"मई हुशार हुँ।"},{"type":"🙋","phrase":"मैं स्मार्ट महसूस करता हूं।"},{"type":"❓","phrase":"क्या आप स्मार्ट महसूस करते हैं?"},{"type":"☝️","phrase":"क्या मैं स्मार्ट हूँ?"},{"type":"👉","phrase":"आप होशियार हो!"}]},{"slug":"afraid","title":"डरा हुआ","phrases":[{"type":"🖐️","phrase":"मुझे डर लग रहा है।"},{"type":"🙋","phrase":"मुझे डर लगता है।"},{"type":"❓","phrase":"क्या आपको डर लगता है?"},{"type":"☝️","phrase":"मैं डर महसूस नहीं करना चाहता।"},{"type":"😠","phrase":"आप मुझे डरा रहे हैं।"}]},{"slug":"ashamed","title":"शर्मिंदा","phrases":[{"type":"🖐️","phrase":"मैं शर्मिंदा हूँ।"},{"type":"🙋","phrase":"मैं शर्मिंदा हूँ।"},{"type":"❓","phrase":"क्या आपको शर्म आती है?"},{"type":"☝️","phrase":"मैं शर्मिंदा महसूस नहीं करना चाहता।"}]},{"slug":"shocked","title":"हैरान","phrases":[{"type":"🖐️","phrase":"मैं हैरान हूँ।"},{"type":"🙋","phrase":"मुझे धक्का लगा।"},{"type":"❓","phrase":"क्या आपको धक्का लगा है?"},{"type":"☝️","phrase":"तुमने मुझे झटका दिया।"}]},{"slug":"sick","title":"बीमार","phrases":[{"type":"🖐️","phrase":"मै बीमार हूँ।"},{"type":"🙋","phrase":"मैं बीमार महसूस कर रहा हूँ।"},{"type":"❓","phrase":"क्या आप बीमार हो?"},{"type":"☝️","phrase":"मैं बीमार नहीं होना चाहता।"},{"type":"🤢","phrase":"मैं भोजन से बीमार हूँ।"}]},{"slug":"frustrated","title":"हताश होकर","phrases":[{"type":"🖐️","phrase":"मैं निराश हूँ।"},{"type":"🙋","phrase":"मैं ऊबाउ अनुभव किया।"},{"type":"❓","phrase":"क्या आप निराश महसूस करते हैं?"},{"type":"☝️","phrase":"मैं निराश महसूस नहीं करना चाहता।"}]},{"slug":"excited","title":"उत्साहित","phrases":[{"type":"🖐️","phrase":"में उत्साहित हु।"},{"type":"🙋","phrase":"मैं उत्साहित महसूस।"},{"type":"❓","phrase":"क्या आप उत्साहित महसूस करते हैं?"},{"type":"☝️","phrase":"मैं उत्साहित महसूस नहीं करना चाहता।"}]},{"slug":"nauseated","title":"मिचली","phrases":[{"type":"🖐️","phrase":"मुझे मतली हो रही है।"},{"type":"🙋","phrase":"मुझे मतली महसूस होती है।"},{"type":"❓","phrase":"क्या आप मतली महसूस करते हैं?"},{"type":"☝️","phrase":"मैं मतली महसूस नहीं करना चाहता।"}]},{"slug":"agitated","title":"उत्तेजित","phrases":[{"type":"🖐️","phrase":"मैं आंदोलित हूं।"},{"type":"🙋","phrase":"मैं उत्तेजित महसूस करता हूं।"},{"type":"❓","phrase":"क्या आप उत्तेजित महसूस करते हैं?"},{"type":"☝️","phrase":"मैं उत्तेजित महसूस नहीं करना चाहता।"}]}]