[{"slug":"hungry","title":"भूखे पेट","phrases":[{"type":"‼️","phrase":"मुझे भूख लगी है।"},{"type":"❓","phrase":"क्या आप भूखे हैं?"},{"type":"🙋","phrase":"क्या आप मुझे खाना बना सकते हैं?"},{"type":"🍳","phrase":"रात के खाने में क्या है?"}]},{"slug":"thirsty","title":"प्यासे","phrases":[{"type":"‼️","phrase":"मैं प्यासा हूँ।"},{"type":"🌊","phrase":"क्या मुझे पानी मिल सकता है?"},{"type":"🥛","phrase":"क्या मुझे एक गिलास पानी मिल सकता है?"},{"type":"🙋","phrase":"मुझे पीने के लिए कुछ चाहिए।"}]},{"slug":"cutlery","title":"कटलरी","phrases":[{"type":"🙋","phrase":"मुझे कटलरी चाहिए।"},{"type":"🍽️","phrase":"कटलरी का उपयोग करने में मेरी मदद करें।"},{"type":"🍴","phrase":"मुझे कांटा चाहिए।"},{"type":"🥄","phrase":"मुझे एक चम्मच चाहिए।"},{"type":"🥢","phrase":"मुझे चॉपस्टिक की जरूरत है।"},{"type":"🔪","phrase":"मुझे चाकू चाहिए।"},{"type":"🧻","phrase":"मुझे एक रुमाल चाहिए।"}]},{"slug":"apple","title":"सेब","phrases":[{"type":"❤️","phrase":"मुझे सेब पसंद है।"},{"type":"❌","phrase":"मुझे सेब पसंद नहीं है।"},{"type":"🙋","phrase":"मैं एक सेब खाना चाहता हूं।"}]},{"slug":"carrot","title":"गाजर","phrases":[{"type":"❤️","phrase":"मुझे गाजर पसंद है।"},{"type":"❌","phrase":"मुझे गाजर पसंद नहीं है।"},{"type":"🙋","phrase":"मैं एक गाजर खाना चाहता हूं।"}]},{"slug":"beans","title":"फलियां","phrases":[{"type":"❤️","phrase":"मुझे फलियाँ पसंद हैं।"},{"type":"❌","phrase":"मुझे फलियाँ पसंद नहीं हैं।"},{"type":"🙋","phrase":"मैं बीन्स खाना चाहता हूं।"}]},{"slug":"chicken","title":"मुर्गी","phrases":[{"type":"❤️","phrase":"मुझे मुर्गे का मांस पसंद है।"},{"type":"❌","phrase":"मुझे चिकन पसंद नहीं है।"},{"type":"🙋","phrase":"मुझे चिकन खाना है।"},{"type":"🍗","phrase":"मुझे तला हुआ चिकन चाहिए।"},{"type":"🐣","phrase":"मुझे उबला हुआ चिकन चाहिए।"}]},{"slug":"chocolate","title":"चॉकलेट","phrases":[{"type":"❤️","phrase":"मुझे चॉकलेट पसंद है।"},{"type":"❌","phrase":"मुझे चॉकलेट पसंद नहीं है।"},{"type":"🙋","phrase":"मैं चॉकलेट खाना चाहता हूं।"},{"type":"⚫","phrase":"मुझे डार्क चॉकलेट चाहिए।"},{"type":"⚪","phrase":"मुझे व्हाइट चॉकलेट चाहिए।"}]},{"slug":"milk","title":"दूध","phrases":[{"type":"❤️","phrase":"मुझे दूध पसंद है।"},{"type":"❌","phrase":"मुझे दूध पसंद नहीं है।"},{"type":"🙋","phrase":"मुझे दूध पीना हे।"},{"type":"🍳","phrase":"क्या मुझे एक गिलास दूध मिल सकता है?"}]},{"slug":"sandwich","title":"सैंडविच","phrases":[{"type":"❤️","phrase":"मुझे सैंडविच पसंद है।"},{"type":"❌","phrase":"मुझे सैंडविच पसंद नहीं है।"},{"type":"🙋","phrase":"मैं एक सैंडविच खाना चाहता हूं।"},{"type":"🍳","phrase":"क्या आप मुझे सैंडविच बना सकते हैं?"}]},{"slug":"steak","title":"स्टेक","phrases":[{"type":"❤️","phrase":"मुझे स्टेक पसंद है।"},{"type":"❌","phrase":"मुझे स्टेक पसंद नहीं है।"},{"type":"🙋","phrase":"मैं स्टेक खाना चाहता हूं।"},{"type":"🍳","phrase":"क्या आप मेरे लिए स्टेक बना सकते हैं?"}]},{"slug":"banana","title":"केला","phrases":[{"type":"❤️","phrase":"मुझे केला पसंद है।"},{"type":"❌","phrase":"मुझे केला पसंद नहीं है।"},{"type":"🙋","phrase":"मैं एक केला खाना चाहता हूं।"}]},{"slug":"pie","title":"पाई","phrases":[{"type":"❤️","phrase":"मुझे पाई पसंद है।"},{"type":"❌","phrase":"मुझे पाई पसंद नहीं है।"},{"type":"🙋","phrase":"मैं पाई खाना चाहता हूं।"},{"type":"🍳","phrase":"क्या आप मेरे लिए एक पाई बेक कर सकते हैं?"}]},{"slug":"egg","title":"अंडा","phrases":[{"type":"❤️","phrase":"मुझे अंडा पसंद है।"},{"type":"❌","phrase":"मुझे अंडा पसंद नहीं है।"},{"type":"🙋","phrase":"मैं अंडा खाना चाहता हूं।"},{"type":"🍳","phrase":"मुझे तले हुए अंडे चाहिए।"},{"type":"🥚","phrase":"मुझे उबले हुए अंडे चाहिए।"}]},{"slug":"noodles","title":"नूडल्स","phrases":[{"type":"❤️","phrase":"मुझे नूडल्स पसंद हैं।"},{"type":"❌","phrase":"मुझे नूडल्स पसंद नहीं है।"},{"type":"🙋","phrase":"मैं नूडल्स खाना चाहता हूं।"},{"type":"🍳","phrase":"क्या आप मेरे लिए नूडल्स बना सकते हैं?"}]},{"slug":"salt","title":"नमक","phrases":[{"type":"🙋","phrase":"मुझे नमक चाहिए।"},{"type":"❓","phrase":"क्या आप मुझे नमक दे सकते हैं?"},{"type":"🧂","phrase":"खाना बहुत नमकीन है।"},{"type":"🧂","phrase":"मेरे भोजन में कुछ नमक की जरूरत है।"}]},{"slug":"spices","title":"मसाले","phrases":[{"type":"❤️","phrase":"मुझे मसालेदार खाना अच्छा लगता है।"},{"type":"❌","phrase":"मुझे मसालेदार खाना पसंद नहीं है।"},{"type":"🙋","phrase":"मुझे पप्रिका चाहिए।"},{"type":"⚫","phrase":"मुझे काली मिर्च चाहिए।"}]},{"slug":"pizza","title":"पिज़्ज़ा","phrases":[{"type":"❤️","phrase":"मैं पिज्जा पसंद करता हूँ।"},{"type":"❌","phrase":"मुझे पिज्जा पसंद नहीं है।"},{"type":"🙋","phrase":"मैं पिज़्जा खाना चाहता हूँ।"},{"type":"🍳","phrase":"क्या आप मेरे लिए पिज़्ज़ा बना सकते हैं?"},{"type":"☝️","phrase":"क्या हम पिज्जा ऑर्डर कर सकते हैं?"}]},{"slug":"cheese","title":"पनीर","phrases":[{"type":"❤️","phrase":"मुझे चीज़ पसंद है।"},{"type":"❌","phrase":"मुझे पनीर पसंद नहीं है।"},{"type":"🙋","phrase":"मैं पनीर खाना चाहता हूं।"}]},{"slug":"fish","title":"मछली","phrases":[{"type":"❤️","phrase":"मुझे मछली पसंद है।"},{"type":"❌","phrase":"मुझे मछली पसंद नहीं है।"},{"type":"🙋","phrase":"मैं मछली खाना चाहता हूं।"},{"type":"🍳","phrase":"क्या आप मेरे लिए मछली पका सकते हैं?"}]},{"slug":"ice-cream","title":"आइसक्रीम","phrases":[{"type":"❤️","phrase":"मुझे आइसक्रीम पसंद है।"},{"type":"❌","phrase":"मुझे आइसक्रीम पसंद नहीं है।"},{"type":"🙋","phrase":"मैं आइसक्रीम खाना चाहता हूं।"},{"type":"☝️","phrase":"क्या आप मेरे लिए आइसक्रीम खरीद सकते हैं?"}]},{"slug":"tea","title":"चाय","phrases":[{"type":"❤️","phrase":"मुझे चाय पसंद है।"},{"type":"❌","phrase":"मुझे चाय पसंद नहीं है।"},{"type":"🙋","phrase":"मुझे चाय पीनी है।"},{"type":"🍳","phrase":"क्या आप मेरे लिए चाय बना सकते हैं?"}]},{"slug":"coffee","title":"कॉफ़ी","phrases":[{"type":"❤️","phrase":"मुझे कॉफी पसंद है।"},{"type":"❌","phrase":"मुझे कॉफी पसंद नहीं है।"},{"type":"🙋","phrase":"मैं कॉफ़ी पीना चाहता हूँ।"},{"type":"🍳","phrase":"क्या आप मेरे लिए कॉफी बना सकते हैं?"}]},{"slug":"tomato","title":"टमाटर","phrases":[{"type":"❤️","phrase":"मुझे टमाटर पसंद है।"},{"type":"❌","phrase":"मुझे टमाटर पसंद नहीं है।"},{"type":"🙋","phrase":"मैं टमाटर खाना चाहता हूं।"}]},{"slug":"cereal","title":"अनाज","phrases":[{"type":"❤️","phrase":"मुझे अनाज पसंद है।"},{"type":"❌","phrase":"मुझे अनाज पसंद नहीं है।"},{"type":"🙋","phrase":"मैं अनाज खाना चाहता हूं।"},{"type":"🍳","phrase":"क्या आप मुझे अनाज बना सकते हैं?"}]},{"slug":"burger","title":"बर्गर","phrases":[{"type":"❤️","phrase":"मुझे बर्गर पसंद है।"},{"type":"❌","phrase":"मुझे बर्गर पसंद नहीं है।"},{"type":"🙋","phrase":"मैं बर्गर खाना चाहता हूं।"},{"type":"🍳","phrase":"क्या आप मेरे लिए बर्गर पका सकते हैं?"},{"type":"☝️","phrase":"क्या हम बर्गर ऑर्डर कर सकते हैं?"}]},{"slug":"french-fries","title":"फ्रेंच फ्राइज","phrases":[{"type":"❤️","phrase":"मुझे फ्रेंच फ्राइज पसंद हैं।"},{"type":"❌","phrase":"मुझे फ्रेंच फ्राइज़ पसंद नहीं है।"},{"type":"🙋","phrase":"मैं फ्रेंच फ्राइज़ खाना चाहता हूं।"},{"type":"🍳","phrase":"क्या आप मेरे लिए फ्रेंच फ्राइज़ पका सकते हैं?"},{"type":"☝️","phrase":"क्या हम फ्रेंच फ्राइज़ ऑर्डर कर सकते हैं?"}]},{"slug":"spinach","title":"पालक","phrases":[{"type":"❤️","phrase":"मुझे पालक पसंद है।"},{"type":"❌","phrase":"मुझे पालक पसंद नहीं है।"},{"type":"🙋","phrase":"मैं पालक खाना चाहता हूं।"}]},{"slug":"rice","title":"चावल","phrases":[{"type":"❤️","phrase":"मुझे चावल पसंद है।"},{"type":"❌","phrase":"मुझे चावल पसंद नहीं है।"},{"type":"🙋","phrase":"मैं चावल खाना चाहता हूँ।"},{"type":"🍳","phrase":"क्या आप मेरे लिए चावल पका सकते हैं?"}]},{"slug":"bread","title":"रोटी","phrases":[{"type":"❤️","phrase":"मुझे रोटी पसंद हैं।"},{"type":"❌","phrase":"मुझे रोटी पसंद नहीं है।"},{"type":"🙋","phrase":"मैं रोटी खाना चाहता हूं।"},{"type":"☝️","phrase":"क्या आप कुछ रोटी खरीद सकते हैं?"}]},{"slug":"pasta","title":"पास्ता","phrases":[{"type":"❤️","phrase":"मुझे पास्ता पसंद है।"},{"type":"❌","phrase":"मुझे पास्ता पसंद नहीं है।"},{"type":"🙋","phrase":"मैं पास्ता खाना चाहता हूं।"},{"type":"🍳","phrase":"क्या आप मेरे लिए पास्ता बना सकते हैं?"}]},{"slug":"sauce","title":"चटनी","phrases":[{"type":"❤️","phrase":"मुझे सॉस पसंद है।"},{"type":"❌","phrase":"मुझे सॉस पसंद नहीं है।"},{"type":"🙋","phrase":"मुझे कुछ सॉस चाहिए।"},{"type":"🔴","phrase":"क्या मुझे केचअप मिल सकता है?"},{"type":"⚪","phrase":"क्या मेरे पास मेयोनेज़ हो सकता है?"},{"type":"🟡","phrase":"क्या मेरे पास सरसों हो सकती है?"},{"type":"🚜","phrase":"क्या मुझे रंच सॉस मिल सकती है?"}]},{"slug":"kebab","title":"कबाब","phrases":[{"type":"❤️","phrase":"मुझे कबाब पसंद है।"},{"type":"❌","phrase":"मुझे कबाब पसंद नहीं है।"},{"type":"🙋","phrase":"मैं कबाब खाना चाहता हूं।"},{"type":"🍳","phrase":"क्या आप मेरे लिए कबाब बना सकते हैं?"},{"type":"☝️","phrase":"क्या हम कबाब ऑर्डर कर सकते हैं?"}]}]