[{"slug":"apple","title":"सेब","phrases":[{"type":"❤️","phrase":"मुझे सेब खाना पसंद है।"},{"type":"🙋","phrase":"मैं एक सेब खाना चाहता हूं।"},{"type":"❌","phrase":"मुझे सेब पसंद नहीं है।"}]},{"slug":"watermelon","title":"तरबूज","phrases":[{"type":"❤️","phrase":"मुझे तरबूज खाना पसंद है।"},{"type":"🙋","phrase":"मैं एक तरबूज खाना चाहता हूं।"},{"type":"❌","phrase":"मुझे तरबूज पसंद नहीं है।"}]},{"slug":"orange","title":"संतरा","phrases":[{"type":"❤️","phrase":"मुझे संतरा खाना पसंद है।"},{"type":"🙋","phrase":"मैं एक संतरा खाना चाहता हूं।"},{"type":"❌","phrase":"मुझे नारंगी पसंद नहीं है।"}]},{"slug":"strawberry","title":"स्ट्रॉबेरी","phrases":[{"type":"❤️","phrase":"मुझे स्ट्रॉबेरी खाना पसंद है।"},{"type":"🙋","phrase":"मैं कुछ स्ट्रॉबेरी खाना चाहता हूं।"},{"type":"❌","phrase":"मुझे स्ट्रॉबेरी पसंद नहीं है।"}]},{"slug":"grape","title":"अंगूर","phrases":[{"type":"❤️","phrase":"मुझे अंगूर खाना पसंद है।"},{"type":"🙋","phrase":"मैं कुछ अंगूर खाना चाहता हूं।"},{"type":"❌","phrase":"मुझे अंगूर पसंद नहीं है।"}]},{"slug":"cherry","title":"चेरी","phrases":[{"type":"❤️","phrase":"मुझे चेरी खाना पसंद है।"},{"type":"🙋","phrase":"मैं कुछ चेरी खाना चाहता हूं।"},{"type":"❌","phrase":"मुझे चेरी पसंद नहीं है।"}]},{"slug":"mango","title":"आम","phrases":[{"type":"❤️","phrase":"मुझे आम खाना पसंद है।"},{"type":"🙋","phrase":"मैं एक आम खाना चाहता हूं।"},{"type":"❌","phrase":"मुझे आम पसंद नहीं है।"}]},{"slug":"guava","title":"अमरूद","phrases":[{"type":"❤️","phrase":"मुझे अमरूद खाना पसंद है।"},{"type":"🙋","phrase":"मैं एक अमरूद खाना चाहता हूं।"},{"type":"❌","phrase":"मुझे अमरूद पसंद नहीं है।"}]},{"slug":"banana","title":"केला","phrases":[{"type":"❤️","phrase":"मुझे केला खाना पसंद है।"},{"type":"🙋","phrase":"मैं एक केला खाना चाहता हूं।"},{"type":"❌","phrase":"मुझे केला पसंद नहीं है।"}]},{"slug":"pomegranate","title":"अनार","phrases":[{"type":"❤️","phrase":"मुझे अनार खाना पसंद है।"},{"type":"🙋","phrase":"मैं एक अनार खाना चाहता हूं।"},{"type":"❌","phrase":"मुझे अनार पसंद नहीं है।"}]},{"slug":"raspberry","title":"रसभरी","phrases":[{"type":"❤️","phrase":"मुझे रास्पबेरी खाना पसंद है।"},{"type":"🙋","phrase":"मैं कुछ रसभरी खाना चाहता हूं।"},{"type":"❌","phrase":"मुझे रास्पबेरी पसंद नहीं है।"}]},{"slug":"papaya","title":"पपीता","phrases":[{"type":"❤️","phrase":"मुझे पपीता खाना पसंद है।"},{"type":"🙋","phrase":"मैं एक पपीता खाना चाहता हूं।"},{"type":"❌","phrase":"मुझे पपीता पसंद नहीं है।"}]},{"slug":"kiwi","title":"कीवी","phrases":[{"type":"❤️","phrase":"मुझे कीवी खाना पसंद है।"},{"type":"🙋","phrase":"मैं एक कीवी खाना चाहता हूं।"},{"type":"❌","phrase":"मुझे कीवी पसंद नहीं है।"}]},{"slug":"pineapple","title":"अनानास","phrases":[{"type":"❤️","phrase":"मुझे अनानास खाना पसंद है।"},{"type":"🙋","phrase":"मैं कुछ अनानास खाना चाहता हूं।"},{"type":"❌","phrase":"मुझे अनानास पसंद नहीं है।"}]},{"slug":"lemon","title":"नींबू","phrases":[{"type":"❤️","phrase":"मुझे नींबू खाना पसंद है।"},{"type":"🙋","phrase":"मैं एक नींबू खाना चाहता हूं।"},{"type":"❌","phrase":"मुझे नींबू पसंद नहीं है।"},{"type":"🍋","phrase":"नींबू खट्टा होता है।"}]},{"slug":"apricot","title":"खुबानी","phrases":[{"type":"❤️","phrase":"मुझे खूबानी खाना पसंद है।"},{"type":"🙋","phrase":"मैं खूबानी खाना चाहता हूं।"},{"type":"❌","phrase":"मुझे खुबानी पसंद नहीं है।"}]},{"slug":"dragon-fruit","title":"ड्रैगन फल","phrases":[{"type":"❤️","phrase":"मुझे ड्रैगन फ्रूट खाना पसंद है।"},{"type":"🙋","phrase":"मैं एक ड्रैगन फ्रूट खाना चाहता हूं।"},{"type":"❌","phrase":"मुझे ड्रैगन फल पसंद नहीं है।"}]},{"slug":"peach","title":"आड़ू","phrases":[{"type":"❤️","phrase":"मुझे आड़ू खाना पसंद है।"},{"type":"🙋","phrase":"मैं एक आड़ू खाना चाहता हूं।"},{"type":"❌","phrase":"मुझे आड़ू पसंद नहीं है।"}]},{"slug":"avocado","title":"एवोकाडो","phrases":[{"type":"❤️","phrase":"मुझे एवोकाडो खाना पसंद है।"},{"type":"🙋","phrase":"मैं एक एवोकैडो खाना चाहता हूं।"},{"type":"❌","phrase":"मुझे एवोकैडो पसंद नहीं है।"}]},{"slug":"fig","title":"अंजीर","phrases":[{"type":"❤️","phrase":"मुझे अंजीर खाना पसंद है।"},{"type":"🙋","phrase":"मैं एक अंजीर खाना चाहता हूं।"},{"type":"❌","phrase":"मुझे अंजीर पसंद नहीं है।"}]},{"slug":"lychee","title":"लीची","phrases":[{"type":"❤️","phrase":"मुझे लीची खाना पसंद है।"},{"type":"🙋","phrase":"मैं एक लीची खाना चाहता हूं।"},{"type":"❌","phrase":"मुझे लीची पसंद नहीं है।"}]},{"slug":"passion-fruit","title":"जूनून का फल","phrases":[{"type":"❤️","phrase":"मुझे पैशन फ्रूट खाना पसंद है।"},{"type":"🙋","phrase":"मैं एक पैशन फ्रूट खाना चाहता हूं।"},{"type":"❌","phrase":"मैं जुनून फल पसंद नहीं है।"}]},{"slug":"blueberry","title":"ब्लूबेरी","phrases":[{"type":"❤️","phrase":"मुझे ब्लूबेरी खाना पसंद है।"},{"type":"🙋","phrase":"मैं कुछ ब्लूबेरी खाना चाहता हूं।"},{"type":"❌","phrase":"मुझे ब्लूबेरी पसंद नहीं है।"}]},{"slug":"coconut","title":"नारियल","phrases":[{"type":"❤️","phrase":"मुझे नारियल खाना पसंद है।"},{"type":"🙋","phrase":"मैं कुछ नारियल खाना चाहता हूं।"},{"type":"❌","phrase":"मुझे नारियल पसंद नहीं है।"}]}]