[{"slug":"gardener","title":"माली","phrases":[]},{"slug":"sprout","title":"अंकुर","phrases":[]},{"slug":"hose","title":"नली","phrases":[]},{"slug":"glove","title":"दस्ताना","phrases":[]},{"slug":"flowers","title":"पुष्प","phrases":[]},{"slug":"seeds","title":"बीज","phrases":[]},{"slug":"shovel","title":"बेलचा","phrases":[]},{"slug":"watering","title":"पानी","phrases":[]},{"slug":"scarecrow","title":"बिजूका","phrases":[]},{"slug":"tree","title":"पेड़","phrases":[]},{"slug":"fertilizer","title":"उर्वरक","phrases":[]},{"slug":"pitchfork","title":"सूखी घास इत्यादि की टाल लगाने का नोकदार डंडा","phrases":[]},{"slug":"bucket","title":"बाल्टी","phrases":[]},{"slug":"fence","title":"बाड़","phrases":[]},{"slug":"leaf","title":"पत्ती","phrases":[]},{"slug":"windmill","title":"विंडमिल","phrases":[]},{"slug":"spray","title":"फुहार","phrases":[]},{"slug":"shears","title":"कैंची","phrases":[]},{"slug":"sprinkler","title":"बुझानेवाला","phrases":[]},{"slug":"tractor","title":"ट्रैक्टर","phrases":[]},{"slug":"jam","title":"जाम","phrases":[]},{"slug":"bonsai","title":"बोनसाई","phrases":[]},{"slug":"wheelbarrow","title":"ठेला","phrases":[]},{"slug":"birdhouse","title":"चिड़िया घर","phrases":[]}]