[{"slug":"mixer","title":"मिक्सर","phrases":[{"type":"🙋","phrase":"क्या आप मुझे मिक्सर का उपयोग करने का तरीका दिखा सकते हैं?"},{"type":"🤞","phrase":"मुझे अपने माता-पिता के बिना मिक्सर का उपयोग नहीं करना चाहिए।"}]},{"slug":"apron","title":"तहबंद","phrases":[{"type":"👚","phrase":"मैं खाना बनाते समय एक एप्रन पहनता हूं।"},{"type":"👚","phrase":"मेरी माँ खाना बनाते समय एक एप्रन पहनती हैं।"}]},{"slug":"fryer","title":"फ्रायर","phrases":[{"type":"🙋","phrase":"क्या आप मुझे बता सकते हैं कि एक फ्रायर का उपयोग कैसे करें?"},{"type":"🤞","phrase":"मुझे अपने माता-पिता के बिना फ्रायर का उपयोग नहीं करना चाहिए।"}]},{"slug":"rolling-pin","title":"बेलन","phrases":[{"type":"🙋","phrase":"क्या आप मुझे रोलिंग पिन का उपयोग करने का तरीका दिखा सकते हैं?"},{"type":"💡","phrase":"मैं आटा बाहर रोल करने के लिए रोलिंग पिन का उपयोग करता हूं।"}]},{"slug":"coffee-machine","title":"काफी यन्त्र","phrases":[{"type":"🙋","phrase":"क्या आप मुझे दिखा सकते हैं कि कॉफी मशीन का उपयोग कैसे करें?"},{"type":"🤞","phrase":"मुझे अपने माता-पिता के बिना कॉफी मशीन का उपयोग नहीं करना चाहिए।"}]},{"slug":"fridge","title":"फ्रिज","phrases":[{"type":"🙋","phrase":"क्या आप मुझे बता सकते हैं कि फ्रिज का उपयोग कैसे करें?"},{"type":"💡","phrase":"फ्रिज खाद्य पदार्थों को ठंडा रखता है।"}]},{"slug":"pot","title":"मटका","phrases":[{"type":"🙋","phrase":"क्या आप मुझे बता सकते हैं कि मैं बर्तन का उपयोग कैसे कर सकता हूँ?"},{"type":"🤞","phrase":"मुझे अपने माता-पिता के बिना बर्तन का उपयोग नहीं करना चाहिए।"}]},{"slug":"toaster","title":"टोअस्टर","phrases":[{"type":"🙋","phrase":"क्या आप मुझे बता सकते हैं कि टोस्टर का उपयोग कैसे करें?"},{"type":"🤞","phrase":"मुझे अपने माता-पिता के बिना टोस्टर का उपयोग नहीं करना चाहिए।"}]},{"slug":"cutlery","title":"कटलरी","phrases":[{"type":"🙋","phrase":"क्या आप मुझे दिखा सकते हैं कि कटलरी का उपयोग कैसे करें?"},{"type":"😋","phrase":"मैं कटलरी के साथ खाना सीख रहा हूं।"}]},{"slug":"spatula","title":"रंग","phrases":[{"type":"🙋","phrase":"क्या आप मुझे दिखा सकते हैं कि स्पैटुला का उपयोग कैसे करें?"}]},{"slug":"oven","title":"ओवन","phrases":[{"type":"🙋","phrase":"क्या आप मुझे दिखा सकते हैं कि मैं ओवन का उपयोग कैसे करूँ?"},{"type":"🤞","phrase":"मुझे अपने माता-पिता के बिना ओवन का उपयोग नहीं करना चाहिए।"}]},{"slug":"kitchen-timer","title":"रसोईघर की घड़ी","phrases":[{"type":"🙋","phrase":"क्या आप मुझे दिखा सकते हैं कि रसोई टाइमर का उपयोग कैसे करें?"},{"type":"⏱️","phrase":"किचन टाइमर बीप कर रहा है।"}]},{"slug":"pizza-cutter","title":"पिज़्ज़ा कटर","phrases":[{"type":"🙋","phrase":"क्या आप मुझे बता सकते हैं कि पिज्जा कटर का उपयोग कैसे करें?"},{"type":"🤞","phrase":"मुझे अपने माता-पिता के बिना पिज्जा कटर का उपयोग नहीं करना चाहिए।"}]},{"slug":"grater","title":"पिसाई यंत्र","phrases":[{"type":"🙋","phrase":"क्या आप मुझे दिखा सकते हैं कि कैसे एक grater का उपयोग करें?"},{"type":"🤞","phrase":"मुझे अपने माता-पिता के बिना grater का उपयोग नहीं करना चाहिए।"}]},{"slug":"grill","title":"ग्रिल","phrases":[{"type":"🙋","phrase":"क्या आप मुझे दिखा सकते हैं कि ग्रिल का उपयोग कैसे करें?"},{"type":"🤞","phrase":"मुझे अपने माता-पिता के बिना ग्रिल का उपयोग नहीं करना चाहिए।"}]},{"slug":"recipe-book","title":"व्यंजन पुस्तक","phrases":[{"type":"🙋","phrase":"क्या मैं खाना पकाने का नुस्खा चुन सकती हूं?"},{"type":"🍳","phrase":"क्या हम यह नुस्खा पका सकते हैं?"}]},{"slug":"kitchen-utensils","title":"रसोई के बर्तन","phrases":[{"type":"❤️","phrase":"मुझे रसोई के बर्तनों का उपयोग करना पसंद है।"},{"type":"🤞","phrase":"मुझे अपने माता-पिता के बिना रसोई के बर्तनों का उपयोग नहीं करना चाहिए।"}]},{"slug":"stove","title":"स्टोव","phrases":[{"type":"🙋","phrase":"क्या आप मुझे बता सकते हैं कि स्टोव का उपयोग कैसे करें?"},{"type":"🤞","phrase":"मुझे अपने माता-पिता के बिना चूल्हे का उपयोग नहीं करना चाहिए।"}]},{"slug":"salt-and-pepper","title":"नमक और मिर्च","phrases":[{"type":"🙋","phrase":"क्या आप नमक और काली मिर्च ला सकते हैं?"}]},{"slug":"kitchen-board","title":"रसोई बोर्ड","phrases":[{"type":"🙋","phrase":"क्या मैं रसोई बोर्ड पर लिख सकता हूं?"}]},{"slug":"scale","title":"स्केल","phrases":[{"type":"🙋","phrase":"क्या आप मुझे दिखा सकते हैं कि रसोई के पैमाने का उपयोग कैसे करें?"}]},{"slug":"teapot","title":"चायदानी","phrases":[{"type":"🙋","phrase":"क्या आप मुझे बता सकते हैं कि चायदानी का उपयोग कैसे करें?"},{"type":"🤞","phrase":"मुझे अपने माता-पिता के बिना चायदानी का उपयोग नहीं करना चाहिए।"}]},{"slug":"microwave","title":"माइक्रोवेव","phrases":[{"type":"🙋","phrase":"क्या आप मुझे माइक्रोवेव का उपयोग करने का तरीका दिखा सकते हैं?"},{"type":"🤞","phrase":"मुझे अपने माता-पिता के बिना माइक्रोवेव का उपयोग नहीं करना चाहिए।"}]}]