[{"slug":"hospital-bed","title":"अस्पताल का बिस्तर","phrases":[{"type":"🙋","phrase":"क्या आप मेरे साथ अस्पताल के बिस्तर पर मेरी मदद कर सकते हैं?"}]},{"slug":"weight-loss","title":"वजन घटना","phrases":[{"type":"🏋️","phrase":"मुझे अपने भोजन के सेवन को मध्यम करने की आवश्यकता है।"},{"type":"🏃‍♀️","phrase":"मेरा वजन कम हो रहा है।"},{"type":"🥩","phrase":"मेरा वजन बढ़ रहा है।"}]},{"slug":"exercise","title":"व्यायाम","phrases":[{"type":"🏋️","phrase":"मैं व्यायाम कर रहा हूं।"},{"type":"⏲️","phrase":"मुझे व्यायाम की दिनचर्या है।"}]},{"slug":"medical-history","title":"चिकित्सा का इतिहास","phrases":[{"type":"📂","phrase":"यहाँ मेरा चिकित्सा इतिहास है।"}]},{"slug":"vitamin-c","title":"विटामिन सी","phrases":[{"type":"🍹","phrase":"मुझे विटामिन सी लेने की जरूरत है।"},{"type":"🍊","phrase":"संतरे में विटामिन सी होता है।"}]},{"slug":"thermometer","title":"थर्मामीटर","phrases":[{"type":"🤒","phrase":"क्या आप मेरे बुखार को माप सकते हैं?"},{"type":"🌡️","phrase":"थर्मामीटर कैसे काम करता है?"}]},{"slug":"pills","title":"गोलियां","phrases":[{"type":"💊","phrase":"मुझे अपनी गोलियां लेने की जरूरत है।"},{"type":"👉","phrase":"क्या आपने अपनी गोलियाँ लीं?"}]},{"slug":"medical-mask","title":"मेडिकल मास्क","phrases":[]},{"slug":"dental-care","title":"दाँतों की देखभाल","phrases":[{"type":"🦷","phrase":"मेरे दांत दुःख रहे हैं।"},{"type":"🦷","phrase":"मैं अपने दांत साफ़ कर रहा हूँ।"}]},{"slug":"hearing-exam","title":"श्रवण परीक्षा","phrases":[{"type":"👂","phrase":"मुझे सुनने की समस्या है।"},{"type":"🦻","phrase":"मेरी सुनने की परीक्षा होगी।"}]},{"slug":"hospital","title":"अस्पताल","phrases":[{"type":"🏥","phrase":"मैं अस्पताल जा रहा हूं।"},{"type":"🏥","phrase":"मैं अस्पताल में हूँ।"}]},{"slug":"stethoscope","title":"परिश्रावक","phrases":[{"type":"👨‍⚕️","phrase":"डॉक्टर स्टेथोस्कोप का उपयोग करते हैं।"},{"type":"🩺","phrase":"क्या मेरे पास खिलौना स्टेथोस्कोप हो सकता है?"}]},{"slug":"ambulance","title":"रोगी वाहन","phrases":[{"type":"👀","phrase":"मैंने एक एम्बुलेंस देखी।"},{"type":"👂","phrase":"मुझे एंबुलेंस की आवाज सुनाई दी।"}]},{"slug":"drugstore","title":"दवा की दुकान","phrases":[{"type":"🧾","phrase":"मुझे अपना नुस्खा भरने की जरूरत है।"},{"type":"➡️","phrase":"यहाँ मेरा प्रिस्क्रिप्शन है।"}]},{"slug":"emergency","title":"आपातकालीन","phrases":[{"type":"🚨","phrase":"मुझे स्वास्थ्य आपातकाल है।"},{"type":"🚑","phrase":"मैं आपातकालीन कक्ष में जा रहा हूं।"}]},{"slug":"health-insurance","title":"स्वास्थ्य बीमा","phrases":[{"type":"⚕️","phrase":"मेरे पास स्वास्थ्य बीमा है।"},{"type":"❌","phrase":"मेरे पास स्वास्थ्य बीमा नहीं है।"}]},{"slug":"doctor","title":"चिकित्सक","phrases":[{"type":"❤️","phrase":"मुझे मेरा डॉक्टर पसंद है।"},{"type":"🤩","phrase":"डॉक्टर मेरी मदद कर रहे हैं।"}]},{"slug":"nurse","title":"नर्स","phrases":[{"type":"❤️","phrase":"मुझे अपनी नर्स पसंद है।"},{"type":"🤩","phrase":"नर्स मेरी मदद कर रही है।"}]}]