[{"slug":"one","title":"एक","phrases":[{"type":"➖","phrase":"एक दो से पहले आता है।"},{"type":"➕","phrase":"एक शून्य के बाद आता है।"},{"type":"🙋","phrase":"मुझे एक चाहिए।"}]},{"slug":"two","title":"दो","phrases":[{"type":"➖","phrase":"तीन से पहले दो आते हैं।"},{"type":"➕","phrase":"एक के बाद एक दो आते हैं।"},{"type":"🙋","phrase":"मुझे दो चाहिए।"}]},{"slug":"three","title":"तीन","phrases":[{"type":"➖","phrase":"चार से पहले तीन आते हैं।"},{"type":"➕","phrase":"दो के बाद तीन आता है।"},{"type":"🙋","phrase":"मुझे तीन चाहिए।"}]},{"slug":"four","title":"चार","phrases":[{"type":"➖","phrase":"पाँच से पहले चार आते हैं।"},{"type":"➕","phrase":"तीन के बाद चार आते हैं।"},{"type":"🙋","phrase":"मुझे चार चाहिए।"}]},{"slug":"five","title":"पांच","phrases":[{"type":"➖","phrase":"पाँच छह से पहले आता है।"},{"type":"➕","phrase":"पाँच चार के बाद आता है।"},{"type":"🙋","phrase":"मुझे पाँच चाहिए।"}]},{"slug":"six","title":"छह","phrases":[{"type":"➖","phrase":"सात से पहले छह आता है।"},{"type":"➕","phrase":"पाँच के बाद छह आता है।"},{"type":"🙋","phrase":"मुझे फिक्स चाहिए।"}]},{"slug":"seven","title":"सात","phrases":[{"type":"➖","phrase":"आठ से पहले सात आता है।"},{"type":"➕","phrase":"छह के बाद सात आता है।"},{"type":"🙋","phrase":"मुझे सात चाहिए।"}]},{"slug":"eight","title":"आठ","phrases":[{"type":"➖","phrase":"आठ नौ से पहले आता है।"},{"type":"➕","phrase":"सात के बाद आठ आता है।"},{"type":"🙋","phrase":"मुझे आठ चाहिए।"}]},{"slug":"nine","title":"नौ","phrases":[{"type":"➖","phrase":"दस से पहले नौ आता है।"},{"type":"➕","phrase":"आठ के बाद नौ आते हैं।"},{"type":"🙋","phrase":"मुझे नौ चाहिए।"}]},{"slug":"ten","title":"दस","phrases":[{"type":"➖","phrase":"ग्यारह से पहले दस आता है।"},{"type":"➕","phrase":"नौ के बाद दस आता है।"},{"type":"🙋","phrase":"मुझे दस चाहिए।"}]},{"slug":"eleven","title":"ग्यारह","phrases":[{"type":"➖","phrase":"ग्यारह तेरह से पहले आता है।"},{"type":"➕","phrase":"दस के बाद ग्यारह आता है।"},{"type":"🙋","phrase":"मुझे ग्यारह चाहिए।"}]},{"slug":"twenty","title":"बीस","phrases":[{"type":"🔢","phrase":"मैं बीस तक गिन सकता हूं।"}]},{"slug":"thirty","title":"तीस","phrases":[{"type":"🔢","phrase":"मैं तीस तक गिन सकता हूं।"}]},{"slug":"forty","title":"चालीस","phrases":[{"type":"🔢","phrase":"मैं चालीस तक गिन सकता हूं।"}]},{"slug":"fifty","title":"पचास","phrases":[{"type":"🔢","phrase":"मैं पचास तक गिन सकता हूं।"}]},{"slug":"hundred","title":"सौ","phrases":[{"type":"🔢","phrase":"मैं सौ तक गिन सकता हूं।"}]},{"slug":"thousand","title":"हज़ार","phrases":[{"type":"🔢","phrase":"मैं हजार तक गिन सकता हूं।"}]},{"slug":"calculator","title":"कैलकुलेटर","phrases":[{"type":"🖩","phrase":"मैं एक कैलकुलेटर का उपयोग करना चाहता हूं।"},{"type":"🧮","phrase":"क्या आप मुझे सिखा सकते हैं कि कैलकुलेटर का उपयोग कैसे करें?"},{"type":"🙋","phrase":"मैं अपने कैलकुलेटर बैरो कर सकते हैं?"}]}]