[{"slug":"teacher","title":"अध्यापक","phrases":[{"type":"❓","phrase":"एक शिक्षक क्या करता है?"},{"type":"🙋","phrase":"मुझे एक टीचर बनना है।"}]},{"slug":"police-officer","title":"पुलिस अधिकारी","phrases":[{"type":"❓","phrase":"एक पुलिस अधिकारी क्या करता है?"},{"type":"🙋","phrase":"मैं एक पुलिस अधिकारी बनना चाहता हूं।"}]},{"slug":"writer","title":"लेखक","phrases":[{"type":"❓","phrase":"एक लेखक क्या करता है?"},{"type":"🙋","phrase":"मैं एक लेखक बनना चाहता हूं।"}]},{"slug":"doctor","title":"चिकित्सक","phrases":[{"type":"❓","phrase":"एक डॉक्टर क्या करता है?"},{"type":"🙋","phrase":"मैं एक डॉक्टर बनना चाहता हूँ।"}]},{"slug":"detective","title":"जासूसी","phrases":[{"type":"❓","phrase":"एक जासूस क्या करता है?"},{"type":"🙋","phrase":"मैं जासूस बनना चाहती हूं।"}]},{"slug":"artist","title":"कलाकार","phrases":[{"type":"❓","phrase":"एक कलाकार क्या करता है?"},{"type":"🙋","phrase":"मैं एक कलाकार बनना चाहती हूं।"}]},{"slug":"singer","title":"गायक","phrases":[{"type":"❓","phrase":"एक गायक क्या करता है?"},{"type":"🙋","phrase":"मैं एक गायक बनना चाहता हूं।"}]},{"slug":"astronaut","title":"अंतरिक्ष यात्री","phrases":[{"type":"❓","phrase":"एक अंतरिक्ष यात्री क्या करता है?"},{"type":"🙋","phrase":"मैं एक अंतरिक्ष यात्री बनना चाहता हूं।"}]},{"slug":"sailor","title":"नाविक","phrases":[{"type":"❓","phrase":"एक नाविक क्या करता है?"},{"type":"🙋","phrase":"मैं एक नाविक बनना चाहता हूं।"}]},{"slug":"chef","title":"बावर्ची","phrases":[{"type":"❓","phrase":"एक महाराज क्या करता है?"},{"type":"🙋","phrase":"मैं एक शेफ बनना चाहता हूं।"}]},{"slug":"farmer","title":"किसान","phrases":[{"type":"❓","phrase":"किसान क्या करता है?"},{"type":"🙋","phrase":"मैं किसान बनना चाहता हूं।"}]},{"slug":"construction-worker","title":"निर्माण मजदूर","phrases":[{"type":"❓","phrase":"एक निर्माण श्रमिक क्या करता है?"},{"type":"🙋","phrase":"मैं कंस्ट्रक्शन वर्कर बनना चाहता हूं।"}]},{"slug":"baker","title":"बेकर, नानबाई","phrases":[{"type":"❓","phrase":"एक बेकर क्या करता है?"},{"type":"🙋","phrase":"मैं एक बेकर बनना चाहता हूं।"}]},{"slug":"lifeguard","title":"जीवनरक्षक","phrases":[{"type":"❓","phrase":"लाइफगार्ड क्या करता है?"},{"type":"🙋","phrase":"मैं लाइफगार्ड बनना चाहता हूं।"}]},{"slug":"astronomer","title":"खगोलविद","phrases":[{"type":"❓","phrase":"एक खगोलशास्त्री क्या करता है?"},{"type":"🙋","phrase":"मैं एक खगोलशास्त्री बनना चाहता हूं।"}]},{"slug":"journalist","title":"पत्रकार","phrases":[{"type":"❓","phrase":"एक पत्रकार क्या करता है?"},{"type":"🙋","phrase":"मैं पत्रकार बनना चाहता हूं।"}]},{"slug":"archeologist","title":"पुरातत्त्ववेत्ता","phrases":[{"type":"❓","phrase":"एक पुरातत्वविद् क्या करता है?"},{"type":"🙋","phrase":"मैं एक पुरातत्वविद् बनना चाहता हूं।"}]},{"slug":"musician","title":"संगीतकार","phrases":[{"type":"❓","phrase":"एक संगीतकार क्या करता है?"},{"type":"🙋","phrase":"मैं संगीतकार बनना चाहता हूं।"}]},{"slug":"magician","title":"जादूगर","phrases":[{"type":"❓","phrase":"एक जादूगर क्या करता है?"},{"type":"🙋","phrase":"मैं एक जादूगर बनना चाहता हूं।"}]},{"slug":"soccer-player","title":"फुटबॉल खिलाड़ी","phrases":[{"type":"❓","phrase":"एक फुटबॉल खिलाड़ी क्या करता है?"},{"type":"🙋","phrase":"मैं एक फुटबॉल खिलाड़ी बनना चाहता हूं।"}]},{"slug":"postwoman","title":"Postwoman","phrases":[{"type":"❓","phrase":"एक डाकिया क्या करता है?"},{"type":"🙋","phrase":"मैं पोस्टवुमन बनना चाहती हूं।"}]},{"slug":"firefighter","title":"फायर फाइटर","phrases":[{"type":"❓","phrase":"एक फायर फाइटर क्या करता है?"},{"type":"🙋","phrase":"मैं फायर फाइटर बनना चाहती हूं।"}]},{"slug":"scientist","title":"वैज्ञानिक","phrases":[{"type":"❓","phrase":"एक वैज्ञानिक क्या करता है?"},{"type":"🙋","phrase":"मैं वैज्ञानिक बनना चाहता हूं।"}]},{"slug":"gardener","title":"माली","phrases":[{"type":"❓","phrase":"एक माली क्या करता है?"},{"type":"🙋","phrase":"मैं एक माली बनना चाहता हूं।"}]},{"slug":"butcher","title":"कसाई","phrases":[{"type":"❓","phrase":"कसाई क्या करता है?"},{"type":"🙋","phrase":"मैं कसाई बनना चाहता हूं।"}]},{"slug":"veterinarian","title":"पशुचिकित्सा","phrases":[{"type":"❓","phrase":"पशु चिकित्सक क्या करता है?"},{"type":"🙋","phrase":"मैं पशु चिकित्सक बनना चाहता हूं।"}]},{"slug":"lumber-jack","title":"लंबर जैक","phrases":[{"type":"❓","phrase":"एक लम्बर जैक क्या करता है?"},{"type":"🙋","phrase":"मैं एक लंबर जैक बनना चाहता हूं।"}]},{"slug":"miner","title":"खान में काम करनेवाला","phrases":[{"type":"❓","phrase":"एक खनिक क्या करता है?"},{"type":"🙋","phrase":"मैं खानसामा बनना चाहता हूं।"}]},{"slug":"nun","title":"मठवासिनी","phrases":[{"type":"❓","phrase":"नन क्या करती है?"},{"type":"🙋","phrase":"मैं नन बनना चाहती हूं।"}]},{"slug":"fisher-woman","title":"फिशर महिला","phrases":[{"type":"❓","phrase":"एक फिशर-महिला क्या करती है?"},{"type":"🙋","phrase":"मैं एक फिशर महिला बनना चाहती हूं।"}]},{"slug":"hair-dresser","title":"हेयर ड्रेसर","phrases":[{"type":"❓","phrase":"हेयर-ड्रेसर क्या करता है?"},{"type":"🙋","phrase":"मैं हेयर ड्रेसर बनना चाहती हूं।"}]},{"slug":"mechanic","title":"मैकेनिक","phrases":[{"type":"❓","phrase":"मैकेनिक क्या करता है?"},{"type":"🙋","phrase":"मैं मैकेनिक बनना चाहता हूं।"}]},{"slug":"electrician","title":"बिजली मिस्त्री","phrases":[{"type":"❓","phrase":"एक इलेक्ट्रीशियन क्या करता है?"},{"type":"🙋","phrase":"मैं इलेक्ट्रीशियन बनना चाहता हूं।"}]},{"slug":"swimmer","title":"तैराक","phrases":[{"type":"❓","phrase":"तैराक क्या करता है?"},{"type":"🙋","phrase":"मैं तैराक बनना चाहता हूं।"}]},{"slug":"photographer","title":"फोटोग्राफर","phrases":[{"type":"❓","phrase":"एक फोटोग्राफर क्या करता है?"},{"type":"🙋","phrase":"मैं एक फोटोग्राफर बनना चाहता हूं।"}]},{"slug":"priest","title":"पुजारी","phrases":[{"type":"❓","phrase":"एक पुजारी क्या करता है?"},{"type":"🙋","phrase":"मैं पुजारी बनना चाहता हूं।"}]},{"slug":"soldier","title":"फोजी","phrases":[{"type":"❓","phrase":"एक सैनिक क्या करता है?"},{"type":"🙋","phrase":"मैं एक सैनिक बनना चाहता हूं।"}]},{"slug":"carpenter","title":"बढ़ई","phrases":[{"type":"❓","phrase":"बढ़ई क्या करता है?"},{"type":"🙋","phrase":"मैं बढ़ई बनना चाहता हूं।"}]},{"slug":"plumber","title":"नलसाज","phrases":[{"type":"❓","phrase":"प्लंबर क्या करता है?"},{"type":"🙋","phrase":"मैं एक प्लम्बर बनना चाहता हूं।"}]},{"slug":"wall-painter","title":"दीवार का चित्रकार","phrases":[{"type":"❓","phrase":"एक दीवार चित्रकार क्या करता है?"},{"type":"🙋","phrase":"मैं वॉल पेंटर बनना चाहता हूं।"}]},{"slug":"nurse","title":"नर्स","phrases":[{"type":"❓","phrase":"नर्स क्या करती है?"},{"type":"🙋","phrase":"मैं एक नर्स बनना चाहती हूं।"}]},{"slug":"judge","title":"न्यायाधीश","phrases":[{"type":"❓","phrase":"एक जज क्या करता है?"},{"type":"🙋","phrase":"मैं जज बनना चाहती हूं।"}]},{"slug":"waiter","title":"वेटर","phrases":[{"type":"❓","phrase":"एक वेटर क्या करता है?"},{"type":"🙋","phrase":"मैं वेटर बनना चाहता हूं।"}]},{"slug":"pilot","title":"पायलट","phrases":[{"type":"❓","phrase":"पायलट क्या करता है?"},{"type":"🙋","phrase":"मैं पायलट बनना चाहता हूं।"}]},{"slug":"welder","title":"वेल्डर","phrases":[{"type":"❓","phrase":"वेल्डर क्या करता है?"},{"type":"🙋","phrase":"मैं वेल्डर बनना चाहती हूं।"}]},{"slug":"executive","title":"कार्यपालक","phrases":[{"type":"❓","phrase":"एक कार्यकारी क्या करता है?"},{"type":"🙋","phrase":"मैं एक कार्यकारी बनना चाहता हूं।"}]},{"slug":"hostess","title":"मालकिन","phrases":[{"type":"❓","phrase":"परिचारिका क्या करती है?"},{"type":"🙋","phrase":"मैं एक परिचारिका बनना चाहती हूं।"}]}]