[{"slug":"confetti","title":"कंफ़ेद्दी","phrases":[{"type":"❤️","phrase":"मुझे कंफर्ट पसंद है।"},{"type":"🙋","phrase":"क्या मैं कंफ़ेद्दी को पॉप कर सकता हूँ?"}]},{"slug":"party-blower","title":"पार्टी धौंकनी","phrases":[{"type":"❤️","phrase":"मुझे पार्टी ब्लोअर पसंद हैं।"},{"type":"🔊","phrase":"क्या मेरी पार्टी धौंकनी शोर है?"}]},{"slug":"gift","title":"उपहार","phrases":[{"type":"❤️","phrase":"मुझे उपहार पसंद हैं।"},{"type":"🎁","phrase":"उपहार के रूप में मुझे क्या मिला?"}]},{"slug":"candle","title":"मोमबत्ती","phrases":[{"type":"❤️","phrase":"मुझे पार्टी मोमबत्तियाँ पसंद हैं।"},{"type":"🕯️","phrase":"क्या मैं मोमबत्तियों को उड़ा सकता हूं?"},{"type":"🎂","phrase":"कैंडल कितने हैं?"}]},{"slug":"party-hat","title":"पार्टी टोपी","phrases":[{"type":"❤️","phrase":"मुझे पार्टी हैट पहनना पसंद है।"},{"type":"👚","phrase":"मैं पार्टी के दौरान पार्टी की टोपी पहनूंगा।"}]},{"slug":"balloons","title":"गुब्बारे","phrases":[{"type":"❤️","phrase":"मुझे गुब्बारे पसंद हैं।"},{"type":"🎈","phrase":"क्या मैं गुब्बारे पॉप कर सकता हूं?"}]},{"slug":"garlands","title":"माला","phrases":[{"type":"❤️","phrase":"मुझे माला पसंद है।"},{"type":"🙋","phrase":"मैं अपनी पार्टी को माला पहनाना चाहता हूं।"},{"type":"🙋","phrase":"क्या आप इन मालाओं को मेरी बांह में रख सकते हैं?"}]},{"slug":"cake","title":"केक","phrases":[{"type":"❤️","phrase":"मुझे केक खाना पसंद है।"},{"type":"🙋","phrase":"क्या मुझे केक का टुकड़ा मिल सकता है?"}]},{"slug":"ice-cream","title":"आइसक्रीम","phrases":[{"type":"❤️","phrase":"मुझे आइसक्रीम खाना पसंद है।"},{"type":"🍭","phrase":"आपका पसंदीदा स्वाद क्या है?"}]},{"slug":"microphone","title":"माइक्रोफ़ोन","phrases":[{"type":"❤️","phrase":"मुझे कराओके खेलना पसंद है।"},{"type":"❤️","phrase":"मुझे गाना पसंद है।"}]},{"slug":"music","title":"संगीत","phrases":[{"type":"❤️","phrase":"मुझे संगीत बजाना पसंद है।"},{"type":"🎶","phrase":"तुम्हे किस प्रकार का संगीत पसंद है?"}]},{"slug":"magician","title":"जादूगर","phrases":[{"type":"❤️","phrase":"मुझे जादूगर पसंद हैं।"},{"type":"✨","phrase":"मैं एक जादूगर बनना चाहता हूं।"},{"type":"🙋","phrase":"क्या आप मुझे कुछ जादू के गुर सिखा सकते हैं?"}]},{"slug":"taking-photos","title":"फोटो लेना","phrases":[{"type":"❤️","phrase":"मुझे फोटो लेना पसंद है।"},{"type":"🙋","phrase":"क्या मैं आपके फोन का उपयोग करके तस्वीरें ले सकता हूं?"}]},{"slug":"invitation","title":"निमंत्रण","phrases":[{"type":"📧","phrase":"मुझे निमंत्रण मिला।"},{"type":"📨","phrase":"क्या मैं अपने दोस्तों को पार्टी में आमंत्रित कर सकता हूं?"},{"type":"📨","phrase":"क्या मैं अपने जन्मदिन की पार्टी में अपने दोस्तों को आमंत्रित कर सकता हूं?"},{"type":"📨","phrase":"क्या हम अपने दोस्तों को अपनी बहन की पार्टी में आमंत्रित कर सकते हैं?"},{"type":"📨","phrase":"क्या हम अपने दोस्तों को अपने भाई की पार्टी में आमंत्रित कर सकते हैं?"}]},{"slug":"candy","title":"कैंडी","phrases":[{"type":"❤️","phrase":"मुझे कैंडी पसंद है।"},{"type":"🙋","phrase":"क्या मैं कुछ कैंडी खा सकता हूं?"}]},{"slug":"popsicle","title":"Popsicle","phrases":[{"type":"❤️","phrase":"मुझे पॉप्सिकल पसंद है।"},{"type":"🙋","phrase":"क्या मैं कुछ पॉप्सिकल खा सकता हूँ?"},{"type":"🙋","phrase":"क्या हम कुछ पॉप्सिकल्स बना सकते हैं?"},{"type":"🙋","phrase":"क्या आप पॉप्सिकल खाना चाहते हैं?"}]},{"slug":"cupcake","title":"Cupcake","phrases":[{"type":"❤️","phrase":"मुझे कपकेक पसंद है।"},{"type":"🙋","phrase":"क्या मैं एक कप केक खा सकता हूं?"}]},{"slug":"costume","title":"पोशाक","phrases":[{"type":"❤️","phrase":"मुझे पोशाक पहनना पसंद है।"},{"type":"🦸","phrase":"क्या मैं स्पाइडर-मैन पोशाक पहन सकता हूं?"},{"type":"🦸‍♂️","phrase":"क्या मैं एक बैटमैन पोशाक पहन सकता हूं?"},{"type":"🦸‍♀️","phrase":"क्या मैं एक अद्भुत महिला पोशाक पहन सकती हूं?"}]},{"slug":"party-glasses","title":"पार्टी चश्मा","phrases":[{"type":"❤️","phrase":"मुझे पार्टी चश्मा पसंद है।"},{"type":"🙋","phrase":"क्या मैं एक पार्टी चश्मा पहन सकता हूं?"}]},{"slug":"spotlights","title":"स्पॉटलाइट","phrases":[{"type":"❤️","phrase":"मुझे स्पॉटलाइट पसंद हैं।"},{"type":"❌","phrase":"मुझे स्पॉटलाइट पसंद नहीं है।"}]},{"slug":"marshmallow","title":"marshmallow","phrases":[{"type":"❤️","phrase":"मुझे मार्शमैलो पसंद है।"},{"type":"🔥","phrase":"मैं कैंप फायर में मार्शमैलो पका रहा हूं।"},{"type":"🙋","phrase":"मैं मार्शमॉलो खाना चाहता हूं।"}]},{"slug":"guacamole","title":"गुआकामोल","phrases":[{"type":"❤️","phrase":"मुझे गुआमकोले पसंद है।"},{"type":"🙋","phrase":"क्या मैं कुछ गुआमकोले खा सकता हूँ?"},{"type":"❌","phrase":"मुझे गोकामोल खाना पसंद नहीं है।"}]},{"slug":"hotdog","title":"हॉट - डॉग","phrases":[{"type":"❤️","phrase":"मुझे हॉटडॉग पसंद है।"},{"type":"🙋","phrase":"क्या मुझे हॉटडॉग मिल सकता है?"},{"type":"❌","phrase":"मुझे हॉटडॉग खाना पसंद नहीं है।"},{"type":"🙋","phrase":"क्या मैं कुछ हॉटडॉग खा सकता हूं?"}]},{"slug":"bouncy-castle","title":"उछालदार झूला","phrases":[{"type":"❤️","phrase":"मुझे उछालभरी महल पसंद है।"},{"type":"🙋","phrase":"मैं उछालभरी महल में खेलना चाहता हूं।"},{"type":"🙋","phrase":"चलो उछालभरी महल में खेलते हैं।"}]},{"slug":"clown","title":"विदूषक","phrases":[{"type":"❤️","phrase":"मुझे जोकर पसंद हैं।"},{"type":"❌","phrase":"मुझे जोकर पसंद नहीं है।"},{"type":"🙋","phrase":"मैं एक विदूषक बनना चाहता हूं।"}]},{"slug":"magic-hat","title":"जादू की टोपी","phrases":[{"type":"❤️","phrase":"मुझे जादू की टोपी पसंद है।"},{"type":"🧙‍♂️","phrase":"मैं एक जादूगर हूं!"},{"type":"🙋","phrase":"मुझे जादू पसंद है।"}]},{"slug":"dart-board","title":"डार्ट बोर्ड","phrases":[{"type":"❤️","phrase":"मुझे डार्ट खेलना पसंद है।"},{"type":"🎯","phrase":"डार्ट खेलना खतरनाक हो सकता है।"}]}]