[{"slug":"mother","title":"मां","phrases":[{"type":"⁉️","phrase":"माँ!"},{"type":"💘","phrase":"मैं अपनी माँ से प्यार करता हूँ।"},{"type":"❤️","phrase":"मैं आपसे प्यार करता हूं मां।"},{"type":"☹️","phrase":"मुझे अपनी माँ की याद आती है।"},{"type":"🙏🏼","phrase":"मेरा ध्यान रखने के लिए धन्यवाद।"},{"type":"👉🏼","phrase":"वो मेरी माँ हैं।"},{"type":"❓","phrase":"क्या आप मेरी माँ को खोजने में मेरी मदद कर सकते हैं?"}]},{"slug":"father","title":"पिता","phrases":[{"type":"⁉️","phrase":"पिताजी!"},{"type":"💘","phrase":"मुझे अपने पिता से प्यार है।"},{"type":"❤️","phrase":"मैं आपको प्यार करता हूं डैड।"},{"type":"☹️","phrase":"मैं अपने पिता को याद करता हूं।"},{"type":"🙏🏼","phrase":"मेरा ध्यान रखने के लिए धन्यवाद।"},{"type":"👉🏼","phrase":"वह मेरे पिता हैं।"},{"type":"❓","phrase":"क्या आप मुझे मेरे पिता को खोजने में मदद कर सकते हैं?"}]},{"slug":"parents","title":"माता-पिता","phrases":[{"type":"💑","phrase":"मैं अपने माता पिता से प्यार करता हूँ।"},{"type":"💘","phrase":"मैं अपने माता पिता से प्यार करता हूँ।"},{"type":"☹️","phrase":"मुझे अपने माता - पिता की याद आती है।"},{"type":"👉🏼","phrase":"वे मेरे माता - पिता हैं।"},{"type":"👨‍👩‍👧","phrase":"मेरे माता-पिता मेरी देखभाल कर रहे हैं।"},{"type":"❓","phrase":"क्या आप मेरे माता-पिता को खोजने में मेरी मदद कर सकते हैं?"}]},{"slug":"grandparents","title":"दादा दादी","phrases":[{"type":"💑","phrase":"मुझे अपने दादा-दादी से प्यार है।"},{"type":"💘","phrase":"आई लव यू दादा दादी।"},{"type":"☹️","phrase":"मुझे अपने दादा-दादी की याद आती है।"},{"type":"👉🏼","phrase":"वे मेरे दादा - दादी हैं।"},{"type":"👨‍👩‍👧","phrase":"मेरे दादा-दादी मेरी देखभाल कर रहे हैं।"},{"type":"❓","phrase":"क्या आप मुझे मेरे दादा-दादी को खोजने में मदद कर सकते हैं?"}]},{"slug":"brother","title":"भाई","phrases":[{"type":"💑","phrase":"मैं अपने भाई से प्यार करती हू।"},{"type":"💘","phrase":"भाई मैं आपको प्यार करता हूँ।"},{"type":"☹️","phrase":"मुझे अपने भाई की याद आती है।"},{"type":"👉🏼","phrase":"वह मेरा भाई है।"},{"type":"🙎‍♂️","phrase":"मेरा भाई मेरा ख्याल रख रहा है।"},{"type":"❓","phrase":"क्या आप मेरे भाई को खोजने में मेरी मदद कर सकते हैं?"}]},{"slug":"sister","title":"बहन","phrases":[{"type":"💑","phrase":"मैं अपनी बहन से प्यार करता हूं।"},{"type":"💘","phrase":"मैं तुम्हारी बहन से प्यार से प्यार करता हूं।"},{"type":"☹️","phrase":"मैं अपनी बहन को याद करता हूँ।"},{"type":"👉🏼","phrase":"वह मेरी बहन है।"},{"type":"🙍‍♀️","phrase":"मेरी बहन मेरा ख्याल रख रही है।"},{"type":"❓","phrase":"क्या आप मेरी बहन को खोजने में मेरी मदद कर सकते हैं?"}]},{"slug":"uncle","title":"चाचा","phrases":[{"type":"💑","phrase":"मुझे अपने चाचा से प्यार है।"},{"type":"💘","phrase":"आई लव यू अंकल।"},{"type":"☹️","phrase":"मुझे अपने चाचा की याद आती है।"},{"type":"👉🏼","phrase":"वह मेरे चाचा हैं।"},{"type":"❓","phrase":"क्या आप मुझे मेरे चाचा को खोजने में मदद कर सकते हैं?"}]},{"slug":"aunt","title":"चाची","phrases":[{"type":"💑","phrase":"मुझे अपनी चाची से प्यार है।"},{"type":"💘","phrase":"आई लव यू आंटी"},{"type":"☹️","phrase":"मुझे अपनी चाची की याद आती है।"},{"type":"👉🏼","phrase":"वह मेरी आंटी है।"},{"type":"❓","phrase":"क्या आप मेरी चाची को खोजने में मेरी मदद कर सकते हैं?"}]},{"slug":"teacher","title":"अध्यापक","phrases":[{"type":"💑","phrase":"मुझे मेरे शिक्षक से प्यार है।"},{"type":"💘","phrase":"मुझे तुमसे प्यार है टीचर।"},{"type":"💔","phrase":"मुझे अपने शिक्षक पसंद नहीं हैं।"},{"type":"☹️","phrase":"मुझे अपने शिक्षक की याद आती है।"},{"type":"🙏🏼","phrase":"पाठ के लिए धन्यवाद।"}]},{"slug":"therapist","title":"चिकित्सक","phrases":[{"type":"💑","phrase":"मुझे अपने चिकित्सक से प्यार है।"},{"type":"💘","phrase":"आई लव यू थेरेपिस्ट।"},{"type":"💔","phrase":"मुझे अपना चिकित्सक पसंद नहीं है।"},{"type":"☹️","phrase":"मुझे अपने चिकित्सक की याद आती है।"},{"type":"🙏🏼","phrase":"सत्र के लिए धन्यवाद।"}]},{"slug":"doctor","title":"चिकित्सक","phrases":[{"type":"💑","phrase":"मुझे अपने डॉक्टर से प्यार है।"},{"type":"💘","phrase":"आई लव यू डॉक्टर।"},{"type":"💔","phrase":"मुझे मेरा डॉक्टर पसंद नहीं है।"},{"type":"☹️","phrase":"मुझे अपने डॉक्टर की याद आती है।"},{"type":"🙏🏼","phrase":"मुझे ठीक करने के लिए धन्यवाद।"}]},{"slug":"friends","title":"दोस्त","phrases":[{"type":"💑","phrase":"मैं अपने दोस्तों से प्यार करता हूँ।"},{"type":"❓","phrase":"क्या तुम मेरे दोस्त बनोगे?"},{"type":"💔","phrase":"मुझे अपने दोस्त पसंद नहीं हैं।"},{"type":"☹️","phrase":"मुझे अपने दोस्तों की याद आती है।"},{"type":"👉🏼","phrase":"वे मेरे मित्र है।"},{"type":"🙏🏼","phrase":"मेरे साथ खेलने के लिए धन्यवाद।"}]},{"slug":"cousins","title":"चचेरे भाई बहिन","phrases":[{"type":"💑","phrase":"मुझे अपने चचेरे भाई से प्यार है।"},{"type":"❌","phrase":"मेरे चचेरे भाई नहीं हैं।"},{"type":"☹️","phrase":"मुझे अपने चचेरे भाइयों की याद आती है।"},{"type":"👉🏼","phrase":"वे मेरे चचेरे भाई हैं।"}]},{"slug":"grandmother","title":"दादी मा","phrases":[{"type":"💑","phrase":"मुझे अपनी दादी मां से प्यार है।"},{"type":"💘","phrase":"दादी मुझे आप से प्यार है।"},{"type":"☹️","phrase":"मुझे अपनी दादी की याद आती है।"},{"type":"👉🏼","phrase":"वह मेरी दादी हैं।"}]},{"slug":"grandfather","title":"दादा","phrases":[{"type":"💑","phrase":"मुझे अपने दादाजी से प्यार है।"},{"type":"💘","phrase":"दादाजी मै आपसे प्यार करता हूँ।"},{"type":"☹️","phrase":"मुझे अपने दादाजी की याद आती है।"},{"type":"👉🏼","phrase":"वह मेरे दादा हैं।"}]},{"slug":"stepfather","title":"सौतेला बाप","phrases":[{"type":"💑","phrase":"मुझे अपने सौतेले पिता से प्यार है।"},{"type":"👉🏼","phrase":"वह मेरे सौतेले पिता हैं।"},{"type":"☹️","phrase":"मुझे अपने सौतेले पिता की याद आती है।"},{"type":"👉🏼","phrase":"वह मेरे सौतेले पिता हैं।"}]},{"slug":"stepmother","title":"सौतेली माँ","phrases":[{"type":"💑","phrase":"मुझे अपनी सौतेली माँ से प्यार है।"},{"type":"👉🏼","phrase":"वह मेरी सौतेली माँ है।"},{"type":"☹️","phrase":"मुझे अपनी सौतेली माँ की याद आती है।"},{"type":"👉🏼","phrase":"वह मेरी सौतेली माँ है।"}]},{"slug":"stepsister","title":"सौतेली बहन","phrases":[{"type":"💑","phrase":"मुझे अपनी सौतेली बहन से प्यार है।"},{"type":"👉🏼","phrase":"वह मेरी सौतेली बहन है।"},{"type":"☹️","phrase":"मुझे अपनी सौतेली बहन की याद आती है।"},{"type":"👉🏼","phrase":"वह मेरी सौतेली बहन है।"}]},{"slug":"stepbrother","title":"सौतॆला भाई","phrases":[{"type":"💑","phrase":"मुझे अपने सौतेले भाई से प्यार है।"},{"type":"👉🏼","phrase":"वह मेरा सौतेला भाई है।"},{"type":"☹️","phrase":"मुझे अपने सौतेले भाई की याद आती है।"},{"type":"👉🏼","phrase":"वह मेरा सौतेला भाई है।"}]},{"slug":"half-brother","title":"सौतेला भाई","phrases":[{"type":"💑","phrase":"मैं अपने सौतेले भाई से प्यार करती हूं।"},{"type":"👉🏼","phrase":"वह मेरा सौतेला भाई है।"},{"type":"☹️","phrase":"मुझे अपने सौतेले भाई की याद आती है।"},{"type":"👉🏼","phrase":"वह मेरा सौतेला भाई है।"}]},{"slug":"half-sister","title":"सौतेली बहन","phrases":[{"type":"💑","phrase":"मुझे अपनी सौतेली बहन से प्यार है।"},{"type":"👉🏼","phrase":"वह मेरी सौतेली बहन है।"},{"type":"☹️","phrase":"मुझे अपनी सौतेली बहन की याद आती है।"},{"type":"👉🏼","phrase":"वह मेरी सौतेली बहन है।"}]}]