[{"slug":"captain","title":"कप्तान","phrases":[]},{"slug":"pirate-crew","title":"समुद्री डाकू चालक दल","phrases":[]},{"slug":"treasure","title":"खजाना","phrases":[]},{"slug":"hook","title":"अंकुड़ा","phrases":[]},{"slug":"compass","title":"दिशा सूचक यंत्र","phrases":[]},{"slug":"pirate-ship","title":"समुद्री डाकू का जहाज","phrases":[]},{"slug":"pirate-gun","title":"समुद्री डाकू बंदूक","phrases":[]},{"slug":"pirate-sword","title":"समुद्री डाकू की तलवार","phrases":[]},{"slug":"barrel","title":"बैरल","phrases":[]},{"slug":"pirate-flag","title":"समुद्री डाकू का झंडा","phrases":[]},{"slug":"treasure-map","title":"ख़ज़ाने का नक़्शा","phrases":[]},{"slug":"spyglass","title":"दूरदर्शक यंत्र","phrases":[]},{"slug":"cannon","title":"तोप","phrases":[]},{"slug":"helm","title":"संचालन, पतवार","phrases":[]},{"slug":"lighthouse","title":"प्रकाशस्तंभ","phrases":[]},{"slug":"anchor","title":"लंगर","phrases":[]},{"slug":"bomb","title":"बम","phrases":[]},{"slug":"coin","title":"सिक्का","phrases":[]},{"slug":"candle","title":"मोमबत्ती","phrases":[]},{"slug":"knife","title":"चाकू","phrases":[]}]