[{"slug":"park","title":"पार्क","phrases":[{"type":"🙋","phrase":"मैं पार्क जाना चाहता हूं।"},{"type":"☝️","phrase":"क्या आप मुझे पार्क में ले जा सकते हैं?"},{"type":"💡","phrase":"मैं पार्क में खेल सकता हूं।"}]},{"slug":"mall","title":"मॉल","phrases":[{"type":"🙋","phrase":"मैं मॉल जाना चाहता हूं।"},{"type":"☝️","phrase":"क्या आप मुझे मॉल ले जा सकते हैं?"},{"type":"💡","phrase":"मैं मॉल में खरीदारी कर सकता हूं।"}]},{"slug":"restaurant","title":"खाने की दुकान","phrases":[{"type":"🙋","phrase":"मैं रेस्तरां जाना चाहता हूं।"},{"type":"☝️","phrase":"क्या आप मुझे रेस्तरां में ले जा सकते हैं?"},{"type":"💡","phrase":"मैं रेस्तरां में खाना खा सकता हूं।"}]},{"slug":"cinema","title":"सिनेमा","phrases":[{"type":"🙋","phrase":"मैं सिनेमा जाना चाहता हूं।"},{"type":"☝️","phrase":"क्या आप मुझे सिनेमा तक ले जा सकते हैं?"},{"type":"💡","phrase":"मैं सिनेमा में फिल्म देख सकता हूं।"}]},{"slug":"school","title":"स्कूल","phrases":[{"type":"🙋","phrase":"मैं स्कूल जाना चाहता हूँ।"},{"type":"☝️","phrase":"क्या आप मुझे स्कूल ले जा सकते हैं?"},{"type":"💡","phrase":"मैं स्कूल में सीख सकता हूं।"}]},{"slug":"library","title":"पुस्तकालय","phrases":[{"type":"🙋","phrase":"मैं लाइब्रेरी जाना चाहता हूं।"},{"type":"☝️","phrase":"क्या आप मुझे लाइब्रेरी ले जा सकते हैं?"},{"type":"💡","phrase":"मैं पुस्तकालय में अध्ययन कर सकता हूं।"}]},{"slug":"fair","title":"निष्पक्ष","phrases":[{"type":"🙋","phrase":"मैं निष्पक्ष होकर जाना चाहता हूं।"},{"type":"☝️","phrase":"क्या आप मुझे मेले में ले जा सकते हैं?"},{"type":"💡","phrase":"मैं फेयर में मस्ती कर सकता हूं।"}]},{"slug":"drugstore","title":"दवा की दुकान","phrases":[{"type":"🙋","phrase":"मैं दवा की दुकान पर जाना चाहता हूं।"},{"type":"☝️","phrase":"क्या आप मुझे दवा की दुकान पर ले जा सकते हैं?"},{"type":"💡","phrase":"मैं दवा की दुकान में अपनी दवा खरीद सकता हूं।"}]},{"slug":"hospital","title":"अस्पताल","phrases":[{"type":"🙋","phrase":"मैं अस्पताल जाना चाहता हूं।"},{"type":"☝️","phrase":"क्या आप मुझे अस्पताल ले जा सकते हैं?"},{"type":"💡","phrase":"बीमार लोग अस्पताल जा सकते हैं।"}]},{"slug":"amusement-park","title":"एम्यूज़मेंट पार्क","phrases":[{"type":"🙋","phrase":"मैं मनोरंजन पार्क जाना चाहता हूं।"},{"type":"☝️","phrase":"क्या आप मुझे मनोरंजन पार्क में ले जा सकते हैं?"},{"type":"💡","phrase":"मैं मनोरंजन पार्क में मज़े कर सकता हूं।"}]},{"slug":"dormitory","title":"छात्रावास","phrases":[{"type":"🙋","phrase":"मैं डॉरमेटरी जाना चाहता हूं।"},{"type":"☝️","phrase":"क्या आप मुझे छात्रावास में ले जा सकते हैं?"},{"type":"💡","phrase":"मैं छात्रावास में रह सकता हूं।"}]},{"slug":"laundry-place","title":"कपड़े धोने की जगह","phrases":[{"type":"🙋","phrase":"मैं कपड़े धोने की जगह जाना चाहता हूं।"},{"type":"☝️","phrase":"क्या आप मुझे कपड़े धोने की जगह पर ले जा सकते हैं?"},{"type":"💡","phrase":"मैं कपड़े धोने की जगह में अपने कपड़े धोने को साफ कर सकता हूं।"}]},{"slug":"barber-shop","title":"नाई की दूकान","phrases":[{"type":"🙋","phrase":"मैं नाई की दुकान पर जाना चाहता हूं।"},{"type":"☝️","phrase":"क्या आप मुझे नाई की दुकान पर ले जा सकते हैं?"},{"type":"💡","phrase":"मैं नाई की दुकान में बाल कटवा सकता हूं।"}]},{"slug":"hotel","title":"होटल","phrases":[{"type":"🙋","phrase":"मैं होटल जाना चाहता हूँ।"},{"type":"☝️","phrase":"क्या आप मुझे होटल ले जा सकते हैं?"},{"type":"💡","phrase":"मैं एक होटल में ठहर सकता हूं।"}]},{"slug":"kindergarten","title":"बाल विहार","phrases":[{"type":"🙋","phrase":"मैं किंडरगार्टन जाना चाहता हूं।"},{"type":"☝️","phrase":"क्या आप मुझे बालवाड़ी ले जा सकते हैं?"}]},{"slug":"parking-lot","title":"पार्किंग","phrases":[{"type":"🙋","phrase":"मैं पार्किंग में जाना चाहता हूं।"},{"type":"☝️","phrase":"क्या आप मुझे पार्किंग में ले जा सकते हैं?"}]},{"slug":"elevator","title":"लिफ़्ट","phrases":[{"type":"🙋","phrase":"मैं लिफ्ट का उपयोग करना चाहता हूं।"},{"type":"💗","phrase":"मुझे एलेवेटर का उपयोग करना पसंद है?"},{"type":"💡","phrase":"मैं लिफ्ट का उपयोग करके ऊपर जा सकता हूं।"}]},{"slug":"bank","title":"बैंक","phrases":[{"type":"🙋","phrase":"मैं बैंक जाना चाहता हूं।"},{"type":"☝️","phrase":"क्या आप मुझे बैंक ले जा सकते हैं?"},{"type":"💡","phrase":"मैं बैंक में पैसा निकाल सकता हूं।"}]},{"slug":"skycraper","title":"Skycraper","phrases":[{"type":"🙋","phrase":"मैं गगनचुंबी इमारत में जाना चाहता हूं।"},{"type":"☝️","phrase":"क्या आप मुझे गगनचुंबी इमारत में ले जा सकते हैं?"}]},{"slug":"stadium","title":"स्टेडियम","phrases":[{"type":"🙋","phrase":"मैं स्टेडियम जाना चाहता हूं।"},{"type":"☝️","phrase":"क्या आप मुझे स्टेडियम ले जा सकते हैं?"}]},{"slug":"cruise-ship","title":"क्रूज जहाज","phrases":[{"type":"🙋","phrase":"मैं एक क्रूज जहाज में सवार होना चाहता हूं।"},{"type":"☝️","phrase":"क्या आप मुझे क्रूज जहाज पर ले जा सकते हैं?"}]},{"slug":"forest","title":"जंगल","phrases":[{"type":"🙋","phrase":"मैं जंगल जाना चाहता हूं।"},{"type":"☝️","phrase":"क्या आप मुझे जंगल में ले जा सकते हैं?"}]},{"slug":"tent","title":"तंबू","phrases":[{"type":"🙋","phrase":"मैं टेंट में जाना चाहता हूं।"},{"type":"☝️","phrase":"क्या हम तम्बू में रह सकते हैं?"}]},{"slug":"beach","title":"समुद्र तट","phrases":[{"type":"🙋","phrase":"मैं समुद्र तट पर जाना चाहता हूं।"},{"type":"☝️","phrase":"क्या आप मुझे समुद्र तट पर ले जा सकते हैं?"},{"type":"💡","phrase":"मैं समुद्र तट पर धूप सेंक सकता हूं।"}]}]