[{"slug":"protective-mask","title":"सुरक्षात्मक मुखौटा","phrases":[{"type":"🛡️","phrase":"मैं सुरक्षात्मक मास्क का उपयोग कर रहा हूं।"},{"type":"😷","phrase":"मैं बिना सुरक्षात्मक मास्क के बाहर नहीं जा सकता।"}]},{"slug":"stay-home","title":"घर पर रहना","phrases":[{"type":"🏠","phrase":"आपको घर पर रहने की आवश्यकता है।"},{"type":"🏡","phrase":"मैं घर पर ही हूं।"}]},{"slug":"toilet-paper","title":"टॉयलेट पेपर","phrases":[]},{"slug":"sprayer","title":"छिड़कनेवाला यंत्र","phrases":[]},{"slug":"disinfectant","title":"निस्संक्रामक","phrases":[{"type":"🧼","phrase":"मैं कीटाणुनाशक का उपयोग कर रहा हूँ।"},{"type":"🙋","phrase":"क्या आप मुझे कीटाणुनाशक का उपयोग करने में मदद कर सकते हैं?"}]},{"slug":"coughing","title":"खाँसना","phrases":[{"type":"🤒","phrase":"मुझे खांसी आ रही है।"},{"type":"🏥","phrase":"खांसी वायरस के लिए एक लक्षण है।"}]},{"slug":"medical-assistance","title":"चिकित्सा सहायता","phrases":[{"type":"⚕️","phrase":"मुझे चिकित्सा सहायता की आवश्यकता है।"},{"type":"❓","phrase":"क्या आपको चिकित्सा सहायता की आवश्यकता है?"}]},{"slug":"hand-sanitizer","title":"हैंड सैनिटाइज़र","phrases":[{"type":"🚰","phrase":"मैं हैंड सैनिटाइजर का इस्तेमाल कर रहा हूं।"},{"type":"🙋","phrase":"क्या आप मुझे हैंड सैनिटाइज़र का उपयोग करने में मदद कर सकते हैं?"}]},{"slug":"gloves","title":"दस्ताने","phrases":[{"type":"🧤","phrase":"मैं दस्ताने का उपयोग कर रहा हूं।"},{"type":"🙋","phrase":"क्या आप मुझे अपने दस्ताने पहनने में मदद कर सकते हैं?"}]},{"slug":"social-distancing","title":"सोशल डिस्टन्सिंग","phrases":[{"type":"🖐️","phrase":"मैं सोशल डिस्टेंसिंग का अभ्यास कर रहा हूं।"},{"type":"📏","phrase":"हमें अपने बीच की दूरी बनाए रखने की जरूरत है।"}]},{"slug":"mouth-mask","title":"मुँह का नकाब","phrases":[{"type":"😷","phrase":"मैं माउथ मास्क का उपयोग कर रहा हूं।"},{"type":"🏡","phrase":"मैं बिना माउथ मास्क के बाहर नहीं जा सकता।"}]},{"slug":"pandemic","title":"सर्वव्यापी महामारी","phrases":[{"type":"🌐","phrase":"महामारी क्या है?"},{"type":"⏱️","phrase":"महामारी कब खत्म होगी?"},{"type":"⌚","phrase":"एक महामारी चल रही है।"}]},{"slug":"working-at-home","title":"घर पर काम करना","phrases":[{"type":"🏠","phrase":"मैं घर पर काम कर रहा हूँ।"},{"type":"👪","phrase":"मेरे माता-पिता घर पर काम कर रहे हैं।"}]},{"slug":"wet-wipes","title":"गीले पोंछे","phrases":[{"type":"🤧","phrase":"मुझे वेट वाइप्स चाहिए।"}]},{"slug":"quarantine","title":"संगरोध","phrases":[{"type":"🔲","phrase":"संगरोध क्या है?"},{"type":"🙋","phrase":"मैं संगरोधित हूँ।"}]},{"slug":"first-aid-kit","title":"प्राथमिक चिकित्सा किट","phrases":[{"type":"❓","phrase":"प्राथमिक चिकित्सा किट कहाँ है?"},{"type":"🙋","phrase":"क्या आप मुझे प्राथमिक चिकित्सा किट का उपयोग करने में मदद कर सकते हैं?"}]},{"slug":"fitness","title":"स्वास्थ्य","phrases":[{"type":"🤸","phrase":"मुझे फिटनेस करना पसंद है।"},{"type":"🤼","phrase":"मुझे फिटनेस करना पसंद है।"}]},{"slug":"e-learning","title":"ई-लर्निंग","phrases":[{"type":"💻","phrase":"मैं घर से सीख रहा हूं।"},{"type":"📱","phrase":"मैं ई-लर्निंग एप्स का इस्तेमाल कर रहा हूं।"}]},{"slug":"virus","title":"वाइरस","phrases":[{"type":"🦠","phrase":"वायरस क्या है?"},{"type":"💉","phrase":"वायरस के लक्षण क्या है?"}]},{"slug":"cleaning","title":"सफाई","phrases":[{"type":"🧼","phrase":"मैं अपने कमरे की सफाई कर रहा हूं।"},{"type":"🔲","phrase":"अपने कमरे को साफ रखना महत्वपूर्ण है।"}]}]