[{"slug":"desk","title":"डेस्क","phrases":[{"type":"🙋","phrase":"क्या मैं इस डेस्क का उपयोग कर सकता हूं?"},{"type":"❓","phrase":"कौन सी डेस्क मेरी है?"},{"type":"🥛","phrase":"मैं अपनी मेज पर घूमता रहा।"},{"type":"❌","phrase":"अपने डेस्क खरोंच मत करो।"}]},{"slug":"chair","title":"कुरसी","phrases":[{"type":"🙋","phrase":"क्या मैं आपके साथ बैठ सकता हूँ?"},{"type":"❓","phrase":"कौन सी कुर्सी मेरी है?"},{"type":"☝️","phrase":"क्या यह कुर्सी ली गई है?"},{"type":"🥛","phrase":"मैं अपनी कुर्सी पर बैठ गया।"}]},{"slug":"book","title":"पुस्तक","phrases":[{"type":"📙","phrase":"पाठयपुस्तक"},{"type":"📒","phrase":"वर्कबुक"},{"type":"📚","phrase":"किताब पढ़ें।"},{"type":"😇","phrase":"क्या मैं आपकी कितब उधार ले सकता हूँ?"},{"type":"📃","phrase":"हम किस पेज पर हैं?"},{"type":"☝️","phrase":"पेज को पलटें।"},{"type":"😱","phrase":"मैंने अपनी किताब खो दी।"}]},{"slug":"notebook","title":"स्मरण पुस्तक","phrases":[{"type":"📝","phrase":"नोट्स लेना।"},{"type":"🖐️","phrase":"मैं नोट्स ले रहा हूं।"},{"type":"😱","phrase":"मैंने अपनी नोटबुक खो दी।"}]},{"slug":"backpack","title":"बैग","phrases":[{"type":"👜","phrase":"मेरे बैकपैक को ले जाना।"},{"type":"💡","phrase":"मेरी किताबों को अपने बैग में रख लिया।"},{"type":"🙋","phrase":"मुझे एक नया बैग चाहिए।"},{"type":"🙏🏼","phrase":"मेरा बैग ले जाने के लिए धन्यवाद।"},{"type":"😱","phrase":"मैंने अपना बैग खो दिया।"},{"type":"⚖️","phrase":"मेरा बैकपैक भारी है।"}]},{"slug":"blackboard","title":"ब्लैकबोर्ड","phrases":[{"type":"👀","phrase":"श्यामपट्ट पर देखें।"},{"type":"🧽","phrase":"ब्लैकबोर्ड की सफाई।"},{"type":"🧮","phrase":"ब्लैकबोर्ड पर समस्या का समाधान।"},{"type":"📝","phrase":"ब्लैकबोर्ड पर ध्यान देना।"},{"type":"🖊️","phrase":"मुझे एक चाक दे दो।"}]},{"slug":"teacher","title":"अध्यापक","phrases":[{"type":"🤔","phrase":"मैं इस हिस्से को नहीं समझता।"},{"type":"🔁","phrase":"क्या आप पिछले भाग को दोहरा सकते हैं?"},{"type":"🚻","phrase":"क्या मैं शौचालय जा सकता हूँ?"},{"type":"❓","phrase":"कौनसा विषय?"},{"type":"😀","phrase":"मुझे यह विषय पसंद है।"},{"type":"😔","phrase":"मुझे यह विषय पसंद नहीं है।"},{"type":"🙏🏼","phrase":"पाठ के लिए धन्यवाद।"}]},{"slug":"school-bus","title":"स्कूल बस","phrases":[{"type":"⌛","phrase":"स्कूल बस आ रही है।"},{"type":"❓","phrase":"क्या मैं आपके बगल में बैठ सकता हूं?"},{"type":"🙏🏼","phrase":"शुक्रिया बस ड्राइवर!"},{"type":"⏱️","phrase":"स्कूल बस लेट थी।"}]},{"slug":"pencil","title":"पेंसिल","phrases":[{"type":"✏️","phrase":"में लिख रहा हुँ।"},{"type":"🎓","phrase":"मैं लिखना सीख रहा हूं।"},{"type":"🙋","phrase":"मुझे एक नई पेंसिल चाहिए।"},{"type":"😇","phrase":"क्या मैं आपकी पेंसिल ले सकता हूँ?"},{"type":"😱","phrase":"मैंने अपनी पेंसिल खो दी।"}]},{"slug":"eraser","title":"रबड़","phrases":[{"type":"🧽","phrase":"मेरे द्वारा मिटाया जा रहा है।"},{"type":"🙋","phrase":"मुझे एक नया इरेज़र चाहिए।"},{"type":"😇","phrase":"क्या मैं आपका इरेज़र उधार ले सकता हूँ?"},{"type":"😱","phrase":"मैंने अपना इरेज़र खो दिया।"}]},{"slug":"ruler","title":"शासक","phrases":[{"type":"📏","phrase":"मैं नाप रहा हूं।"},{"type":"🙋","phrase":"मुझे एक नए शासक की जरूरत है।"},{"type":"😇","phrase":"क्या मैं आपका शासक उधार ले सकता हूँ?"},{"type":"😱","phrase":"मैंने अपना शासक खो दिया।"}]},{"slug":"sharpener","title":"आसियाना","phrases":[{"type":"🔪","phrase":"मैं अपनी पेंसिल को तेज कर रहा हूं।"},{"type":"🙋","phrase":"मुझे एक नया शार्पनर चाहिए।"},{"type":"😇","phrase":"क्या मैं आपके शार्पनर को उधार ले सकता हूँ?"},{"type":"😱","phrase":"मैंने अपना शार्पनर खो दिया।"}]},{"slug":"mathematics","title":"गणित","phrases":[{"type":"❤️","phrase":"मुझे गणित पसंद है।"},{"type":"🙋","phrase":"मैं गणित का अध्ययन करना चाहता हूं।"},{"type":"❌","phrase":"मुझे गणित पसंद नहीं है।"},{"type":"⌚","phrase":"गणित की कक्षा कब है?"},{"type":"☝️","phrase":"क्या आप मेरे गणित के होमवर्क में मेरी मदद कर सकते हैं?"}]},{"slug":"literature","title":"साहित्य","phrases":[{"type":"❤️","phrase":"मुझे साहित्य पसंद है।"},{"type":"🙋","phrase":"मैं साहित्य का अध्ययन करना चाहता हूं।"},{"type":"❌","phrase":"मुझे साहित्य पसंद नहीं है।"},{"type":"⌚","phrase":"साहित्य वर्ग कब है?"},{"type":"☝️","phrase":"क्या आप मेरे साहित्य के होमवर्क में मेरी मदद कर सकते हैं?"}]},{"slug":"science","title":"विज्ञान","phrases":[{"type":"❤️","phrase":"मुझे विज्ञान पसंद है।"},{"type":"🙋","phrase":"मैं विज्ञान का अध्ययन करना चाहता हूं।"},{"type":"❌","phrase":"मुझे विज्ञान पसंद नहीं है।"},{"type":"⌚","phrase":"विज्ञान वर्ग कब है?"},{"type":"☝️","phrase":"क्या आप मेरे विज्ञान के होमवर्क में मेरी मदद कर सकते हैं?"}]},{"slug":"art-class","title":"आर्ट क्लास","phrases":[{"type":"❤️","phrase":"मुझे आर्ट क्लास पसंद है।"},{"type":"🙋","phrase":"मैं कला कौशल का अभ्यास करना चाहता हूं।"},{"type":"❌","phrase":"मुझे आर्ट क्लास पसंद नहीं है।"},{"type":"⌚","phrase":"कला वर्ग कब है?"},{"type":"☝️","phrase":"क्या आप मेरी कला वर्ग के होमवर्क में मेरी मदद कर सकते हैं?"}]},{"slug":"music-class","title":"संगीत की कक्षा","phrases":[{"type":"❤️","phrase":"मुझे म्यूजिक क्लास पसंद है।"},{"type":"🙋","phrase":"मैं संगीत कौशल का अभ्यास करना चाहता हूं।"},{"type":"❌","phrase":"मुझे म्यूजिक क्लास पसंद नहीं है।"},{"type":"⌚","phrase":"संगीत कक्षा कब है?"},{"type":"☝️","phrase":"क्या आप मेरे संगीत वर्ग के होमवर्क में मेरी मदद कर सकते हैं?"}]},{"slug":"geography","title":"भूगोल","phrases":[{"type":"❤️","phrase":"मुझे भूगोल पसंद है।"},{"type":"🙋","phrase":"मैं भूगोल का अध्ययन करना चाहता हूं।"},{"type":"❌","phrase":"मुझे भूगोल पसंद नहीं है।"},{"type":"⌚","phrase":"भूगोल कब है?"},{"type":"☝️","phrase":"क्या आप मेरे भूगोल के होमवर्क में मेरी मदद कर सकते हैं?"}]},{"slug":"telescope","title":"दूरबीन","phrases":[{"type":"🌎","phrase":"मैं टेलिस्कोप का इस्तेमाल कर रहा हूं।"},{"type":"🙋","phrase":"मैं दूरबीन का उपयोग करना चाहता हूं।"},{"type":"🌟","phrase":"मैं सितारों को देखना चाहता हूं।"}]},{"slug":"glue","title":"गोंद","phrases":[{"type":"👌","phrase":"मैं गोंद का उपयोग कर रहा हूं।"},{"type":"🙋","phrase":"मुझे एक नया गोंद चाहिए।"},{"type":"😇","phrase":"क्या मैं आपका गोंद उधार ले सकता हूँ?"},{"type":"😱","phrase":"मैंने अपना गोंद खो दिया।"}]}]