[{"slug":"circle","title":"वृत्त","phrases":[{"type":"👉","phrase":"यह सर्कल के आकार का है।"},{"type":"❓","phrase":"क्या आप मुझे सिखा सकते हैं कि सर्कल कैसे बनाएं?"}]},{"slug":"triangle","title":"त्रिभुज","phrases":[{"type":"👉","phrase":"यह त्रिभुज के आकार का है।"},{"type":"❓","phrase":"क्या आप मुझे त्रिभुज बनाना सिखा सकते हैं?"}]},{"slug":"square","title":"वर्ग","phrases":[{"type":"👉","phrase":"यह चौकोर आकार का है।"},{"type":"❓","phrase":"क्या आप मुझे सिखा सकते हैं कि वर्ग कैसे बनाएं?"}]},{"slug":"rectangle","title":"आयत","phrases":[{"type":"👉","phrase":"यह आयत के आकार का है।"},{"type":"❓","phrase":"क्या आप मुझे सिखा सकते हैं कि आयत कैसे बनाएं?"}]},{"slug":"star","title":"सितारा","phrases":[{"type":"👉","phrase":"यह तारे के आकार का है।"},{"type":"❓","phrase":"क्या आप मुझे सिखा सकते हैं कि स्टार कैसे बनाएं?"}]},{"slug":"pentagon","title":"पंचकोण","phrases":[{"type":"👉","phrase":"यह पंचकोण आकार का है।"},{"type":"❓","phrase":"क्या आप मुझे सिखा सकते हैं कि पेंटागन कैसे बनाएं?"}]},{"slug":"hexagon","title":"षट्कोण","phrases":[{"type":"👉","phrase":"यह षट्भुज के आकार का है।"},{"type":"❓","phrase":"क्या आप मुझे सिखा सकते हैं कि षट्भुज कैसे आकर्षित करें?"}]},{"slug":"cross","title":"पार करना","phrases":[{"type":"👉","phrase":"यह क्रॉस के आकार का है।"},{"type":"❓","phrase":"क्या आप मुझे सिखा सकते हैं कि कैसे पार करना है?"}]},{"slug":"ellipse","title":"अंडाकार","phrases":[{"type":"👉","phrase":"यह दीर्घवृत्त के आकार का है।"},{"type":"❓","phrase":"क्या आप मुझे सिखा सकते हैं कि दीर्घवृत्त कैसे आकर्षित करें?"}]},{"slug":"arrow","title":"तीर","phrases":[{"type":"👉","phrase":"यह तीर के आकार का है।"},{"type":"❓","phrase":"क्या आप मुझे तीर चलाना सिखा सकते हैं?"}]},{"slug":"crescent","title":"क्रिसेंट","phrases":[{"type":"👉","phrase":"यह अर्धचंद्राकार है।"},{"type":"❓","phrase":"क्या आप मुझे सिखा सकते हैं कि वर्धमान कैसे आकर्षित करें?"}]},{"slug":"heart","title":"दिल","phrases":[{"type":"👉","phrase":"यह दिल के आकार का है।"},{"type":"❓","phrase":"क्या आप मुझे सिखा सकते हैं कि दिल कैसे खींचना है?"}]},{"slug":"rhombus","title":"विषमकोण","phrases":[{"type":"👉","phrase":"यह रंबल के आकार का है।"},{"type":"❓","phrase":"क्या आप मुझे सिखा सकते हैं कि कैसे रोम्बस बनाएं?"}]},{"slug":"ring","title":"अंगूठी","phrases":[{"type":"👉","phrase":"यह रिंग के आकार का है।"},{"type":"❓","phrase":"क्या आप मुझे सिखा सकते हैं कि रिंग कैसे खींची जाए?"}]},{"slug":"semicircle","title":"आधा गोला","phrases":[{"type":"👉","phrase":"यह अर्धवृत्त के आकार का है।"},{"type":"❓","phrase":"क्या आप मुझे सिखा सकते हैं कि अर्धवृत्त कैसे खींचना है?"}]},{"slug":"trapezoid","title":"चतुर्भुज","phrases":[{"type":"👉","phrase":"यह ट्रेपेज़ॉइड आकार का है।"},{"type":"❓","phrase":"क्या आप मुझे सिखा सकते हैं कि ट्रैपेज़ॉइड कैसे बनाएं?"}]},{"slug":"cube","title":"घनक्षेत्र","phrases":[{"type":"👉","phrase":"यह घन के आकार का है।"},{"type":"❓","phrase":"क्या आप मुझे सिखा सकते हैं कि क्यूब कैसे खींचना है?"}]},{"slug":"cylinder","title":"सिलेंडर","phrases":[{"type":"👉","phrase":"यह सिलेंडर के आकार का है।"},{"type":"❓","phrase":"क्या आप मुझे सिखा सकते हैं कि सिलेंडर कैसे खींचना है?"}]}]