[{"slug":"chips","title":"चिप्स","phrases":[{"type":"❤️","phrase":"मुझे चिप्स खाना पसंद है।"},{"type":"🙋","phrase":"मैं चिप्स खाना चाहता हूं।"},{"type":"🤢","phrase":"बहुत ज्यादा चिप्स खाना मेरे लिए बुरा है।"}]},{"slug":"donut","title":"डोनट","phrases":[{"type":"❤️","phrase":"मुझे डोनट खाना पसंद है।"},{"type":"🙋","phrase":"मैं डोनट खाना चाहता हूं।"},{"type":"🤢","phrase":"बहुत ज्यादा डोनट खाना मेरे लिए बुरा है।"}]},{"slug":"taco","title":"टैको","phrases":[{"type":"❤️","phrase":"मुझे टैकोस खाना पसंद है।"},{"type":"🙋","phrase":"मैं टैको खाना चाहता हूं।"},{"type":"🤢","phrase":"बहुत ज्यादा टैकोस खाना मेरे लिए बुरा है।"}]},{"slug":"peanuts","title":"मूंगफली","phrases":[{"type":"❤️","phrase":"मुझे मूंगफली खाना पसंद है।"},{"type":"🙋","phrase":"मैं मूंगफली खाना चाहता हूं।"},{"type":"🤢","phrase":"बहुत अधिक मूंगफली खाना मेरे लिए बुरा है।"}]},{"slug":"croissant","title":"क्रोइसैन","phrases":[{"type":"❤️","phrase":"मुझे क्रोइसैन खाना बहुत पसंद है।"},{"type":"🙋","phrase":"मैं क्रोइसैन खाना चाहता हूं।"},{"type":"🤢","phrase":"बहुत ज्यादा क्रिस्सेंट खाना मेरे लिए बुरा है।"}]},{"slug":"cookie","title":"कुकी","phrases":[{"type":"❤️","phrase":"मुझे कुकी खाना पसंद है।"},{"type":"🙋","phrase":"मैं कुकी खाना चाहता हूं।"},{"type":"🤢","phrase":"बहुत ज्यादा कुकीज़ खाना मेरे लिए बुरा है।"}]},{"slug":"burrito","title":"बरिटो","phrases":[{"type":"❤️","phrase":"मुझे बुरिटो खाना पसंद है।"},{"type":"🙋","phrase":"मैं बुरिटो खाना चाहता हूं।"},{"type":"🤢","phrase":"बहुत ज्यादा बारिटोस खाना मेरे लिए बुरा है।"}]},{"slug":"ramen","title":"रेमन","phrases":[{"type":"❤️","phrase":"मुझे रेमन खाना पसंद है।"},{"type":"🙋","phrase":"मैं रेमन खाना चाहता हूं।"},{"type":"🤢","phrase":"बहुत ज्यादा रेमन खाना मेरे लिए बुरा है।"}]},{"slug":"sushi","title":"सुशी","phrases":[{"type":"❤️","phrase":"मुझे सुशी खाना पसंद है।"},{"type":"🙋","phrase":"मैं सुशी खाना चाहता हूं।"},{"type":"🤢","phrase":"बहुत ज्यादा सुशी खाना मेरे लिए बुरा है।"}]},{"slug":"chocolate","title":"चॉकलेट","phrases":[{"type":"❤️","phrase":"मुझे चॉकलेट खाना पसंद है।"},{"type":"🙋","phrase":"मैं चॉकलेट खाना चाहता हूं।"},{"type":"🤢","phrase":"बहुत ज्यादा चॉकलेट खाना मेरे लिए बुरा है।"}]},{"slug":"apple-pie","title":"सेब पाई","phrases":[{"type":"❤️","phrase":"मुझे सेब पाई खाना पसंद है।"},{"type":"🙋","phrase":"मैं सेब पाई खाना चाहता हूं।"},{"type":"🤢","phrase":"बहुत ज्यादा सेब पाई खाना मेरे लिए बुरा है।"}]},{"slug":"muffin","title":"टिकिया","phrases":[{"type":"❤️","phrase":"मुझे मफिन खाना पसंद है।"},{"type":"🙋","phrase":"मैं मफिन खाना चाहता हूं।"},{"type":"🤢","phrase":"बहुत ज्यादा मफिन खाना मेरे लिए बुरा है।"}]},{"slug":"pudding","title":"पुडिंग","phrases":[{"type":"❤️","phrase":"मुझे हलवा खाना पसंद है।"},{"type":"🙋","phrase":"मैं हलवा खाना चाहता हूं।"},{"type":"🤢","phrase":"बहुत ज्यादा हलवा खाना मेरे लिए बुरा है।"}]},{"slug":"macaron","title":"Macaron","phrases":[{"type":"❤️","phrase":"मुझे मैकरॉन खाना पसंद है।"},{"type":"🙋","phrase":"मैं मैकरॉन खाना चाहता हूं।"},{"type":"🤢","phrase":"बहुत ज्यादा मैकरॉन खाना मेरे लिए बुरा है।"}]},{"slug":"crepe","title":"क्रेप","phrases":[{"type":"❤️","phrase":"मुझे क्रेप खाना पसंद है।"},{"type":"🙋","phrase":"मैं क्रेप खाना चाहता हूं।"},{"type":"🤢","phrase":"बहुत ज्यादा क्रेप्स खाना मेरे लिए बुरा है।"}]},{"slug":"pizza","title":"पिज़्ज़ा","phrases":[{"type":"❤️","phrase":"मुझे पिज्जा खाना पसंद है।"},{"type":"🙋","phrase":"मैं पिज़्जा खाना चाहता हूँ।"},{"type":"🤢","phrase":"बहुत ज्यादा पिज्जा खाना मेरे लिए बुरा है।"}]},{"slug":"skewer","title":"कटार","phrases":[{"type":"❤️","phrase":"मुझे कटार खाना पसंद है।"},{"type":"🙋","phrase":"मैं तिरछा खाना चाहता हूं।"},{"type":"🤢","phrase":"बहुत ज्यादा कटार खाना मेरे लिए बुरा है।"}]},{"slug":"fast-food","title":"फास्ट फूड","phrases":[{"type":"❤️","phrase":"मुझे फास्ट फूड खाना पसंद है।"},{"type":"🙋","phrase":"मैं फास्ट फूड खाना चाहती हूं।"},{"type":"🤢","phrase":"ज्यादा फास्ट फूड खाना मेरे लिए बुरा है।"}]}]