[{"slug":"basketball","title":"बास्केटबाल","phrases":[{"type":"❤️","phrase":"मुझे बास्केटबॉल खेलना पसंद है।"},{"type":"🙋","phrase":"क्या आप बास्केटबॉल खेलना चाहते हैं?"}]},{"slug":"boxing","title":"मुक्केबाज़ी","phrases":[{"type":"❤️","phrase":"मुझे बॉक्सिंग पसंद है।"},{"type":"🙋","phrase":"क्या आप एक साथ बॉक्सिंग करना चाहते हैं?"}]},{"slug":"tennis","title":"टेनिस","phrases":[{"type":"❤️","phrase":"मुझे टेनिस खेलना पसंद है।"},{"type":"🙋","phrase":"क्या आप टेनिस खेलना चाहते हैं?"}]},{"slug":"golf","title":"गोल्फ़","phrases":[{"type":"❤️","phrase":"मुझे गोल्फ खेलना पसंद है।"},{"type":"🙋","phrase":"क्या आप गोल्फ खेलना चाहते हैं?"}]},{"slug":"hockey","title":"हॉकी","phrases":[{"type":"❤️","phrase":"मुझे हॉकी खेलना पसंद है।"},{"type":"🙋","phrase":"क्या आप हॉकी खेलना चाहते हैं?"}]},{"slug":"swimming","title":"तैराकी","phrases":[{"type":"❤️","phrase":"मुझे तैरना पसंद है।"},{"type":"🙋","phrase":"क्या आप तैरना चाहते हैं?"}]},{"slug":"baseball","title":"बेसबॉल","phrases":[{"type":"❤️","phrase":"मुझे बेसबॉल खेलना पसंद है।"},{"type":"🙋","phrase":"क्या आप बेसबॉल खेलना चाहते हैं?"}]},{"slug":"american-football","title":"अमरीकी फुटबॉल","phrases":[{"type":"❤️","phrase":"मुझे अमेरिकन फुटबॉल खेलना पसंद है।"},{"type":"🙋","phrase":"क्या आप अमेरिकी फुटबॉल खेलना चाहते हैं?"}]},{"slug":"cricket","title":"क्रिकेट","phrases":[{"type":"❤️","phrase":"मुझे क्रिकेट पसंद है।"},{"type":"🙋","phrase":"क्या आप क्रिकेट खेलना चाहते हैं?"}]},{"slug":"racing","title":"दौड़","phrases":[{"type":"❤️","phrase":"मुझे रेसिंग पसंद है।"},{"type":"🙋","phrase":"क्या आप एक साथ दौड़ना चाहते हैं?"}]},{"slug":"skiing","title":"स्कीइंग","phrases":[{"type":"❤️","phrase":"मुझे स्कीइंग पसंद है।"},{"type":"🙋","phrase":"क्या आप स्की करना चाहते हैं?"}]},{"slug":"volleyball","title":"वालीबाल","phrases":[{"type":"❤️","phrase":"मुझे वॉलीबॉल खेलना पसंद है।"},{"type":"🙋","phrase":"क्या आप वॉलीबॉल खेलना चाहते हैं?"}]},{"slug":"fencing","title":"बाड़ लगाना","phrases":[{"type":"❤️","phrase":"मुझे तलवारबाजी पसंद है।"}]},{"slug":"referee","title":"पंच","phrases":[{"type":"🏁","phrase":"क्या मैं रेफरी हो सकता हूं?"}]},{"slug":"coach","title":"कोच","phrases":[{"type":"🏁","phrase":"क्या मैं आपका कोच बन सकता हूं?"}]},{"slug":"kendo","title":"केंडो","phrases":[]},{"slug":"table-tennis","title":"टेबल टेनिस","phrases":[{"type":"❤️","phrase":"मुझे टेबल टेनिस खेलना पसंद है।"},{"type":"🙋","phrase":"क्या आप टेबल टेनिस खेलना चाहते हैं?"}]},{"slug":"medal","title":"पदक","phrases":[{"type":"😎","phrase":"मुझे एक पदक मिला है।"}]},{"slug":"podium","title":"मंच","phrases":[]}]