[{"slug":"doll","title":"गुड़िया","phrases":[{"type":"❤️","phrase":"मुझे गुड़िया पसंद है।"},{"type":"☝️","phrase":"क्या मैं अपनी गुड़िया के साथ खेल सकता हूं?"},{"type":"🙋","phrase":"मुझे वर्तमान में एक गुड़िया चाहिए।"}]},{"slug":"teddy-bear","title":"टेडी बियर","phrases":[{"type":"❤️","phrase":"मुझे टेडी बियर पसंद है।"},{"type":"☝️","phrase":"क्या मैं अपने टेडी-बियर के साथ खेल सकता हूं?"},{"type":"🙋","phrase":"मुझे वर्तमान के रूप में एक टेडी बियर चाहिए।"}]},{"slug":"blocks","title":"ब्लाकों","phrases":[{"type":"❤️","phrase":"मुझे ब्लॉक पसंद हैं।"},{"type":"☝️","phrase":"क्या मैं अपने ब्लॉकों से खेल सकता हूं?"},{"type":"🙋","phrase":"मुझे वर्तमान में एक ब्लॉक चाहिए।"}]},{"slug":"spinner","title":"स्पिनर","phrases":[{"type":"❤️","phrase":"मुझे स्पिनर पसंद है।"},{"type":"☝️","phrase":"क्या मैं अपने स्पिनर के साथ खेल सकता हूं?"},{"type":"🙋","phrase":"मुझे वर्तमान के रूप में एक स्पिनर चाहिए।"}]},{"slug":"nutcracker","title":"सरौता","phrases":[{"type":"❤️","phrase":"मुझे न्यूट्रैकर्स पसंद हैं।"},{"type":"☝️","phrase":"क्या मैं अपने न्यूट्रैकर के साथ खेल सकता हूं?"},{"type":"🙋","phrase":"मुझे वर्तमान के रूप में एक नटक्रैकर चाहिए।"}]},{"slug":"video-games","title":"वीडियो गेम","phrases":[{"type":"❤️","phrase":"मुझे वीडियो गेम पसंद है।"},{"type":"☝️","phrase":"क्या हम एक साथ वीडियो गेम खेल सकते हैं?"},{"type":"🙋","phrase":"मुझे वर्तमान में वीडियो गेम चाहिए।"}]},{"slug":"cards","title":"पत्ते","phrases":[{"type":"❤️","phrase":"मुझे ताश खेलना पसंद है।"},{"type":"☝️","phrase":"क्या मैं अपने कार्ड के साथ खेल सकता हूं?"},{"type":"🙋","phrase":"मैं वर्तमान के रूप में ताश खेलना चाहता हूं।"}]},{"slug":"toy-car","title":"खिलौना कार","phrases":[{"type":"❤️","phrase":"मुझे टॉय कार पसंद हैं।"},{"type":"☝️","phrase":"क्या मैं अपनी टॉय कार से खेल सकता हूं?"},{"type":"🙋","phrase":"मुझे वर्तमान में एक टॉय कार चाहिए।"}]},{"slug":"sword","title":"तलवार","phrases":[{"type":"❤️","phrase":"मुझे खिलौना तलवारें पसंद हैं।"},{"type":"☝️","phrase":"क्या मैं अपनी खिलौना तलवार से खेल सकता हूं?"},{"type":"🙋","phrase":"मुझे वर्तमान में एक तलवार चाहिए।"}]},{"slug":"yo-yo","title":"योयो","phrases":[{"type":"❤️","phrase":"मुझे यो-यो के साथ खेलना पसंद है।"},{"type":"☝️","phrase":"क्या मैं अपने यो-यो के साथ खेल सकता हूं?"},{"type":"🙋","phrase":"मुझे वर्तमान के रूप में यो-यो चाहिए।"}]},{"slug":"slingshot","title":"गुलेल","phrases":[{"type":"❤️","phrase":"मुझे गुलेल पसंद है।"},{"type":"☝️","phrase":"क्या मैं अपने गुलेल के साथ खेल सकता हूं?"},{"type":"🙋","phrase":"मुझे वर्तमान में एक गुलेल चाहिए।"}]},{"slug":"water-gun","title":"पिचकारी","phrases":[{"type":"❤️","phrase":"मुझे पानी बंदूक पसंद है।"},{"type":"☝️","phrase":"क्या मैं अपनी पानी की बंदूक से खेल सकता हूं?"},{"type":"🙋","phrase":"मुझे वर्तमान में पानी की बंदूक चाहिए।"}]},{"slug":"doll-house","title":"गुड़िया का घर","phrases":[{"type":"❤️","phrase":"मुझे गुड़ियाघर के साथ खेलना पसंद है।"},{"type":"☝️","phrase":"क्या मैं अपनी गुड़िया घर के साथ खेल सकता हूं?"},{"type":"🙋","phrase":"मुझे वर्तमान में एक गुड़िया घर चाहिए।"}]},{"slug":"viewer","title":"दर्शक","phrases":[{"type":"❤️","phrase":"मुझे दर्शक के साथ खेलना पसंद है।"},{"type":"🙋","phrase":"मुझे वर्तमान के रूप में एक दर्शक चाहिए।"}]},{"slug":"board-game","title":"विशेष प्रकार के बोर्ड या पट्टे के खेल जैसे शतरंज, साँप सीढ़ी आदि","phrases":[{"type":"❤️","phrase":"मुझे बोर्ड गेम्स पसंद हैं।"},{"type":"☝️","phrase":"क्या हम बोर्ड गेम खेल सकते हैं?"},{"type":"🙋","phrase":"मुझे वर्तमान के रूप में एक बोर्ड गेम चाहिए।"}]},{"slug":"rubiks-cube","title":"रुबिक का घन","phrases":[{"type":"❤️","phrase":"मुझे रूबिक का क्यूब हल करना पसंद है।"},{"type":"☝️","phrase":"क्या मैं अपने रूबिक के घन को हल करने की कोशिश कर सकता हूं?"},{"type":"🙋","phrase":"मुझे वर्तमान के रूप में रूबिक्स क्यूब चाहिए।"}]},{"slug":"puzzle","title":"पहेली","phrases":[{"type":"❤️","phrase":"मुझे पहेलियां पसंद हैं।"},{"type":"☝️","phrase":"क्या मैं पहेलियाँ हल कर सकता हूँ?"},{"type":"🙋","phrase":"मुझे वर्तमान की तरह पहेलियां चाहिए।"}]},{"slug":"remote-control-car","title":"दूरस्थ नियंत्रण गाडी","phrases":[{"type":"❤️","phrase":"मुझे मेरी रिमोट कंट्रोल कार पसंद है।"},{"type":"☝️","phrase":"क्या मैं अपने रिमोट-कंट्रोल-कार के साथ खेल सकता हूं"},{"type":"🙋","phrase":"मुझे वर्तमान के रूप में एक रिमोट कंट्रोल कार चाहिए।"}]},{"slug":"rocking-horse","title":"घुड़दौड़ का घोड़ा","phrases":[{"type":"❤️","phrase":"मुझे अपना रॉकिंग घोड़ा पसंद है।"},{"type":"☝️","phrase":"क्या मैं रॉकिंग घोड़े के साथ खेल सकता हूं?"}]},{"slug":"scooter","title":"स्कूटर","phrases":[{"type":"❤️","phrase":"मुझे अपना स्कूटर पसंद है।"},{"type":"🙋","phrase":"मुझे वर्तमान में एक स्कूटर चाहिए।"}]},{"slug":"pyramid","title":"पिरामिड","phrases":[{"type":"❤️","phrase":"मुझे पिरामिड पसंद हैं।"},{"type":"🙋","phrase":"मुझे वर्तमान के रूप में एक पिरामिड चाहिए।"}]},{"slug":"cart","title":"गाड़ी","phrases":[{"type":"❤️","phrase":"मुझे अपनी खिलौना गाड़ी पसंद है।"},{"type":"🙋","phrase":"क्या आप मेरे खिलौनों को साफ करने में मेरी मदद कर सकते हैं?"}]},{"slug":"aeroplane","title":"विमान","phrases":[{"type":"❤️","phrase":"मुझे हवाई जहाज पसंद हैं।"},{"type":"☝️","phrase":"क्या मैं अपने हवाई जहाज से खेल सकता हूं?"},{"type":"🙋","phrase":"मुझे वर्तमान में एक हवाई जहाज चाहिए।"}]},{"slug":"sand-bucket","title":"रेत की बाल्टी","phrases":[{"type":"❤️","phrase":"मुझे रेत की बाल्टियाँ पसंद हैं।"},{"type":"☝️","phrase":"क्या मैं अपनी रेत की बाल्टी से महल का निर्माण कर सकता हूं?"}]}]