[{"slug":"train","title":"रेल गाडी","phrases":[{"type":"🙋","phrase":"मैं ट्रेन लेना चाहता हूं।"},{"type":"❤️","phrase":"मुझे रेलगाड़ी पसंद है।"}]},{"slug":"car","title":"गाड़ी","phrases":[{"type":"🙋","phrase":"मैं कार चलाना चाहता हूं।"},{"type":"❤️","phrase":"मुझे कारें पसंद हैं।"}]},{"slug":"bicycle","title":"साइकिल","phrases":[{"type":"🙋","phrase":"मैं साइकिल चलाना चाहता हूं।"},{"type":"❤️","phrase":"मुझे साइकिल पसंद है।"}]},{"slug":"motorcycle","title":"मोटरसाइकिल","phrases":[{"type":"🙋","phrase":"मैं मोटरसाइकिल चलाना चाहता हूं।"},{"type":"❤️","phrase":"मुझे मोटरसाइकिल पसंद है।"}]},{"slug":"skateboard","title":"स्केटबोर्ड","phrases":[{"type":"🙋","phrase":"मैं स्केट करना चाहता हूं।"},{"type":"❤️","phrase":"मुझे स्केटबोर्ड पसंद है।"}]},{"slug":"food-truck","title":"नौका","phrases":[{"type":"🙋","phrase":"मैं फेरी लेना चाहता हूं।"},{"type":"🧑‍🤝‍🧑","phrase":"फेरी में भीड़ है।"}]},{"slug":"boat","title":"नाव","phrases":[{"type":"🙋","phrase":"मैं एक नाव की सवारी करना चाहता हूं।"},{"type":"🧑‍🤝‍🧑","phrase":"नाव में भीड़ है।"}]},{"slug":"ship","title":"समुंद्री जहाज","phrases":[{"type":"🙋","phrase":"मैं एक जहाज में सवार होना चाहता हूं।"},{"type":"🧑‍🤝‍🧑","phrase":"जहाज में भीड़ है।"}]},{"slug":"bus","title":"बस","phrases":[{"type":"🙋","phrase":"मैं बस लेना चाहता हूं।"},{"type":"🧑‍🤝‍🧑","phrase":"बस में भीड़ है।"}]},{"slug":"minibus","title":"छोटा बस","phrases":[{"type":"🙋","phrase":"मैं मिनीबस लेना चाहता हूं।"},{"type":"🧑‍🤝‍🧑","phrase":"मिनीबस में भीड़ है।"}]},{"slug":"wheelchair","title":"व्हीलचेयर","phrases":[{"type":"♿","phrase":"मैं व्हीलचेयर का उपयोग कर रहा हूं।"},{"type":"👨‍🦽","phrase":"वह व्हीलचेयर का उपयोग कर रहा है।"},{"type":"🙋","phrase":"क्या आप मेरी व्हीलचेयर का उपयोग करने में मेरी मदद कर सकते हैं।"},{"type":"🖐️","phrase":"क्या आप मुझे धक्का दे सकते हैं?"}]},{"slug":"taxi","title":"टैक्सी","phrases":[{"type":"🙋","phrase":"मैं टैक्सी लेना चाहता हूं।"}]},{"slug":"airplane","title":"विमान","phrases":[{"type":"🙋","phrase":"मैं एक हवाई जहाज पर उड़ना चाहता हूं।"},{"type":"❤️","phrase":"मुझे हवाई जहाज पसंद हैं।"},{"type":"🧑‍🤝‍🧑","phrase":"हवाई जहाज में भीड़ होती है।"}]},{"slug":"van","title":"वैन","phrases":[{"type":"🙋","phrase":"मैं एक वैन में ड्राइव करना चाहता हूं।"}]},{"slug":"hot-air-balloon","title":"गर्म हवा का गोला","phrases":[{"type":"🙋","phrase":"मैं एक गर्म हवा के गुब्बारे पर उड़ना चाहता हूं।"},{"type":"❤️","phrase":"मुझे हॉट एयर बलून पसंद है।"}]},{"slug":"fire-truck","title":"दमकल","phrases":[{"type":"🚨","phrase":"फायर ट्रक सायरन।"}]},{"slug":"police-car","title":"पोलिस कार","phrases":[{"type":"🚨","phrase":"पुलिस की गाड़ी का सायरन।"},{"type":"❤️","phrase":"मुझे पुलिस की कारें पसंद हैं।"}]},{"slug":"ambulance","title":"रोगी वाहन","phrases":[{"type":"🚨","phrase":"एम्बुलेंस सायरन।"}]},{"slug":"stretcher","title":"स्ट्रेचर","phrases":[{"type":"🙋","phrase":"क्या आप मेरे स्ट्रेचर पर मेरी मदद कर सकते हैं?"}]},{"slug":"helicopter","title":"हेलीकॉप्टर","phrases":[{"type":"🙋","phrase":"मैं एक हेलीकॉप्टर पर उड़ना चाहता हूं।"}]},{"slug":"trailer","title":"ट्रेलर","phrases":[{"type":"🙋","phrase":"मैं ट्रेलर में ड्राइव करना चाहता हूं।"}]},{"slug":"spaceship","title":"यान","phrases":[{"type":"❤️","phrase":"मुझे स्पेसशिप पसंद है।"},{"type":"🌌","phrase":"मैं अंतरिक्ष में यात्रा करना चाहता हूं।"},{"type":"👽","phrase":"मैं एलियन को देखना चाहता हूं।"},{"type":"👩‍🚀","phrase":"मैं मंगल पर जाना चाहता हूं।"},{"type":"🚀","phrase":"क्या आप मुझे एलोन मस्क के पास ले जा सकते हैं?"}]}]