[{"slug":"luggage","title":"सामान","phrases":[]},{"slug":"swimming","title":"तैराकी","phrases":[]},{"slug":"passport","title":"पासपोर्ट","phrases":[]},{"slug":"tent","title":"तंबू","phrases":[]},{"slug":"backpacking","title":"बैकपैकिंग","phrases":[]},{"slug":"beach-chair","title":"बीच कुर्सी","phrases":[]},{"slug":"room-service","title":"कक्षीय सेवा","phrases":[]},{"slug":"waiting-area","title":"प्रतीक्षा स्थल","phrases":[]},{"slug":"electric-socket","title":"इलेक्ट्रिक सॉकेट","phrases":[]},{"slug":"bag","title":"बैग","phrases":[]},{"slug":"boarding-pass","title":"बोर्डिंग पास","phrases":[]},{"slug":"gps","title":"GPS","phrases":[]},{"slug":"mountain","title":"पर्वत","phrases":[]},{"slug":"camera","title":"कैमरा","phrases":[]},{"slug":"hotel","title":"होटल","phrases":[]},{"slug":"bed","title":"बिस्तर","phrases":[]},{"slug":"hotel-key","title":"होटल की","phrases":[]},{"slug":"bonfire","title":"होलिका","phrases":[]},{"slug":"snorkling","title":"snorkling","phrases":[]},{"slug":"action-camera","title":"एक्शन कैमरा","phrases":[]}]