[{"slug":"cucumber","title":"खीरा","phrases":[{"type":"❤️","phrase":"मुझे खीरा खाना पसंद है।"},{"type":"🙋","phrase":"मैं एक ककड़ी खाना चाहता हूं।"},{"type":"❌","phrase":"मुझे ककड़ी पसंद नहीं है।"}]},{"slug":"onion","title":"प्याज","phrases":[{"type":"❤️","phrase":"मुझे प्याज खाना पसंद है।"},{"type":"🙋","phrase":"मैं एक प्याज खाना चाहता हूं।"},{"type":"❌","phrase":"मुझे प्याज पसंद नहीं है।"},{"type":"❌","phrase":"मुझे प्याज की गंध पसंद नहीं है।"}]},{"slug":"garlic","title":"लहसुन","phrases":[{"type":"❤️","phrase":"मुझे लहसुन खाना पसंद है।"},{"type":"🙋","phrase":"मैं एक लहसुन खाना चाहता हूं।"},{"type":"❌","phrase":"मुझे लहसुन पसंद नहीं है।"},{"type":"❌","phrase":"मुझे लहसुन की गंध पसंद नहीं है।"}]},{"slug":"carrot","title":"गाजर","phrases":[{"type":"❤️","phrase":"मुझे गाजर खाना पसंद है।"},{"type":"🙋","phrase":"मैं एक गाजर खाना चाहता हूं।"},{"type":"❌","phrase":"मुझे गाजर पसंद नहीं है।"}]},{"slug":"cabbage","title":"पत्ता गोभी","phrases":[{"type":"❤️","phrase":"मुझे गोभी खाना पसंद है।"},{"type":"🙋","phrase":"मैं एक गोभी खाना चाहता हूं।"},{"type":"❌","phrase":"मुझे गोभी पसंद नहीं है।"}]},{"slug":"tomato","title":"टमाटर","phrases":[{"type":"❤️","phrase":"मुझे टमाटर खाना पसंद है।"},{"type":"🙋","phrase":"मैं एक टमाटर खाना चाहता हूं।"},{"type":"❌","phrase":"मुझे टमाटर पसंद नहीं है।"},{"type":"❤️","phrase":"मुझे टमाटर का सूप लेना पसंद है।"}]},{"slug":"eggplant","title":"बैंगन","phrases":[{"type":"❤️","phrase":"मुझे बैंगन खाना पसंद है।"},{"type":"🙋","phrase":"मैं एक बैंगन खाना चाहता हूं।"},{"type":"❌","phrase":"मुझे बैंगन पसंद नहीं है।"}]},{"slug":"mushroom","title":"मशरूम","phrases":[{"type":"❤️","phrase":"मुझे मशरूम खाना पसंद है।"},{"type":"🙋","phrase":"मैं एक मशरूम खाना चाहता हूं।"},{"type":"❌","phrase":"मुझे मशरूम पसंद नहीं है।"},{"type":"❤️","phrase":"मुझे मशरूम का सूप लेना पसंद है।"}]},{"slug":"pepper","title":"मिर्च","phrases":[{"type":"❤️","phrase":"मुझे मिर्ची खाना पसंद है।"},{"type":"🙋","phrase":"मैं एक मिर्च खाना चाहता हूं।"},{"type":"❌","phrase":"मुझे मिर्च पसंद नहीं है।"}]},{"slug":"corn","title":"मक्का","phrases":[{"type":"❤️","phrase":"मुझे कॉर्न खाना पसंद है।"},{"type":"🙋","phrase":"मैं एक कॉर्न खाना चाहता हूं।"},{"type":"❌","phrase":"मुझे मकई पसंद नहीं है।"},{"type":"❤️","phrase":"मुझे कॉर्न सूप लेना पसंद है।"}]},{"slug":"broccoli","title":"ब्रोकोली","phrases":[{"type":"❤️","phrase":"मुझे ब्रोकली खाना बहुत पसंद है।"},{"type":"🙋","phrase":"मैं ब्रोकली खाना चाहता हूं।"},{"type":"❌","phrase":"मुझे ब्रोकली पसंद नहीं है।"}]},{"slug":"celery","title":"अजवायन","phrases":[{"type":"❤️","phrase":"मुझे अजवाइन खाना पसंद है।"},{"type":"🙋","phrase":"मैं एक अजवाइन खाना चाहता हूं।"},{"type":"❌","phrase":"मुझे अजवाइन पसंद नहीं है।"}]},{"slug":"chili","title":"मिर्च","phrases":[{"type":"❤️","phrase":"मुझे मिर्च खाना पसंद है।"},{"type":"🙋","phrase":"मैं एक मिर्च खाना चाहता हूं।"},{"type":"❌","phrase":"मुझे मिर्च पसंद नहीं है।"}]},{"slug":"potato","title":"आलू","phrases":[{"type":"❤️","phrase":"मुझे आलू खाना पसंद है।"},{"type":"🙋","phrase":"मैं एक आलू खाना चाहता हूं।"},{"type":"❌","phrase":"मुझे आलू पसंद नहीं है।"},{"type":"❤️","phrase":"मुझे आलू फ्राई खाना पसंद है।"}]},{"slug":"asparagus","title":"एस्परैगस","phrases":[{"type":"❤️","phrase":"मुझे शतावरी खाना पसंद है।"},{"type":"🙋","phrase":"मैं एक शतावरी खाना चाहता हूं।"},{"type":"❌","phrase":"मुझे शतावरी पसंद नहीं है।"}]},{"slug":"cauliflower","title":"गोभी","phrases":[{"type":"❤️","phrase":"मुझे फूलगोभी खाना पसंद है।"},{"type":"🙋","phrase":"मैं एक फूलगोभी खाना चाहता हूं।"},{"type":"❌","phrase":"मुझे फूलगोभी पसंद नहीं है।"}]},{"slug":"pumpkin","title":"कद्दू","phrases":[{"type":"❤️","phrase":"मुझे कद्दू खाना पसंद है।"},{"type":"🙋","phrase":"मैं एक कद्दू खाना चाहता हूं।"},{"type":"❌","phrase":"मुझे कद्दू पसंद नहीं है।"},{"type":"❤️","phrase":"मुझे एक कद्दू का सूप लेना पसंद है।"}]},{"slug":"beetroot","title":"चुकंदर","phrases":[{"type":"❤️","phrase":"मुझे चुकंदर खाना पसंद है।"},{"type":"🙋","phrase":"मैं एक चुकंदर खाना चाहता हूं।"},{"type":"❌","phrase":"मुझे चुकंदर पसंद नहीं है।"}]},{"slug":"bean","title":"सेम","phrases":[{"type":"❤️","phrase":"मुझे बीन्स खाना पसंद है।"},{"type":"🙋","phrase":"मैं एक सेम खाना चाहता हूं।"},{"type":"❌","phrase":"मुझे बीन पसंद नहीं है।"}]},{"slug":"lettuce","title":"सलाद","phrases":[{"type":"❤️","phrase":"मुझे सलाद खाना पसंद है।"},{"type":"🙋","phrase":"मैं एक सलाद खाना चाहता हूं।"},{"type":"❌","phrase":"मुझे लेटिष पसंद नहीं है।"},{"type":"❤️","phrase":"मैं अपने सलाद को अधिक सलाद के रूप में पसंद करता हूं।"}]},{"slug":"radish","title":"मूली","phrases":[{"type":"❤️","phrase":"मुझे मूली खाना पसंद है।"},{"type":"🙋","phrase":"मैं मूली खाना चाहता हूं।"},{"type":"❌","phrase":"मुझे मूली पसंद नहीं है।"}]},{"slug":"bok-choy","title":"बोक चोय","phrases":[{"type":"❤️","phrase":"मुझे बोक चॉय खाना पसंद है।"},{"type":"🙋","phrase":"मैं एक बोक चोय खाना चाहता हूं।"},{"type":"❌","phrase":"मुझे बोक चॉय पसंद नहीं है।"}]},{"slug":"leek","title":"हरा प्याज","phrases":[{"type":"❤️","phrase":"मुझे लीची खाना पसंद है।"},{"type":"🙋","phrase":"मैं एक लीक खाना चाहता हूं।"},{"type":"❌","phrase":"मुझे लीक पसंद नहीं है।"}]},{"slug":"peas","title":"मटर","phrases":[{"type":"❤️","phrase":"मुझे मटर खाना पसंद है।"},{"type":"🙋","phrase":"मैं एक मटर खाना चाहता हूं।"},{"type":"❌","phrase":"मुझे मटर पसंद नहीं है।"}]},{"slug":"ginger","title":"अदरक","phrases":[{"type":"❤️","phrase":"मुझे अदरक खाना पसंद है।"},{"type":"🙋","phrase":"मैं एक अदरक खाना चाहता हूं।"},{"type":"❌","phrase":"मुझे अदरक पसंद नहीं है।"}]},{"slug":"sweet-potato","title":"शकरकंद","phrases":[{"type":"❤️","phrase":"मुझे शकरकंद खाना बहुत पसंद है।"},{"type":"🙋","phrase":"मैं एक शकरकंद खाना चाहता हूं।"},{"type":"❌","phrase":"मुझे शकरकंद पसंद नहीं है।"},{"type":"❤️","phrase":"मुझे तला हुआ शकरकंद खाना पसंद है।"}]},{"slug":"olives","title":"जैतून","phrases":[{"type":"❤️","phrase":"मुझे जैतून खाना पसंद है।"},{"type":"🙋","phrase":"मैं एक जैतून खाना चाहता हूं।"},{"type":"❌","phrase":"मुझे जैतून पसंद नहीं है।"},{"type":"❤️","phrase":"मुझे अपने पिज्जा में जैतून पसंद हैं।"}]}]