[{"slug":"walking","title":"Berjalan","phrases":[{"type":"❤️","phrase":"saya suka berjalan"},{"type":"❌","phrase":"Saya tidak suka berjalan"},{"type":"🙋","phrase":"Apakah Anda ingin berjalan bersama?"}]},{"slug":"running","title":"Lari","phrases":[{"type":"❤️","phrase":"Saya suka lari."},{"type":"❌","phrase":"Saya tidak suka berlari."},{"type":"🙋","phrase":"Apakah Anda ingin berlari?"}]},{"slug":"talking","title":"Pembicaraan","phrases":[{"type":"❤️","phrase":"Saya suka berbicara."},{"type":"❌","phrase":"Saya tidak suka berbicara."},{"type":"🙋","phrase":"Apakah Anda ingin berbicara dengan saya?"}]},{"slug":"reading","title":"Bacaan","phrases":[{"type":"❤️","phrase":"Saya suka membaca."},{"type":"❌","phrase":"Saya tidak suka membaca."},{"type":"🙋","phrase":"Apakah Anda ingin membaca bersama?"}]},{"slug":"football","title":"Sepak bola","phrases":[{"type":"❤️","phrase":"Saya suka bermain sepakbola."},{"type":"❌","phrase":"Saya tidak suka bermain sepak bola."},{"type":"🙋","phrase":"Apakah Anda ingin bermain sepakbola?"}]},{"slug":"basketball","title":"Bola basket","phrases":[{"type":"❤️","phrase":"Saya suka bermain basket."},{"type":"❌","phrase":"Saya tidak suka bermain basket."},{"type":"🙋","phrase":"Apakah Anda ingin bermain bola basket?"}]},{"slug":"swimming","title":"Renang","phrases":[{"type":"❤️","phrase":"Saya suka berenang."},{"type":"❌","phrase":"Saya tidak suka berenang."},{"type":"🙋","phrase":"Apakah kamu ingin pergi berenang?"}]},{"slug":"painting","title":"Lukisan","phrases":[{"type":"❤️","phrase":"Aku suka melukis."},{"type":"❌","phrase":"Saya tidak suka melukis."},{"type":"🙋","phrase":"Apakah Anda ingin melukis bersama?"}]},{"slug":"drawing","title":"Gambar","phrases":[{"type":"❤️","phrase":"Saya suka menggambar."},{"type":"❌","phrase":"Saya tidak suka menggambar."},{"type":"🙋","phrase":"Apakah Anda ingin menggambar bersama?"}]},{"slug":"cycling","title":"Bersepeda","phrases":[{"type":"❤️","phrase":"Aku suka bersepeda."},{"type":"❌","phrase":"Saya tidak suka bersepeda."},{"type":"🙋","phrase":"Anda ingin bersepeda?"}]},{"slug":"skating","title":"Skating","phrases":[{"type":"❤️","phrase":"Saya suka skating."},{"type":"❌","phrase":"Saya tidak suka skating."},{"type":"🙋","phrase":"Apakah Anda ingin bermain skating?"}]},{"slug":"sightseeing","title":"Melihat-lihat","phrases":[{"type":"❤️","phrase":"Saya suka jalan-jalan."},{"type":"❌","phrase":"Saya tidak suka jalan-jalan."},{"type":"🙋","phrase":"Apakah Anda ingin pergi jalan-jalan?"}]},{"slug":"video-games","title":"Video game","phrases":[{"type":"❤️","phrase":"Saya suka bermain video game."},{"type":"❌","phrase":"Saya tidak suka bermain video game."},{"type":"🙋","phrase":"Apakah Anda ingin bermain game?"}]},{"slug":"tidying","title":"Merapikan","phrases":[{"type":"❤️","phrase":"Saya suka merapikan kamar saya."},{"type":"❌","phrase":"Saya tidak suka merapikan kamar saya."},{"type":"🙋","phrase":"Bisakah Anda membantu saya merapikan kamar saya?"}]},{"slug":"toys","title":"Mainan","phrases":[{"type":"❤️","phrase":"Saya suka mainan."},{"type":"❌","phrase":"Saya tidak suka mainan."},{"type":"🙋","phrase":"Apakah Anda ingin bermain dengan mainan saya?"}]},{"slug":"puzzle","title":"Membingungkan","phrases":[{"type":"❤️","phrase":"Saya suka memecahkan puzzle."},{"type":"❌","phrase":"Saya tidak suka memecahkan puzzle."},{"type":"🙋","phrase":"Apakah Anda ingin menyelesaikan teka-teki dengan saya?"}]},{"slug":"comics","title":"Komik","phrases":[{"type":"❤️","phrase":"Saya suka membaca komik."},{"type":"❌","phrase":"Saya tidak suka membaca komik."},{"type":"🙋","phrase":"Anda ingin membaca komik?"}]},{"slug":"chess","title":"Catur","phrases":[{"type":"❤️","phrase":"Saya suka bermain catur."},{"type":"❌","phrase":"Saya tidak suka bermain catur."},{"type":"🙋","phrase":"Apakah Anda ingin bermain catur dengan saya?"}]},{"slug":"using-leeloo","title":"Menggunakan Leeloo","phrases":[{"type":"❤️","phrase":"Saya suka menggunakan leeloo."},{"type":"❌","phrase":"Saya tidak suka menggunakan leeloo."},{"type":"🙋","phrase":"Bisakah Anda mengganti paket kartu di leeloo?"}]},{"slug":"texting","title":"SMS","phrases":[{"type":"❤️","phrase":"Saya suka SMS."},{"type":"❌","phrase":"Saya tidak suka SMS."}]},{"slug":"knitting","title":"Rajutan","phrases":[{"type":"❤️","phrase":"Saya suka rajutan."},{"type":"❌","phrase":"Saya tidak suka rajutan."},{"type":"🙋","phrase":"Saya ingin belajar cara merajut."}]},{"slug":"bowling","title":"Bowling","phrases":[{"type":"❤️","phrase":"Saya suka bowling."},{"type":"❌","phrase":"Saya tidak suka bowling."},{"type":"🙋","phrase":"Apakah Anda ingin bermain bowling dengan saya?"}]},{"slug":"watching-tv","title":"Menonton televisi","phrases":[{"type":"❤️","phrase":"Saya suka menonton TV."},{"type":"❌","phrase":"Saya tidak suka menonton tv."},{"type":"🙋","phrase":"Apakah Anda ingin menonton tv?"}]},{"slug":"fishing","title":"Penangkapan ikan","phrases":[{"type":"❤️","phrase":"Saya suka memancing."},{"type":"❌","phrase":"Saya tidak suka memancing."},{"type":"🙋","phrase":"Apakah Anda ingin pergi memancing?"}]},{"slug":"exercising","title":"Berolahraga","phrases":[{"type":"❤️","phrase":"Saya suka berolahraga."},{"type":"❌","phrase":"Saya tidak suka berolahraga."},{"type":"🙋","phrase":"Apakah Anda ingin berolahraga dengan saya?"}]},{"slug":"tennis","title":"Tenis","phrases":[{"type":"❤️","phrase":"Aku suka bermain tenis."},{"type":"❌","phrase":"Saya tidak suka bermain tenis."},{"type":"🙋","phrase":"Apakah Anda ingin bermain tenis dengan saya?"}]}]