[{"slug":"cat","title":"Kucing","phrases":[{"type":"❤️","phrase":"Aku suka kucing."},{"type":"👀","phrase":"Saya melihat seekor kucing."},{"type":"🔊","phrase":"Suara apa yang dihasilkan kucing?"},{"type":"🐈","phrase":"Bisakah kita mendapatkan kucing sebagai hewan peliharaan?"}]},{"slug":"dog","title":"Anjing","phrases":[{"type":"❤️","phrase":"Saya suka anjing."},{"type":"👀","phrase":"Saya melihat seekor anjing."},{"type":"🔊","phrase":"Suara apa yang dilakukan anjing?"},{"type":"🐕","phrase":"Bisakah kita mendapatkan anjing sebagai hewan peliharaan?"}]},{"slug":"fish","title":"Ikan","phrases":[{"type":"❤️","phrase":"Aku suka ikan."},{"type":"👀","phrase":"Saya melihat seekor ikan."},{"type":"🔊","phrase":"Suara apa yang dihasilkan ikan?"},{"type":"🐠","phrase":"Bisakah kita mendapatkan ikan sebagai hewan peliharaan?"}]},{"slug":"rabbit","title":"kelinci","phrases":[{"type":"❤️","phrase":"Saya suka kelinci."},{"type":"👀","phrase":"Saya melihat seekor kelinci."},{"type":"🔊","phrase":"Suara apa yang dihasilkan kelinci?"},{"type":"🐇","phrase":"Bisakah kita mendapatkan kelinci sebagai hewan peliharaan?"}]},{"slug":"butterfly","title":"Kupu-kupu","phrases":[{"type":"❤️","phrase":"Saya suka kupu-kupu."},{"type":"👀","phrase":"Saya melihat seekor kupu-kupu."},{"type":"🔊","phrase":"Suara apa yang dihasilkan kupu-kupu?"}]},{"slug":"kangaroo","title":"Kanguru","phrases":[{"type":"❤️","phrase":"Saya suka kanguru."},{"type":"👀","phrase":"Saya melihat seekor kangguru."},{"type":"🔊","phrase":"Suara apa yang dibuat oleh seekor kangguru?"}]},{"slug":"turtle","title":"Penyu","phrases":[{"type":"❤️","phrase":"Saya suka kura-kura."},{"type":"👀","phrase":"Saya melihat kura-kura."},{"type":"🔊","phrase":"Suara apa yang dibuat kura-kura?"}]},{"slug":"giraffe","title":"Jerapah","phrases":[{"type":"❤️","phrase":"Saya suka jerapah."},{"type":"👀","phrase":"Saya melihat jerapah."},{"type":"🔊","phrase":"Suara apa yang dihasilkan jerapah?"}]},{"slug":"frog","title":"Katak","phrases":[{"type":"❤️","phrase":"Saya suka katak."},{"type":"👀","phrase":"Saya melihat seekor katak."},{"type":"🔊","phrase":"Suara apa yang dihasilkan katak?"}]},{"slug":"swan","title":"Angsa","phrases":[{"type":"❤️","phrase":"Saya suka angsa."},{"type":"👀","phrase":"Saya melihat angsa."},{"type":"🔊","phrase":"Suara apa yang dibuat angsa?"}]},{"slug":"spider","title":"Laba-laba","phrases":[{"type":"❤️","phrase":"Saya suka laba-laba."},{"type":"👀","phrase":"Saya melihat seekor laba-laba."},{"type":"🔊","phrase":"Suara apa yang dihasilkan laba-laba?"}]},{"slug":"cow","title":"Lembu","phrases":[{"type":"❤️","phrase":"Saya suka sapi."},{"type":"👀","phrase":"Saya melihat seekor sapi."},{"type":"🔊","phrase":"Suara apa yang dihasilkan sapi?"}]},{"slug":"duck","title":"bebek","phrases":[{"type":"❤️","phrase":"Saya suka bebek."},{"type":"👀","phrase":"Saya melihat bebek."},{"type":"🔊","phrase":"Suara apa yang dihasilkan bebek?"}]},{"slug":"horse","title":"Kuda","phrases":[{"type":"❤️","phrase":"Aku suka kuda."},{"type":"👀","phrase":"Saya melihat seekor kuda."},{"type":"🔊","phrase":"Suara apa yang dihasilkan kuda?"}]},{"slug":"chicken","title":"Ayam","phrases":[{"type":"❤️","phrase":"Saya suka ayam."},{"type":"👀","phrase":"Saya melihat seekor ayam."},{"type":"🔊","phrase":"Suara apa yang dihasilkan ayam?"}]},{"slug":"bee","title":"Lebah","phrases":[{"type":"❤️","phrase":"Saya suka lebah."},{"type":"👀","phrase":"Saya melihat seekor lebah."},{"type":"🔊","phrase":"Suara apa yang dihasilkan lebah?"}]},{"slug":"pig","title":"Babi","phrases":[{"type":"❤️","phrase":"Saya suka babi."},{"type":"👀","phrase":"Saya melihat seekor babi."},{"type":"🔊","phrase":"Suara apa yang dihasilkan babi?"}]},{"slug":"dove","title":"Merpati","phrases":[{"type":"❤️","phrase":"Saya suka merpati."},{"type":"👀","phrase":"Saya melihat seekor merpati."},{"type":"🔊","phrase":"Suara apa yang dilakukan burung merpati?"}]},{"slug":"crab","title":"Kepiting","phrases":[{"type":"❤️","phrase":"Saya suka kepiting."},{"type":"👀","phrase":"Saya melihat seekor kepiting."},{"type":"🔊","phrase":"Suara apa yang dihasilkan kepiting?"}]},{"slug":"penguin","title":"pinguin","phrases":[{"type":"❤️","phrase":"Saya suka penguin."},{"type":"👀","phrase":"Saya melihat seekor penguin."},{"type":"🔊","phrase":"Suara apa yang dihasilkan seekor penguin?"}]},{"slug":"elephant","title":"Gajah","phrases":[{"type":"❤️","phrase":"Saya suka gajah."},{"type":"👀","phrase":"Saya melihat seekor gajah."},{"type":"🔊","phrase":"Suara apa yang dihasilkan gajah?"}]},{"slug":"zebra","title":"Zebra","phrases":[{"type":"❤️","phrase":"Saya suka zebra."},{"type":"👀","phrase":"Saya melihat zebra."},{"type":"🔊","phrase":"Suara apa yang dibuat zebra?"}]},{"slug":"panda","title":"Panda","phrases":[{"type":"❤️","phrase":"Saya suka panda."},{"type":"👀","phrase":"Saya melihat seekor panda."},{"type":"🔊","phrase":"Suara apa yang dihasilkan panda?"}]},{"slug":"monkey","title":"Monyet","phrases":[{"type":"❤️","phrase":"Saya suka monyet."},{"type":"👀","phrase":"Saya melihat seekor monyet."},{"type":"🔊","phrase":"Suara apa yang dilakukan monyet?"}]},{"slug":"camel","title":"Unta","phrases":[{"type":"❤️","phrase":"Saya suka unta."},{"type":"👀","phrase":"Saya melihat unta."},{"type":"🔊","phrase":"Suara apa yang dihasilkan unta?"}]},{"slug":"mouse","title":"Mouse","phrases":[{"type":"❤️","phrase":"Saya suka tikus."},{"type":"👀","phrase":"Saya melihat tikus."},{"type":"🔊","phrase":"Suara apa yang dihasilkan oleh mouse?"}]},{"slug":"tiger","title":"Harimau","phrases":[{"type":"❤️","phrase":"Saya suka harimau."},{"type":"👀","phrase":"Saya melihat seekor harimau."},{"type":"🔊","phrase":"Suara apa yang dihasilkan harimau?"}]},{"slug":"jellyfish","title":"Ubur-ubur","phrases":[{"type":"❤️","phrase":"Saya suka ubur-ubur."},{"type":"👀","phrase":"Saya melihat ubur-ubur."},{"type":"🔊","phrase":"Suara apa yang dihasilkan ubur-ubur?"}]},{"slug":"crocodile","title":"Buaya","phrases":[{"type":"❤️","phrase":"Saya suka buaya."},{"type":"👀","phrase":"Saya melihat buaya."},{"type":"🔊","phrase":"Suara apa yang dihasilkan buaya?"}]},{"slug":"koala","title":"Koala","phrases":[{"type":"❤️","phrase":"Saya suka koala."},{"type":"👀","phrase":"Saya melihat seekor koala."},{"type":"🔊","phrase":"Suara apa yang dihasilkan koala?"}]},{"slug":"ostrich","title":"Burung unta","phrases":[{"type":"❤️","phrase":"Saya suka burung unta."},{"type":"👀","phrase":"Saya melihat seekor burung unta."},{"type":"🔊","phrase":"Suara apa yang dihasilkan burung unta?"}]},{"slug":"racoon","title":"Racoon","phrases":[{"type":"❤️","phrase":"Saya suka racoons."},{"type":"👀","phrase":"Saya melihat sebuah rakun."},{"type":"🔊","phrase":"Kebisingan apa yang dihasilkan oleh sebuah racoon?"}]},{"slug":"bat","title":"Kelelawar","phrases":[{"type":"❤️","phrase":"Saya suka kelelawar."},{"type":"👀","phrase":"Saya melihat kelelawar."},{"type":"🔊","phrase":"Suara apa yang dihasilkan kelelawar?"}]},{"slug":"eagle","title":"Burung rajawali","phrases":[{"type":"❤️","phrase":"Saya suka elang."},{"type":"👀","phrase":"Saya melihat seekor elang."},{"type":"🔊","phrase":"Suara apa yang dihasilkan rajawali?"}]},{"slug":"hippopotamus","title":"Kuda nil","phrases":[{"type":"❤️","phrase":"Saya suka kuda nil."},{"type":"👀","phrase":"Saya melihat kuda nil."},{"type":"🔊","phrase":"Suara apa yang dihasilkan kuda nil?"}]},{"slug":"seal","title":"Segel","phrases":[{"type":"❤️","phrase":"Saya suka anjing laut."},{"type":"👀","phrase":"Saya melihat segel."},{"type":"🔊","phrase":"Kebisingan apa yang dilakukan anjing laut?"}]},{"slug":"walrus","title":"Anjing laut","phrases":[{"type":"❤️","phrase":"Saya suka walrus."},{"type":"👀","phrase":"Saya melihat walrus."},{"type":"🔊","phrase":"Suara apa yang dibuat walrus?"}]},{"slug":"seahorse","title":"Kuda laut","phrases":[{"type":"❤️","phrase":"Saya suka kuda laut."},{"type":"👀","phrase":"Saya melihat kuda laut."},{"type":"🔊","phrase":"Suara apa yang dihasilkan kuda laut?"}]},{"slug":"bull","title":"Banteng","phrases":[{"type":"❤️","phrase":"Saya suka lembu jantan."},{"type":"👀","phrase":"Saya melihat seekor banteng."},{"type":"🔊","phrase":"Suara apa yang dihasilkan banteng?"}]},{"slug":"pelican","title":"Pelikan","phrases":[{"type":"❤️","phrase":"Saya suka pelikan."},{"type":"👀","phrase":"Saya melihat seekor pelican."},{"type":"🔊","phrase":"Suara apa yang dihasilkan pelikan?"}]},{"slug":"beaver","title":"Berang-berang","phrases":[{"type":"❤️","phrase":"Saya suka berang-berang."},{"type":"👀","phrase":"Saya melihat berang-berang."},{"type":"🔊","phrase":"Suara apa yang dilakukan oleh berang-berang?"}]},{"slug":"goldfish","title":"Ikan mas","phrases":[{"type":"❤️","phrase":"Saya suka ikan mas."},{"type":"👀","phrase":"Saya melihat ikan mas."},{"type":"🔊","phrase":"Suara apa yang dihasilkan ikan mas?"},{"type":"🐠","phrase":"Bisakah kita mendapatkan ikan mas sebagai hewan peliharaan?"}]},{"slug":"rhinoceros","title":"Badak","phrases":[{"type":"❤️","phrase":"Saya suka badak."},{"type":"👀","phrase":"Saya melihat badak."},{"type":"🔊","phrase":"Suara apa yang dihasilkan badak?"}]},{"slug":"snake","title":"Ular","phrases":[{"type":"❤️","phrase":"Saya suka ular."},{"type":"👀","phrase":"Saya melihat seekor ular."},{"type":"🔊","phrase":"Suara apa yang dihasilkan ular?"}]},{"slug":"lion","title":"Singa","phrases":[{"type":"❤️","phrase":"Saya suka singa."},{"type":"👀","phrase":"Saya melihat singa."},{"type":"🔊","phrase":"Suara apa yang dibuat singa?"}]},{"slug":"squid","title":"Cumi-cumi","phrases":[{"type":"❤️","phrase":"Saya suka cumi-cumi."},{"type":"👀","phrase":"Saya melihat cumi-cumi."},{"type":"🔊","phrase":"Suara apa yang dihasilkan cumi-cumi?"}]},{"slug":"whale","title":"Ikan paus","phrases":[{"type":"❤️","phrase":"Saya suka ikan paus."},{"type":"👀","phrase":"Saya melihat seekor paus."},{"type":"🔊","phrase":"Suara apa yang dihasilkan paus?"}]},{"slug":"beetle","title":"Kumbang","phrases":[{"type":"❤️","phrase":"Saya suka kumbang."},{"type":"👀","phrase":"Saya melihat seekor kumbang."},{"type":"🔊","phrase":"Suara apa yang dihasilkan kumbang?"}]},{"slug":"dolphin","title":"Lumba-lumba","phrases":[{"type":"❤️","phrase":"Saya suka lumba-lumba."},{"type":"👀","phrase":"Saya melihat lumba-lumba."},{"type":"🔊","phrase":"Suara apa yang dihasilkan lumba-lumba?"}]},{"slug":"starfish","title":"Bintang laut","phrases":[{"type":"❤️","phrase":"Saya suka bintang laut."},{"type":"👀","phrase":"Saya melihat bintang laut."},{"type":"🔊","phrase":"Suara apa yang dihasilkan oleh bintang laut?"}]},{"slug":"parakeet","title":"Parkit","phrases":[{"type":"❤️","phrase":"Saya suka parkit."},{"type":"👀","phrase":"Saya melihat sebuah parkit."},{"type":"🔊","phrase":"Suara apa yang dihasilkan oleh parkit?"}]},{"slug":"owl","title":"Burung hantu","phrases":[{"type":"❤️","phrase":"Saya suka burung hantu."},{"type":"👀","phrase":"Saya melihat burung hantu."},{"type":"🔊","phrase":"Suara apa yang dihasilkan burung hantu?"}]},{"slug":"sheep","title":"Domba","phrases":[{"type":"❤️","phrase":"Saya suka domba."},{"type":"👀","phrase":"Saya melihat seekor domba."},{"type":"🔊","phrase":"Suara apa yang dihasilkan domba?"}]}]