[{"slug":"pants","title":"Celana","phrases":[{"type":"🧼","phrase":"Celana saya kotor."},{"type":"🙋","phrase":"Bisakah Anda membantu saya memakai celana saya?"}]},{"slug":"shirt","title":"Kemeja","phrases":[{"type":"🧼","phrase":"Kemejaku kotor."},{"type":"🙋","phrase":"Bisakah Anda membantu saya memakai baju saya?"}]},{"slug":"skirt","title":"Rok","phrases":[{"type":"🧼","phrase":"Rok saya kotor."},{"type":"🙋","phrase":"Bisakah Anda membantu saya memakai rok saya?"}]},{"slug":"panty","title":"Panty","phrases":[{"type":"🧼","phrase":"Pakaian dalam saya kotor."},{"type":"🙋","phrase":"Bisakah Anda membantu saya memakai celana dalam saya?"}]},{"slug":"jacket","title":"Jaket","phrases":[{"type":"🧼","phrase":"Jaket saya kotor."},{"type":"🙋","phrase":"Bisakah Anda membantu saya memakai jaket?"}]},{"slug":"tie","title":"Dasi","phrases":[{"type":"❤️","phrase":"Saya suka memakai dasi."},{"type":"🙋","phrase":"Bisakah Anda membantu saya mengikat dasi saya?"}]},{"slug":"baseball-cap","title":"Topi baseball","phrases":[{"type":"❤️","phrase":"Saya suka memakai topi baseball."},{"type":"❓","phrase":"Topi baseball mana yang harus saya pakai?"}]},{"slug":"dress","title":"Gaun","phrases":[{"type":"🧼","phrase":"Gaun saya kotor."},{"type":"🙋","phrase":"Bisakah Anda membantu saya mengenakan gaun saya?"}]},{"slug":"shoes","title":"Sepatu","phrases":[{"type":"🧼","phrase":"Sepatu saya kotor."},{"type":"🙋","phrase":"Bisakah Anda membantu saya memakai sepatu?"}]},{"slug":"boots","title":"Sepatu bot","phrases":[{"type":"🧼","phrase":"Sepatu bot saya kotor."},{"type":"🙋","phrase":"Bisakah Anda membantu saya memakai sepatu bot saya?"}]},{"slug":"sneakers","title":"Sepatu kets","phrases":[{"type":"🎈","phrase":"Saya ingin memakai sepatu saya."},{"type":"🙋","phrase":"Bisakah Anda membantu saya memakai sepatu saya?"}]},{"slug":"slippers","title":"Sandal","phrases":[{"type":"🎈","phrase":"Saya ingin memakai sandal saya."},{"type":"🙋","phrase":"Bisakah Anda membantu saya memakai sandal?"}]},{"slug":"belt","title":"Sabuk","phrases":[{"type":"❤️","phrase":"Saya suka memakai ikat pinggang."},{"type":"🙋","phrase":"Bisakah Anda membantu saya memakai ikat pinggang?"}]},{"slug":"socks","title":"Kaus kaki","phrases":[{"type":"🧼","phrase":"Kaus kakiku kotor."},{"type":"🙋","phrase":"Bisakah Anda membantu saya memakai kaus kaki?"}]},{"slug":"swimsuit","title":"Baju renang","phrases":[{"type":"❤️","phrase":"Saya ingin memakai baju renang saya."},{"type":"🙋","phrase":"Bisakah Anda membantu saya memakai baju renang saya?"}]},{"slug":"sweater","title":"Sweater","phrases":[{"type":"🧼","phrase":"Sweater saya kotor."},{"type":"🙋","phrase":"Bisakah Anda membantu saya mengenakan sweter?"}]},{"slug":"scarf","title":"Syal","phrases":[{"type":"❤️","phrase":"Saya suka memakai syal."},{"type":"🙋","phrase":"Bisakah Anda membantu saya mengenakan syal?"}]},{"slug":"denim-shorts","title":"Celana pendek denim","phrases":[{"type":"🧼","phrase":"Celana pendek denim saya kotor."},{"type":"🙋","phrase":"Bisakah Anda membantu saya memakai celana pendek denim saya?"}]},{"slug":"hoodies","title":"Hoodies","phrases":[{"type":"❤️","phrase":"Saya suka memakai hoodies."},{"type":"🙋","phrase":"Bisakah Anda membantu saya mengenakan hoodie?"}]},{"slug":"swimming-shorts","title":"Celana renang","phrases":[{"type":"🧼","phrase":"Celana renang saya kotor."},{"type":"🙋","phrase":"Bisakah Anda membantu saya memakai celana renang saya?"}]},{"slug":"bow-tie","title":"Dasi kupu-kupu","phrases":[{"type":"❤️","phrase":"Saya suka memakai dasi kupu-kupu."},{"type":"🙋","phrase":"Bisakah Anda membantu saya memakai dasi kupu-kupu?"}]},{"slug":"leather-jacket","title":"Jaket kulit","phrases":[{"type":"❤️","phrase":"Saya suka memakai jaket kulit."},{"type":"🙋","phrase":"Bisakah Anda membantu saya mengenakan jaket kulit?"}]},{"slug":"bathrobe","title":"Bathrope","phrases":[{"type":"❤️","phrase":"Saya suka memakai jubah mandi."},{"type":"🙋","phrase":"Bisakah Anda membantu saya memakai jubah mandi?"}]},{"slug":"jumpsuit","title":"Jumpsuit","phrases":[{"type":"❤️","phrase":"Saya suka memakai jumpsuit."},{"type":"🙋","phrase":"Bisakah Anda membantu saya memakai jumpsuit saya?"}]},{"slug":"fedora-hat","title":"Topi fedora","phrases":[{"type":"❤️","phrase":"Saya suka memakai topi fedora."},{"type":"🙋","phrase":"Bisakah Anda membantu saya memakai topi fedora saya?"}]},{"slug":"t-shirt","title":"Kaos","phrases":[{"type":"❤️","phrase":"Saya suka memakai kaos."},{"type":"🙋","phrase":"Bisakah Anda membantu saya mengenakan t-shirt saya?"}]},{"slug":"sleeveless","title":"Tak berlengan","phrases":[{"type":"❤️","phrase":"Saya suka memakai baju tanpa lengan."},{"type":"🙋","phrase":"Bisakah Anda membantu saya memakai baju tanpa lengan?"}]},{"slug":"boxers","title":"Petinju","phrases":[{"type":"❤️","phrase":"Saya suka memakai celana boxer."},{"type":"🙋","phrase":"Bisakah Anda membantu saya memakai celana pendek?"}]},{"slug":"vest","title":"Rompi","phrases":[{"type":"❤️","phrase":"Saya suka memakai rompi."},{"type":"🙋","phrase":"Bisakah Anda membantu saya memakai rompi saya?"}]},{"slug":"pamela-hat","title":"Topi Pamela","phrases":[{"type":"❤️","phrase":"Saya suka memakai topi pamela."},{"type":"🙋","phrase":"Bisakah Anda membantu saya memakai topi pamela saya?"}]},{"slug":"high-heels","title":"Sepatu hak tinggi","phrases":[{"type":"❤️","phrase":"Saya suka memakai sepatu hak tinggi."},{"type":"🙋","phrase":"Bisakah Anda membantu saya mengenakan sepatu hak tinggi?"}]},{"slug":"overalls","title":"Overall","phrases":[{"type":"❤️","phrase":"Saya suka memakai overall."},{"type":"🙋","phrase":"Bisakah Anda membantu saya memakai terusan?"}]},{"slug":"kimono","title":"Kimono","phrases":[{"type":"❤️","phrase":"Saya suka memakai kimono."},{"type":"🙋","phrase":"Bisakah Anda membantu saya mengenakan kimono?"}]},{"slug":"raincoat","title":"Jas hujan","phrases":[{"type":"❤️","phrase":"Saya suka memakai jas hujan."},{"type":"🙋","phrase":"Bisakah Anda membantu saya memakai jas hujan?"}]},{"slug":"bandana","title":"Bandana","phrases":[{"type":"❤️","phrase":"Saya suka memakai bandana."},{"type":"🙋","phrase":"Bisakah Anda membantu saya memakai bandana?"}]},{"slug":"beret","title":"Baret","phrases":[{"type":"❤️","phrase":"Saya suka memakai baret."},{"type":"🙋","phrase":"Bisakah Anda membantu saya memakai baret?"}]},{"slug":"knit-hat","title":"Topi rajut","phrases":[{"type":"❤️","phrase":"Saya suka memakai topi rajut."},{"type":"🙋","phrase":"Bisakah Anda membantu saya memakai topi rajut?"}]},{"slug":"suspenders","title":"Bretel","phrases":[{"type":"❤️","phrase":"Saya suka memakai suspender."},{"type":"🙋","phrase":"Bisakah Anda membantu saya mengenakan suspender?"}]},{"slug":"mitten","title":"Sarung tangan","phrases":[{"type":"❤️","phrase":"Saya suka memakai sarung tangan."},{"type":"🙋","phrase":"Bisakah Anda membantu saya memakai sarung tangan?"}]},{"slug":"suit","title":"Sesuai","phrases":[{"type":"❤️","phrase":"Saya suka memakai jas."},{"type":"🙋","phrase":"Bisakah Anda membantu saya memakai jas saya?"}]},{"slug":"coat","title":"Mantel","phrases":[{"type":"❤️","phrase":"Saya suka memakai mantel."},{"type":"🙋","phrase":"Bisakah Anda membantu saya memakai mantel saya?"}]},{"slug":"trench-coat","title":"Jas hujan","phrases":[{"type":"❤️","phrase":"Saya suka memakai mantel parit."},{"type":"🙋","phrase":"Bisakah Anda membantu saya memakai mantel parit?"}]}]