[{"slug":"crayons","title":"Krayon","phrases":[{"type":"❤️","phrase":"Saya suka krayon."},{"type":"🙋","phrase":"Bisakah Anda memberi saya krayon?"},{"type":"🖍️","phrase":"Saya ingin menggambar menggunakan krayon saya."}]},{"slug":"red","title":"Merah","phrases":[{"type":"👉","phrase":"Warnanya merah."},{"type":"💜","phrase":"Warna favorit ku adalah merah."},{"type":"🙋","phrase":"Bisakah Anda memberi saya cat merah?"}]},{"slug":"blue","title":"Biru","phrases":[{"type":"👉","phrase":"Itu biru."},{"type":"💜","phrase":"Warna favorit saya adalah biru."},{"type":"🙋","phrase":"Bisakah Anda memberi saya cat biru?"}]},{"slug":"orange","title":"jeruk","phrases":[{"type":"👉","phrase":"Itu warna oranye."},{"type":"💜","phrase":"Warna favorit saya adalah oranye."},{"type":"🙋","phrase":"Bisakah Anda memberi saya cat oranye?"}]},{"slug":"green","title":"hijau","phrases":[{"type":"👉","phrase":"Itu hijau."},{"type":"💜","phrase":"Warna kesukaanku adalah hijau."},{"type":"🙋","phrase":"Bisakah Anda memberi saya cat hijau?"}]},{"slug":"yellow","title":"Kuning","phrases":[{"type":"👉","phrase":"Warnanya kuning."},{"type":"💜","phrase":"Warna kesukaanku adalah kuning."},{"type":"🙋","phrase":"Bisakah Anda memberi saya cat kuning?"}]},{"slug":"purple","title":"Ungu","phrases":[{"type":"👉","phrase":"Itu ungu."},{"type":"💜","phrase":"Warna favoritku adalah ungu."},{"type":"🙋","phrase":"Bisakah Anda memberi saya cat ungu?"}]},{"slug":"pink","title":"Merah Jambu","phrases":[{"type":"👉","phrase":"Merah muda."},{"type":"💜","phrase":"Warna favorit saya adalah merah muda."},{"type":"🙋","phrase":"Bisakah Anda memberi saya cat merah muda?"}]},{"slug":"brown","title":"cokelat","phrases":[{"type":"👉","phrase":"Warnanya coklat."},{"type":"💜","phrase":"Warna favorit saya adalah cokelat."},{"type":"🙋","phrase":"Bisakah Anda memberi saya cat cokelat?"}]},{"slug":"black","title":"Hitam","phrases":[{"type":"👉","phrase":"Itu hitam."},{"type":"💜","phrase":"Warna favorit saya adalah hitam."},{"type":"🙋","phrase":"Bisakah Anda memberi saya cat hitam?"}]},{"slug":"white","title":"putih","phrases":[{"type":"👉","phrase":"Itu putih."},{"type":"💜","phrase":"Warna favorit saya adalah putih."},{"type":"🙋","phrase":"Bisakah Anda memberi saya cat putih?"}]},{"slug":"gray","title":"Abu-abu","phrases":[{"type":"👉","phrase":"Warnanya abu-abu."},{"type":"💜","phrase":"Warna favorit saya adalah abu-abu."},{"type":"🙋","phrase":"Bisakah Anda memberi saya cat abu-abu?"}]},{"slug":"transparent","title":"Transparan","phrases":[{"type":"👉","phrase":"Itu transparan."},{"type":"👀","phrase":"Saya bisa melihat di balik warna transparan."},{"type":"🙋","phrase":"Bisakah Anda membantu saya menghapus?"}]},{"slug":"cyan","title":"Cyan","phrases":[{"type":"👉","phrase":"Itu adalah cyan."},{"type":"💜","phrase":"Warna favorit saya adalah cyan."},{"type":"🙋","phrase":"Bisakah Anda memberi saya cat cyan?"}]},{"slug":"violet","title":"Violet","phrases":[{"type":"👉","phrase":"Itu ungu."},{"type":"💜","phrase":"Warna favorit saya adalah ungu."},{"type":"🙋","phrase":"Bisakah Anda memberi saya cat ungu?"}]},{"slug":"turquoise","title":"Pirus","phrases":[{"type":"👉","phrase":"Ini pirus."},{"type":"💜","phrase":"Warna favorit saya adalah turquose."},{"type":"🙋","phrase":"Bisakah Anda memberi saya cat turquose?"}]},{"slug":"lime","title":"jeruk nipis","phrases":[{"type":"👉","phrase":"Itu adalah jeruk nipis."},{"type":"💜","phrase":"Warna favorit saya adalah jeruk nipis."},{"type":"🙋","phrase":"Bisakah Anda memberi saya cat kapur?"}]},{"slug":"plum","title":"Prem","phrases":[{"type":"👉","phrase":"Itu adalah buah prem."},{"type":"💜","phrase":"Warna favorit saya adalah prem."},{"type":"🙋","phrase":"Bisakah Anda memberi saya cat prem?"}]},{"slug":"tan","title":"Berjemur","phrases":[{"type":"👉","phrase":"Itu adalah warna cokelat."},{"type":"💜","phrase":"Warna favorit saya adalah warna cokelat."},{"type":"🙋","phrase":"Bisakah Anda memberi saya cat warna cokelat?"}]},{"slug":"avocado","title":"Alpukat","phrases":[{"type":"👉","phrase":"Itu adalah warna alpukat."},{"type":"💜","phrase":"Warna favorit saya adalah warna alpukat."},{"type":"🙋","phrase":"Bisakah Anda memberi saya cat warna alpukat?"}]},{"slug":"barbie-pink","title":"Barbie pink","phrases":[{"type":"👉","phrase":"Itu adalah warna merah muda barbie."},{"type":"💜","phrase":"Warna favorit saya adalah barbie pink."},{"type":"🙋","phrase":"Bisakah Anda memberi saya cat merah muda barbie?"}]},{"slug":"blizzard-blue","title":"Biru badai salju","phrases":[{"type":"👉","phrase":"Ini adalah warna biru badai salju."},{"type":"💜","phrase":"Warna favorit saya adalah warna biru badai salju."},{"type":"🙋","phrase":"Bisakah Anda memberi saya cat biru badai salju?"}]}]