[{"slug":"coffee","title":"kopi","phrases":[{"type":"❤️","phrase":"Saya suka minum kopi."},{"type":"🙋","phrase":"Saya ingin minum kopi."}]},{"slug":"water","title":"air","phrases":[{"type":"☝️","phrase":"Saya perlu minum air."},{"type":"🙋","phrase":"Saya ingin minum air."}]},{"slug":"juice","title":"Jus","phrases":[{"type":"❤️","phrase":"Saya suka minum jus."},{"type":"🙋","phrase":"Saya ingin minum jus."}]},{"slug":"tea","title":"teh","phrases":[{"type":"❤️","phrase":"Saya suka minum teh."},{"type":"🙋","phrase":"Saya ingin minum teh."}]},{"slug":"grape-juice","title":"Jus anggur","phrases":[{"type":"❤️","phrase":"Saya suka minum jus anggur."},{"type":"🙋","phrase":"Saya ingin minum jus anggur."}]},{"slug":"milk","title":"susu","phrases":[{"type":"❤️","phrase":"Saya suka minum susu."},{"type":"🙋","phrase":"Saya ingin minum susu."}]},{"slug":"milkshake","title":"Milkshake","phrases":[{"type":"❤️","phrase":"Saya suka minum milkshake."},{"type":"🙋","phrase":"Saya ingin minum milkshake."}]},{"slug":"orange-juice","title":"jus jeruk","phrases":[{"type":"❤️","phrase":"Saya suka minum jus jeruk."},{"type":"🙋","phrase":"Saya ingin minum jus jeruk."}]},{"slug":"apple-juice","title":"jus apel","phrases":[{"type":"❤️","phrase":"Saya suka minum jus apel."},{"type":"🙋","phrase":"Saya ingin minum jus apel."}]},{"slug":"pineapple-juice","title":"Jus nanas","phrases":[{"type":"❤️","phrase":"Saya suka minum jus nanas."},{"type":"🙋","phrase":"Saya ingin minum jus nanas."}]},{"slug":"lemonade","title":"Limun","phrases":[{"type":"❤️","phrase":"Saya suka minum limun."},{"type":"🙋","phrase":"Saya ingin minum limun."}]},{"slug":"coke","title":"minuman bersoda","phrases":[{"type":"❤️","phrase":"Saya suka minum kokas."},{"type":"🙋","phrase":"Saya ingin minum kokas."}]},{"slug":"soda","title":"Soda","phrases":[{"type":"❤️","phrase":"Saya suka minum soda."},{"type":"🙋","phrase":"Saya ingin minum soda."}]},{"slug":"frappe","title":"Frape","phrases":[{"type":"❤️","phrase":"Saya suka minum frappe."},{"type":"🙋","phrase":"Saya ingin minum frappe."}]},{"slug":"smoothie","title":"Smoothie","phrases":[{"type":"❤️","phrase":"Saya suka minum smoothie."},{"type":"🙋","phrase":"Saya ingin minum smoothie."}]},{"slug":"iced-tea","title":"Es teh","phrases":[{"type":"❤️","phrase":"Saya suka minum es teh."},{"type":"🙋","phrase":"Saya ingin minum es teh."}]},{"slug":"hot-chocolate","title":"Coklat panas","phrases":[{"type":"❤️","phrase":"Saya suka minum cokelat panas."},{"type":"🙋","phrase":"Saya ingin minum cokelat panas."}]},{"slug":"mineral-water","title":"Air mineral","phrases":[{"type":"❤️","phrase":"Saya suka minum air mineral."},{"type":"🙋","phrase":"Saya ingin minum air mineral."}]}]