[{"slug":"cotton-candy","title":"Permen kapas","phrases":[{"type":"❤️","phrase":"Saya suka makan permen kapas."}]},{"slug":"magic-hat","title":"Topi ajaib","phrases":[{"type":"❤️","phrase":"Saya suka memakai topi ajaib."}]},{"slug":"ferris-wheel","title":"Kincir ria","phrases":[{"type":"❤️","phrase":"Saya suka naik ferris wheel."}]},{"slug":"bowling","title":"Bowling","phrases":[{"type":"❤️","phrase":"Saya suka bermain bowling."}]},{"slug":"bumper-car","title":"Mobil bumper","phrases":[{"type":"❤️","phrase":"Saya suka mengendarai mobil bumper."}]},{"slug":"carousel","title":"Korsel","phrases":[{"type":"❤️","phrase":"Saya suka mengendarai di komidi putar."}]},{"slug":"balloons","title":"Balon","phrases":[{"type":"❤️","phrase":"Saya suka balon."}]},{"slug":"cups","title":"Cangkir","phrases":[]},{"slug":"unicycle","title":"Keunikan","phrases":[]},{"slug":"circus-tent","title":"Tenda sirkus","phrases":[]},{"slug":"food-truck","title":"Truk makanan","phrases":[]},{"slug":"tea-cup-ride","title":"Naik cangkir teh","phrases":[]},{"slug":"whack-a-mole","title":"Memukul tikus tanah","phrases":[]},{"slug":"food-stall","title":"Warung","phrases":[]},{"slug":"claw-machine","title":"Mesin cakar","phrases":[]},{"slug":"shooting-target","title":"Menembak target","phrases":[]},{"slug":"teddy-bear","title":"boneka beruang","phrases":[]},{"slug":"fireworks","title":"Kembang api","phrases":[]},{"slug":"caramelized-apple","title":"Apel karamel","phrases":[]},{"slug":"ring","title":"Cincin","phrases":[]}]