[{"slug":"happy","title":"Senang","phrases":[{"type":"🖐️","phrase":"Saya senang."},{"type":"🙋","phrase":"Saya merasa senang."},{"type":"❓","phrase":"Apakah kamu merasa bahagia?"},{"type":"☝️","phrase":"Saya ingin merasa bahagia."},{"type":"🎈","phrase":"Anda membuat saya bahagia."}]},{"slug":"sad","title":"Sedih","phrases":[{"type":"🖐️","phrase":"Saya sedih."},{"type":"🙋","phrase":"Saya merasa sedih."},{"type":"❓","phrase":"Apakah kamu merasa sedih?"},{"type":"☝️","phrase":"Saya tidak ingin merasa sedih."},{"type":"😠","phrase":"Anda membuat saya sedih."}]},{"slug":"exhausted","title":"Habis","phrases":[{"type":"🖐️","phrase":"Aku lelah."},{"type":"🙋","phrase":"Saya merasa lelah."},{"type":"❓","phrase":"Apakah Anda merasa lelah?"},{"type":"☝️","phrase":"Saya tidak ingin kelelahan."}]},{"slug":"relaxed","title":"Santai","phrases":[{"type":"🖐️","phrase":"Aku santai."},{"type":"🙋","phrase":"Saya merasa santai."},{"type":"❓","phrase":"Apakah kamu merasa santai?"},{"type":"☝️","phrase":"Saya ingin merasa santai."}]},{"slug":"in-love","title":"Kasmaran","phrases":[{"type":"🖐️","phrase":"Saya sedang jatuh cinta."},{"type":"🙋","phrase":"Saya merasakan cinta."},{"type":"❓","phrase":"Apakah kamu sedang jatuh cinta?"},{"type":"☝️","phrase":"Saya ingin jatuh cinta."},{"type":"👉","phrase":"Apakah kamu mencintaiku?"}]},{"slug":"stressed","title":"Tertekan","phrases":[{"type":"🖐️","phrase":"Aku stress."},{"type":"🙋","phrase":"Saya merasa stres."},{"type":"❓","phrase":"Apakah Anda merasa stres?"},{"type":"☝️","phrase":"Saya tidak ingin merasa stres."}]},{"slug":"thankful","title":"Berterimakasih","phrases":[{"type":"🖐️","phrase":"Saya bersyukur."},{"type":"🙋","phrase":"Saya merasa bersyukur."},{"type":"❓","phrase":"Apakah Anda merasa bersyukur?"},{"type":"☝️","phrase":"Saya ingin merasa bersyukur."}]},{"slug":"confused","title":"Bingung","phrases":[{"type":"🖐️","phrase":"Saya bingung."},{"type":"🙋","phrase":"Saya bingung."},{"type":"❓","phrase":"Apakah kamu merasa bingung?"},{"type":"☝️","phrase":"Kamu membuatku bingung."}]},{"slug":"joyful","title":"Menyenangkan","phrases":[{"type":"🖐️","phrase":"Saya gembira"},{"type":"🙋","phrase":"Saya merasa senang."},{"type":"❓","phrase":"Apakah kamu merasa gembira?"},{"type":"☝️","phrase":"Saya ingin merasa gembira."}]},{"slug":"angry","title":"Marah","phrases":[{"type":"🖐️","phrase":"Aku marah."},{"type":"🙋","phrase":"Saya merasa marah."},{"type":"❓","phrase":"Apakah kamu merasa marah?"},{"type":"☝️","phrase":"Aku marah padamu."},{"type":"😠","phrase":"Anda membuat saya marah."}]},{"slug":"smart","title":"Pintar","phrases":[{"type":"🖐️","phrase":"Saya cerdas."},{"type":"🙋","phrase":"Saya merasa pintar."},{"type":"❓","phrase":"Apakah kamu merasa pintar?"},{"type":"☝️","phrase":"Apakah saya pintar?"},{"type":"👉","phrase":"Anda cerdas!"}]},{"slug":"afraid","title":"Takut","phrases":[{"type":"🖐️","phrase":"Saya takut."},{"type":"🙋","phrase":"Saya merasa takut."},{"type":"❓","phrase":"Apakah kamu merasa takut?"},{"type":"☝️","phrase":"Saya tidak ingin merasa takut."},{"type":"😠","phrase":"Anda membuatku takut."}]},{"slug":"ashamed","title":"Malu","phrases":[{"type":"🖐️","phrase":"Aku malu."},{"type":"🙋","phrase":"Saya merasa malu."},{"type":"❓","phrase":"Apakah kamu merasa malu?"},{"type":"☝️","phrase":"Saya tidak ingin merasa malu."}]},{"slug":"shocked","title":"Terkejut","phrases":[{"type":"🖐️","phrase":"Saya terkejut."},{"type":"🙋","phrase":"Saya merasa kaget."},{"type":"❓","phrase":"Apakah Anda merasa kaget?"},{"type":"☝️","phrase":"Anda mengejutkan saya."}]},{"slug":"sick","title":"Sakit","phrases":[{"type":"🖐️","phrase":"Saya sakit."},{"type":"🙋","phrase":"Aku merasa sakit."},{"type":"❓","phrase":"Apa anda merasa mual?"},{"type":"☝️","phrase":"Saya tidak ingin sakit."},{"type":"🤢","phrase":"Saya muak dengan makanan."}]},{"slug":"frustrated","title":"Frustrasi","phrases":[{"type":"🖐️","phrase":"Saya frustasi."},{"type":"🙋","phrase":"Saya merasa frustasi."},{"type":"❓","phrase":"Apakah Anda merasa frustrasi?"},{"type":"☝️","phrase":"Saya tidak ingin merasa frustrasi."}]},{"slug":"excited","title":"Bergairah","phrases":[{"type":"🖐️","phrase":"Saya senang."},{"type":"🙋","phrase":"Saya merasa senang."},{"type":"❓","phrase":"Apakah kamu merasa bersemangat?"},{"type":"☝️","phrase":"Saya tidak ingin merasa bersemangat."}]},{"slug":"nauseated","title":"Enek","phrases":[{"type":"🖐️","phrase":"Saya mual."},{"type":"🙋","phrase":"Saya merasa mual."},{"type":"❓","phrase":"Apakah Anda merasa mual?"},{"type":"☝️","phrase":"Saya tidak ingin merasa mual."}]},{"slug":"agitated","title":"Gelisah","phrases":[{"type":"🖐️","phrase":"Saya gelisah."},{"type":"🙋","phrase":"Saya merasa gelisah."},{"type":"❓","phrase":"Apakah Anda merasa gelisah?"},{"type":"☝️","phrase":"Saya tidak ingin merasa gelisah."}]}]