[{"slug":"hungry","title":"Lapar","phrases":[{"type":"‼️","phrase":"Saya lapar."},{"type":"❓","phrase":"Apa kau lapar?"},{"type":"🙋","phrase":"Bisakah Anda membuatkan saya makanan?"},{"type":"🍳","phrase":"Apa untuk makan malam?"}]},{"slug":"thirsty","title":"Haus","phrases":[{"type":"‼️","phrase":"Aku haus."},{"type":"🌊","phrase":"Bisakah saya mendapatkan air?"},{"type":"🥛","phrase":"Bisakah saya minum segelas air?"},{"type":"🙋","phrase":"Saya ingin minum."}]},{"slug":"cutlery","title":"Alat makan","phrases":[{"type":"🙋","phrase":"Saya butuh peralatan makan."},{"type":"🍽️","phrase":"Bantu saya menggunakan peralatan makan."},{"type":"🍴","phrase":"Saya butuh garpu."},{"type":"🥄","phrase":"Saya butuh sendok."},{"type":"🥢","phrase":"Saya butuh sumpit."},{"type":"🔪","phrase":"Saya butuh pisau."},{"type":"🧻","phrase":"Saya butuh serbet."}]},{"slug":"apple","title":"apel","phrases":[{"type":"❤️","phrase":"Saya suka apel."},{"type":"❌","phrase":"Saya tidak suka apel."},{"type":"🙋","phrase":"Saya ingin makan apel."}]},{"slug":"carrot","title":"Wortel","phrases":[{"type":"❤️","phrase":"Saya suka wortel."},{"type":"❌","phrase":"Saya tidak suka wortel."},{"type":"🙋","phrase":"Saya ingin makan wortel."}]},{"slug":"beans","title":"kacang polong","phrases":[{"type":"❤️","phrase":"Saya suka kacang."},{"type":"❌","phrase":"Saya tidak suka kacang."},{"type":"🙋","phrase":"Saya ingin makan kacang."}]},{"slug":"chicken","title":"Ayam","phrases":[{"type":"❤️","phrase":"Saya suka ayam."},{"type":"❌","phrase":"Saya tidak suka ayam."},{"type":"🙋","phrase":"Saya ingin makan ayam."},{"type":"🍗","phrase":"Saya ingin ayam goreng."},{"type":"🐣","phrase":"Saya ingin ayam rebus."}]},{"slug":"chocolate","title":"Cokelat","phrases":[{"type":"❤️","phrase":"Saya suka Coklat."},{"type":"❌","phrase":"Saya tidak suka cokelat."},{"type":"🙋","phrase":"Saya ingin makan cokelat."},{"type":"⚫","phrase":"Saya ingin cokelat hitam."},{"type":"⚪","phrase":"Saya ingin cokelat putih."}]},{"slug":"milk","title":"susu","phrases":[{"type":"❤️","phrase":"Saya suka susu."},{"type":"❌","phrase":"Saya tidak suka susu."},{"type":"🙋","phrase":"Saya ingin minum susu."},{"type":"🍳","phrase":"Bisakah saya minum segelas susu?"}]},{"slug":"sandwich","title":"Sandwich","phrases":[{"type":"❤️","phrase":"Saya suka sandwich."},{"type":"❌","phrase":"Saya tidak suka sandwich."},{"type":"🙋","phrase":"Saya ingin makan sandwich."},{"type":"🍳","phrase":"Bisakah Anda membuatkan saya roti isi?"}]},{"slug":"steak","title":"daging panggang","phrases":[{"type":"❤️","phrase":"Saya suka steak."},{"type":"❌","phrase":"Saya tidak suka steak."},{"type":"🙋","phrase":"Saya ingin makan steak."},{"type":"🍳","phrase":"Bisakah kamu memasak steak untukku?"}]},{"slug":"banana","title":"pisang","phrases":[{"type":"❤️","phrase":"Saya suka pisang."},{"type":"❌","phrase":"Saya tidak suka pisang."},{"type":"🙋","phrase":"Saya ingin makan pisang."}]},{"slug":"pie","title":"Pai","phrases":[{"type":"❤️","phrase":"Saya suka pai."},{"type":"❌","phrase":"Saya tidak suka pai."},{"type":"🙋","phrase":"Saya ingin makan pie."},{"type":"🍳","phrase":"Bisakah kamu membuatkan kue untukku?"}]},{"slug":"egg","title":"telur","phrases":[{"type":"❤️","phrase":"Saya suka telur."},{"type":"❌","phrase":"Saya tidak suka telur."},{"type":"🙋","phrase":"Saya ingin makan telur."},{"type":"🍳","phrase":"Saya ingin telur goreng."},{"type":"🥚","phrase":"Saya ingin telur rebus."}]},{"slug":"noodles","title":"Mie","phrases":[{"type":"❤️","phrase":"Saya suka mie."},{"type":"❌","phrase":"Saya tidak suka mie."},{"type":"🙋","phrase":"Saya ingin makan mie."},{"type":"🍳","phrase":"Bisakah kamu memasak mie untukku?"}]},{"slug":"salt","title":"Garam","phrases":[{"type":"🙋","phrase":"Saya ingin garam."},{"type":"❓","phrase":"Bisakah Anda memberi saya garam?"},{"type":"🧂","phrase":"Makanan terlalu asin."},{"type":"🧂","phrase":"Makanan saya butuh garam."}]},{"slug":"spices","title":"Rempah-rempah","phrases":[{"type":"❤️","phrase":"Saya suka makanan pedas."},{"type":"❌","phrase":"Saya tidak suka makanan pedas."},{"type":"🙋","phrase":"Saya mau paprika."},{"type":"⚫","phrase":"Saya ingin lada hitam."}]},{"slug":"pizza","title":"Pizza","phrases":[{"type":"❤️","phrase":"Aku suka pizza."},{"type":"❌","phrase":"Saya tidak suka pizza."},{"type":"🙋","phrase":"Saya ingin makan pizza."},{"type":"🍳","phrase":"Bisakah kamu memasak pizza untukku?"},{"type":"☝️","phrase":"Bisakah kita memesan pizza?"}]},{"slug":"cheese","title":"Keju","phrases":[{"type":"❤️","phrase":"Saya suka keju."},{"type":"❌","phrase":"Saya tidak suka keju."},{"type":"🙋","phrase":"Saya ingin makan keju."}]},{"slug":"fish","title":"Ikan","phrases":[{"type":"❤️","phrase":"Aku suka ikan."},{"type":"❌","phrase":"Saya tidak suka ikan."},{"type":"🙋","phrase":"Saya ingin makan ikan."},{"type":"🍳","phrase":"Bisakah kamu memasak ikan untukku?"}]},{"slug":"ice-cream","title":"Es krim","phrases":[{"type":"❤️","phrase":"Saya suka es krim."},{"type":"❌","phrase":"Saya tidak suka es krim."},{"type":"🙋","phrase":"Saya ingin makan es krim."},{"type":"☝️","phrase":"Bisakah kamu membeli es krim untukku?"}]},{"slug":"tea","title":"teh","phrases":[{"type":"❤️","phrase":"Saya suka teh."},{"type":"❌","phrase":"Saya tidak suka teh."},{"type":"🙋","phrase":"Saya ingin minum teh."},{"type":"🍳","phrase":"Bisakah kamu membuatkan teh untukku?"}]},{"slug":"coffee","title":"kopi","phrases":[{"type":"❤️","phrase":"Saya suka kopi."},{"type":"❌","phrase":"Saya tidak suka kopi."},{"type":"🙋","phrase":"Saya ingin minum kopi."},{"type":"🍳","phrase":"Bisakah kamu membuatkan kopi untukku?"}]},{"slug":"tomato","title":"Tomat","phrases":[{"type":"❤️","phrase":"Saya suka tomat."},{"type":"❌","phrase":"Saya tidak suka tomat."},{"type":"🙋","phrase":"Saya ingin makan tomat."}]},{"slug":"cereal","title":"Sereal","phrases":[{"type":"❤️","phrase":"Saya suka sereal."},{"type":"❌","phrase":"Saya tidak suka sereal."},{"type":"🙋","phrase":"Saya ingin makan sereal."},{"type":"🍳","phrase":"Bisakah Anda membuatkan saya sereal?"}]},{"slug":"burger","title":"Burger","phrases":[{"type":"❤️","phrase":"Saya suka burger."},{"type":"❌","phrase":"Saya tidak suka burger."},{"type":"🙋","phrase":"Saya ingin makan burger."},{"type":"🍳","phrase":"Bisakah kamu memasak burger untukku?"},{"type":"☝️","phrase":"Bisakah kita memesan burger?"}]},{"slug":"french-fries","title":"kentang goreng","phrases":[{"type":"❤️","phrase":"Aku suka kentang goreng."},{"type":"❌","phrase":"Saya tidak suka kentang goreng."},{"type":"🙋","phrase":"Saya ingin makan kentang goreng."},{"type":"🍳","phrase":"Bisakah Anda memasak kentang goreng untuk saya?"},{"type":"☝️","phrase":"Bisakah kita memesan kentang goreng?"}]},{"slug":"spinach","title":"bayam","phrases":[{"type":"❤️","phrase":"Saya suka bayam."},{"type":"❌","phrase":"Saya tidak suka bayam."},{"type":"🙋","phrase":"Saya ingin makan bayam."}]},{"slug":"rice","title":"Nasi","phrases":[{"type":"❤️","phrase":"Saya suka nasi."},{"type":"❌","phrase":"Saya tidak suka nasi."},{"type":"🙋","phrase":"Saya ingin makan nasi."},{"type":"🍳","phrase":"Bisakah kamu memasak nasi untukku?"}]},{"slug":"bread","title":"Roti","phrases":[{"type":"❤️","phrase":"Saya suka roti."},{"type":"❌","phrase":"Saya tidak suka roti."},{"type":"🙋","phrase":"Saya ingin makan roti."},{"type":"☝️","phrase":"Bisakah kamu membeli roti?"}]},{"slug":"pasta","title":"Semacam spageti","phrases":[{"type":"❤️","phrase":"Saya suka pasta."},{"type":"❌","phrase":"Saya tidak suka pasta."},{"type":"🙋","phrase":"Saya ingin makan pasta."},{"type":"🍳","phrase":"Bisakah kamu memasak pasta untukku?"}]},{"slug":"sauce","title":"saus","phrases":[{"type":"❤️","phrase":"Saya suka saus."},{"type":"❌","phrase":"Saya tidak suka saus."},{"type":"🙋","phrase":"Saya mau saus."},{"type":"🔴","phrase":"Bisakah saya memiliki kecap?"},{"type":"⚪","phrase":"Bisakah saya makan mayones?"},{"type":"🟡","phrase":"Bisakah saya makan mustard?"},{"type":"🚜","phrase":"Bisakah saya punya saus peternakan?"}]},{"slug":"kebab","title":"Kebab","phrases":[{"type":"❤️","phrase":"Saya suka kebab."},{"type":"❌","phrase":"Saya tidak suka kebab."},{"type":"🙋","phrase":"Saya ingin makan kebab."},{"type":"🍳","phrase":"Bisakah kamu memasak kebab untukku?"},{"type":"☝️","phrase":"Bisakah kita memesan kebab?"}]}]