[{"slug":"apple","title":"apel","phrases":[{"type":"❤️","phrase":"Saya suka makan apel."},{"type":"🙋","phrase":"Saya ingin makan apel."},{"type":"❌","phrase":"Saya tidak suka apel."}]},{"slug":"watermelon","title":"Semangka","phrases":[{"type":"❤️","phrase":"Saya suka makan semangka."},{"type":"🙋","phrase":"Saya ingin makan semangka."},{"type":"❌","phrase":"Saya tidak suka semangka."}]},{"slug":"orange","title":"jeruk","phrases":[{"type":"❤️","phrase":"Saya suka makan jeruk."},{"type":"🙋","phrase":"Saya ingin makan jeruk."},{"type":"❌","phrase":"Saya tidak suka oranye."}]},{"slug":"strawberry","title":"Stroberi","phrases":[{"type":"❤️","phrase":"Saya suka makan stroberi."},{"type":"🙋","phrase":"Saya ingin makan stroberi."},{"type":"❌","phrase":"Saya tidak suka stroberi."}]},{"slug":"grape","title":"Anggur","phrases":[{"type":"❤️","phrase":"Saya suka makan anggur."},{"type":"🙋","phrase":"Saya ingin makan anggur."},{"type":"❌","phrase":"Saya tidak suka anggur."}]},{"slug":"cherry","title":"ceri","phrases":[{"type":"❤️","phrase":"Saya suka makan ceri."},{"type":"🙋","phrase":"Saya ingin makan ceri."},{"type":"❌","phrase":"Saya tidak suka ceri."}]},{"slug":"mango","title":"Mangga","phrases":[{"type":"❤️","phrase":"Saya suka makan mangga."},{"type":"🙋","phrase":"Saya ingin makan mangga."},{"type":"❌","phrase":"Saya tidak suka mangga."}]},{"slug":"guava","title":"Jambu biji","phrases":[{"type":"❤️","phrase":"Saya suka makan jambu biji."},{"type":"🙋","phrase":"Saya ingin makan jambu biji."},{"type":"❌","phrase":"Saya tidak suka jambu biji."}]},{"slug":"banana","title":"pisang","phrases":[{"type":"❤️","phrase":"Saya suka makan pisang."},{"type":"🙋","phrase":"Saya ingin makan pisang."},{"type":"❌","phrase":"Saya tidak suka pisang."}]},{"slug":"pomegranate","title":"Delima","phrases":[{"type":"❤️","phrase":"Saya suka makan buah delima."},{"type":"🙋","phrase":"Saya ingin makan buah delima."},{"type":"❌","phrase":"Saya tidak suka buah delima."}]},{"slug":"raspberry","title":"Frambos","phrases":[{"type":"❤️","phrase":"Saya suka makan raspberry."},{"type":"🙋","phrase":"Saya ingin makan raspberry."},{"type":"❌","phrase":"Saya tidak suka raspberry."}]},{"slug":"papaya","title":"Pepaya","phrases":[{"type":"❤️","phrase":"Saya suka makan pepaya."},{"type":"🙋","phrase":"Saya ingin makan pepaya."},{"type":"❌","phrase":"Saya tidak suka pepaya."}]},{"slug":"kiwi","title":"Kiwi","phrases":[{"type":"❤️","phrase":"Saya suka makan kiwi."},{"type":"🙋","phrase":"Saya ingin makan kiwi."},{"type":"❌","phrase":"Saya tidak suka kiwi."}]},{"slug":"pineapple","title":"nanas","phrases":[{"type":"❤️","phrase":"Saya suka makan nanas."},{"type":"🙋","phrase":"Saya ingin makan nanas."},{"type":"❌","phrase":"Saya tidak suka nanas."}]},{"slug":"lemon","title":"lemon","phrases":[{"type":"❤️","phrase":"Saya suka makan lemon."},{"type":"🙋","phrase":"Saya ingin makan lemon."},{"type":"❌","phrase":"Saya tidak suka lemon."},{"type":"🍋","phrase":"Lemon asam."}]},{"slug":"apricot","title":"Aprikot","phrases":[{"type":"❤️","phrase":"Saya suka makan aprikot."},{"type":"🙋","phrase":"Saya ingin makan aprikot."},{"type":"❌","phrase":"Saya tidak suka aprikot."}]},{"slug":"dragon-fruit","title":"Buah naga","phrases":[{"type":"❤️","phrase":"Saya suka makan buah naga."},{"type":"🙋","phrase":"Saya ingin makan buah naga."},{"type":"❌","phrase":"Saya tidak suka buah naga."}]},{"slug":"peach","title":"Persik","phrases":[{"type":"❤️","phrase":"Saya suka makan buah persik."},{"type":"🙋","phrase":"Saya ingin makan buah persik."},{"type":"❌","phrase":"Saya tidak suka buah persik."}]},{"slug":"avocado","title":"Alpukat","phrases":[{"type":"❤️","phrase":"Saya suka makan alpukat."},{"type":"🙋","phrase":"Saya ingin makan alpukat."},{"type":"❌","phrase":"Saya tidak suka alpukat."}]},{"slug":"fig","title":"Ara","phrases":[{"type":"❤️","phrase":"Saya suka makan ara."},{"type":"🙋","phrase":"Saya ingin makan ara."},{"type":"❌","phrase":"Saya tidak suka ara."}]},{"slug":"lychee","title":"Lychee","phrases":[{"type":"❤️","phrase":"Saya suka makan leci."},{"type":"🙋","phrase":"Saya ingin makan leci."},{"type":"❌","phrase":"Saya tidak suka leci."}]},{"slug":"passion-fruit","title":"Markisa","phrases":[{"type":"❤️","phrase":"Saya suka makan buah markisa."},{"type":"🙋","phrase":"Saya ingin makan buah markisa."},{"type":"❌","phrase":"Saya tidak suka buah markisa."}]},{"slug":"blueberry","title":"Blueberry","phrases":[{"type":"❤️","phrase":"Saya suka makan blueberry."},{"type":"🙋","phrase":"Saya ingin makan blueberry."},{"type":"❌","phrase":"Saya tidak suka blueberry."}]},{"slug":"coconut","title":"Kelapa","phrases":[{"type":"❤️","phrase":"Saya suka makan kelapa."},{"type":"🙋","phrase":"Saya ingin makan kelapa."},{"type":"❌","phrase":"Saya tidak suka kelapa."}]}]