[{"slug":"gardener","title":"Tukang kebun","phrases":[]},{"slug":"sprout","title":"Tumbuh","phrases":[]},{"slug":"hose","title":"Selang","phrases":[]},{"slug":"glove","title":"Sarung tangan","phrases":[]},{"slug":"flowers","title":"Bunga-bunga","phrases":[]},{"slug":"seeds","title":"Biji","phrases":[]},{"slug":"shovel","title":"Sekop","phrases":[]},{"slug":"watering","title":"Pengairan","phrases":[]},{"slug":"scarecrow","title":"Orang-orangan sawah","phrases":[]},{"slug":"tree","title":"Pohon","phrases":[]},{"slug":"fertilizer","title":"Pupuk","phrases":[]},{"slug":"pitchfork","title":"Garpu rumput","phrases":[]},{"slug":"bucket","title":"Ember","phrases":[]},{"slug":"fence","title":"Pagar","phrases":[]},{"slug":"leaf","title":"Daun","phrases":[]},{"slug":"windmill","title":"Kincir angin","phrases":[]},{"slug":"spray","title":"Semprot","phrases":[]},{"slug":"shears","title":"Gunting","phrases":[]},{"slug":"sprinkler","title":"Alat penyiram","phrases":[]},{"slug":"tractor","title":"Traktor","phrases":[]},{"slug":"jam","title":"Selai","phrases":[]},{"slug":"bonsai","title":"Bonsai","phrases":[]},{"slug":"wheelbarrow","title":"Kereta sorong","phrases":[]},{"slug":"birdhouse","title":"Rumah burung","phrases":[]}]