[{"slug":"mixer","title":"Pengaduk","phrases":[{"type":"🙋","phrase":"Bisakah Anda tunjukkan cara menggunakan mixer?"},{"type":"🤞","phrase":"Saya seharusnya tidak menggunakan mixer tanpa orang tua saya."}]},{"slug":"apron","title":"Celemek","phrases":[{"type":"👚","phrase":"Saya memakai celemek saat memasak."},{"type":"👚","phrase":"Ibuku memakai celemek saat memasak."}]},{"slug":"fryer","title":"Penggorengan","phrases":[{"type":"🙋","phrase":"Bisakah Anda menunjukkan kepada saya cara menggunakan alat penggoreng?"},{"type":"🤞","phrase":"Saya seharusnya tidak menggunakan penggorengan tanpa orang tua saya."}]},{"slug":"rolling-pin","title":"Penggiling adonan","phrases":[{"type":"🙋","phrase":"Bisakah Anda menunjukkan kepada saya bagaimana cara menggunakan rolling pin?"},{"type":"💡","phrase":"Saya menggunakan rolling pin untuk mengeluarkan adonan."}]},{"slug":"coffee-machine","title":"Mesin kopi","phrases":[{"type":"🙋","phrase":"Bisakah Anda tunjukkan cara menggunakan mesin kopi?"},{"type":"🤞","phrase":"Saya seharusnya tidak menggunakan mesin kopi tanpa orang tua saya."}]},{"slug":"fridge","title":"Kulkas","phrases":[{"type":"🙋","phrase":"Bisakah Anda tunjukkan cara menggunakan lemari es?"},{"type":"💡","phrase":"Kulkas menjaga makanan tetap dingin."}]},{"slug":"pot","title":"Pot","phrases":[{"type":"🙋","phrase":"Bisakah Anda tunjukkan cara menggunakan pot?"},{"type":"🤞","phrase":"Saya seharusnya tidak menggunakan pot tanpa orang tua saya."}]},{"slug":"toaster","title":"Pemanggang roti","phrases":[{"type":"🙋","phrase":"Bisakah Anda tunjukkan cara menggunakan pemanggang?"},{"type":"🤞","phrase":"Saya seharusnya tidak menggunakan pemanggang tanpa orang tua saya."}]},{"slug":"cutlery","title":"Alat makan","phrases":[{"type":"🙋","phrase":"Bisakah Anda tunjukkan cara menggunakan alat makan?"},{"type":"😋","phrase":"Saya belajar makan dengan alat makan."}]},{"slug":"spatula","title":"Sudip","phrases":[{"type":"🙋","phrase":"Bisakah Anda tunjukkan cara menggunakan spatula?"}]},{"slug":"oven","title":"Oven","phrases":[{"type":"🙋","phrase":"Bisakah Anda tunjukkan cara menggunakan oven?"},{"type":"🤞","phrase":"Saya seharusnya tidak menggunakan oven tanpa orang tua saya."}]},{"slug":"kitchen-timer","title":"Timer dapur","phrases":[{"type":"🙋","phrase":"Bisakah Anda tunjukkan cara menggunakan timer dapur?"},{"type":"⏱️","phrase":"Timer dapur berbunyi bip."}]},{"slug":"pizza-cutter","title":"pemotong pizza","phrases":[{"type":"🙋","phrase":"Bisakah Anda tunjukkan cara menggunakan pemotong pizza?"},{"type":"🤞","phrase":"Saya seharusnya tidak menggunakan pemotong pizza tanpa orang tua saya."}]},{"slug":"grater","title":"Parutan","phrases":[{"type":"🙋","phrase":"Bisakah Anda tunjukkan cara menggunakan parutan?"},{"type":"🤞","phrase":"Saya seharusnya tidak menggunakan parutan tanpa orang tua saya."}]},{"slug":"grill","title":"Panggangan","phrases":[{"type":"🙋","phrase":"Bisakah Anda tunjukkan cara menggunakan panggangan?"},{"type":"🤞","phrase":"Saya seharusnya tidak menggunakan panggangan tanpa orang tua saya."}]},{"slug":"recipe-book","title":"Buku resep","phrases":[{"type":"🙋","phrase":"Bisakah saya memilih resep untuk memasak?"},{"type":"🍳","phrase":"Bisakah kita memasak resep ini?"}]},{"slug":"kitchen-utensils","title":"Peralatan dapur","phrases":[{"type":"❤️","phrase":"Saya suka menggunakan peralatan dapur."},{"type":"🤞","phrase":"Saya seharusnya tidak menggunakan peralatan dapur tanpa orang tua saya."}]},{"slug":"stove","title":"Kompor","phrases":[{"type":"🙋","phrase":"Bisakah Anda tunjukkan cara menggunakan kompor?"},{"type":"🤞","phrase":"Saya seharusnya tidak menggunakan kompor tanpa orang tua saya."}]},{"slug":"salt-and-pepper","title":"Garam dan merica","phrases":[{"type":"🙋","phrase":"Bisakah Anda membawa garam dan merica?"}]},{"slug":"kitchen-board","title":"Papan dapur","phrases":[{"type":"🙋","phrase":"Bisakah saya menulis di papan dapur?"}]},{"slug":"scale","title":"Skala","phrases":[{"type":"🙋","phrase":"Bisakah Anda menunjukkan kepada saya bagaimana menggunakan skala dapur?"}]},{"slug":"teapot","title":"Teko","phrases":[{"type":"🙋","phrase":"Bisakah Anda tunjukkan cara menggunakan teko?"},{"type":"🤞","phrase":"Saya seharusnya tidak menggunakan teko tanpa orang tua saya."}]},{"slug":"microwave","title":"Microwave","phrases":[{"type":"🙋","phrase":"Bisakah Anda tunjukkan cara menggunakan microwave?"},{"type":"🤞","phrase":"Saya seharusnya tidak menggunakan microwave tanpa orang tua saya."}]}]