[{"slug":"hospital-bed","title":"Kasur rumah sakit","phrases":[{"type":"🙋","phrase":"Bisakah Anda membantu saya dengan tempat tidur rumah sakit?"}]},{"slug":"weight-loss","title":"Penurunan berat badan","phrases":[{"type":"🏋️","phrase":"Saya perlu memoderasi asupan makanan saya."},{"type":"🏃‍♀️","phrase":"Saya kehilangan berat badan."},{"type":"🥩","phrase":"Berat badan saya bertambah."}]},{"slug":"exercise","title":"Olahraga","phrases":[{"type":"🏋️","phrase":"Saya sedang berolahraga."},{"type":"⏲️","phrase":"Saya memiliki latihan rutin."}]},{"slug":"medical-history","title":"Riwayat kesehatan","phrases":[{"type":"📂","phrase":"Ini riwayat kesehatan saya."}]},{"slug":"vitamin-c","title":"Vitamin C","phrases":[{"type":"🍹","phrase":"Saya perlu mengonsumsi vitamin c."},{"type":"🍊","phrase":"Jeruk mengandung vitamin c."}]},{"slug":"thermometer","title":"Termometer","phrases":[{"type":"🤒","phrase":"Bisakah Anda mengukur demam saya?"},{"type":"🌡️","phrase":"Bagaimana cara kerja termometer?"}]},{"slug":"pills","title":"Pil","phrases":[{"type":"💊","phrase":"Saya perlu minum pil."},{"type":"👉","phrase":"Apakah Anda minum pil?"}]},{"slug":"medical-mask","title":"Topeng medis","phrases":[]},{"slug":"dental-care","title":"Perawatan gigi","phrases":[{"type":"🦷","phrase":"Gigiku sakit."},{"type":"🦷","phrase":"Saya menyikat gigi."}]},{"slug":"hearing-exam","title":"Pemeriksaan pendengaran","phrases":[{"type":"👂","phrase":"Saya memiliki masalah pendengaran."},{"type":"🦻","phrase":"Saya akan menjalani ujian pendengaran."}]},{"slug":"hospital","title":"Rumah Sakit","phrases":[{"type":"🏥","phrase":"Saya pergi ke rumah sakit."},{"type":"🏥","phrase":"Saya di rumah sakit."}]},{"slug":"stethoscope","title":"Stetoskop","phrases":[{"type":"👨‍⚕️","phrase":"Dokter menggunakan stetoskop."},{"type":"🩺","phrase":"Bisakah saya memiliki stetoskop mainan?"}]},{"slug":"ambulance","title":"Ambulans","phrases":[{"type":"👀","phrase":"Saya melihat ambulan."},{"type":"👂","phrase":"Saya mendengar suara ambulans."}]},{"slug":"drugstore","title":"Toko obat","phrases":[{"type":"🧾","phrase":"Saya perlu mengisi resep saya."},{"type":"➡️","phrase":"Ini resep saya."}]},{"slug":"emergency","title":"Keadaan darurat","phrases":[{"type":"🚨","phrase":"Saya memiliki keadaan darurat kesehatan."},{"type":"🚑","phrase":"Saya akan ke ruang gawat darurat."}]},{"slug":"health-insurance","title":"Asuransi kesehatan","phrases":[{"type":"⚕️","phrase":"Saya punya asuransi kesehatan."},{"type":"❌","phrase":"Saya tidak punya asuransi kesehatan."}]},{"slug":"doctor","title":"Dokter","phrases":[{"type":"❤️","phrase":"Saya suka dokter saya."},{"type":"🤩","phrase":"Dokter membantu saya."}]},{"slug":"nurse","title":"Perawat","phrases":[{"type":"❤️","phrase":"Saya suka perawat saya."},{"type":"🤩","phrase":"Perawat membantu saya."}]}]