[{"slug":"one","title":"Satu","phrases":[{"type":"➖","phrase":"Satu datang sebelum dua."},{"type":"➕","phrase":"Satu datang setelah nol."},{"type":"🙋","phrase":"Saya ingin satu."}]},{"slug":"two","title":"Dua","phrases":[{"type":"➖","phrase":"Dua datang sebelum tiga."},{"type":"➕","phrase":"Dua datang setelah satu."},{"type":"🙋","phrase":"Saya mau dua."}]},{"slug":"three","title":"Tiga","phrases":[{"type":"➖","phrase":"Tiga datang sebelum empat."},{"type":"➕","phrase":"Tiga datang setelah dua."},{"type":"🙋","phrase":"Saya mau tiga."}]},{"slug":"four","title":"Empat","phrases":[{"type":"➖","phrase":"Empat datang sebelum lima."},{"type":"➕","phrase":"Empat datang setelah tiga."},{"type":"🙋","phrase":"Saya mau empat."}]},{"slug":"five","title":"Lima","phrases":[{"type":"➖","phrase":"Lima datang sebelum enam."},{"type":"➕","phrase":"Lima datang setelah empat."},{"type":"🙋","phrase":"Saya mau lima."}]},{"slug":"six","title":"Enam","phrases":[{"type":"➖","phrase":"Enam datang sebelum tujuh."},{"type":"➕","phrase":"Enam datang setelah lima."},{"type":"🙋","phrase":"Saya ingin memperbaikinya."}]},{"slug":"seven","title":"Tujuh","phrases":[{"type":"➖","phrase":"Tujuh datang sebelum delapan."},{"type":"➕","phrase":"Tujuh datang setelah enam."},{"type":"🙋","phrase":"Saya mau tujuh."}]},{"slug":"eight","title":"Delapan","phrases":[{"type":"➖","phrase":"Delapan datang sebelum sembilan."},{"type":"➕","phrase":"Delapan datang setelah tujuh."},{"type":"🙋","phrase":"Saya mau delapan."}]},{"slug":"nine","title":"Sembilan","phrases":[{"type":"➖","phrase":"Sembilan datang sebelum sepuluh."},{"type":"➕","phrase":"Sembilan datang setelah delapan."},{"type":"🙋","phrase":"Saya mau sembilan."}]},{"slug":"ten","title":"Sepuluh","phrases":[{"type":"➖","phrase":"Sepuluh datang sebelum sebelas."},{"type":"➕","phrase":"Sepuluh datang setelah sembilan."},{"type":"🙋","phrase":"Saya mau sepuluh."}]},{"slug":"eleven","title":"Sebelas","phrases":[{"type":"➖","phrase":"Sebelas datang sebelum tiga belas."},{"type":"➕","phrase":"Sebelas datang setelah sepuluh."},{"type":"🙋","phrase":"Saya mau sebelas."}]},{"slug":"twenty","title":"Dua puluh","phrases":[{"type":"🔢","phrase":"Saya bisa menghitung hingga dua puluh."}]},{"slug":"thirty","title":"Tigapuluh","phrases":[{"type":"🔢","phrase":"Saya bisa menghitung hingga tiga puluh."}]},{"slug":"forty","title":"Empatpuluh","phrases":[{"type":"🔢","phrase":"Saya bisa menghitung hingga empat puluh."}]},{"slug":"fifty","title":"Lima puluh","phrases":[{"type":"🔢","phrase":"Saya bisa menghitung hingga lima puluh."}]},{"slug":"hundred","title":"Ratus","phrases":[{"type":"🔢","phrase":"Saya bisa menghitung hingga ratusan."}]},{"slug":"thousand","title":"Ribu","phrases":[{"type":"🔢","phrase":"Saya bisa menghitung hingga ribuan."}]},{"slug":"calculator","title":"Kalkulator","phrases":[{"type":"🖩","phrase":"Saya ingin menggunakan kalkulator."},{"type":"🧮","phrase":"Bisakah Anda mengajari saya cara menggunakan kalkulator?"},{"type":"🙋","phrase":"Bisakah saya menyimpan kalkulator Anda?"}]}]