[{"slug":"teacher","title":"Guru","phrases":[{"type":"❓","phrase":"Apa yang dilakukan seorang guru?"},{"type":"🙋","phrase":"Saya ingin menjadi guru."}]},{"slug":"police-officer","title":"Polisi","phrases":[{"type":"❓","phrase":"Apa yang dilakukan seorang petugas polisi?"},{"type":"🙋","phrase":"Saya ingin menjadi seorang perwira polisi."}]},{"slug":"writer","title":"Penulis","phrases":[{"type":"❓","phrase":"Apa yang penulis lakukan?"},{"type":"🙋","phrase":"Saya ingin menjadi seorang penulis."}]},{"slug":"doctor","title":"Dokter","phrases":[{"type":"❓","phrase":"Apa yang dilakukan dokter?"},{"type":"🙋","phrase":"Aku ingin menjadi seorang dokter."}]},{"slug":"detective","title":"Detektif","phrases":[{"type":"❓","phrase":"Apa yang dilakukan detektif?"},{"type":"🙋","phrase":"Saya ingin menjadi seorang detektif."}]},{"slug":"artist","title":"Artis","phrases":[{"type":"❓","phrase":"Apa yang dilakukan seorang seniman?"},{"type":"🙋","phrase":"Saya ingin menjadi seorang seniman."}]},{"slug":"singer","title":"Penyanyi","phrases":[{"type":"❓","phrase":"Apa yang dilakukan penyanyi?"},{"type":"🙋","phrase":"Saya ingin menjadi penyanyi."}]},{"slug":"astronaut","title":"Astronaut","phrases":[{"type":"❓","phrase":"Apa yang dilakukan seorang astronot?"},{"type":"🙋","phrase":"Saya ingin menjadi astronot."}]},{"slug":"sailor","title":"Pelaut","phrases":[{"type":"❓","phrase":"Apa yang dilakukan seorang pelaut?"},{"type":"🙋","phrase":"Saya ingin menjadi pelaut."}]},{"slug":"chef","title":"Koki","phrases":[{"type":"❓","phrase":"Apa yang dilakukan koki?"},{"type":"🙋","phrase":"Saya ingin menjadi koki."}]},{"slug":"farmer","title":"Petani","phrases":[{"type":"❓","phrase":"Apa yang dilakukan petani?"},{"type":"🙋","phrase":"Saya ingin menjadi petani."}]},{"slug":"construction-worker","title":"Pekerja konstruksi","phrases":[{"type":"❓","phrase":"Apa yang pekerja konstruksi lakukan?"},{"type":"🙋","phrase":"Saya ingin menjadi pekerja bangunan."}]},{"slug":"baker","title":"Tukang roti","phrases":[{"type":"❓","phrase":"Apa yang dilakukan tukang roti?"},{"type":"🙋","phrase":"Saya ingin menjadi tukang roti."}]},{"slug":"lifeguard","title":"Penjaga Pantai","phrases":[{"type":"❓","phrase":"Apa yang dilakukan seorang penjaga pantai?"},{"type":"🙋","phrase":"Saya ingin menjadi penjaga pantai."}]},{"slug":"astronomer","title":"Ahli astronomi","phrases":[{"type":"❓","phrase":"Apa yang dilakukan seorang astronom?"},{"type":"🙋","phrase":"Saya ingin menjadi astronom."}]},{"slug":"journalist","title":"Wartawan","phrases":[{"type":"❓","phrase":"Apa yang dilakukan seorang jurnalis?"},{"type":"🙋","phrase":"Saya ingin menjadi jurnalis."}]},{"slug":"archeologist","title":"Arkeolog","phrases":[{"type":"❓","phrase":"Apa yang dilakukan seorang arkeolog?"},{"type":"🙋","phrase":"Saya ingin menjadi arkeolog."}]},{"slug":"musician","title":"Pemusik","phrases":[{"type":"❓","phrase":"Apa yang dilakukan seorang musisi?"},{"type":"🙋","phrase":"Saya ingin menjadi seorang musisi."}]},{"slug":"magician","title":"Pesulap","phrases":[{"type":"❓","phrase":"Apa yang dilakukan seorang pesulap?"},{"type":"🙋","phrase":"Saya ingin menjadi pesulap."}]},{"slug":"soccer-player","title":"Pemain sepak bola","phrases":[{"type":"❓","phrase":"Apa yang pemain sepak bola lakukan?"},{"type":"🙋","phrase":"Saya ingin menjadi pemain sepak bola."}]},{"slug":"postwoman","title":"Postwoman","phrases":[{"type":"❓","phrase":"Apa yang dilakukan seorang postwoman?"},{"type":"🙋","phrase":"Saya ingin menjadi postwoman."}]},{"slug":"firefighter","title":"Pemadam Kebakaran","phrases":[{"type":"❓","phrase":"Apa yang dilakukan petugas pemadam kebakaran?"},{"type":"🙋","phrase":"Saya ingin menjadi petugas pemadam kebakaran."}]},{"slug":"scientist","title":"Ilmuwan","phrases":[{"type":"❓","phrase":"Apa yang dilakukan seorang ilmuwan?"},{"type":"🙋","phrase":"Saya ingin menjadi seorang ilmuwan."}]},{"slug":"gardener","title":"Tukang kebun","phrases":[{"type":"❓","phrase":"Apa yang dilakukan tukang kebun?"},{"type":"🙋","phrase":"Saya ingin menjadi tukang kebun."}]},{"slug":"butcher","title":"Tukang daging","phrases":[{"type":"❓","phrase":"Apa yang dilakukan tukang daging?"},{"type":"🙋","phrase":"Saya ingin menjadi tukang daging."}]},{"slug":"veterinarian","title":"Dokter hewan","phrases":[{"type":"❓","phrase":"Apa yang dilakukan dokter hewan?"},{"type":"🙋","phrase":"Saya ingin menjadi dokter hewan."}]},{"slug":"lumber-jack","title":"Jack kayu","phrases":[{"type":"❓","phrase":"Apa yang dilakukan lumber jack?"},{"type":"🙋","phrase":"Saya ingin menjadi jack kayu."}]},{"slug":"miner","title":"Buruh tambang","phrases":[{"type":"❓","phrase":"Apa yang dilakukan penambang?"},{"type":"🙋","phrase":"Saya ingin menjadi penambang."}]},{"slug":"nun","title":"Biarawati","phrases":[{"type":"❓","phrase":"Apa yang dilakukan biarawati?"},{"type":"🙋","phrase":"Saya ingin menjadi biarawati."}]},{"slug":"fisher-woman","title":"Wanita nelayan","phrases":[{"type":"❓","phrase":"Apa yang dilakukan oleh seorang wanita nelayan?"},{"type":"🙋","phrase":"Saya ingin menjadi wanita nelayan."}]},{"slug":"hair-dresser","title":"Penata rambut","phrases":[{"type":"❓","phrase":"Apa yang dilakukan oleh seorang penata rambut?"},{"type":"🙋","phrase":"Saya ingin menjadi penata rambut."}]},{"slug":"mechanic","title":"Montir","phrases":[{"type":"❓","phrase":"Apa yang dilakukan seorang mekanik?"},{"type":"🙋","phrase":"Saya ingin menjadi mekanik."}]},{"slug":"electrician","title":"Montir listrik","phrases":[{"type":"❓","phrase":"Apa yang dilakukan seorang tukang listrik?"},{"type":"🙋","phrase":"Saya ingin menjadi tukang listrik."}]},{"slug":"swimmer","title":"Perenang","phrases":[{"type":"❓","phrase":"Apa yang dilakukan seorang perenang?"},{"type":"🙋","phrase":"Saya ingin menjadi perenang."}]},{"slug":"photographer","title":"Juru potret","phrases":[{"type":"❓","phrase":"Apa yang dilakukan seorang fotografer?"},{"type":"🙋","phrase":"Saya ingin menjadi seorang fotografer."}]},{"slug":"priest","title":"Imam","phrases":[{"type":"❓","phrase":"Apa yang dilakukan seorang imam?"},{"type":"🙋","phrase":"Saya ingin menjadi seorang imam."}]},{"slug":"soldier","title":"Tentara","phrases":[{"type":"❓","phrase":"Apa yang dilakukan seorang prajurit?"},{"type":"🙋","phrase":"Saya ingin menjadi seorang prajurit."}]},{"slug":"carpenter","title":"tukang kayu","phrases":[{"type":"❓","phrase":"Apa yang dilakukan oleh seorang tukang kayu?"},{"type":"🙋","phrase":"Saya ingin menjadi tukang kayu."}]},{"slug":"plumber","title":"Tukang ledeng","phrases":[{"type":"❓","phrase":"Apa yang dilakukan tukang ledeng?"},{"type":"🙋","phrase":"Saya ingin menjadi tukang ledeng."}]},{"slug":"wall-painter","title":"Pelukis dinding","phrases":[{"type":"❓","phrase":"Apa yang dilakukan pelukis dinding?"},{"type":"🙋","phrase":"Saya ingin menjadi pelukis tembok."}]},{"slug":"nurse","title":"Perawat","phrases":[{"type":"❓","phrase":"Apa yang dilakukan seorang perawat?"},{"type":"🙋","phrase":"Saya ingin menjadi perawat."}]},{"slug":"judge","title":"Hakim","phrases":[{"type":"❓","phrase":"Apa yang dilakukan seorang hakim?"},{"type":"🙋","phrase":"Saya ingin menjadi hakim."}]},{"slug":"waiter","title":"Pelayan","phrases":[{"type":"❓","phrase":"Apa yang dilakukan pelayan?"},{"type":"🙋","phrase":"Saya ingin menjadi pelayan."}]},{"slug":"pilot","title":"Pilot","phrases":[{"type":"❓","phrase":"Apa yang dilakukan seorang pilot?"},{"type":"🙋","phrase":"Saya ingin menjadi pilot."}]},{"slug":"welder","title":"Tukang las","phrases":[{"type":"❓","phrase":"Apa yang dilakukan tukang las?"},{"type":"🙋","phrase":"Saya ingin menjadi tukang las."}]},{"slug":"executive","title":"Eksekutif","phrases":[{"type":"❓","phrase":"Apa yang dilakukan seorang eksekutif?"},{"type":"🙋","phrase":"Saya ingin menjadi seorang eksekutif."}]},{"slug":"hostess","title":"Nyonya rumah","phrases":[{"type":"❓","phrase":"Apa yang dilakukan nyonya rumah?"},{"type":"🙋","phrase":"Saya ingin menjadi nyonya rumah."}]}]