[{"slug":"confetti","title":"Konfeti","phrases":[{"type":"❤️","phrase":"Saya suka confetti."},{"type":"🙋","phrase":"Bisakah saya memunculkan confetti?"}]},{"slug":"party-blower","title":"Party blower","phrases":[{"type":"❤️","phrase":"Saya suka pesta blower."},{"type":"🔊","phrase":"Apakah pesta saya berisik?"}]},{"slug":"gift","title":"Hadiah","phrases":[{"type":"❤️","phrase":"Saya suka hadiah."},{"type":"🎁","phrase":"Apa yang kamu dapatkan saya sebagai hadiah?"}]},{"slug":"candle","title":"Lilin","phrases":[{"type":"❤️","phrase":"Saya suka lilin pesta."},{"type":"🕯️","phrase":"Bisakah saya meniup lilin?"},{"type":"🎂","phrase":"Ada berapa lilin?"}]},{"slug":"party-hat","title":"Topi pesta","phrases":[{"type":"❤️","phrase":"Saya suka memakai topi pesta."},{"type":"👚","phrase":"Saya akan memakai topi pesta selama pesta."}]},{"slug":"balloons","title":"Balon","phrases":[{"type":"❤️","phrase":"Saya suka balon."},{"type":"🎈","phrase":"Bisakah saya meledakkan balon?"}]},{"slug":"garlands","title":"Karangan bunga","phrases":[{"type":"❤️","phrase":"Saya suka karangan bunga."},{"type":"🙋","phrase":"Saya ingin memakai karangan bunga ke pesta saya."},{"type":"🙋","phrase":"Bisakah kamu menaruh karangan bunga ini di lenganku?"}]},{"slug":"cake","title":"kue","phrases":[{"type":"❤️","phrase":"Saya suka makan kue."},{"type":"🙋","phrase":"Bisakah saya memiliki sepotong kue?"}]},{"slug":"ice-cream","title":"Es krim","phrases":[{"type":"❤️","phrase":"Saya suka makan es krim."},{"type":"🍭","phrase":"Apa rasa favoritmu?"}]},{"slug":"microphone","title":"Mikropon","phrases":[{"type":"❤️","phrase":"Saya suka bermain karaoke."},{"type":"❤️","phrase":"Aku suka bernyanyi."}]},{"slug":"music","title":"Musik","phrases":[{"type":"❤️","phrase":"Saya suka bermain musik."},{"type":"🎶","phrase":"Jenis musik apa yang kamu suka?"}]},{"slug":"magician","title":"Pesulap","phrases":[{"type":"❤️","phrase":"Saya suka pesulap."},{"type":"✨","phrase":"Saya ingin menjadi pesulap."},{"type":"🙋","phrase":"Bisakah Anda mengajari saya beberapa trik sulap?"}]},{"slug":"taking-photos","title":"Mengambil foto","phrases":[{"type":"❤️","phrase":"Saya suka mengambil foto."},{"type":"🙋","phrase":"Bisakah saya mengambil foto menggunakan ponsel Anda?"}]},{"slug":"invitation","title":"Undangan","phrases":[{"type":"📧","phrase":"Saya mendapat undangan."},{"type":"📨","phrase":"Bisakah saya mengundang teman saya ke pesta?"},{"type":"📨","phrase":"Bisakah saya mengundang teman saya ke pesta ulang tahun saya?"},{"type":"📨","phrase":"Bisakah kita mengundang teman saya ke pesta saudara perempuan saya?"},{"type":"📨","phrase":"Bisakah kita mengundang teman-teman saya ke pesta saudara laki-laki saya?"}]},{"slug":"candy","title":"Permen","phrases":[{"type":"❤️","phrase":"Saya suka permen."},{"type":"🙋","phrase":"Bisakah saya makan permen?"}]},{"slug":"popsicle","title":"Es loli","phrases":[{"type":"❤️","phrase":"Saya suka es loli."},{"type":"🙋","phrase":"Bisakah saya makan es loli?"},{"type":"🙋","phrase":"Bisakah kita membuat es loli?"},{"type":"🙋","phrase":"Apakah Anda ingin makan es loli?"}]},{"slug":"cupcake","title":"Cupcake","phrases":[{"type":"❤️","phrase":"Saya suka cupcake."},{"type":"🙋","phrase":"Bisakah saya makan cupcake?"}]},{"slug":"costume","title":"Kostum","phrases":[{"type":"❤️","phrase":"Saya suka memakai kostum."},{"type":"🦸","phrase":"Bisakah saya memakai kostum spider-man?"},{"type":"🦸‍♂️","phrase":"Bisakah saya memakai kostum batman?"},{"type":"🦸‍♀️","phrase":"Bisakah saya memakai kostum wanita ajaib?"}]},{"slug":"party-glasses","title":"Kacamata pesta","phrases":[{"type":"❤️","phrase":"Saya suka kacamata pesta."},{"type":"🙋","phrase":"Bisakah saya memakai kacamata pesta?"}]},{"slug":"spotlights","title":"Lampu sorot","phrases":[{"type":"❤️","phrase":"Saya suka lampu sorot."},{"type":"❌","phrase":"Saya tidak suka lampu sorot."}]},{"slug":"marshmallow","title":"Marshmallow","phrases":[{"type":"❤️","phrase":"Saya suka marshmallow."},{"type":"🔥","phrase":"Saya memasak marshmallow di atas api unggun."},{"type":"🙋","phrase":"Saya ingin makan marshmallow."}]},{"slug":"guacamole","title":"guacamole","phrases":[{"type":"❤️","phrase":"Saya suka guacamole."},{"type":"🙋","phrase":"Bisakah saya makan guacamole?"},{"type":"❌","phrase":"Saya tidak suka makan guacamole."}]},{"slug":"hotdog","title":"Hot Dog","phrases":[{"type":"❤️","phrase":"Saya suka hotdog."},{"type":"🙋","phrase":"Bisakah saya mendapatkan hotdog?"},{"type":"❌","phrase":"Saya tidak suka makan hotdog."},{"type":"🙋","phrase":"Bisakah saya makan hotdog?"}]},{"slug":"bouncy-castle","title":"Kastil goyang","phrases":[{"type":"❤️","phrase":"Saya suka goyang istana."},{"type":"🙋","phrase":"Saya ingin bermain di kastil goyang."},{"type":"🙋","phrase":"Mari kita bermain di kastil goyang."}]},{"slug":"clown","title":"Badut","phrases":[{"type":"❤️","phrase":"Saya suka badut."},{"type":"❌","phrase":"Saya tidak suka badut."},{"type":"🙋","phrase":"Saya ingin menjadi badut."}]},{"slug":"magic-hat","title":"Topi ajaib","phrases":[{"type":"❤️","phrase":"Saya suka topi ajaib."},{"type":"🧙‍♂️","phrase":"Saya seorang penyihir!"},{"type":"🙋","phrase":"Saya ingin seperti sulap."}]},{"slug":"dart-board","title":"papan panah","phrases":[{"type":"❤️","phrase":"Saya suka bermain panah."},{"type":"🎯","phrase":"Bermain panah bisa berbahaya."}]}]