[{"slug":"mother","title":"Ibu","phrases":[{"type":"⁉️","phrase":"Mama!"},{"type":"💘","phrase":"Aku sayang ibuku."},{"type":"❤️","phrase":"Aku cinta kamu ibu."},{"type":"☹️","phrase":"Aku merindukan ibuku."},{"type":"🙏🏼","phrase":"Terima kasih telah merawat saya."},{"type":"👉🏼","phrase":"Dia adalah ibuku."},{"type":"❓","phrase":"Bisakah Anda membantu saya menemukan ibu saya?"}]},{"slug":"father","title":"Ayah","phrases":[{"type":"⁉️","phrase":"Ayah!"},{"type":"💘","phrase":"Saya mencintai ayah saya."},{"type":"❤️","phrase":"Saya mencintaimu ayah."},{"type":"☹️","phrase":"Saya merindukan ayah saya."},{"type":"🙏🏼","phrase":"Terima kasih telah merawat saya."},{"type":"👉🏼","phrase":"Dia ayahku."},{"type":"❓","phrase":"Bisakah Anda membantu saya menemukan ayah saya?"}]},{"slug":"parents","title":"Orangtua","phrases":[{"type":"💑","phrase":"Saya mencintai orang tua saya."},{"type":"💘","phrase":"Saya mencintai orang tua saya."},{"type":"☹️","phrase":"Saya rindu orang tua saya."},{"type":"👉🏼","phrase":"Mereka adalah orang tua ku."},{"type":"👨‍👩‍👧","phrase":"Orang tua saya merawat saya."},{"type":"❓","phrase":"Bisakah Anda membantu saya menemukan orang tua saya?"}]},{"slug":"grandparents","title":"Kakek dan nenek","phrases":[{"type":"💑","phrase":"Saya suka kakek nenek saya."},{"type":"💘","phrase":"Aku mencintaimu kakek nenek."},{"type":"☹️","phrase":"Saya merindukan kakek nenek saya."},{"type":"👉🏼","phrase":"Mereka adalah kakek nenek saya."},{"type":"👨‍👩‍👧","phrase":"Kakek nenek saya merawat saya."},{"type":"❓","phrase":"Bisakah Anda membantu saya menemukan kakek nenek saya?"}]},{"slug":"brother","title":"Saudara","phrases":[{"type":"💑","phrase":"Aku sayang saudara laki-lakiku."},{"type":"💘","phrase":"Aku cinta kamu saudara"},{"type":"☹️","phrase":"Aku rindu saudaraku."},{"type":"👉🏼","phrase":"Dia adalah saudaraku."},{"type":"🙎‍♂️","phrase":"Adikku merawatku."},{"type":"❓","phrase":"Bisakah Anda membantu saya menemukan saudara saya?"}]},{"slug":"sister","title":"Saudara","phrases":[{"type":"💑","phrase":"Saya mencintai saudara perempuan saya."},{"type":"💘","phrase":"Aku cinta kamu kakak."},{"type":"☹️","phrase":"Saya rindu saudara perempuan saya."},{"type":"👉🏼","phrase":"Dia adikku."},{"type":"🙍‍♀️","phrase":"Adikku merawatku."},{"type":"❓","phrase":"Bisakah Anda membantu saya menemukan saudara perempuan saya?"}]},{"slug":"uncle","title":"Paman","phrases":[{"type":"💑","phrase":"Saya suka paman saya."},{"type":"💘","phrase":"Aku sayang kamu paman."},{"type":"☹️","phrase":"Saya merindukan paman saya."},{"type":"👉🏼","phrase":"Dia adalah pamanku."},{"type":"❓","phrase":"Bisakah Anda membantu saya menemukan paman saya?"}]},{"slug":"aunt","title":"Bibi","phrases":[{"type":"💑","phrase":"Saya suka bibiku."},{"type":"💘","phrase":"Aku mencintaimu bibi."},{"type":"☹️","phrase":"Aku rindu bibiku."},{"type":"👉🏼","phrase":"Dia Tante ku."},{"type":"❓","phrase":"Bisakah kamu membantuku menemukan bibiku?"}]},{"slug":"teacher","title":"Guru","phrases":[{"type":"💑","phrase":"Saya mencintai guruku."},{"type":"💘","phrase":"Aku cinta kamu guru."},{"type":"💔","phrase":"Saya tidak suka guruku."},{"type":"☹️","phrase":"Saya rindu guruku."},{"type":"🙏🏼","phrase":"Terima kasih untuk pelajarannya"}]},{"slug":"therapist","title":"Dokter","phrases":[{"type":"💑","phrase":"Saya suka terapis saya."},{"type":"💘","phrase":"Aku mencintaimu terapis."},{"type":"💔","phrase":"Saya tidak suka terapis saya."},{"type":"☹️","phrase":"Saya rindu terapis saya."},{"type":"🙏🏼","phrase":"Terima kasih untuk sesi ini."}]},{"slug":"doctor","title":"Dokter","phrases":[{"type":"💑","phrase":"Saya suka dokter saya."},{"type":"💘","phrase":"Aku mencintaimu dokter."},{"type":"💔","phrase":"Saya tidak suka dokter saya."},{"type":"☹️","phrase":"Saya merindukan dokter saya."},{"type":"🙏🏼","phrase":"Terima kasih telah menyembuhkan saya."}]},{"slug":"friends","title":"Teman","phrases":[{"type":"💑","phrase":"Aku menyayangi teman-temanku."},{"type":"❓","phrase":"Maukah kamu jadi temanku?"},{"type":"💔","phrase":"Saya tidak suka teman saya."},{"type":"☹️","phrase":"Saya merindukan teman-teman saya."},{"type":"👉🏼","phrase":"Mereka adalah teman-temanku."},{"type":"🙏🏼","phrase":"Terima kasih telah bermain dengan saya."}]},{"slug":"cousins","title":"Sepupu","phrases":[{"type":"💑","phrase":"Saya suka sepupu saya."},{"type":"❌","phrase":"Saya tidak punya sepupu."},{"type":"☹️","phrase":"Saya merindukan sepupu saya."},{"type":"👉🏼","phrase":"Mereka adalah sepupu saya."}]},{"slug":"grandmother","title":"Nenek","phrases":[{"type":"💑","phrase":"Saya suka nenek saya."},{"type":"💘","phrase":"Aku sayang kamu nenek."},{"type":"☹️","phrase":"Saya rindu nenek saya."},{"type":"👉🏼","phrase":"Dia adalah nenekku."}]},{"slug":"grandfather","title":"Kakek","phrases":[{"type":"💑","phrase":"Saya suka kakek saya."},{"type":"💘","phrase":"Aku sayang kakek."},{"type":"☹️","phrase":"Saya rindu kakek saya."},{"type":"👉🏼","phrase":"Dia adalah kakek saya."}]},{"slug":"stepfather","title":"Ayah tiri","phrases":[{"type":"💑","phrase":"Saya suka ayah tiriku."},{"type":"👉🏼","phrase":"Dia adalah ayah tiriku."},{"type":"☹️","phrase":"Saya merindukan ayah tiriku."},{"type":"👉🏼","phrase":"Dia adalah ayah tiriku."}]},{"slug":"stepmother","title":"Ibu tiri","phrases":[{"type":"💑","phrase":"Saya suka ibu tiriku."},{"type":"👉🏼","phrase":"Dia adalah ibu tiriku."},{"type":"☹️","phrase":"Saya merindukan ibu tiriku."},{"type":"👉🏼","phrase":"Dia adalah ibu tiriku."}]},{"slug":"stepsister","title":"Saudara perempuan tiri","phrases":[{"type":"💑","phrase":"Saya suka saudara tiriku."},{"type":"👉🏼","phrase":"Dia adalah saudara tiriku."},{"type":"☹️","phrase":"Saya rindu saudara tiriku."},{"type":"👉🏼","phrase":"Dia adalah saudara tiriku."}]},{"slug":"stepbrother","title":"Saudara tiri","phrases":[{"type":"💑","phrase":"Saya suka saudara tiriku."},{"type":"👉🏼","phrase":"Dia adalah saudara tiriku."},{"type":"☹️","phrase":"Saya merindukan saudara tiriku."},{"type":"👉🏼","phrase":"Dia adalah saudara tiriku."}]},{"slug":"half-brother","title":"Setengah saudara laki-laki","phrases":[{"type":"💑","phrase":"Saya suka saudara tiriku."},{"type":"👉🏼","phrase":"Dia adalah saudara tiriku."},{"type":"☹️","phrase":"Saya merindukan saudara tiriku."},{"type":"👉🏼","phrase":"Dia adalah saudara tiriku."}]},{"slug":"half-sister","title":"Kakak tiri","phrases":[{"type":"💑","phrase":"Saya suka saudara tiriku."},{"type":"👉🏼","phrase":"Dia adalah saudara tiriku."},{"type":"☹️","phrase":"Saya merindukan saudara tiriku."},{"type":"👉🏼","phrase":"Dia adalah saudara tiriku."}]}]