[{"slug":"captain","title":"Kapten","phrases":[]},{"slug":"pirate-crew","title":"Kru bajak laut","phrases":[]},{"slug":"treasure","title":"Harta","phrases":[]},{"slug":"hook","title":"Menghubungkan","phrases":[]},{"slug":"compass","title":"Kompas","phrases":[]},{"slug":"pirate-ship","title":"Kapal bajak laut","phrases":[]},{"slug":"pirate-gun","title":"Senjata bajak laut","phrases":[]},{"slug":"pirate-sword","title":"Pedang bajak laut","phrases":[]},{"slug":"barrel","title":"Barel","phrases":[]},{"slug":"pirate-flag","title":"Bendera bajak laut","phrases":[]},{"slug":"treasure-map","title":"Peta harta karun","phrases":[]},{"slug":"spyglass","title":"Spyglass","phrases":[]},{"slug":"cannon","title":"Meriam","phrases":[]},{"slug":"helm","title":"Kemudi","phrases":[]},{"slug":"lighthouse","title":"Mercu suar","phrases":[]},{"slug":"anchor","title":"Jangkar","phrases":[]},{"slug":"bomb","title":"Bom","phrases":[]},{"slug":"coin","title":"Koin","phrases":[]},{"slug":"candle","title":"Lilin","phrases":[]},{"slug":"knife","title":"Pisau","phrases":[]}]