[{"slug":"park","title":"Taman","phrases":[{"type":"🙋","phrase":"Saya ingin pergi ke taman."},{"type":"☝️","phrase":"Bisakah Anda membawa saya ke taman?"},{"type":"💡","phrase":"Saya bisa bermain di taman."}]},{"slug":"mall","title":"Mall","phrases":[{"type":"🙋","phrase":"Saya ingin pergi ke mal."},{"type":"☝️","phrase":"Bisakah Anda membawa saya ke mal?"},{"type":"💡","phrase":"Saya bisa berbelanja di mal."}]},{"slug":"restaurant","title":"Restoran","phrases":[{"type":"🙋","phrase":"Saya ingin pergi ke restoran."},{"type":"☝️","phrase":"Bisakah kamu mengantarku ke restoran?"},{"type":"💡","phrase":"Saya bisa makan di restoran."}]},{"slug":"cinema","title":"Bioskop","phrases":[{"type":"🙋","phrase":"Saya ingin pergi ke bioskop."},{"type":"☝️","phrase":"Bisakah Anda membawa saya ke bioskop?"},{"type":"💡","phrase":"Saya bisa menonton film di bioskop."}]},{"slug":"school","title":"Sekolah","phrases":[{"type":"🙋","phrase":"Saya ingin pergi ke sekolah."},{"type":"☝️","phrase":"Bisakah kamu mengantarku ke sekolah?"},{"type":"💡","phrase":"Saya bisa belajar di sekolah."}]},{"slug":"library","title":"Perpustakaan","phrases":[{"type":"🙋","phrase":"Saya ingin pergi ke perpustakaan."},{"type":"☝️","phrase":"Bisakah Anda membawa saya ke perpustakaan?"},{"type":"💡","phrase":"Saya bisa belajar di perpustakaan."}]},{"slug":"fair","title":"Adil","phrases":[{"type":"🙋","phrase":"Saya ingin adil."},{"type":"☝️","phrase":"Bisakah Anda membawa saya ke pameran?"},{"type":"💡","phrase":"Saya bisa bersenang-senang dengan adil."}]},{"slug":"drugstore","title":"Toko obat","phrases":[{"type":"🙋","phrase":"Saya ingin pergi ke toko obat."},{"type":"☝️","phrase":"Bisakah Anda membawa saya ke toko obat?"},{"type":"💡","phrase":"Saya dapat membeli obat saya di toko obat."}]},{"slug":"hospital","title":"Rumah Sakit","phrases":[{"type":"🙋","phrase":"Saya ingin pergi ke rumah sakit."},{"type":"☝️","phrase":"Bisakah Anda membawa saya ke rumah sakit?"},{"type":"💡","phrase":"Orang sakit dapat pergi ke rumah sakit."}]},{"slug":"amusement-park","title":"Taman Hiburan","phrases":[{"type":"🙋","phrase":"Saya ingin pergi ke taman hiburan."},{"type":"☝️","phrase":"Bisakah Anda membawa saya ke taman hiburan?"},{"type":"💡","phrase":"Saya bisa bersenang-senang di taman hiburan."}]},{"slug":"dormitory","title":"Asrama","phrases":[{"type":"🙋","phrase":"Saya ingin pergi ke asrama."},{"type":"☝️","phrase":"Bisakah kamu mengantarku ke asrama?"},{"type":"💡","phrase":"Saya bisa tinggal di asrama."}]},{"slug":"laundry-place","title":"Tempat binatu","phrases":[{"type":"🙋","phrase":"Saya ingin pergi ke tempat cuci."},{"type":"☝️","phrase":"Bisakah Anda membawa saya ke tempat binatu?"},{"type":"💡","phrase":"Saya bisa membersihkan cucian saya di tempat cucian."}]},{"slug":"barber-shop","title":"tukang potong rambut","phrases":[{"type":"🙋","phrase":"Saya ingin pergi ke toko tukang cukur."},{"type":"☝️","phrase":"Bisakah Anda membawa saya ke toko tukang cukur?"},{"type":"💡","phrase":"Saya bisa potong rambut di toko tukang cukur."}]},{"slug":"hotel","title":"Hotel","phrases":[{"type":"🙋","phrase":"Saya ingin pergi ke hotel."},{"type":"☝️","phrase":"Bisakah kamu mengantarku ke hotel?"},{"type":"💡","phrase":"Saya bisa tinggal di hotel."}]},{"slug":"kindergarten","title":"TK","phrases":[{"type":"🙋","phrase":"Saya ingin pergi ke taman kanak-kanak."},{"type":"☝️","phrase":"Bisakah Anda membawa saya ke taman kanak-kanak?"}]},{"slug":"parking-lot","title":"Tempat parkir","phrases":[{"type":"🙋","phrase":"Saya ingin pergi ke tempat parkir."},{"type":"☝️","phrase":"Bisakah kamu mengantarku ke tempat parkir?"}]},{"slug":"elevator","title":"Tangga berjalan","phrases":[{"type":"🙋","phrase":"Saya ingin menggunakan lift."},{"type":"💗","phrase":"Saya suka menggunakan lift?"},{"type":"💡","phrase":"Saya bisa naik menggunakan lift."}]},{"slug":"bank","title":"Bank","phrases":[{"type":"🙋","phrase":"Saya ingin pergi ke bank."},{"type":"☝️","phrase":"Bisakah Anda membawa saya ke bank?"},{"type":"💡","phrase":"Saya dapat menarik uang di bank."}]},{"slug":"skycraper","title":"Pencakar langit","phrases":[{"type":"🙋","phrase":"Saya ingin pergi ke gedung pencakar langit."},{"type":"☝️","phrase":"Bisakah Anda membawa saya ke gedung pencakar langit?"}]},{"slug":"stadium","title":"Stadion","phrases":[{"type":"🙋","phrase":"Saya ingin pergi ke stadion."},{"type":"☝️","phrase":"Bisakah Anda membawa saya ke stadion?"}]},{"slug":"cruise-ship","title":"Kapal pesiar","phrases":[{"type":"🙋","phrase":"Saya ingin naik kapal pesiar."},{"type":"☝️","phrase":"Bisakah Anda membawa saya ke kapal pesiar?"}]},{"slug":"forest","title":"Hutan","phrases":[{"type":"🙋","phrase":"Saya ingin pergi ke hutan."},{"type":"☝️","phrase":"Bisakah Anda membawa saya ke hutan?"}]},{"slug":"tent","title":"Tenda","phrases":[{"type":"🙋","phrase":"Saya ingin pergi ke tenda."},{"type":"☝️","phrase":"Bisakah kita tinggal di tenda?"}]},{"slug":"beach","title":"Pantai","phrases":[{"type":"🙋","phrase":"Saya ingin pergi ke pantai."},{"type":"☝️","phrase":"Bisakah kamu mengantarku ke pantai?"},{"type":"💡","phrase":"Saya bisa berjemur di pantai."}]}]