[{"slug":"protective-mask","title":"Topeng pelindung","phrases":[{"type":"🛡️","phrase":"Saya menggunakan topeng pelindung."},{"type":"😷","phrase":"Saya tidak bisa keluar tanpa topeng pelindung."}]},{"slug":"stay-home","title":"Tinggal di rumah","phrases":[{"type":"🏠","phrase":"Anda harus tinggal di rumah."},{"type":"🏡","phrase":"Saya tinggal di rumah."}]},{"slug":"toilet-paper","title":"Tisu toilet","phrases":[]},{"slug":"sprayer","title":"Semprotan","phrases":[]},{"slug":"disinfectant","title":"Desinfektan","phrases":[{"type":"🧼","phrase":"Saya menggunakan desinfektan."},{"type":"🙋","phrase":"Bisakah Anda membantu saya menggunakan disinfektan?"}]},{"slug":"coughing","title":"Batuk","phrases":[{"type":"🤒","phrase":"Saya batuk."},{"type":"🏥","phrase":"Batuk adalah gejala virus."}]},{"slug":"medical-assistance","title":"Bantuan medis","phrases":[{"type":"⚕️","phrase":"Saya butuh bantuan medis."},{"type":"❓","phrase":"Apakah Anda memerlukan bantuan medis?"}]},{"slug":"hand-sanitizer","title":"Pensanitasi tangan","phrases":[{"type":"🚰","phrase":"Saya menggunakan pembersih tangan."},{"type":"🙋","phrase":"Bisakah Anda membantu saya menggunakan pembersih tangan?"}]},{"slug":"gloves","title":"Sarung tangan","phrases":[{"type":"🧤","phrase":"Saya menggunakan sarung tangan."},{"type":"🙋","phrase":"Bisakah Anda membantu saya mengenakan sarung tangan?"}]},{"slug":"social-distancing","title":"Jarak sosial","phrases":[{"type":"🖐️","phrase":"Saya berlatih menjaga jarak sosial."},{"type":"📏","phrase":"Kita harus menjaga jarak di antara kita."}]},{"slug":"mouth-mask","title":"Masker mulut","phrases":[{"type":"😷","phrase":"Saya menggunakan masker mulut."},{"type":"🏡","phrase":"Saya tidak bisa keluar tanpa topeng mulut."}]},{"slug":"pandemic","title":"Pandemi","phrases":[{"type":"🌐","phrase":"Apa itu pandemi?"},{"type":"⏱️","phrase":"Kapan pandemi akan berakhir?"},{"type":"⌚","phrase":"Ada pandemi yang terjadi."}]},{"slug":"working-at-home","title":"Bekerja di rumah","phrases":[{"type":"🏠","phrase":"Saya sedang bekerja di rumah."},{"type":"👪","phrase":"Orang tua saya bekerja di rumah."}]},{"slug":"wet-wipes","title":"Tisu basah","phrases":[{"type":"🤧","phrase":"Saya perlu tisu basah."}]},{"slug":"quarantine","title":"Karantina","phrases":[{"type":"🔲","phrase":"Apa itu karantina?"},{"type":"🙋","phrase":"Saya sedang dalam karantina."}]},{"slug":"first-aid-kit","title":"Pertolongan pertama","phrases":[{"type":"❓","phrase":"Di mana kotak P3K?"},{"type":"🙋","phrase":"Bisakah Anda membantu saya menggunakan kotak P3K?"}]},{"slug":"fitness","title":"Kebugaran","phrases":[{"type":"🤸","phrase":"Saya suka melakukan kebugaran."},{"type":"🤼","phrase":"Saya suka melakukan kebugaran."}]},{"slug":"e-learning","title":"E-learning","phrases":[{"type":"💻","phrase":"Saya belajar dari rumah."},{"type":"📱","phrase":"Saya menggunakan aplikasi e-learning."}]},{"slug":"virus","title":"Virus","phrases":[{"type":"🦠","phrase":"Apa itu virus?"},{"type":"💉","phrase":"Apa saja gejala virusnya?"}]},{"slug":"cleaning","title":"Pembersihan","phrases":[{"type":"🧼","phrase":"Saya sedang membersihkan kamar saya."},{"type":"🔲","phrase":"Menjaga kebersihan kamar Anda adalah penting."}]}]