[{"slug":"desk","title":"Meja tulis","phrases":[{"type":"🙋","phrase":"Bisakah saya menggunakan meja ini?"},{"type":"❓","phrase":"Meja mana milik saya?"},{"type":"🥛","phrase":"Saya tumpah di meja saya."},{"type":"❌","phrase":"Jangan menggaruk meja Anda."}]},{"slug":"chair","title":"Kursi","phrases":[{"type":"🙋","phrase":"Bisakah saya duduk dengan Anda?"},{"type":"❓","phrase":"Kursi yang mana milik saya?"},{"type":"☝️","phrase":"Apakah kursi ini diambil?"},{"type":"🥛","phrase":"Saya tumpah di kursi."}]},{"slug":"book","title":"Book","phrases":[{"type":"📙","phrase":"Buku pelajaran"},{"type":"📒","phrase":"Buku kerja"},{"type":"📚","phrase":"Membaca buku."},{"type":"😇","phrase":"Bisakah saya meminjam buku Anda?"},{"type":"📃","phrase":"Di halaman mana kita?"},{"type":"☝️","phrase":"Balik halaman."},{"type":"😱","phrase":"Saya kehilangan buku saya."}]},{"slug":"notebook","title":"Buku catatan","phrases":[{"type":"📝","phrase":"Mencatat."},{"type":"🖐️","phrase":"Saya mencatat."},{"type":"😱","phrase":"Saya kehilangan buku catatan saya."}]},{"slug":"backpack","title":"Ransel","phrases":[{"type":"👜","phrase":"Membawa ranselku."},{"type":"💡","phrase":"Menempatkan buku-bukuku di ranselku."},{"type":"🙋","phrase":"Saya butuh ransel baru."},{"type":"🙏🏼","phrase":"Terima kasih telah membawa ransel saya."},{"type":"😱","phrase":"Saya kehilangan ransel saya."},{"type":"⚖️","phrase":"Ransel saya berat."}]},{"slug":"blackboard","title":"Papan tulis","phrases":[{"type":"👀","phrase":"Lihatlah papan tulis."},{"type":"🧽","phrase":"Membersihkan papan tulis."},{"type":"🧮","phrase":"Memecahkan masalah di papan tulis."},{"type":"📝","phrase":"Mencatat di papan tulis."},{"type":"🖊️","phrase":"Beri aku kapur."}]},{"slug":"teacher","title":"Guru","phrases":[{"type":"🤔","phrase":"Saya tidak mengerti bagian ini."},{"type":"🔁","phrase":"Bisakah Anda mengulangi bagian terakhir?"},{"type":"🚻","phrase":"Bisakah saya pergi ke kamar kecil?"},{"type":"❓","phrase":"Topik apa?"},{"type":"😀","phrase":"Saya suka topik ini."},{"type":"😔","phrase":"Saya tidak suka topik ini."},{"type":"🙏🏼","phrase":"Terima kasih untuk pelajarannya"}]},{"slug":"school-bus","title":"Bus sekolah","phrases":[{"type":"⌛","phrase":"Bus sekolah akan datang."},{"type":"❓","phrase":"Bisakah saya duduk di sebelah Anda?"},{"type":"🙏🏼","phrase":"Sopir bus terima kasih!"},{"type":"⏱️","phrase":"Bus sekolah terlambat."}]},{"slug":"pencil","title":"Pensil","phrases":[{"type":"✏️","phrase":"Saya sedang menulis."},{"type":"🎓","phrase":"Saya sedang belajar menulis."},{"type":"🙋","phrase":"Saya perlu pensil baru."},{"type":"😇","phrase":"Bisakah saya meminjam pensil Anda?"},{"type":"😱","phrase":"Saya kehilangan pensil saya."}]},{"slug":"eraser","title":"Penghapus","phrases":[{"type":"🧽","phrase":"Saya menghapus."},{"type":"🙋","phrase":"Saya perlu penghapus baru."},{"type":"😇","phrase":"Bisakah saya meminjam penghapus Anda?"},{"type":"😱","phrase":"Saya kehilangan penghapus saya."}]},{"slug":"ruler","title":"Penggaris","phrases":[{"type":"📏","phrase":"Saya mengukur."},{"type":"🙋","phrase":"Saya membutuhkan penguasa baru."},{"type":"😇","phrase":"Bisakah saya meminjam penggaris Anda?"},{"type":"😱","phrase":"Saya kehilangan penguasa saya."}]},{"slug":"sharpener","title":"Rautan","phrases":[{"type":"🔪","phrase":"Saya mengasah pensil saya."},{"type":"🙋","phrase":"Saya membutuhkan rautan baru."},{"type":"😇","phrase":"Bisakah saya meminjam rautan Anda?"},{"type":"😱","phrase":"Saya kehilangan rautan saya."}]},{"slug":"mathematics","title":"Matematika","phrases":[{"type":"❤️","phrase":"Saya suka matematika."},{"type":"🙋","phrase":"Saya ingin belajar matematika."},{"type":"❌","phrase":"Saya tidak suka matematika."},{"type":"⌚","phrase":"Kapan kelas matematika?"},{"type":"☝️","phrase":"Bisakah Anda membantu saya mengerjakan PR matematika?"}]},{"slug":"literature","title":"literatur","phrases":[{"type":"❤️","phrase":"Saya suka sastra."},{"type":"🙋","phrase":"Saya ingin belajar sastra."},{"type":"❌","phrase":"Saya tidak suka sastra."},{"type":"⌚","phrase":"Kapan kelas sastra?"},{"type":"☝️","phrase":"Bisakah Anda membantu saya dengan pekerjaan rumah literatur saya?"}]},{"slug":"science","title":"Ilmu","phrases":[{"type":"❤️","phrase":"Saya suka sains."},{"type":"🙋","phrase":"Saya ingin belajar ilmu."},{"type":"❌","phrase":"Saya tidak suka sains."},{"type":"⌚","phrase":"Kapan kelas sains?"},{"type":"☝️","phrase":"Bisakah Anda membantu saya dengan pekerjaan rumah sains saya?"}]},{"slug":"art-class","title":"Kelas seni","phrases":[{"type":"❤️","phrase":"Saya suka kelas seni."},{"type":"🙋","phrase":"Saya ingin melatih keterampilan seni."},{"type":"❌","phrase":"Saya tidak suka kelas seni."},{"type":"⌚","phrase":"Kapan kelas seni?"},{"type":"☝️","phrase":"Bisakah Anda membantu saya mengerjakan PR kelas seni?"}]},{"slug":"music-class","title":"Kelas Musik","phrases":[{"type":"❤️","phrase":"Saya suka kelas musik."},{"type":"🙋","phrase":"Saya ingin berlatih keterampilan musik."},{"type":"❌","phrase":"Saya tidak suka kelas musik."},{"type":"⌚","phrase":"Kapan kelas musik?"},{"type":"☝️","phrase":"Bisakah Anda membantu saya dengan pekerjaan rumah kelas musik saya?"}]},{"slug":"geography","title":"Geografi","phrases":[{"type":"❤️","phrase":"Saya suka geografi."},{"type":"🙋","phrase":"Saya ingin belajar geografi."},{"type":"❌","phrase":"Saya tidak suka geografi."},{"type":"⌚","phrase":"Kapan geografi?"},{"type":"☝️","phrase":"Bisakah Anda membantu saya dengan pekerjaan rumah geografi saya?"}]},{"slug":"telescope","title":"Teleskop","phrases":[{"type":"🌎","phrase":"Saya menggunakan teleskop."},{"type":"🙋","phrase":"Saya ingin menggunakan teleskop."},{"type":"🌟","phrase":"Saya ingin melihat bintang-bintang."}]},{"slug":"glue","title":"Lem","phrases":[{"type":"👌","phrase":"Saya menggunakan lem."},{"type":"🙋","phrase":"Saya perlu lem baru."},{"type":"😇","phrase":"Bisakah saya meminjam lem Anda?"},{"type":"😱","phrase":"Saya kehilangan lem."}]}]