[{"slug":"circle","title":"Lingkaran","phrases":[{"type":"👉","phrase":"Ini berbentuk lingkaran."},{"type":"❓","phrase":"Bisakah Anda mengajari saya cara menggambar lingkaran?"}]},{"slug":"triangle","title":"Segi tiga","phrases":[{"type":"👉","phrase":"Ini berbentuk segitiga."},{"type":"❓","phrase":"Bisakah Anda mengajari saya cara menggambar segitiga?"}]},{"slug":"square","title":"Kotak","phrases":[{"type":"👉","phrase":"Ini berbentuk persegi."},{"type":"❓","phrase":"Bisakah Anda mengajari saya cara menggambar persegi?"}]},{"slug":"rectangle","title":"Empat persegi panjang","phrases":[{"type":"👉","phrase":"Ini berbentuk persegi panjang."},{"type":"❓","phrase":"Bisakah Anda mengajari saya cara menggambar persegi panjang?"}]},{"slug":"star","title":"Bintang","phrases":[{"type":"👉","phrase":"Ini berbentuk bintang."},{"type":"❓","phrase":"Bisakah Anda mengajari saya cara menggambar bintang?"}]},{"slug":"pentagon","title":"Segi lima","phrases":[{"type":"👉","phrase":"Ini berbentuk pentagon."},{"type":"❓","phrase":"Bisakah Anda mengajari saya cara menggambar pentagon?"}]},{"slug":"hexagon","title":"Segi enam","phrases":[{"type":"👉","phrase":"Ini berbentuk segi enam."},{"type":"❓","phrase":"Bisakah Anda mengajari saya cara menggambar segi enam?"}]},{"slug":"cross","title":"Menyeberang","phrases":[{"type":"👉","phrase":"Ini berbentuk salib."},{"type":"❓","phrase":"Bisakah Anda mengajari saya cara menggambar salib?"}]},{"slug":"ellipse","title":"Elips","phrases":[{"type":"👉","phrase":"Ini berbentuk elips."},{"type":"❓","phrase":"Bisakah Anda mengajari saya cara menggambar elips?"}]},{"slug":"arrow","title":"Panah","phrases":[{"type":"👉","phrase":"Ini berbentuk panah."},{"type":"❓","phrase":"Bisakah Anda mengajari saya cara menggambar panah?"}]},{"slug":"crescent","title":"Sabit","phrases":[{"type":"👉","phrase":"Ini berbentuk bulan sabit."},{"type":"❓","phrase":"Bisakah Anda mengajari saya cara menggambar bulan sabit?"}]},{"slug":"heart","title":"Jantung","phrases":[{"type":"👉","phrase":"Ini berbentuk hati."},{"type":"❓","phrase":"Bisakah Anda mengajari saya cara menggambar hati?"}]},{"slug":"rhombus","title":"Belah ketupat","phrases":[{"type":"👉","phrase":"Ini berbentuk belah ketupat."},{"type":"❓","phrase":"Bisakah Anda mengajari saya cara menggambar belah ketupat?"}]},{"slug":"ring","title":"Cincin","phrases":[{"type":"👉","phrase":"Ini berbentuk cincin."},{"type":"❓","phrase":"Bisakah Anda mengajari saya cara menggambar cincin?"}]},{"slug":"semicircle","title":"Setengah lingkaran","phrases":[{"type":"👉","phrase":"Ini berbentuk setengah lingkaran."},{"type":"❓","phrase":"Bisakah Anda mengajari saya cara menggambar setengah lingkaran?"}]},{"slug":"trapezoid","title":"Trapesium","phrases":[{"type":"👉","phrase":"Ini berbentuk trapesium."},{"type":"❓","phrase":"Bisakah Anda mengajari saya cara menggambar trapesium?"}]},{"slug":"cube","title":"kubus","phrases":[{"type":"👉","phrase":"Ini berbentuk kubus."},{"type":"❓","phrase":"Bisakah Anda mengajari saya cara menggambar kubus?"}]},{"slug":"cylinder","title":"Silinder","phrases":[{"type":"👉","phrase":"Ini berbentuk silinder."},{"type":"❓","phrase":"Bisakah Anda mengajari saya cara menggambar silinder?"}]}]