[{"slug":"chips","title":"Keripik","phrases":[{"type":"❤️","phrase":"Saya suka makan keripik."},{"type":"🙋","phrase":"Saya ingin makan keripik."},{"type":"🤢","phrase":"Makan terlalu banyak keripik buruk bagi saya."}]},{"slug":"donut","title":"Donat","phrases":[{"type":"❤️","phrase":"Saya suka makan donat."},{"type":"🙋","phrase":"Saya ingin makan donat."},{"type":"🤢","phrase":"Makan terlalu banyak donat itu buruk bagiku."}]},{"slug":"taco","title":"Taco","phrases":[{"type":"❤️","phrase":"Saya suka makan taco."},{"type":"🙋","phrase":"Saya ingin makan taco."},{"type":"🤢","phrase":"Makan terlalu banyak taco buruk bagi saya."}]},{"slug":"peanuts","title":"Kacang kacangan","phrases":[{"type":"❤️","phrase":"Saya suka makan kacang."},{"type":"🙋","phrase":"Saya ingin makan kacang."},{"type":"🤢","phrase":"Terlalu banyak makan kacang buruk bagi saya."}]},{"slug":"croissant","title":"Croissant","phrases":[{"type":"❤️","phrase":"Saya suka makan croissant."},{"type":"🙋","phrase":"Saya ingin makan croissant."},{"type":"🤢","phrase":"Makan croissant terlalu banyak tidak baik untukku."}]},{"slug":"cookie","title":"Kue kering","phrases":[{"type":"❤️","phrase":"Saya suka makan kue."},{"type":"🙋","phrase":"Saya ingin makan kue."},{"type":"🤢","phrase":"Terlalu banyak makan kue buruk bagi saya."}]},{"slug":"burrito","title":"Burrito","phrases":[{"type":"❤️","phrase":"Saya suka makan burrito."},{"type":"🙋","phrase":"Saya ingin makan burrito."},{"type":"🤢","phrase":"Terlalu banyak makan burrito buruk bagi saya."}]},{"slug":"ramen","title":"Ramen","phrases":[{"type":"❤️","phrase":"Saya suka makan ramen."},{"type":"🙋","phrase":"Saya ingin makan ramen."},{"type":"🤢","phrase":"Makan terlalu banyak ramen buruk bagi saya."}]},{"slug":"sushi","title":"Sushi","phrases":[{"type":"❤️","phrase":"Saya suka makan sushi."},{"type":"🙋","phrase":"Saya ingin makan sushi."},{"type":"🤢","phrase":"Terlalu banyak makan sushi tidak baik untukku."}]},{"slug":"chocolate","title":"Cokelat","phrases":[{"type":"❤️","phrase":"Saya suka makan cokelat."},{"type":"🙋","phrase":"Saya ingin makan cokelat."},{"type":"🤢","phrase":"Makan cokelat terlalu banyak tidak baik untukku."}]},{"slug":"apple-pie","title":"pai apel","phrases":[{"type":"❤️","phrase":"Saya suka makan pai apel."},{"type":"🙋","phrase":"Saya ingin makan pai apel."},{"type":"🤢","phrase":"Makan terlalu banyak pai apel tidak baik bagi saya."}]},{"slug":"muffin","title":"Muffin","phrases":[{"type":"❤️","phrase":"Saya suka makan muffin."},{"type":"🙋","phrase":"Saya ingin makan muffin."},{"type":"🤢","phrase":"Makan terlalu banyak muffin buruk bagi saya."}]},{"slug":"pudding","title":"Puding","phrases":[{"type":"❤️","phrase":"Saya suka makan puding."},{"type":"🙋","phrase":"Saya ingin makan puding."},{"type":"🤢","phrase":"Makan puding terlalu banyak itu buruk bagiku."}]},{"slug":"macaron","title":"Macaron","phrases":[{"type":"❤️","phrase":"Saya suka makan macaron."},{"type":"🙋","phrase":"Saya ingin makan macaron."},{"type":"🤢","phrase":"Makan macaron terlalu banyak tidak baik untukku."}]},{"slug":"crepe","title":"Kain krep","phrases":[{"type":"❤️","phrase":"Saya suka makan crepe."},{"type":"🙋","phrase":"Saya ingin makan crepe."},{"type":"🤢","phrase":"Makan terlalu banyak crepes buruk bagi saya."}]},{"slug":"pizza","title":"Pizza","phrases":[{"type":"❤️","phrase":"Saya suka makan pizza."},{"type":"🙋","phrase":"Saya ingin makan pizza."},{"type":"🤢","phrase":"Terlalu banyak makan pizza tidak baik untukku."}]},{"slug":"skewer","title":"Tusuk sate","phrases":[{"type":"❤️","phrase":"Saya suka makan tusuk sate."},{"type":"🙋","phrase":"Saya ingin makan tusuk sate."},{"type":"🤢","phrase":"Terlalu banyak makan tusuk sate itu buruk bagiku."}]},{"slug":"fast-food","title":"Makanan cepat saji","phrases":[{"type":"❤️","phrase":"Saya suka makan makanan cepat saji."},{"type":"🙋","phrase":"Saya ingin makan makanan cepat saji."},{"type":"🤢","phrase":"Makan terlalu banyak makanan cepat buruk bagi saya."}]}]