[{"slug":"basketball","title":"Bola basket","phrases":[{"type":"❤️","phrase":"Saya suka bermain basket."},{"type":"🙋","phrase":"Apakah Anda ingin bermain bola basket?"}]},{"slug":"boxing","title":"Tinju","phrases":[{"type":"❤️","phrase":"Saya suka tinju."},{"type":"🙋","phrase":"Apakah Anda ingin kotak bersama?"}]},{"slug":"tennis","title":"Tenis","phrases":[{"type":"❤️","phrase":"Aku suka bermain tenis."},{"type":"🙋","phrase":"Apakah Anda ingin bermain tenis?"}]},{"slug":"golf","title":"Golf","phrases":[{"type":"❤️","phrase":"Saya suka bermain golf."},{"type":"🙋","phrase":"Apakah Anda ingin bermain golf?"}]},{"slug":"hockey","title":"Hoki","phrases":[{"type":"❤️","phrase":"Saya suka bermain hoki."},{"type":"🙋","phrase":"Apakah Anda ingin bermain hoki?"}]},{"slug":"swimming","title":"Renang","phrases":[{"type":"❤️","phrase":"Saya suka berenang."},{"type":"🙋","phrase":"Apakah kamu mau berenang?"}]},{"slug":"baseball","title":"Baseball","phrases":[{"type":"❤️","phrase":"Saya suka bermain baseball."},{"type":"🙋","phrase":"Apakah Anda ingin bermain bisbol?"}]},{"slug":"american-football","title":"Sepak bola Amerika","phrases":[{"type":"❤️","phrase":"Saya suka bermain sepak bola Amerika."},{"type":"🙋","phrase":"Apakah Anda ingin bermain sepakbola Amerika?"}]},{"slug":"cricket","title":"Jangkrik","phrases":[{"type":"❤️","phrase":"Saya suka kriket."},{"type":"🙋","phrase":"Apakah Anda ingin bermain kriket?"}]},{"slug":"racing","title":"Balap","phrases":[{"type":"❤️","phrase":"Saya suka balap."},{"type":"🙋","phrase":"Apakah Anda ingin balapan bersama?"}]},{"slug":"skiing","title":"Ski","phrases":[{"type":"❤️","phrase":"Saya suka ski."},{"type":"🙋","phrase":"Anda ingin main ski?"}]},{"slug":"volleyball","title":"Bola voli","phrases":[{"type":"❤️","phrase":"Saya suka bermain bola voli."},{"type":"🙋","phrase":"Apakah Anda ingin bermain bola voli?"}]},{"slug":"fencing","title":"Pagar","phrases":[{"type":"❤️","phrase":"Saya suka pagar."}]},{"slug":"referee","title":"Wasit","phrases":[{"type":"🏁","phrase":"Bisakah saya menjadi wasit?"}]},{"slug":"coach","title":"Pelatih","phrases":[{"type":"🏁","phrase":"Bisakah saya menjadi pelatih Anda?"}]},{"slug":"kendo","title":"Kendo","phrases":[]},{"slug":"table-tennis","title":"Tenis meja","phrases":[{"type":"❤️","phrase":"Saya suka bermain tenis meja."},{"type":"🙋","phrase":"Apakah Anda ingin bermain tenis meja?"}]},{"slug":"medal","title":"Medali","phrases":[{"type":"😎","phrase":"Saya sudah mendapat medali."}]},{"slug":"podium","title":"Mimbar","phrases":[]}]