[{"slug":"doll","title":"Boneka","phrases":[{"type":"❤️","phrase":"Saya suka boneka."},{"type":"☝️","phrase":"Bisakah saya bermain dengan boneka saya?"},{"type":"🙋","phrase":"Saya ingin boneka sebagai hadiah."}]},{"slug":"teddy-bear","title":"boneka beruang","phrases":[{"type":"❤️","phrase":"Saya suka boneka beruang."},{"type":"☝️","phrase":"Bisakah saya bermain dengan boneka beruang saya?"},{"type":"🙋","phrase":"Saya ingin boneka beruang sebagai hadiah."}]},{"slug":"blocks","title":"Blok","phrases":[{"type":"❤️","phrase":"Saya suka balok."},{"type":"☝️","phrase":"Bisakah saya bermain dengan balok saya?"},{"type":"🙋","phrase":"Saya ingin blok sebagai hadiah."}]},{"slug":"spinner","title":"Pemintal","phrases":[{"type":"❤️","phrase":"Saya suka pemintal."},{"type":"☝️","phrase":"Bisakah saya bermain dengan pemintal saya?"},{"type":"🙋","phrase":"Saya ingin seorang pemintal hadir."}]},{"slug":"nutcracker","title":"Alat pemecah buah keras","phrases":[{"type":"❤️","phrase":"Saya suka pemecah kacang."},{"type":"☝️","phrase":"Bisakah saya bermain dengan nutcracker saya?"},{"type":"🙋","phrase":"Saya ingin pemecah kacang hadir."}]},{"slug":"video-games","title":"Video game","phrases":[{"type":"❤️","phrase":"Saya suka video game."},{"type":"☝️","phrase":"Bisakah kita bermain video game bersama?"},{"type":"🙋","phrase":"Saya ingin video game hadir."}]},{"slug":"cards","title":"Kartu-kartu","phrases":[{"type":"❤️","phrase":"Saya suka bermain kartu."},{"type":"☝️","phrase":"Bisakah saya bermain dengan kartu saya?"},{"type":"🙋","phrase":"Saya ingin bermain kartu sebagai hadiah."}]},{"slug":"toy-car","title":"Mobil mainan","phrases":[{"type":"❤️","phrase":"Saya suka mobil mainan."},{"type":"☝️","phrase":"Bisakah saya bermain dengan mobil mainan saya?"},{"type":"🙋","phrase":"Saya ingin mobil mainan sebagai hadiah."}]},{"slug":"sword","title":"Pedang","phrases":[{"type":"❤️","phrase":"Saya suka pedang mainan."},{"type":"☝️","phrase":"Bisakah saya bermain dengan pedang mainan saya?"},{"type":"🙋","phrase":"Saya ingin pedang sebagai hadiah."}]},{"slug":"yo-yo","title":"Yo-yo","phrases":[{"type":"❤️","phrase":"Saya suka bermain dengan yo-yo."},{"type":"☝️","phrase":"Bisakah saya bermain dengan yo-yo saya?"},{"type":"🙋","phrase":"Saya ingin yo-yo sebagai hadiah."}]},{"slug":"slingshot","title":"Katapel","phrases":[{"type":"❤️","phrase":"Saya suka ketapel."},{"type":"☝️","phrase":"Bisakah saya bermain dengan ketapel saya?"},{"type":"🙋","phrase":"Saya ingin ketapel sebagai hadiah."}]},{"slug":"water-gun","title":"Pistol air","phrases":[{"type":"❤️","phrase":"Saya suka pistol air."},{"type":"☝️","phrase":"Bisakah saya bermain dengan pistol air saya?"},{"type":"🙋","phrase":"Saya ingin pistol air hadir."}]},{"slug":"doll-house","title":"Rumah boneka","phrases":[{"type":"❤️","phrase":"Saya suka bermain dengan rumah boneka."},{"type":"☝️","phrase":"Bisakah saya bermain dengan rumah boneka saya?"},{"type":"🙋","phrase":"Saya ingin rumah boneka sebagai hadiah."}]},{"slug":"viewer","title":"Penonton","phrases":[{"type":"❤️","phrase":"Saya suka bermain dengan pemirsa."},{"type":"🙋","phrase":"Saya ingin pemirsa hadir."}]},{"slug":"board-game","title":"Papan permainan","phrases":[{"type":"❤️","phrase":"Saya suka permainan papan."},{"type":"☝️","phrase":"Bisakah kita bermain game papan?"},{"type":"🙋","phrase":"Saya ingin permainan papan sebagai hadiah."}]},{"slug":"rubiks-cube","title":"Kubus Rubik","phrases":[{"type":"❤️","phrase":"Saya suka memecahkan rubik's cube."},{"type":"☝️","phrase":"Bisakah saya mencoba menyelesaikan kubus rubik saya?"},{"type":"🙋","phrase":"Saya ingin kubus rubik sebagai hadiah."}]},{"slug":"puzzle","title":"Membingungkan","phrases":[{"type":"❤️","phrase":"Saya suka teka-teki."},{"type":"☝️","phrase":"Bisakah saya memecahkan teka-teki?"},{"type":"🙋","phrase":"Saya ingin teka-teki sebagai hadiah."}]},{"slug":"remote-control-car","title":"Mobil remote control","phrases":[{"type":"❤️","phrase":"Saya suka mobil remote control saya."},{"type":"☝️","phrase":"Dapatkah saya bermain dengan mobil remote control saya?"},{"type":"🙋","phrase":"Saya ingin mobil remote control hadir."}]},{"slug":"rocking-horse","title":"Kuda goyang","phrases":[{"type":"❤️","phrase":"Saya suka kuda goyang saya."},{"type":"☝️","phrase":"Bisakah saya bermain dengan kuda goyang?"}]},{"slug":"scooter","title":"Skuter","phrases":[{"type":"❤️","phrase":"Saya suka skuter saya."},{"type":"🙋","phrase":"Saya ingin skuter sebagai hadiah."}]},{"slug":"pyramid","title":"Piramida","phrases":[{"type":"❤️","phrase":"Saya suka piramida."},{"type":"🙋","phrase":"Saya ingin piramida hadir."}]},{"slug":"cart","title":"Gerobak","phrases":[{"type":"❤️","phrase":"Saya suka kereta mainan saya."},{"type":"🙋","phrase":"Bisakah Anda membantu saya merapikan mainan saya?"}]},{"slug":"aeroplane","title":"Pesawat terbang","phrases":[{"type":"❤️","phrase":"Saya suka pesawat terbang."},{"type":"☝️","phrase":"Bisakah saya bermain dengan pesawat saya?"},{"type":"🙋","phrase":"Saya ingin pesawat terbang hadir."}]},{"slug":"sand-bucket","title":"Ember pasir","phrases":[{"type":"❤️","phrase":"Saya suka ember pasir."},{"type":"☝️","phrase":"Bisakah saya membangun kastil dengan ember pasir saya?"}]}]