[{"slug":"train","title":"Melatih","phrases":[{"type":"🙋","phrase":"Saya ingin naik kereta."},{"type":"❤️","phrase":"Saya suka kereta."}]},{"slug":"car","title":"Mobil","phrases":[{"type":"🙋","phrase":"Saya ingin mengendarai mobil."},{"type":"❤️","phrase":"Saya suka mobil."}]},{"slug":"bicycle","title":"Sepeda","phrases":[{"type":"🙋","phrase":"Saya ingin naik sepeda."},{"type":"❤️","phrase":"Saya suka sepeda."}]},{"slug":"motorcycle","title":"Sepeda motor","phrases":[{"type":"🙋","phrase":"Saya ingin mengendarai sepeda motor."},{"type":"❤️","phrase":"Saya suka motor."}]},{"slug":"skateboard","title":"Skateboard","phrases":[{"type":"🙋","phrase":"Saya ingin berseluncur."},{"type":"❤️","phrase":"Saya suka skateboard."}]},{"slug":"food-truck","title":"Ferry","phrases":[{"type":"🙋","phrase":"Saya ingin naik feri."},{"type":"🧑‍🤝‍🧑","phrase":"Ferry penuh sesak."}]},{"slug":"boat","title":"Perahu","phrases":[{"type":"🙋","phrase":"Saya ingin naik perahu."},{"type":"🧑‍🤝‍🧑","phrase":"Perahu penuh sesak."}]},{"slug":"ship","title":"Kapal","phrases":[{"type":"🙋","phrase":"Saya ingin naik kapal."},{"type":"🧑‍🤝‍🧑","phrase":"Kapal penuh sesak."}]},{"slug":"bus","title":"Bis","phrases":[{"type":"🙋","phrase":"Saya ingin naik bus."},{"type":"🧑‍🤝‍🧑","phrase":"Bus penuh sesak."}]},{"slug":"minibus","title":"Minibus","phrases":[{"type":"🙋","phrase":"Saya ingin naik minibus."},{"type":"🧑‍🤝‍🧑","phrase":"Minibus penuh sesak."}]},{"slug":"wheelchair","title":"Kursi roda","phrases":[{"type":"♿","phrase":"Saya menggunakan kursi roda."},{"type":"👨‍🦽","phrase":"Dia menggunakan kursi roda."},{"type":"🙋","phrase":"Bisakah Anda membantu saya menggunakan kursi roda saya."},{"type":"🖐️","phrase":"Bisakah kamu mendorongku?"}]},{"slug":"taxi","title":"Taksi","phrases":[{"type":"🙋","phrase":"Saya ingin naik taksi."}]},{"slug":"airplane","title":"Pesawat terbang","phrases":[{"type":"🙋","phrase":"Saya ingin terbang dengan pesawat terbang."},{"type":"❤️","phrase":"Saya suka pesawat terbang."},{"type":"🧑‍🤝‍🧑","phrase":"Pesawat penuh sesak."}]},{"slug":"van","title":"mobil van","phrases":[{"type":"🙋","phrase":"Saya ingin mengendarai mobil van."}]},{"slug":"hot-air-balloon","title":"Balon udara panas","phrases":[{"type":"🙋","phrase":"Saya ingin terbang di atas balon udara panas."},{"type":"❤️","phrase":"Saya suka balon udara panas."}]},{"slug":"fire-truck","title":"Truk pemadam kebakaran","phrases":[{"type":"🚨","phrase":"Sirene truk pemadam kebakaran."}]},{"slug":"police-car","title":"Mobil polisi","phrases":[{"type":"🚨","phrase":"Sirene mobil polisi."},{"type":"❤️","phrase":"Saya suka mobil polisi."}]},{"slug":"ambulance","title":"Ambulans","phrases":[{"type":"🚨","phrase":"Sirene ambulans."}]},{"slug":"stretcher","title":"Usungan","phrases":[{"type":"🙋","phrase":"Bisakah Anda membantu saya dengan tandu?"}]},{"slug":"helicopter","title":"Helikopter","phrases":[{"type":"🙋","phrase":"Saya ingin terbang dengan helikopter."}]},{"slug":"trailer","title":"Cuplikan","phrases":[{"type":"🙋","phrase":"Saya ingin mengendarai trailer."}]},{"slug":"spaceship","title":"Pesawat ruang angkasa","phrases":[{"type":"❤️","phrase":"Saya suka pesawat ruang angkasa."},{"type":"🌌","phrase":"Saya ingin bepergian di luar angkasa."},{"type":"👽","phrase":"Saya ingin melihat alien."},{"type":"👩‍🚀","phrase":"Saya ingin pergi ke mars."},{"type":"🚀","phrase":"Bisakah Anda membawa saya ke mars Elon Musk?"}]}]