[{"slug":"luggage","title":"Bagasi","phrases":[]},{"slug":"swimming","title":"Renang","phrases":[]},{"slug":"passport","title":"Paspor","phrases":[]},{"slug":"tent","title":"Tenda","phrases":[]},{"slug":"backpacking","title":"Backpacking","phrases":[]},{"slug":"beach-chair","title":"kursi pantai","phrases":[]},{"slug":"room-service","title":"Ruang pelayanan","phrases":[]},{"slug":"waiting-area","title":"Ruang tunggu","phrases":[]},{"slug":"electric-socket","title":"Colokan listrik","phrases":[]},{"slug":"bag","title":"Tas","phrases":[]},{"slug":"boarding-pass","title":"Boarding pass","phrases":[]},{"slug":"gps","title":"Gps","phrases":[]},{"slug":"mountain","title":"Gunung","phrases":[]},{"slug":"camera","title":"Kamera","phrases":[]},{"slug":"hotel","title":"Hotel","phrases":[]},{"slug":"bed","title":"Tempat tidur","phrases":[]},{"slug":"hotel-key","title":"Kunci hotel","phrases":[]},{"slug":"bonfire","title":"Api unggun","phrases":[]},{"slug":"snorkling","title":"Snorkling","phrases":[]},{"slug":"action-camera","title":"Kamera aksi","phrases":[]}]