[{"slug":"cucumber","title":"Timun","phrases":[{"type":"❤️","phrase":"Saya suka makan mentimun."},{"type":"🙋","phrase":"Saya ingin makan mentimun."},{"type":"❌","phrase":"Saya tidak suka mentimun."}]},{"slug":"onion","title":"Bawang","phrases":[{"type":"❤️","phrase":"Saya suka makan bawang."},{"type":"🙋","phrase":"Saya ingin makan bawang."},{"type":"❌","phrase":"Saya tidak suka bawang."},{"type":"❌","phrase":"Saya tidak suka bau bawang."}]},{"slug":"garlic","title":"Bawang putih","phrases":[{"type":"❤️","phrase":"Saya suka makan bawang putih."},{"type":"🙋","phrase":"Saya ingin makan bawang putih."},{"type":"❌","phrase":"Saya tidak suka bawang putih."},{"type":"❌","phrase":"Saya tidak suka bau bawang putih."}]},{"slug":"carrot","title":"Wortel","phrases":[{"type":"❤️","phrase":"Saya suka makan wortel."},{"type":"🙋","phrase":"Saya ingin makan wortel."},{"type":"❌","phrase":"Saya tidak suka wortel."}]},{"slug":"cabbage","title":"Kubis","phrases":[{"type":"❤️","phrase":"Saya suka makan kol."},{"type":"🙋","phrase":"Saya ingin makan kol."},{"type":"❌","phrase":"Saya tidak suka kubis."}]},{"slug":"tomato","title":"Tomat","phrases":[{"type":"❤️","phrase":"Saya suka makan tomat."},{"type":"🙋","phrase":"Saya ingin makan tomat."},{"type":"❌","phrase":"Saya tidak suka tomat."},{"type":"❤️","phrase":"Saya suka sup tomat."}]},{"slug":"eggplant","title":"Terong","phrases":[{"type":"❤️","phrase":"Saya suka makan terong."},{"type":"🙋","phrase":"Saya ingin makan terong."},{"type":"❌","phrase":"Saya tidak suka terong."}]},{"slug":"mushroom","title":"Jamur","phrases":[{"type":"❤️","phrase":"Saya suka makan jamur."},{"type":"🙋","phrase":"Saya ingin makan jamur."},{"type":"❌","phrase":"Saya tidak suka jamur."},{"type":"❤️","phrase":"Saya suka sup jamur."}]},{"slug":"pepper","title":"Lada","phrases":[{"type":"❤️","phrase":"Saya suka makan lada."},{"type":"🙋","phrase":"Saya ingin makan lada."},{"type":"❌","phrase":"Saya tidak suka lada."}]},{"slug":"corn","title":"Jagung","phrases":[{"type":"❤️","phrase":"Saya suka makan jagung."},{"type":"🙋","phrase":"Saya ingin makan jagung."},{"type":"❌","phrase":"Saya tidak suka jagung."},{"type":"❤️","phrase":"Saya suka sup jagung."}]},{"slug":"broccoli","title":"Brokoli","phrases":[{"type":"❤️","phrase":"Saya suka makan brokoli."},{"type":"🙋","phrase":"Saya ingin makan brokoli."},{"type":"❌","phrase":"Saya tidak suka brokoli."}]},{"slug":"celery","title":"Seledri","phrases":[{"type":"❤️","phrase":"Saya suka makan seledri."},{"type":"🙋","phrase":"Saya ingin makan seledri."},{"type":"❌","phrase":"Saya tidak suka seledri."}]},{"slug":"chili","title":"Cabai","phrases":[{"type":"❤️","phrase":"Saya suka makan cabai."},{"type":"🙋","phrase":"Saya ingin makan cabai."},{"type":"❌","phrase":"Saya tidak suka cabai."}]},{"slug":"potato","title":"kentang","phrases":[{"type":"❤️","phrase":"Saya suka makan kentang."},{"type":"🙋","phrase":"Saya ingin makan kentang."},{"type":"❌","phrase":"Saya tidak suka kentang."},{"type":"❤️","phrase":"Saya suka makan kentang goreng."}]},{"slug":"asparagus","title":"Asparagus","phrases":[{"type":"❤️","phrase":"Saya suka makan asparagus."},{"type":"🙋","phrase":"Saya ingin makan asparagus."},{"type":"❌","phrase":"Saya tidak suka asparagus."}]},{"slug":"cauliflower","title":"Kol bunga","phrases":[{"type":"❤️","phrase":"Saya suka makan kembang kol."},{"type":"🙋","phrase":"Saya ingin makan kembang kol."},{"type":"❌","phrase":"Saya tidak suka kembang kol."}]},{"slug":"pumpkin","title":"Labu","phrases":[{"type":"❤️","phrase":"Saya suka makan labu."},{"type":"🙋","phrase":"Saya ingin makan labu."},{"type":"❌","phrase":"Saya tidak suka labu."},{"type":"❤️","phrase":"Saya suka sup labu."}]},{"slug":"beetroot","title":"Akar bit","phrases":[{"type":"❤️","phrase":"Saya suka makan bit."},{"type":"🙋","phrase":"Saya ingin makan bit."},{"type":"❌","phrase":"Saya tidak suka bit."}]},{"slug":"bean","title":"Kacang","phrases":[{"type":"❤️","phrase":"Saya suka makan kacang."},{"type":"🙋","phrase":"Saya ingin makan kacang."},{"type":"❌","phrase":"Saya tidak suka kacang."}]},{"slug":"lettuce","title":"Selada","phrases":[{"type":"❤️","phrase":"Saya suka makan selada."},{"type":"🙋","phrase":"Saya ingin makan selada."},{"type":"❌","phrase":"Saya tidak suka selada."},{"type":"❤️","phrase":"Saya suka salad saya untuk memiliki lebih banyak selada."}]},{"slug":"radish","title":"Lobak","phrases":[{"type":"❤️","phrase":"Saya suka makan lobak."},{"type":"🙋","phrase":"Saya ingin makan lobak."},{"type":"❌","phrase":"Saya tidak suka lobak."}]},{"slug":"bok-choy","title":"Bok choy","phrases":[{"type":"❤️","phrase":"Saya suka makan bok choy."},{"type":"🙋","phrase":"Saya ingin makan bok choy."},{"type":"❌","phrase":"Saya tidak suka bok choy."}]},{"slug":"leek","title":"Bawang perai","phrases":[{"type":"❤️","phrase":"Saya suka makan daun bawang."},{"type":"🙋","phrase":"Saya ingin makan daun bawang."},{"type":"❌","phrase":"Saya tidak suka daun bawang."}]},{"slug":"peas","title":"Kacang polong","phrases":[{"type":"❤️","phrase":"Saya suka makan kacang polong."},{"type":"🙋","phrase":"Saya ingin makan kacang polong."},{"type":"❌","phrase":"Saya tidak suka kacang polong."}]},{"slug":"ginger","title":"Jahe","phrases":[{"type":"❤️","phrase":"Saya suka makan jahe."},{"type":"🙋","phrase":"Saya ingin makan jahe."},{"type":"❌","phrase":"Saya tidak suka jahe."}]},{"slug":"sweet-potato","title":"Ubi","phrases":[{"type":"❤️","phrase":"Saya suka makan ubi."},{"type":"🙋","phrase":"Saya ingin makan ubi."},{"type":"❌","phrase":"Saya tidak suka ubi."},{"type":"❤️","phrase":"Saya suka makan ubi goreng."}]},{"slug":"olives","title":"Zaitun","phrases":[{"type":"❤️","phrase":"Saya suka makan zaitun."},{"type":"🙋","phrase":"Saya ingin makan buah zaitun."},{"type":"❌","phrase":"Saya tidak suka buah zaitun."},{"type":"❤️","phrase":"Saya suka zaitun di pizza saya."}]}]