[{"slug":"walking","title":"Jalutamine","phrases":[{"type":"❤️","phrase":"Mulle meeldib kõndida"},{"type":"❌","phrase":"Mulle ei meeldi kõndida"},{"type":"🙋","phrase":"Kas soovite koos kõndida?"}]},{"slug":"running","title":"Jooksmine","phrases":[{"type":"❤️","phrase":"Mulle meeldib joosta."},{"type":"❌","phrase":"Mulle ei meeldi jooksmine."},{"type":"🙋","phrase":"Kas soovite joosta?"}]},{"slug":"talking","title":"Räägib","phrases":[{"type":"❤️","phrase":"Mulle meeldib rääkida."},{"type":"❌","phrase":"Mulle ei meeldi rääkida."},{"type":"🙋","phrase":"Kas sa tahad minuga rääkida?"}]},{"slug":"reading","title":"Lugemine","phrases":[{"type":"❤️","phrase":"Mulle meeldib lugeda."},{"type":"❌","phrase":"Mulle ei meeldi lugemine."},{"type":"🙋","phrase":"Kas soovite lugeda koos?"}]},{"slug":"football","title":"Jalgpall","phrases":[{"type":"❤️","phrase":"Mulle meeldib jalgpalli mängida."},{"type":"❌","phrase":"Mulle ei meeldi jalgpalli mängida."},{"type":"🙋","phrase":"Kas soovite jalgpalli mängida?"}]},{"slug":"basketball","title":"Korvpall","phrases":[{"type":"❤️","phrase":"Mulle meeldib korvpalli mängida."},{"type":"❌","phrase":"Mulle ei meeldi korvpalli mängida."},{"type":"🙋","phrase":"Kas soovite mängida korvpalli?"}]},{"slug":"swimming","title":"Ujumine","phrases":[{"type":"❤️","phrase":"Mulle meeldib ujuda."},{"type":"❌","phrase":"Mulle ei meeldi ujumine."},{"type":"🙋","phrase":"Kas soovite minna ujuma?"}]},{"slug":"painting","title":"Maalimine","phrases":[{"type":"❤️","phrase":"Mulle meeldib maalida."},{"type":"❌","phrase":"Mulle ei meeldi maalimine."},{"type":"🙋","phrase":"Kas soovite koos maalida?"}]},{"slug":"drawing","title":"Joonistamine","phrases":[{"type":"❤️","phrase":"Mulle meeldib joonistada."},{"type":"❌","phrase":"Mulle ei meeldi joonistamine."},{"type":"🙋","phrase":"Kas soovite koos joonistada?"}]},{"slug":"cycling","title":"Jalgrattasõit","phrases":[{"type":"❤️","phrase":"Mulle meeldib jalgrattasõit."},{"type":"❌","phrase":"Mulle ei meeldi rattasõit."},{"type":"🙋","phrase":"Kas soovite jalgrattaga minna?"}]},{"slug":"skating","title":"Uisutamine","phrases":[{"type":"❤️","phrase":"Mulle meeldib uisutamine."},{"type":"❌","phrase":"Mulle ei meeldi uisutamine."},{"type":"🙋","phrase":"Kas soovite uisutada?"}]},{"slug":"sightseeing","title":"Vaatamisväärsused","phrases":[{"type":"❤️","phrase":"Mulle meeldib vaatamisväärsusi vaadata."},{"type":"❌","phrase":"Mulle ei meeldi vaatamisväärsuste vaatamine."},{"type":"🙋","phrase":"Kas soovite vaatamisväärsusi külastada?"}]},{"slug":"video-games","title":"Videomängud","phrases":[{"type":"❤️","phrase":"Mulle meeldib videomänge mängida."},{"type":"❌","phrase":"Mulle ei meeldi videomängude mängimine."},{"type":"🙋","phrase":"Kas soovite mängida mänge?"}]},{"slug":"tidying","title":"Korrastamine","phrases":[{"type":"❤️","phrase":"Mulle meeldib oma tuba korrastada."},{"type":"❌","phrase":"Mulle ei meeldi oma toa koristamine."},{"type":"🙋","phrase":"Kas saate aidata mul oma tuba korrastada?"}]},{"slug":"toys","title":"Mänguasjad","phrases":[{"type":"❤️","phrase":"Mulle meeldivad mänguasjad."},{"type":"❌","phrase":"Mulle ei meeldi mänguasjad."},{"type":"🙋","phrase":"Kas soovite mängida minu mänguasjadega?"}]},{"slug":"puzzle","title":"Mõistatus","phrases":[{"type":"❤️","phrase":"Mulle meeldib pusle lahendada."},{"type":"❌","phrase":"Mulle ei meeldi mõistatuste lahendamine."},{"type":"🙋","phrase":"Kas soovite minuga mõistatusi lahendada?"}]},{"slug":"comics","title":"Koomiksid","phrases":[{"type":"❤️","phrase":"Mulle meeldib koomiksite lugemine."},{"type":"❌","phrase":"Mulle ei meeldi koomiksite lugemine."},{"type":"🙋","phrase":"Kas soovite lugeda koomiksit?"}]},{"slug":"chess","title":"Male","phrases":[{"type":"❤️","phrase":"Mulle meeldib malet mängida."},{"type":"❌","phrase":"Mulle ei meeldi malet mängida."},{"type":"🙋","phrase":"Kas sa tahad minuga malet mängida?"}]},{"slug":"using-leeloo","title":"Leeloo kasutamine","phrases":[{"type":"❤️","phrase":"Mulle meeldib leeloo kasutamine."},{"type":"❌","phrase":"Mulle ei meeldi leeloo kasutamine."},{"type":"🙋","phrase":"Kas saate leeloo kaardipakke vahetada?"}]},{"slug":"texting","title":"Tekstsõnumi saatmine","phrases":[{"type":"❤️","phrase":"Mulle meeldib texting."},{"type":"❌","phrase":"Mulle ei meeldi texting."}]},{"slug":"knitting","title":"Kudumine","phrases":[{"type":"❤️","phrase":"Mulle meeldib kudumine."},{"type":"❌","phrase":"Mulle ei meeldi kudumine."},{"type":"🙋","phrase":"Ma tahan õppida, kuidas kududa."}]},{"slug":"bowling","title":"Keegel","phrases":[{"type":"❤️","phrase":"Mulle meeldib bowling."},{"type":"❌","phrase":"Mulle ei meeldi bowling."},{"type":"🙋","phrase":"Kas soovite minuga bowlingut mängida?"}]},{"slug":"watching-tv","title":"Telekat vaatama","phrases":[{"type":"❤️","phrase":"Mulle meeldib telekat vaadata."},{"type":"❌","phrase":"Mulle ei meeldi telekat vaadata."},{"type":"🙋","phrase":"Kas soovite televiisorit vaadata?"}]},{"slug":"fishing","title":"Kalapüük","phrases":[{"type":"❤️","phrase":"Mulle meeldib kalapüük."},{"type":"❌","phrase":"Mulle ei meeldi kalapüük."},{"type":"🙋","phrase":"Kas soovite kalale minna?"}]},{"slug":"exercising","title":"Treening","phrases":[{"type":"❤️","phrase":"Mulle meeldib trenni teha."},{"type":"❌","phrase":"Mulle ei meeldi trenni teha."},{"type":"🙋","phrase":"Kas soovite minuga koos treenida?"}]},{"slug":"tennis","title":"Tennis","phrases":[{"type":"❤️","phrase":"Mulle meeldib tennist mängida."},{"type":"❌","phrase":"Mulle ei meeldi tennist mängida."},{"type":"🙋","phrase":"Kas soovite minuga tennist mängida?"}]}]