[{"slug":"cat","title":"Kass","phrases":[{"type":"❤️","phrase":"Mulle meeldivad kassid."},{"type":"👀","phrase":"Ma nägin kassi."},{"type":"🔊","phrase":"Millist lärmi kass teeb?"},{"type":"🐈","phrase":"Kas me saame kassi lemmikloomaks?"}]},{"slug":"dog","title":"Koer","phrases":[{"type":"❤️","phrase":"Mulle meeldib koer."},{"type":"👀","phrase":"Ma nägin koera."},{"type":"🔊","phrase":"Millist lärmi koer teeb?"},{"type":"🐕","phrase":"Kas me saame koera lemmikloomaks?"}]},{"slug":"fish","title":"Kala","phrases":[{"type":"❤️","phrase":"Mulle meeldib kala."},{"type":"👀","phrase":"Ma nägin kala."},{"type":"🔊","phrase":"Millist müra kala teeb?"},{"type":"🐠","phrase":"Kas me saame kala lemmikloomana?"}]},{"slug":"rabbit","title":"Jänes","phrases":[{"type":"❤️","phrase":"Mulle meeldivad küülikud."},{"type":"👀","phrase":"Ma nägin jänest."},{"type":"🔊","phrase":"Millist müra teeb küülik?"},{"type":"🐇","phrase":"Kas me saame küülikust lemmiklooma?"}]},{"slug":"butterfly","title":"Liblikas","phrases":[{"type":"❤️","phrase":"Mulle meeldivad liblikad."},{"type":"👀","phrase":"Ma nägin liblikat."},{"type":"🔊","phrase":"Millist müra liblikas teeb?"}]},{"slug":"kangaroo","title":"Känguru","phrases":[{"type":"❤️","phrase":"Mulle meeldivad kängurud."},{"type":"👀","phrase":"Ma nägin känguru."},{"type":"🔊","phrase":"Millist müra känguru teeb?"}]},{"slug":"turtle","title":"Kilpkonn","phrases":[{"type":"❤️","phrase":"Mulle meeldivad kilpkonnad."},{"type":"👀","phrase":"Ma nägin kilpkonna."},{"type":"🔊","phrase":"Millist müra kilpkonn teeb?"}]},{"slug":"giraffe","title":"Kaelkirjak","phrases":[{"type":"❤️","phrase":"Mulle meeldivad kaelkirjakud."},{"type":"👀","phrase":"Ma nägin kaelkirjakut."},{"type":"🔊","phrase":"Millist müra teeb kaelkirjak?"}]},{"slug":"frog","title":"Konn","phrases":[{"type":"❤️","phrase":"Mulle meeldivad konnad."},{"type":"👀","phrase":"Ma nägin konna."},{"type":"🔊","phrase":"Millist müra konn teeb?"}]},{"slug":"swan","title":"Luik","phrases":[{"type":"❤️","phrase":"Mulle meeldivad luiged."},{"type":"👀","phrase":"Ma nägin luiki."},{"type":"🔊","phrase":"Mis müra teeb luik?"}]},{"slug":"spider","title":"Ämblik","phrases":[{"type":"❤️","phrase":"Mulle meeldivad ämblikud."},{"type":"👀","phrase":"Ma nägin ämblikku."},{"type":"🔊","phrase":"Millist müra ämblik teeb?"}]},{"slug":"cow","title":"Lehm","phrases":[{"type":"❤️","phrase":"Mulle meeldivad lehmad."},{"type":"👀","phrase":"Ma nägin lehma."},{"type":"🔊","phrase":"Mis müra teeb lehm?"}]},{"slug":"duck","title":"Pard","phrases":[{"type":"❤️","phrase":"Mulle meeldivad pardid."},{"type":"👀","phrase":"Ma nägin pardi."},{"type":"🔊","phrase":"Millist müra teeb part?"}]},{"slug":"horse","title":"Hobune","phrases":[{"type":"❤️","phrase":"Mulle meeldivad hobused."},{"type":"👀","phrase":"Ma nägin hobust."},{"type":"🔊","phrase":"Mis müra hobune teeb?"}]},{"slug":"chicken","title":"Kana","phrases":[{"type":"❤️","phrase":"Mulle meeldivad kanad."},{"type":"👀","phrase":"Ma nägin kana."},{"type":"🔊","phrase":"Mis lärmi kana teeb?"}]},{"slug":"bee","title":"Mesilane","phrases":[{"type":"❤️","phrase":"Mulle meeldivad mesilased."},{"type":"👀","phrase":"Ma nägin mesilasi."},{"type":"🔊","phrase":"Millist lärmi mesilane teeb?"}]},{"slug":"pig","title":"Siga","phrases":[{"type":"❤️","phrase":"Mulle meeldivad sead."},{"type":"👀","phrase":"Ma nägin siga."},{"type":"🔊","phrase":"Mis lärmi siga teeb?"}]},{"slug":"dove","title":"Tuvi","phrases":[{"type":"❤️","phrase":"Mulle meeldivad tuvid."},{"type":"👀","phrase":"Ma nägin tuvi."},{"type":"🔊","phrase":"Mis müra teeb tuvi?"}]},{"slug":"crab","title":"Krabi","phrases":[{"type":"❤️","phrase":"Mulle meeldivad krabid."},{"type":"👀","phrase":"Ma nägin krabi."},{"type":"🔊","phrase":"Millist müra krabi teeb?"}]},{"slug":"penguin","title":"Pingviin","phrases":[{"type":"❤️","phrase":"Mulle meeldivad pingviinid."},{"type":"👀","phrase":"Ma nägin pingviini."},{"type":"🔊","phrase":"Millist müra pingviin teeb?"}]},{"slug":"elephant","title":"Elevant","phrases":[{"type":"❤️","phrase":"Mulle meeldivad elevandid."},{"type":"👀","phrase":"Ma nägin elevanti."},{"type":"🔊","phrase":"Millist müra elevant teeb?"}]},{"slug":"zebra","title":"Sebra","phrases":[{"type":"❤️","phrase":"Mulle meeldivad sebrad."},{"type":"👀","phrase":"Ma nägin sebra."},{"type":"🔊","phrase":"Millist müra sebra teeb?"}]},{"slug":"panda","title":"Panda","phrases":[{"type":"❤️","phrase":"Mulle meeldivad pandad."},{"type":"👀","phrase":"Ma nägin panda."},{"type":"🔊","phrase":"Millist müra panda teeb?"}]},{"slug":"monkey","title":"Ahv","phrases":[{"type":"❤️","phrase":"Mulle meeldivad ahvid."},{"type":"👀","phrase":"Ma nägin ahvi."},{"type":"🔊","phrase":"Millist müra ahv teeb?"}]},{"slug":"camel","title":"Kaamel","phrases":[{"type":"❤️","phrase":"Mulle meeldivad kaamelid."},{"type":"👀","phrase":"Ma nägin kaamelit."},{"type":"🔊","phrase":"Millist müra kaamel teeb?"}]},{"slug":"mouse","title":"Hiir","phrases":[{"type":"❤️","phrase":"Mulle meeldivad hiired."},{"type":"👀","phrase":"Ma nägin hiirt."},{"type":"🔊","phrase":"Millist müra teeb hiir?"}]},{"slug":"tiger","title":"Tiiger","phrases":[{"type":"❤️","phrase":"Mulle meeldivad tiigrid."},{"type":"👀","phrase":"Ma nägin tiigrit."},{"type":"🔊","phrase":"Millist müra teeb tiiger?"}]},{"slug":"jellyfish","title":"Meduus","phrases":[{"type":"❤️","phrase":"Mulle meeldivad kapslites."},{"type":"👀","phrase":"Ma nägin millimallikat."},{"type":"🔊","phrase":"Millist müra teeb millimallikas?"}]},{"slug":"crocodile","title":"Krokodill","phrases":[{"type":"❤️","phrase":"Mulle meeldivad krokodillid."},{"type":"👀","phrase":"Ma nägin krokodilli."},{"type":"🔊","phrase":"Millist müra krokodill teeb?"}]},{"slug":"koala","title":"Koala","phrases":[{"type":"❤️","phrase":"Mulle meeldib koalas."},{"type":"👀","phrase":"Ma nägin koaala."},{"type":"🔊","phrase":"Mis lärmi koala teeb?"}]},{"slug":"ostrich","title":"Jaanalind","phrases":[{"type":"❤️","phrase":"Mulle jaanalinnud meeldivad."},{"type":"👀","phrase":"Ma nägin jaanalinnu."},{"type":"🔊","phrase":"Millist müra jaanalind teeb?"}]},{"slug":"racoon","title":"Racoon","phrases":[{"type":"❤️","phrase":"Mulle meeldivad kährikud."},{"type":"👀","phrase":"Ma nägin kährikut."},{"type":"🔊","phrase":"Mis müra teeb kährik?"}]},{"slug":"bat","title":"Nahkhiir","phrases":[{"type":"❤️","phrase":"Mulle meeldivad nahkhiired."},{"type":"👀","phrase":"Ma nägin nahkhiirt."},{"type":"🔊","phrase":"Mis müra teeb nahkhiir?"}]},{"slug":"eagle","title":"Kotkas","phrases":[{"type":"❤️","phrase":"Mulle meeldivad kotkad."},{"type":"👀","phrase":"Ma nägin kotkast."},{"type":"🔊","phrase":"Millist müra kotkas teeb?"}]},{"slug":"hippopotamus","title":"Jõehobu","phrases":[{"type":"❤️","phrase":"Mulle meeldib jõehobu."},{"type":"👀","phrase":"Ma nägin jõehobu."},{"type":"🔊","phrase":"Millist lärmi teeb jõehobu?"}]},{"slug":"seal","title":"Pitser","phrases":[{"type":"❤️","phrase":"Mulle meeldivad hülged."},{"type":"👀","phrase":"Ma nägin pitserit."},{"type":"🔊","phrase":"Millist müra pitser tekitab?"}]},{"slug":"walrus","title":"Walrus","phrases":[{"type":"❤️","phrase":"Mulle meeldivad rohused."},{"type":"👀","phrase":"Ma nägin rooskapsast."},{"type":"🔊","phrase":"Millist müra mügar teeb?"}]},{"slug":"seahorse","title":"Merihobu","phrases":[{"type":"❤️","phrase":"Mulle meeldivad merehobused."},{"type":"👀","phrase":"Ma nägin merihobu."},{"type":"🔊","phrase":"Millist müra mereröövel teeb?"}]},{"slug":"bull","title":"Härja","phrases":[{"type":"❤️","phrase":"Mulle meeldivad pullid."},{"type":"👀","phrase":"Ma nägin pulli."},{"type":"🔊","phrase":"Millist lärmi härg teeb?"}]},{"slug":"pelican","title":"Pelikan","phrases":[{"type":"❤️","phrase":"Mulle meeldivad pelikanid."},{"type":"👀","phrase":"Ma nägin pelikanit."},{"type":"🔊","phrase":"Millist müra pelikan teeb?"}]},{"slug":"beaver","title":"Kobras","phrases":[{"type":"❤️","phrase":"Mulle meeldivad koprad."},{"type":"👀","phrase":"Ma nägin kobrast."},{"type":"🔊","phrase":"Millist müra kopra teeb?"}]},{"slug":"goldfish","title":"Kuldkala","phrases":[{"type":"❤️","phrase":"Mulle meeldivad kuldkalakesed."},{"type":"👀","phrase":"Ma nägin kuldkala."},{"type":"🔊","phrase":"Millist müra kuldkala teeb?"},{"type":"🐠","phrase":"Kas me saame kuldkala lemmikloomana?"}]},{"slug":"rhinoceros","title":"Ninasarvik","phrases":[{"type":"❤️","phrase":"Mulle meeldivad ninasarvikud."},{"type":"👀","phrase":"Ma nägin ninasarvikut."},{"type":"🔊","phrase":"Millist müra teeb ninasarvik?"}]},{"slug":"snake","title":"Madu","phrases":[{"type":"❤️","phrase":"Mulle meeldivad maod."},{"type":"👀","phrase":"Ma nägin madu."},{"type":"🔊","phrase":"Millist müra madu teeb?"}]},{"slug":"lion","title":"Lõvi","phrases":[{"type":"❤️","phrase":"Mulle meeldivad lõvid."},{"type":"👀","phrase":"Ma nägin lõvi."},{"type":"🔊","phrase":"Millist müra lõvi teeb?"}]},{"slug":"squid","title":"Kalmaar","phrases":[{"type":"❤️","phrase":"Mulle meeldivad kalmaarid."},{"type":"👀","phrase":"Ma nägin kalmaari."},{"type":"🔊","phrase":"Millist müra teeb kalmaar?"}]},{"slug":"whale","title":"Vaal","phrases":[{"type":"❤️","phrase":"Mulle meeldivad vaalad."},{"type":"👀","phrase":"Ma nägin vaala."},{"type":"🔊","phrase":"Millist müra vaal teeb?"}]},{"slug":"beetle","title":"Mardikas","phrases":[{"type":"❤️","phrase":"Mulle meeldivad mardikad."},{"type":"👀","phrase":"Ma nägin mardikat."},{"type":"🔊","phrase":"Millist müra mardikas teeb?"}]},{"slug":"dolphin","title":"delfiin","phrases":[{"type":"❤️","phrase":"Mulle meeldivad delfiinid."},{"type":"👀","phrase":"Ma nägin delfiini."},{"type":"🔊","phrase":"Millist müra teeb delfiin?"}]},{"slug":"starfish","title":"Meritäht","phrases":[{"type":"❤️","phrase":"Mulle meeldivad meritähed."},{"type":"👀","phrase":"Ma nägin meritäht."},{"type":"🔊","phrase":"Millist müra meritäht teeb?"}]},{"slug":"parakeet","title":"Papagoi","phrases":[{"type":"❤️","phrase":"Mulle meeldivad parakeedud."},{"type":"👀","phrase":"Ma nägin paraketi."},{"type":"🔊","phrase":"Millist lärmi papagoi tekitab?"}]},{"slug":"owl","title":"Öökull","phrases":[{"type":"❤️","phrase":"Mulle meeldivad öökullid."},{"type":"👀","phrase":"Ma nägin öökulli."},{"type":"🔊","phrase":"Millist müra öökull teeb?"}]},{"slug":"sheep","title":"Lambad","phrases":[{"type":"❤️","phrase":"Mulle meeldivad lambad."},{"type":"👀","phrase":"Ma nägin lammast."},{"type":"🔊","phrase":"Mis müra teeb lammas?"}]}]