[{"slug":"dress","title":"Kleit","phrases":[{"type":"🧼","phrase":"Mu kleit on räpane."},{"type":"🙋","phrase":"Kas saate aidata mul kleiti kanda?"}]},{"slug":"scarf","title":"Sall","phrases":[{"type":"❤️","phrase":"Mulle meeldib salli kanda."},{"type":"🙋","phrase":"Kas saate aidata mul salli kanda?"}]},{"slug":"t-shirt","title":"T-särk","phrases":[{"type":"❤️","phrase":"Mulle meeldib t-särki kanda."}]},{"slug":"sleeveless","title":"Varrukateta","phrases":[]},{"slug":"boxers","title":"Bokserid","phrases":[]},{"slug":"vest","title":"Vest","phrases":[]},{"slug":"pamela-hat","title":"Pamela müts","phrases":[]},{"slug":"high-heels","title":"Kõrged kontsad","phrases":[]},{"slug":"overalls","title":"Kombinesoonid","phrases":[]},{"slug":"kimono","title":"Kimono","phrases":[]},{"slug":"raincoat","title":"Vihmamantel","phrases":[]},{"slug":"bandana","title":"Bandana","phrases":[]},{"slug":"beret","title":"Barett","phrases":[]},{"slug":"knit-hat","title":"Koo müts","phrases":[]},{"slug":"suspenders","title":"Sussid","phrases":[]},{"slug":"mitten","title":"Labakindad","phrases":[]},{"slug":"suit","title":"Ülikond","phrases":[]},{"slug":"coat","title":"Kasukas","phrases":[]}]