[{"slug":"crayons","title":"Värvipliiatsid","phrases":[{"type":"❤️","phrase":"Mulle meeldivad värvipliiatsid."},{"type":"🙋","phrase":"Kas te saaksite mulle värvipliiatseid anda?"},{"type":"🖍️","phrase":"Tahan joonistada oma värvipliiatsitega."}]},{"slug":"red","title":"Punane","phrases":[{"type":"👉","phrase":"See on punane."},{"type":"💜","phrase":"Minu lemmikvärv on punane."},{"type":"🙋","phrase":"Kas te saaksite mulle punast värvi anda?"}]},{"slug":"blue","title":"Sinine","phrases":[{"type":"👉","phrase":"See on sinine."},{"type":"💜","phrase":"Minu lemmikvärv on sinine."},{"type":"🙋","phrase":"Kas saate mulle anda sinist värvi?"}]},{"slug":"orange","title":"Oranž","phrases":[{"type":"👉","phrase":"See on oranži värvi."},{"type":"💜","phrase":"Minu lemmikvärv on oranž."},{"type":"🙋","phrase":"Kas te saaksite mulle oranži värvi anda?"}]},{"slug":"green","title":"Roheline","phrases":[{"type":"👉","phrase":"See on roheline."},{"type":"💜","phrase":"Minu lemmikvärv on roheline."},{"type":"🙋","phrase":"Kas te saaksite mulle rohelist värvi anda?"}]},{"slug":"yellow","title":"Kollane","phrases":[{"type":"👉","phrase":"See on kollane."},{"type":"💜","phrase":"Minu lemmikvärv on kollane."},{"type":"🙋","phrase":"Kas te saaksite mulle kollast värvi anda?"}]},{"slug":"purple","title":"Lilla","phrases":[{"type":"👉","phrase":"See on lilla."},{"type":"💜","phrase":"Minu lemmikvärv on lilla."},{"type":"🙋","phrase":"Kas te saaksite mulle lilla värvi anda?"}]},{"slug":"pink","title":"Roosa","phrases":[{"type":"👉","phrase":"See on roosa."},{"type":"💜","phrase":"Minu lemmikvärv on roosa."},{"type":"🙋","phrase":"Kas te saaksite mulle roosa värvi anda?"}]},{"slug":"brown","title":"Pruun","phrases":[{"type":"👉","phrase":"See on pruun."},{"type":"💜","phrase":"Minu lemmikvärv on pruun."},{"type":"🙋","phrase":"Kas te saaksite mulle pruuni värvi anda?"}]},{"slug":"black","title":"Must","phrases":[{"type":"👉","phrase":"See on must."},{"type":"💜","phrase":"Minu lemmikvärv on must."},{"type":"🙋","phrase":"Kas te annate mulle musta värvi?"}]},{"slug":"white","title":"Valge","phrases":[{"type":"👉","phrase":"See on valge."},{"type":"💜","phrase":"Minu lemmikvärv on valge."},{"type":"🙋","phrase":"Kas te annate mulle valge värvi?"}]},{"slug":"gray","title":"Hall","phrases":[{"type":"👉","phrase":"See on hall."},{"type":"💜","phrase":"Minu lemmikvärv on hall."},{"type":"🙋","phrase":"Kas te annate mulle halli värvi?"}]},{"slug":"transparent","title":"Läbipaistev","phrases":[{"type":"👉","phrase":"See on läbipaistev."},{"type":"👀","phrase":"Ma näen läbipaistva värvi taga."},{"type":"🙋","phrase":"Kas saate aidata mul kustutada?"}]},{"slug":"cyan","title":"Tsüaan","phrases":[{"type":"👉","phrase":"See on sinine."},{"type":"💜","phrase":"Minu lemmikvärv on sinine."},{"type":"🙋","phrase":"Kas te saate mulle anda sinist värvi?"}]},{"slug":"violet","title":"violetne","phrases":[{"type":"👉","phrase":"See on violetne."},{"type":"💜","phrase":"Minu lemmikvärv on violetne."},{"type":"🙋","phrase":"Kas saate mulle violetse värvi anda?"}]},{"slug":"turquoise","title":"Türkiissinine","phrases":[{"type":"👉","phrase":"See on türkiissinine."},{"type":"💜","phrase":"Minu lemmikvärv on türkiissinine."},{"type":"🙋","phrase":"Kas te annate mulle türkiissinise värvi?"}]},{"slug":"lime","title":"Lubi","phrases":[{"type":"👉","phrase":"See on lubi."},{"type":"💜","phrase":"Minu lemmikvärv on lubi."},{"type":"🙋","phrase":"Kas te annate mulle lubivärvi?"}]},{"slug":"plum","title":"Ploom","phrases":[{"type":"👉","phrase":"See on ploom."},{"type":"💜","phrase":"Minu lemmikvärv on ploom."},{"type":"🙋","phrase":"Kas te annate mulle ploomimaali?"}]},{"slug":"tan","title":"Tan","phrases":[{"type":"👉","phrase":"See on punakasvärvi."},{"type":"💜","phrase":"Minu lemmikvärv on punakasvärv."},{"type":"🙋","phrase":"Kas te saaksite mulle päevituse värvi anda?"}]},{"slug":"avocado","title":"Avokaado","phrases":[{"type":"👉","phrase":"See on avokaado värv."},{"type":"💜","phrase":"Minu lemmikvärv on avokaado värv."},{"type":"🙋","phrase":"Kas te saaksite mulle avokaadovärvi värvi anda?"}]},{"slug":"barbie-pink","title":"Barbie roosa","phrases":[{"type":"👉","phrase":"See on barbie roosa värv."},{"type":"💜","phrase":"Minu lemmikvärv on barbie roosa."},{"type":"🙋","phrase":"Kas sa saaksid mulle anda Barbie roosa värvi?"}]},{"slug":"blizzard-blue","title":"Pime sinine","phrases":[{"type":"👉","phrase":"See on lumetorm sinine värv."},{"type":"💜","phrase":"Minu lemmikvärv on blizzard blue."},{"type":"🙋","phrase":"Kas te saaksite mulle anda sinise värvi?"}]}]