[{"slug":"coffee","title":"Kohv","phrases":[{"type":"❤️","phrase":"Mulle meeldib kohvi juua."},{"type":"🙋","phrase":"Ma tahan kohvi juua."}]},{"slug":"water","title":"Vesi","phrases":[{"type":"☝️","phrase":"Ma pean vett jooma."},{"type":"🙋","phrase":"Ma tahan juua vett."}]},{"slug":"juice","title":"Mahl","phrases":[{"type":"❤️","phrase":"Mulle meeldib mahla joomine."},{"type":"🙋","phrase":"Ma tahan juua mahla."}]},{"slug":"tea","title":"Tee","phrases":[{"type":"❤️","phrase":"Mulle meeldib teed juua."},{"type":"🙋","phrase":"Ma tahan juua teed."}]},{"slug":"grape-juice","title":"Viinamarjamahl","phrases":[{"type":"❤️","phrase":"Mulle meeldib viinamarjamahla joomine."},{"type":"🙋","phrase":"Ma tahan juua viinamarjamahla."}]},{"slug":"milk","title":"Piim","phrases":[{"type":"❤️","phrase":"Mulle meeldib piima joomine."},{"type":"🙋","phrase":"Ma tahan juua piima."}]},{"slug":"milkshake","title":"Milkshake","phrases":[{"type":"❤️","phrase":"Mulle meeldib juua kokteili."},{"type":"🙋","phrase":"Ma tahan juua kokteili."}]},{"slug":"orange-juice","title":"apelsinimahl","phrases":[{"type":"❤️","phrase":"Mulle meeldib apelsinimahla joomine."},{"type":"🙋","phrase":"Ma tahan juua apelsinimahla."}]},{"slug":"apple-juice","title":"õunamahl","phrases":[{"type":"❤️","phrase":"Mulle meeldib õunamahla joomine."},{"type":"🙋","phrase":"Ma tahan juua õunamahla."}]},{"slug":"pineapple-juice","title":"Ananassimahl","phrases":[{"type":"❤️","phrase":"Mulle meeldib ananassimahla joomine."},{"type":"🙋","phrase":"Ma tahan juua ananassimahla."}]},{"slug":"lemonade","title":"Limonaad","phrases":[{"type":"❤️","phrase":"Mulle meeldib limonaadi juua."},{"type":"🙋","phrase":"Ma tahan juua limonaadi."}]},{"slug":"coke","title":"Koksi","phrases":[{"type":"❤️","phrase":"Mulle meeldib koksi juua."},{"type":"🙋","phrase":"Ma tahan juua koksi."}]},{"slug":"soda","title":"Sooda","phrases":[{"type":"❤️","phrase":"Mulle meeldib sooda joomine."},{"type":"🙋","phrase":"Ma tahan juua soodat."}]},{"slug":"frappe","title":"Frappe","phrases":[{"type":"❤️","phrase":"Mulle meeldib frappe juua."},{"type":"🙋","phrase":"Ma tahan juua frappe."}]},{"slug":"smoothie","title":"Smuuti","phrases":[{"type":"❤️","phrase":"Mulle meeldib smuuti joomine."},{"type":"🙋","phrase":"Ma tahan smuutit juua."}]},{"slug":"iced-tea","title":"Jäätee","phrases":[{"type":"❤️","phrase":"Mulle meeldib jäätee joomine."},{"type":"🙋","phrase":"Ma tahan juua jääteed."}]},{"slug":"hot-chocolate","title":"Kuum šokolaad","phrases":[{"type":"❤️","phrase":"Mulle meeldib kuuma šokolaadi joomine."},{"type":"🙋","phrase":"Ma tahan juua kuuma šokolaadi."}]},{"slug":"mineral-water","title":"Mineraalvesi","phrases":[{"type":"❤️","phrase":"Mulle meeldib mineraalvee joomine."},{"type":"🙋","phrase":"Ma tahan juua mineraalvett."}]}]