[{"slug":"cotton-candy","title":"Cotto kommid","phrases":[{"type":"❤️","phrase":"Mulle meeldib puuvillast kommi süüa."}]},{"slug":"magic-hat","title":"Maagiline müts","phrases":[{"type":"❤️","phrase":"Mulle meeldib võlumütsi kandmine."}]},{"slug":"ferris-wheel","title":"Rataste ratas","phrases":[{"type":"❤️","phrase":"Mulle meeldib ratastega sõitmine."}]},{"slug":"bowling","title":"Keegel","phrases":[{"type":"❤️","phrase":"Mulle meeldib bowlingut mängida."}]},{"slug":"bumper-car","title":"Põrkerauaauto","phrases":[{"type":"❤️","phrase":"Mulle meeldib kaitserauaga sõita."}]},{"slug":"carousel","title":"Karussell","phrases":[{"type":"❤️","phrase":"Mulle meeldib karussellil sõita."}]},{"slug":"balloons","title":"Õhupallid","phrases":[{"type":"❤️","phrase":"Mulle meeldivad õhupallid."}]},{"slug":"cups","title":"Karikad","phrases":[]},{"slug":"unicycle","title":"Unicylce","phrases":[]},{"slug":"circus-tent","title":"Tsirkusetelk","phrases":[]},{"slug":"food-truck","title":"Toiduauto","phrases":[]},{"slug":"tea-cup-ride","title":"Tee tassi sõit","phrases":[]},{"slug":"whack-a-mole","title":"Löö mutt","phrases":[]},{"slug":"food-stall","title":"Toidumüügikoht","phrases":[]},{"slug":"claw-machine","title":"Küünismasin","phrases":[]},{"slug":"shooting-target","title":"Laskmise sihtmärk","phrases":[]},{"slug":"teddy-bear","title":"kaisukaru","phrases":[]},{"slug":"fireworks","title":"Ilutulestik","phrases":[]},{"slug":"caramelized-apple","title":"Karamelliseeritud õun","phrases":[]},{"slug":"ring","title":"Helisema","phrases":[]}]