[{"slug":"happy","title":"Õnnelik","phrases":[{"type":"🖐️","phrase":"Ma olen õnnelik."},{"type":"🙋","phrase":"Olen õnnelik."},{"type":"❓","phrase":"Kas tunnete end õnnelikuna?"},{"type":"☝️","phrase":"Ma tahan tunda rõõmu."},{"type":"🎈","phrase":"Sa teed mind õnnelikuks."}]},{"slug":"sad","title":"Kurb","phrases":[{"type":"🖐️","phrase":"Ma olen kurb."},{"type":"🙋","phrase":"Mul on kurb."},{"type":"❓","phrase":"Kas tunnete kurbust?"},{"type":"☝️","phrase":"Ma ei taha kurb olla."},{"type":"😠","phrase":"Sa teed mind kurvaks."}]},{"slug":"exhausted","title":"Kurnatud","phrases":[{"type":"🖐️","phrase":"Ma olen kurnatud."},{"type":"🙋","phrase":"Tunnen end kurnatuna."},{"type":"❓","phrase":"Kas tunnete end kurnatud?"},{"type":"☝️","phrase":"Ma ei taha olla kurnatud."}]},{"slug":"relaxed","title":"Lõdvestunud","phrases":[{"type":"🖐️","phrase":"Olen lõdvestunud."},{"type":"🙋","phrase":"Tunnen end pingevabalt."},{"type":"❓","phrase":"Kas tunnete end lõdvestunult?"},{"type":"☝️","phrase":"Ma tahan tunda end pingevabalt."}]},{"slug":"in-love","title":"Armunud","phrases":[{"type":"🖐️","phrase":"Ma olen armunud."},{"type":"🙋","phrase":"Ma olen armunud."},{"type":"❓","phrase":"Kas sa oled armunud?"},{"type":"☝️","phrase":"Ma tahan armuda."},{"type":"👉","phrase":"Kas sa armastad mind?"}]},{"slug":"stressed","title":"Stressis","phrases":[{"type":"🖐️","phrase":"Olen stressis."},{"type":"🙋","phrase":"Tunnen end stressis."},{"type":"❓","phrase":"Kas tunnete stressi?"},{"type":"☝️","phrase":"Ma ei taha end stressis tunda."}]},{"slug":"thankful","title":"Tänulik","phrases":[{"type":"🖐️","phrase":"Olen tänulik."},{"type":"🙋","phrase":"Olen tänulik."},{"type":"❓","phrase":"Kas olete tänulik?"},{"type":"☝️","phrase":"Ma tahan olla tänulik."}]},{"slug":"confused","title":"Segaduses","phrases":[{"type":"🖐️","phrase":"Ma olen segaduses."},{"type":"🙋","phrase":"Olen segaduses."},{"type":"❓","phrase":"Kas olete segaduses?"},{"type":"☝️","phrase":"Sa ajad mind segadusse."}]},{"slug":"joyful","title":"Rõõmsameelne","phrases":[{"type":"🖐️","phrase":"Ma olen rõõmus."},{"type":"🙋","phrase":"Tunnen rõõmu."},{"type":"❓","phrase":"Kas tunnete rõõmu?"},{"type":"☝️","phrase":"Ma tahan tunda rõõmu."}]},{"slug":"angry","title":"Vihane","phrases":[{"type":"🖐️","phrase":"Ma olen vihane."},{"type":"🙋","phrase":"Ma olen vihane."},{"type":"❓","phrase":"Kas tunnete viha?"},{"type":"☝️","phrase":"Ma olen sinu peale vihane."},{"type":"😠","phrase":"Sa ajad mind vihaseks."}]},{"slug":"smart","title":"Nutikad","phrases":[{"type":"🖐️","phrase":"Ma olen tark."},{"type":"🙋","phrase":"Tunnen end targana."},{"type":"❓","phrase":"Kas tunnete end targana?"},{"type":"☝️","phrase":"Kas ma olen tark?"},{"type":"👉","phrase":"Sa oled tark!"}]},{"slug":"afraid","title":"Kardan","phrases":[{"type":"🖐️","phrase":"Ma kardan."},{"type":"🙋","phrase":"Ma kardan."},{"type":"❓","phrase":"Kas sa kardad?"},{"type":"☝️","phrase":"Ma ei taha hirmu tunda."},{"type":"😠","phrase":"Sa hirmutad mind."}]},{"slug":"ashamed","title":"Häbi","phrases":[{"type":"🖐️","phrase":"Mul on häbi."},{"type":"🙋","phrase":"Mul on häbi."},{"type":"❓","phrase":"Kas teil on häbi?"},{"type":"☝️","phrase":"Ma ei taha häbi tunda."}]},{"slug":"shocked","title":"Šokeeritud","phrases":[{"type":"🖐️","phrase":"Olen šokeeritud."},{"type":"🙋","phrase":"Tunnen end šokeerituna."},{"type":"❓","phrase":"Kas tunnete end šokeerituna?"},{"type":"☝️","phrase":"Sa šokeerisid mind."}]},{"slug":"sick","title":"Haige","phrases":[{"type":"🖐️","phrase":"Ma olen haige."},{"type":"🙋","phrase":"Ma tunnen end halvasti."},{"type":"❓","phrase":"Kas tunnete end haigena?"},{"type":"☝️","phrase":"Ma ei taha haige olla."},{"type":"🤢","phrase":"Olen toidust haige."}]},{"slug":"frustrated","title":"Pettunud","phrases":[{"type":"🖐️","phrase":"Olen pettunud."},{"type":"🙋","phrase":"Tunnen pettumust."},{"type":"❓","phrase":"Kas tunnete pettumust?"},{"type":"☝️","phrase":"Ma ei taha pettunud olla."}]},{"slug":"excited","title":"Erutatud","phrases":[{"type":"🖐️","phrase":"Ma olen põnevil."},{"type":"🙋","phrase":"Tunnen põnevust."},{"type":"❓","phrase":"Kas tunnete põnevust?"},{"type":"☝️","phrase":"Ma ei taha põnevust tunda."}]},{"slug":"nauseated","title":"Iiveldud","phrases":[{"type":"🖐️","phrase":"Ma olen iiveldatud."},{"type":"🙋","phrase":"Tunnen iiveldust."},{"type":"❓","phrase":"Kas tunnete iiveldust?"},{"type":"☝️","phrase":"Ma ei taha iiveldust tunda."}]},{"slug":"agitated","title":"Ärritatud","phrases":[{"type":"🖐️","phrase":"Olen ärritunud."},{"type":"🙋","phrase":"Ma olen ärritunud."},{"type":"❓","phrase":"Kas tunnete ärritust?"},{"type":"☝️","phrase":"Ma ei taha olla ärritunud."}]}]