[{"slug":"hungry","title":"Näljane","phrases":[{"type":"‼️","phrase":"Ma olen näljane."},{"type":"❓","phrase":"Kas sa oled näljane?"},{"type":"🙋","phrase":"Kas sa saad mulle süüa teha?"},{"type":"🍳","phrase":"Mis õhtusöögiks on?"}]},{"slug":"thirsty","title":"Janus","phrases":[{"type":"‼️","phrase":"Ma olen janune."},{"type":"🌊","phrase":"Kas mul on vett?"},{"type":"🥛","phrase":"Kas mul võib olla klaas vett?"},{"type":"🙋","phrase":"Ma tahan midagi juua."}]},{"slug":"cutlery","title":"Söögiriistad","phrases":[{"type":"🙋","phrase":"Ma vajan söögiriistu."},{"type":"🍽️","phrase":"Aidake mul söögiriistu kasutada."},{"type":"🍴","phrase":"Mul on vaja kahvlit."},{"type":"🥄","phrase":"Mul on vaja lusikat."},{"type":"🥢","phrase":"Ma vajan söögipulki."},{"type":"🔪","phrase":"Mul on nuga vaja."},{"type":"🧻","phrase":"Mul on vaja salvrätikut."}]},{"slug":"apple","title":"Apple","phrases":[{"type":"❤️","phrase":"Mulle meeldib õun."},{"type":"❌","phrase":"Mulle ei meeldi õun."},{"type":"🙋","phrase":"Ma tahan süüa õuna."}]},{"slug":"carrot","title":"Porgand","phrases":[{"type":"❤️","phrase":"Mulle meeldib porgand."},{"type":"❌","phrase":"Mulle ei meeldi porgand."},{"type":"🙋","phrase":"Ma tahan süüa porgandit."}]},{"slug":"beans","title":"Oad","phrases":[{"type":"❤️","phrase":"Mulle meeldivad oad."},{"type":"❌","phrase":"Mulle ei meeldi oad."},{"type":"🙋","phrase":"Ma tahan süüa ube."}]},{"slug":"chicken","title":"Kana","phrases":[{"type":"❤️","phrase":"Mulle meeldib kana."},{"type":"❌","phrase":"Mulle kana ei meeldi."},{"type":"🙋","phrase":"Ma tahan kana süüa."},{"type":"🍗","phrase":"Ma tahan praetud kana."},{"type":"🐣","phrase":"Ma tahan keedetud kana."}]},{"slug":"chocolate","title":"Šokolaad","phrases":[{"type":"❤️","phrase":"Mulle meeldib šokolaad."},{"type":"❌","phrase":"Mulle ei meeldi šokolaad."},{"type":"🙋","phrase":"Ma tahan süüa šokolaadi."},{"type":"⚫","phrase":"Ma tahan tumedat šokolaadi."},{"type":"⚪","phrase":"Ma tahan valget šokolaadi."}]},{"slug":"milk","title":"Piim","phrases":[{"type":"❤️","phrase":"Mulle meeldib piim."},{"type":"❌","phrase":"Mulle ei meeldi piim."},{"type":"🙋","phrase":"Ma tahan juua piima."},{"type":"🍳","phrase":"Kas mul võib olla klaas piima?"}]},{"slug":"sandwich","title":"Võileib","phrases":[{"type":"❤️","phrase":"Mulle meeldib võileib."},{"type":"❌","phrase":"Mulle ei meeldi võileib."},{"type":"🙋","phrase":"Tahan süüa võileiba."},{"type":"🍳","phrase":"Kas sa saaksid mulle võileiba teha?"}]},{"slug":"steak","title":"Praad","phrases":[{"type":"❤️","phrase":"Mulle meeldib praad."},{"type":"❌","phrase":"Mulle ei meeldi praad."},{"type":"🙋","phrase":"Ma tahan süüa praadi."},{"type":"🍳","phrase":"Kas saate minu jaoks praadi keeta?"}]},{"slug":"banana","title":"Banaan","phrases":[{"type":"❤️","phrase":"Mulle meeldib banaan."},{"type":"❌","phrase":"Mulle ei meeldi banaan."},{"type":"🙋","phrase":"Ma tahan süüa banaani."}]},{"slug":"pie","title":"Pirukas","phrases":[{"type":"❤️","phrase":"Mulle meeldib pirukas."},{"type":"❌","phrase":"Mulle pirukas ei meeldi."},{"type":"🙋","phrase":"Ma tahan süüa pirukat."},{"type":"🍳","phrase":"Kas sa saad minu jaoks pirukat küpsetada?"}]},{"slug":"egg","title":"Muna","phrases":[{"type":"❤️","phrase":"Mulle meeldib muna."},{"type":"❌","phrase":"Mulle muna ei meeldi."},{"type":"🙋","phrase":"Ma tahan muna süüa."},{"type":"🍳","phrase":"Ma tahan praetud mune."},{"type":"🥚","phrase":"Ma tahan keedetud mune."}]},{"slug":"noodles","title":"Nuudlid","phrases":[{"type":"❤️","phrase":"Mulle meeldivad nuudlid."},{"type":"❌","phrase":"Mulle ei meeldi nuudlid."},{"type":"🙋","phrase":"Ma tahan süüa nuudleid."},{"type":"🍳","phrase":"Kas sa oskad mulle nuudleid keeta?"}]},{"slug":"salt","title":"Sool","phrases":[{"type":"🙋","phrase":"Ma tahan soola."},{"type":"❓","phrase":"Kas saate mulle soola anda?"},{"type":"🧂","phrase":"Toit on liiga soolane."},{"type":"🧂","phrase":"Minu toit vajab natuke soola."}]},{"slug":"spices","title":"Vürtsid","phrases":[{"type":"❤️","phrase":"Mulle meeldib vürtsikas toit."},{"type":"❌","phrase":"Mulle ei meeldi vürtsikas toit."},{"type":"🙋","phrase":"Ma tahan paprikat."},{"type":"⚫","phrase":"Ma tahan musta pipart."}]},{"slug":"pizza","title":"Pitsa","phrases":[{"type":"❤️","phrase":"Mulle meeldib pitsa."},{"type":"❌","phrase":"Mulle pitsa ei meeldi."},{"type":"🙋","phrase":"Ma tahan pitsat süüa."},{"type":"🍳","phrase":"Kas sa saad mulle pitsat keeta?"},{"type":"☝️","phrase":"Kas saab pitsat tellida?"}]},{"slug":"cheese","title":"Juust","phrases":[{"type":"❤️","phrase":"Mulle meeldib juust."},{"type":"❌","phrase":"Mulle juust ei meeldi."},{"type":"🙋","phrase":"Ma tahan juustu süüa."}]},{"slug":"fish","title":"Kala","phrases":[{"type":"❤️","phrase":"Mulle meeldib kala."},{"type":"❌","phrase":"Mulle ei meeldi kala."},{"type":"🙋","phrase":"Ma tahan kala süüa."},{"type":"🍳","phrase":"Kas sa oskad mulle kala süüa teha?"}]},{"slug":"ice-cream","title":"Jäätis","phrases":[{"type":"❤️","phrase":"Mulle meeldib jäätis."},{"type":"❌","phrase":"Mulle ei meeldi jäätis."},{"type":"🙋","phrase":"Ma tahan süüa jäätist."},{"type":"☝️","phrase":"Kas te saate mulle jäätist osta?"}]},{"slug":"tea","title":"Tee","phrases":[{"type":"❤️","phrase":"Mulle meeldib tee."},{"type":"❌","phrase":"Mulle ei meeldi tee."},{"type":"🙋","phrase":"Ma tahan juua teed."},{"type":"🍳","phrase":"Kas sa saad mulle teed teha?"}]},{"slug":"coffee","title":"Kohv","phrases":[{"type":"❤️","phrase":"Mulle meeldib kohv."},{"type":"❌","phrase":"Mulle ei meeldi kohv."},{"type":"🙋","phrase":"Ma tahan kohvi juua."},{"type":"🍳","phrase":"Kas sa saad mulle kohvi teha?"}]},{"slug":"tomato","title":"Tomat","phrases":[{"type":"❤️","phrase":"Mulle meeldib tomat."},{"type":"❌","phrase":"Mulle ei meeldi tomat."},{"type":"🙋","phrase":"Ma tahan süüa tomatit."}]},{"slug":"cereal","title":"Teravili","phrases":[{"type":"❤️","phrase":"Mulle meeldib teravili."},{"type":"❌","phrase":"Mulle ei meeldi teravili."},{"type":"🙋","phrase":"Ma tahan süüa teravilja."},{"type":"🍳","phrase":"Kas sa saaksid mind teraviljaks teha?"}]},{"slug":"burger","title":"Burger","phrases":[{"type":"❤️","phrase":"Mulle meeldib burger."},{"type":"❌","phrase":"Mulle ei meeldi burger."},{"type":"🙋","phrase":"Ma tahan süüa burgerit."},{"type":"🍳","phrase":"Kas saate minu jaoks burgerit süüa?"},{"type":"☝️","phrase":"Kas me saame burgerit tellida?"}]},{"slug":"french-fries","title":"friikartulid","phrases":[{"type":"❤️","phrase":"Mulle meeldivad friikartulid."},{"type":"❌","phrase":"Mulle friikartulid ei meeldi."},{"type":"🙋","phrase":"Ma tahan süüa friikartuleid."},{"type":"🍳","phrase":"Kas saate minu jaoks friikartuleid süüa?"},{"type":"☝️","phrase":"Kas saab tellida friikartuleid?"}]},{"slug":"spinach","title":"Spinat","phrases":[{"type":"❤️","phrase":"Mulle meeldib spinat."},{"type":"❌","phrase":"Mulle spinat ei meeldi."},{"type":"🙋","phrase":"Ma tahan süüa spinatit."}]},{"slug":"rice","title":"Riis","phrases":[{"type":"❤️","phrase":"Mulle meeldib riis."},{"type":"❌","phrase":"Mulle ei meeldi riis."},{"type":"🙋","phrase":"Ma tahan süüa riisi."},{"type":"🍳","phrase":"Kas sa oskad mulle riisi keeta?"}]},{"slug":"bread","title":"Leib","phrases":[{"type":"❤️","phrase":"Mulle meeldib leib."},{"type":"❌","phrase":"Mulle ei meeldi leib."},{"type":"🙋","phrase":"Ma tahan leiba süüa."},{"type":"☝️","phrase":"Kas saate leiba osta?"}]},{"slug":"pasta","title":"Pasta","phrases":[{"type":"❤️","phrase":"Mulle meeldib pasta."},{"type":"❌","phrase":"Mulle pasta ei meeldi."},{"type":"🙋","phrase":"Ma tahan süüa pastat."},{"type":"🍳","phrase":"Kas sa saad mulle pastat valmistada?"}]},{"slug":"sauce","title":"Kastmeks","phrases":[{"type":"❤️","phrase":"Mulle meeldib kaste."},{"type":"❌","phrase":"Mulle ei meeldi kaste."},{"type":"🙋","phrase":"Ma tahan kastet."},{"type":"🔴","phrase":"Kas mul on ketšupit?"},{"type":"⚪","phrase":"Kas ma saan majoneesi?"},{"type":"🟡","phrase":"Kas mul võib olla sinepit?"},{"type":"🚜","phrase":"Kas ma saan rantšokastme?"}]},{"slug":"kebab","title":"Kebab","phrases":[{"type":"❤️","phrase":"Mulle meeldib kebab."},{"type":"❌","phrase":"Mulle ei meeldi kebab."},{"type":"🙋","phrase":"Ma tahan süüa kebabi."},{"type":"🍳","phrase":"Kas sa oskad mulle kebabi keeta?"},{"type":"☝️","phrase":"Kas me saame tellida kebabi?"}]}]