[{"slug":"apple","title":"Apple","phrases":[{"type":"❤️","phrase":"Mulle meeldib õuna süüa."},{"type":"🙋","phrase":"Ma tahan süüa õuna."},{"type":"❌","phrase":"Mulle ei meeldi õun."}]},{"slug":"watermelon","title":"Arbuus","phrases":[{"type":"❤️","phrase":"Mulle meeldib arbuusi süüa."},{"type":"🙋","phrase":"Ma tahan süüa arbuusi."},{"type":"❌","phrase":"Mulle arbuus ei meeldi."}]},{"slug":"orange","title":"Oranž","phrases":[{"type":"❤️","phrase":"Mulle meeldib apelsini süüa."},{"type":"🙋","phrase":"Ma tahan süüa apelsini."},{"type":"❌","phrase":"Mulle ei meeldi oranž."}]},{"slug":"strawberry","title":"Maasikas","phrases":[{"type":"❤️","phrase":"Mulle meeldib maasikat süüa."},{"type":"🙋","phrase":"Ma tahan süüa maasikaid."},{"type":"❌","phrase":"Mulle ei meeldi maasikas."}]},{"slug":"grape","title":"Viinamari","phrases":[{"type":"❤️","phrase":"Mulle meeldib viinamarja süüa."},{"type":"🙋","phrase":"Ma tahan süüa viinamarju."},{"type":"❌","phrase":"Mulle ei meeldi viinamari."}]},{"slug":"cherry","title":"Kirss","phrases":[{"type":"❤️","phrase":"Mulle meeldib kirsi söömine."},{"type":"🙋","phrase":"Ma tahan süüa kirsse."},{"type":"❌","phrase":"Mulle ei meeldi kirss."}]},{"slug":"mango","title":"Mango","phrases":[{"type":"❤️","phrase":"Mulle meeldib mangot süüa."},{"type":"🙋","phrase":"Ma tahan süüa mangot."},{"type":"❌","phrase":"Mulle ei meeldi mango."}]},{"slug":"guava","title":"Guaja","phrases":[{"type":"❤️","phrase":"Mulle meeldib guajaav süüa."},{"type":"🙋","phrase":"Ma tahan süüa guajaavat."},{"type":"❌","phrase":"Mulle ei meeldi guajaav."}]},{"slug":"banana","title":"Banaan","phrases":[{"type":"❤️","phrase":"Mulle meeldib banaani süüa."},{"type":"🙋","phrase":"Ma tahan süüa banaani."},{"type":"❌","phrase":"Mulle ei meeldi banaan."}]},{"slug":"pomegranate","title":"Granaatõun","phrases":[{"type":"❤️","phrase":"Mulle meeldib granaatõuna süüa."},{"type":"🙋","phrase":"Ma tahan süüa granaatõuna."},{"type":"❌","phrase":"Mulle ei meeldi granaatõun."}]},{"slug":"raspberry","title":"Vaarikas","phrases":[{"type":"❤️","phrase":"Mulle meeldib vaarikat süüa."},{"type":"🙋","phrase":"Tahan süüa vaarikaid."},{"type":"❌","phrase":"Mulle ei meeldi vaarikas."}]},{"slug":"papaya","title":"Papaia","phrases":[{"type":"❤️","phrase":"Mulle meeldib papaiat süüa."},{"type":"🙋","phrase":"Ma tahan süüa papaiat."},{"type":"❌","phrase":"Mulle ei meeldi papaia."}]},{"slug":"kiwi","title":"Kiivid","phrases":[{"type":"❤️","phrase":"Mulle meeldib kiivi süüa."},{"type":"🙋","phrase":"Tahan süüa kiivit."},{"type":"❌","phrase":"Mulle ei meeldi kiivi."}]},{"slug":"pineapple","title":"Ananass","phrases":[{"type":"❤️","phrase":"Mulle meeldib ananassi süüa."},{"type":"🙋","phrase":"Tahan süüa ananassi."},{"type":"❌","phrase":"Mulle ananassi ei meeldi."}]},{"slug":"lemon","title":"Sidrun","phrases":[{"type":"❤️","phrase":"Mulle meeldib sidrunit süüa."},{"type":"🙋","phrase":"Ma tahan süüa sidrunit."},{"type":"❌","phrase":"Mulle ei meeldi sidrun."},{"type":"🍋","phrase":"Sidrunid on hapud."}]},{"slug":"apricot","title":"Aprikoos","phrases":[{"type":"❤️","phrase":"Mulle meeldib aprikoosi süüa."},{"type":"🙋","phrase":"Ma tahan süüa aprikoosi."},{"type":"❌","phrase":"Mulle aprikoos ei meeldi."}]},{"slug":"dragon-fruit","title":"Draakoni puuvili","phrases":[{"type":"❤️","phrase":"Mulle meeldib draakoni puuvilju süüa."},{"type":"🙋","phrase":"Ma tahan süüa draakoni vilja."},{"type":"❌","phrase":"Mulle ei meeldi draakoni viljad."}]},{"slug":"peach","title":"Virsik","phrases":[{"type":"❤️","phrase":"Mulle meeldib virsikut süüa."},{"type":"🙋","phrase":"Ma tahan virsikut süüa."},{"type":"❌","phrase":"Mulle virsik ei meeldi."}]},{"slug":"avocado","title":"Avokaado","phrases":[{"type":"❤️","phrase":"Mulle meeldib avokaadot süüa."},{"type":"🙋","phrase":"Tahan süüa avokaadot."},{"type":"❌","phrase":"Mulle avokaado ei meeldi."}]},{"slug":"fig","title":"Joon","phrases":[{"type":"❤️","phrase":"Mulle meeldib viigimarju süüa."},{"type":"🙋","phrase":"Ma tahan süüa viigimarju."},{"type":"❌","phrase":"Mulle ei meeldi viigimari"}]},{"slug":"lychee","title":"Litši","phrases":[{"type":"❤️","phrase":"Mulle meeldib litši süüa."},{"type":"🙋","phrase":"Ma tahan litši süüa."},{"type":"❌","phrase":"Mulle litši ei meeldi."}]},{"slug":"passion-fruit","title":"Passion viljad","phrases":[{"type":"❤️","phrase":"Mulle meeldib süüa kirevilja."},{"type":"🙋","phrase":"Tahan süüa kirevilja."},{"type":"❌","phrase":"Mulle ei meeldi kirgiviljad."}]},{"slug":"blueberry","title":"Mustikas","phrases":[{"type":"❤️","phrase":"Mulle meeldib mustikat süüa."},{"type":"🙋","phrase":"Tahan süüa mustikaid."},{"type":"❌","phrase":"Mulle mustikas ei meeldi."}]},{"slug":"coconut","title":"Kookospähkel","phrases":[{"type":"❤️","phrase":"Mulle meeldib kookospähklit süüa."},{"type":"🙋","phrase":"Ma tahan süüa kookospähklit."},{"type":"❌","phrase":"Mulle ei meeldi kookospähkel."}]}]