[{"slug":"gardener","title":"Aednik","phrases":[]},{"slug":"sprout","title":"Idu","phrases":[]},{"slug":"hose","title":"Voolik","phrases":[]},{"slug":"glove","title":"Kinnas","phrases":[]},{"slug":"flowers","title":"Lilled","phrases":[]},{"slug":"seeds","title":"Seemned","phrases":[]},{"slug":"shovel","title":"Kühvel","phrases":[]},{"slug":"watering","title":"Kastmine","phrases":[]},{"slug":"scarecrow","title":"Hernehirmutis","phrases":[]},{"slug":"tree","title":"Puu","phrases":[]},{"slug":"fertilizer","title":"Väetis","phrases":[]},{"slug":"pitchfork","title":"Pitchfork","phrases":[]},{"slug":"bucket","title":"Ämber","phrases":[]},{"slug":"fence","title":"Aita","phrases":[]},{"slug":"leaf","title":"Leht","phrases":[]},{"slug":"windmill","title":"Tuuleveski","phrases":[]},{"slug":"spray","title":"Pihustatud","phrases":[]},{"slug":"shears","title":"Käärid","phrases":[]},{"slug":"sprinkler","title":"Vihmuti","phrases":[]},{"slug":"tractor","title":"Traktor","phrases":[]},{"slug":"jam","title":"Jam","phrases":[]},{"slug":"bonsai","title":"Bonsai","phrases":[]},{"slug":"wheelbarrow","title":"Käru","phrases":[]},{"slug":"birdhouse","title":"Linnumaja","phrases":[]}]