[{"slug":"mixer","title":"Mikser","phrases":[{"type":"🙋","phrase":"Kas oskate näidata, kuidas mikserit kasutada?"},{"type":"🤞","phrase":"Ma ei tohiks ilma vanemateta segisti kasutada."}]},{"slug":"apron","title":"Perroon","phrases":[{"type":"👚","phrase":"Ma kannan toiduvalmistamise ajal põlle."},{"type":"👚","phrase":"Mu ema kannab toiduvalmistamise ajal põlle."}]},{"slug":"fryer","title":"Fritüür","phrases":[{"type":"🙋","phrase":"Kas oskate näidata, kuidas fritüürit kasutada?"},{"type":"🤞","phrase":"Ma ei tohiks ilma vanemateta praepannil kasutada."}]},{"slug":"rolling-pin","title":"Veermik","phrases":[{"type":"🙋","phrase":"Kas oskate näidata, kuidas valtspinki kasutada?"},{"type":"💡","phrase":"Taina rullimiseks kasutan rullnõela."}]},{"slug":"coffee-machine","title":"Kohvimasin","phrases":[{"type":"🙋","phrase":"Kas oskate näidata, kuidas kohvimasinat kasutada?"},{"type":"🤞","phrase":"Ma ei peaks ilma vanemateta kohvimasinat kasutama."}]},{"slug":"fridge","title":"Külmkapp","phrases":[{"type":"🙋","phrase":"Kas oskate näidata, kuidas külmkappi kasutada?"},{"type":"💡","phrase":"Külmkapp hoiab toidud külmas."}]},{"slug":"pot","title":"Pott","phrases":[{"type":"🙋","phrase":"Kas oskate näidata, kuidas potti kasutada?"},{"type":"🤞","phrase":"Ma ei tohiks ilma vanemateta potti kasutada."}]},{"slug":"toaster","title":"Röster","phrases":[{"type":"🙋","phrase":"Kas oskate näidata, kuidas röstrit kasutada?"},{"type":"🤞","phrase":"Ma ei tohiks ilma oma vanemateta röstrit kasutada."}]},{"slug":"cutlery","title":"Söögiriistad","phrases":[{"type":"🙋","phrase":"Kas oskate näidata, kuidas söögiriistu kasutada?"},{"type":"😋","phrase":"Õpin sööma söögiriistadega."}]},{"slug":"spatula","title":"Spaatliga","phrases":[{"type":"🙋","phrase":"Kas oskate näidata, kuidas spaatlit kasutada?"}]},{"slug":"oven","title":"Ahi","phrases":[{"type":"🙋","phrase":"Kas oskate näidata, kuidas ahju kasutada?"},{"type":"🤞","phrase":"Ma ei tohiks ilma vanemateta ahju kasutada."}]},{"slug":"kitchen-timer","title":"Köögitaimer","phrases":[{"type":"🙋","phrase":"Kas oskate näidata, kuidas kasutada köögitaimerit?"},{"type":"⏱️","phrase":"Köögitaimer piiksub."}]},{"slug":"pizza-cutter","title":"Pitsa lõikur","phrases":[{"type":"🙋","phrase":"Kas oskate näidata, kuidas pitsalõikurit kasutada?"},{"type":"🤞","phrase":"Ma ei tohiks pitsade lõikurit ilma vanemateta kasutada."}]},{"slug":"grater","title":"Riiv","phrases":[{"type":"🙋","phrase":"Kas oskate näidata, kuidas riivist kasutada?"},{"type":"🤞","phrase":"Ma ei tohiks ilma vanemateta riivis kasutada."}]},{"slug":"grill","title":"Grill","phrases":[{"type":"🙋","phrase":"Kas oskate näidata, kuidas grilli kasutada?"},{"type":"🤞","phrase":"Ma ei tohiks ilma vanemateta grilli kasutada."}]},{"slug":"recipe-book","title":"Retseptiraamat","phrases":[{"type":"🙋","phrase":"Kas ma saan toiduvalmistamiseks retsepti valida?"},{"type":"🍳","phrase":"Kas me saame seda retsepti valmistada?"}]},{"slug":"kitchen-utensils","title":"Köögiriistad","phrases":[{"type":"❤️","phrase":"Mulle meeldib köögiriistade kasutamine."},{"type":"🤞","phrase":"Ma ei peaks ilma vanemateta köögiriistu kasutama."}]},{"slug":"stove","title":"Pliit","phrases":[{"type":"🙋","phrase":"Kas oskate näidata, kuidas pliiti kasutada?"},{"type":"🤞","phrase":"Ma ei tohiks ilma vanemateta ahju kasutada."}]},{"slug":"salt-and-pepper","title":"Sool ja pipar","phrases":[{"type":"🙋","phrase":"Kas saate soola ja pipart tuua?"}]},{"slug":"kitchen-board","title":"Köögilaud","phrases":[{"type":"🙋","phrase":"Kas ma saan kirjutada köögitahvlil?"}]},{"slug":"scale","title":"Kaal","phrases":[{"type":"🙋","phrase":"Kas oskate näidata, kuidas köögiskaalat kasutada?"}]},{"slug":"teapot","title":"Teekann","phrases":[{"type":"🙋","phrase":"Kas oskate näidata, kuidas teekannu kasutada?"},{"type":"🤞","phrase":"Ma ei tohiks teekannu kasutada ilma oma vanemateta."}]},{"slug":"microwave","title":"Mikrolaine","phrases":[{"type":"🙋","phrase":"Kas oskate näidata, kuidas mikrolaineahju kasutada?"},{"type":"🤞","phrase":"Ma ei tohiks ilma vanemateta mikrolaineahju kasutada."}]}]