[{"slug":"hospital-bed","title":"Haigla voodi","phrases":[{"type":"🙋","phrase":"Kas saate mind haiglavoodiga aidata?"}]},{"slug":"weight-loss","title":"Kaalukaotus","phrases":[{"type":"🏋️","phrase":"Ma pean oma toidutarbimist vähendama."},{"type":"🏃‍♀️","phrase":"Ma kaotan kaalu."},{"type":"🥩","phrase":"Ma võtan kaalus juurde."}]},{"slug":"exercise","title":"Harjutus","phrases":[{"type":"🏋️","phrase":"Teen trenni."},{"type":"⏲️","phrase":"Mul on treeningrutiin."}]},{"slug":"medical-history","title":"Haiguslugu","phrases":[{"type":"📂","phrase":"Siin on minu haiguslugu."}]},{"slug":"vitamin-c","title":"C-vitamiin","phrases":[{"type":"🍹","phrase":"Ma pean võtma c-vitamiini."},{"type":"🍊","phrase":"Apelsinid sisaldavad c-vitamiini."}]},{"slug":"thermometer","title":"Termomeeter","phrases":[{"type":"🤒","phrase":"Kas saate mõõta minu palavikku?"},{"type":"🌡️","phrase":"Kuidas termomeeter töötab?"}]},{"slug":"pills","title":"Tabletid","phrases":[{"type":"💊","phrase":"Ma pean võtma oma tablette."},{"type":"👉","phrase":"Kas võtsite oma tablette?"}]},{"slug":"medical-mask","title":"Meditsiiniline mask","phrases":[]},{"slug":"dental-care","title":"Hambaravi","phrases":[{"type":"🦷","phrase":"Mu hambad valutavad."},{"type":"🦷","phrase":"Ma pesen hambaid."}]},{"slug":"hearing-exam","title":"Kuuldeeksam","phrases":[{"type":"👂","phrase":"Mul on kuulmisprobleeme."},{"type":"🦻","phrase":"Ma teen kuulmiseksami."}]},{"slug":"hospital","title":"Haigla","phrases":[{"type":"🏥","phrase":"Ma lähen haiglasse."},{"type":"🏥","phrase":"Olen haiglas."}]},{"slug":"stethoscope","title":"Stetoskoop","phrases":[{"type":"👨‍⚕️","phrase":"Arstid kasutavad stetoskoopi."},{"type":"🩺","phrase":"Kas ma saan mänguasjade stetoskoopi?"}]},{"slug":"ambulance","title":"Kiirabi","phrases":[{"type":"👀","phrase":"Ma nägin kiirabi."},{"type":"👂","phrase":"Kuulsin kiirabi häält."}]},{"slug":"drugstore","title":"Apteek","phrases":[{"type":"🧾","phrase":"Ma pean oma retsepti täitma."},{"type":"➡️","phrase":"Siin on minu retsept."}]},{"slug":"emergency","title":"Avarii","phrases":[{"type":"🚨","phrase":"Mul on tervisehädaolukord."},{"type":"🚑","phrase":"Ma lähen traumapunkti."}]},{"slug":"health-insurance","title":"Tervisekindlustus","phrases":[{"type":"⚕️","phrase":"Mul on tervisekindlustus."},{"type":"❌","phrase":"Mul pole tervisekindlustust."}]},{"slug":"doctor","title":"Arst","phrases":[{"type":"❤️","phrase":"Mulle meeldib mu arst."},{"type":"🤩","phrase":"Arst aitab mind."}]},{"slug":"nurse","title":"Õde","phrases":[{"type":"❤️","phrase":"Mulle meeldib mu õde."},{"type":"🤩","phrase":"Õde aitab mind."}]}]