[{"slug":"one","title":"Üks","phrases":[{"type":"➖","phrase":"Üks tuleb enne kahte."},{"type":"➕","phrase":"Üks tuleb pärast nulli."},{"type":"🙋","phrase":"Ma tahan ühte."}]},{"slug":"two","title":"Kaks","phrases":[{"type":"➖","phrase":"Kaks tuleb enne kolme."},{"type":"➕","phrase":"Kaks tuleb pärast ühte."},{"type":"🙋","phrase":"Ma tahan kahte."}]},{"slug":"three","title":"Kolm","phrases":[{"type":"➖","phrase":"Kolm tuleb enne nelja."},{"type":"➕","phrase":"Kolm tuleb pärast kahte."},{"type":"🙋","phrase":"Ma tahan kolme."}]},{"slug":"four","title":"Neli","phrases":[{"type":"➖","phrase":"Neli tuleb enne viit."},{"type":"➕","phrase":"Neli tuleb pärast kolme."},{"type":"🙋","phrase":"Ma tahan nelja."}]},{"slug":"five","title":"Viis","phrases":[{"type":"➖","phrase":"Viis tuleb enne kuut."},{"type":"➕","phrase":"Viis tuleb pärast nelja."},{"type":"🙋","phrase":"Ma tahan viit."}]},{"slug":"six","title":"Kuus","phrases":[{"type":"➖","phrase":"Kuus tuleb enne seitset."},{"type":"➕","phrase":"Kuus tuleb pärast viit."},{"type":"🙋","phrase":"Ma tahan parandada."}]},{"slug":"seven","title":"Seitse","phrases":[{"type":"➖","phrase":"Seitse tuleb enne kaheksat."},{"type":"➕","phrase":"Seitse tuleb pärast kuut."},{"type":"🙋","phrase":"Ma tahan seitset."}]},{"slug":"eight","title":"Kaheksa","phrases":[{"type":"➖","phrase":"Kaheksa tuleb enne üheksat."},{"type":"➕","phrase":"Kaheksa tuleb pärast seitset."},{"type":"🙋","phrase":"Tahan kaheksat."}]},{"slug":"nine","title":"Üheksa","phrases":[{"type":"➖","phrase":"Üheksa tuleb enne kümmet."},{"type":"➕","phrase":"Üheksa tuleb pärast kaheksat."},{"type":"🙋","phrase":"Ma tahan üheksa."}]},{"slug":"ten","title":"Kümme","phrases":[{"type":"➖","phrase":"Kümme tuleb enne üksteist."},{"type":"➕","phrase":"Kümme tuleb pärast üheksat."},{"type":"🙋","phrase":"Ma tahan kümmet."}]},{"slug":"eleven","title":"Üksteist","phrases":[{"type":"➖","phrase":"Üksteist saab enne kolmteist."},{"type":"➕","phrase":"Üksteist tuleb pärast kümmet."},{"type":"🙋","phrase":"Ma tahan üksteist."}]},{"slug":"twenty","title":"Kakskümmend","phrases":[{"type":"🔢","phrase":"Ma võin loota kuni kakskümmend."}]},{"slug":"thirty","title":"Kolmkümmend","phrases":[{"type":"🔢","phrase":"Ma võin loota kuni kolmkümmend."}]},{"slug":"forty","title":"Nelikümmend","phrases":[{"type":"🔢","phrase":"Ma võin loota kuni nelikümmend."}]},{"slug":"fifty","title":"Viiskümmend","phrases":[{"type":"🔢","phrase":"Ma võin loota kuni viiskümmend."}]},{"slug":"hundred","title":"Sada","phrases":[{"type":"🔢","phrase":"Ma võin loota kuni sada."}]},{"slug":"thousand","title":"Tuhat","phrases":[{"type":"🔢","phrase":"Ma võin loota kuni tuhat."}]},{"slug":"calculator","title":"Kalkulaator","phrases":[{"type":"🖩","phrase":"Ma tahan kasutada kalkulaatorit."},{"type":"🧮","phrase":"Kas saate mulle kalkulaatori kasutamist õpetada?"},{"type":"🙋","phrase":"Kas ma saan teie kalkulaatori kärpida?"}]}]