[{"slug":"teacher","title":"Õpetaja","phrases":[{"type":"❓","phrase":"Mida teeb õpetaja?"},{"type":"🙋","phrase":"Tahan saada õpetajaks."}]},{"slug":"police-officer","title":"Politseinik","phrases":[{"type":"❓","phrase":"Mida politseinik teeb?"},{"type":"🙋","phrase":"Ma tahan saada politseinikuks."}]},{"slug":"writer","title":"Kirjanik","phrases":[{"type":"❓","phrase":"Mida kirjanik teeb?"},{"type":"🙋","phrase":"Ma tahan saada kirjanikuks."}]},{"slug":"doctor","title":"Arst","phrases":[{"type":"❓","phrase":"Mida arst teeb?"},{"type":"🙋","phrase":"Ma tahan saada arstiks."}]},{"slug":"detective","title":"Detektiiv","phrases":[{"type":"❓","phrase":"Mida detektiiv teeb?"},{"type":"🙋","phrase":"Ma tahan saada detektiiviks."}]},{"slug":"artist","title":"Kunstnik","phrases":[{"type":"❓","phrase":"Mida kunstnik teeb?"},{"type":"🙋","phrase":"Ma tahan saada kunstnikuks."}]},{"slug":"singer","title":"Laulja","phrases":[{"type":"❓","phrase":"Mida laulja teeb?"},{"type":"🙋","phrase":"Tahan saada lauljaks."}]},{"slug":"astronaut","title":"Astronaut","phrases":[{"type":"❓","phrase":"Mida teeb astronaut?"},{"type":"🙋","phrase":"Ma tahan saada astronaudiks."}]},{"slug":"sailor","title":"Meremees","phrases":[{"type":"❓","phrase":"Mida teeb meremees?"},{"type":"🙋","phrase":"Ma tahan saada meremeheks."}]},{"slug":"chef","title":"Kokk","phrases":[{"type":"❓","phrase":"Mida teeb kokk?"},{"type":"🙋","phrase":"Tahan saada kokka."}]},{"slug":"farmer","title":"Põllumees","phrases":[{"type":"❓","phrase":"Mida teeb põllumees?"},{"type":"🙋","phrase":"Ma tahan saada põllumeheks."}]},{"slug":"construction-worker","title":"Ehitustööline","phrases":[{"type":"❓","phrase":"Mida ehitustööline teeb?"},{"type":"🙋","phrase":"Tahan saada ehitajaks."}]},{"slug":"baker","title":"Pagar","phrases":[{"type":"❓","phrase":"Mida teeb pagar?"},{"type":"🙋","phrase":"Ma tahan saada pagariks."}]},{"slug":"lifeguard","title":"Vetelpäästja","phrases":[{"type":"❓","phrase":"Mida teeb vetelpäästja?"},{"type":"🙋","phrase":"Ma tahan saada vetelpäästjaks."}]},{"slug":"astronomer","title":"Astronoom","phrases":[{"type":"❓","phrase":"Mida teeb astronoom?"},{"type":"🙋","phrase":"Ma tahan saada astronoomiks."}]},{"slug":"journalist","title":"Ajakirjanik","phrases":[{"type":"❓","phrase":"Mida ajakirjanik teeb?"},{"type":"🙋","phrase":"Tahan saada ajakirjanikuks."}]},{"slug":"archeologist","title":"Arheoloog","phrases":[{"type":"❓","phrase":"Mida arheoloog teeb?"},{"type":"🙋","phrase":"Ma tahan saada arheoloogiks."}]},{"slug":"musician","title":"Muusik","phrases":[{"type":"❓","phrase":"Mida muusik teeb?"},{"type":"🙋","phrase":"Tahan saada muusikuks."}]},{"slug":"magician","title":"Mustkunstnik","phrases":[{"type":"❓","phrase":"Mida teeb mustkunstnik?"},{"type":"🙋","phrase":"Ma tahan saada mustkunstnikuks."}]},{"slug":"soccer-player","title":"Jalgpallur","phrases":[{"type":"❓","phrase":"Mida teeb jalgpallur?"},{"type":"🙋","phrase":"Tahan saada jalgpalluriks."}]},{"slug":"postwoman","title":"Postitaja","phrases":[{"type":"❓","phrase":"Mida postitaja teeb?"},{"type":"🙋","phrase":"Ma tahan saada postitajaks."}]},{"slug":"firefighter","title":"Tuletõrjuja","phrases":[{"type":"❓","phrase":"Mida teeb tuletõrjuja?"},{"type":"🙋","phrase":"Ma tahan saada tuletõrjujaks."}]},{"slug":"scientist","title":"Teadlane","phrases":[{"type":"❓","phrase":"Mida teeb teadlane?"},{"type":"🙋","phrase":"Ma tahan saada teadlaseks."}]},{"slug":"gardener","title":"Aednik","phrases":[{"type":"❓","phrase":"Mida aednik teeb?"},{"type":"🙋","phrase":"Tahan saada aednikuks."}]},{"slug":"butcher","title":"Lihunik","phrases":[{"type":"❓","phrase":"Mida lihunik teeb?"},{"type":"🙋","phrase":"Ma tahan lihunikuks saada."}]},{"slug":"veterinarian","title":"Loomaarst","phrases":[{"type":"❓","phrase":"Mida veterinaararst teeb?"},{"type":"🙋","phrase":"Tahan saada veterinaariks."}]},{"slug":"lumber-jack","title":"Lumber tungraud","phrases":[{"type":"❓","phrase":"Mida teeb saematerjali tungraud?"},{"type":"🙋","phrase":"Ma tahan saada saematerjaliks."}]},{"slug":"miner","title":"Kaevandaja","phrases":[{"type":"❓","phrase":"Mida kaevur teeb?"},{"type":"🙋","phrase":"Ma tahan saada kaevandajaks."}]},{"slug":"nun","title":"Nunn","phrases":[{"type":"❓","phrase":"Mida nunn teeb?"},{"type":"🙋","phrase":"Ma tahan saada nunnaks."}]},{"slug":"fisher-woman","title":"Fisheri naine","phrases":[{"type":"❓","phrase":"Mida kalamees teeb?"},{"type":"🙋","phrase":"Tahan saada kalurinaiseks."}]},{"slug":"hair-dresser","title":"Juuksur","phrases":[{"type":"❓","phrase":"Mida teeb juuksur?"},{"type":"🙋","phrase":"Ma tahan saada juuksuriks."}]},{"slug":"mechanic","title":"Mehaanik","phrases":[{"type":"❓","phrase":"Mida teeb mehaanik?"},{"type":"🙋","phrase":"Ma tahan saada mehaanikuks."}]},{"slug":"electrician","title":"Elektrik","phrases":[{"type":"❓","phrase":"Mida teeb elektrik?"},{"type":"🙋","phrase":"Ma tahan saada elektrikuks."}]},{"slug":"swimmer","title":"Ujuja","phrases":[{"type":"❓","phrase":"Mida teeb ujuja?"},{"type":"🙋","phrase":"Tahan saada ujujaks."}]},{"slug":"photographer","title":"Fotograaf","phrases":[{"type":"❓","phrase":"Mida fotograaf teeb?"},{"type":"🙋","phrase":"Ma tahan saada fotograafiks."}]},{"slug":"priest","title":"Preester","phrases":[{"type":"❓","phrase":"Mida teeb preester?"},{"type":"🙋","phrase":"Ma tahan saada preestriks."}]},{"slug":"soldier","title":"Sõdur","phrases":[{"type":"❓","phrase":"Mida sõdur teeb?"},{"type":"🙋","phrase":"Ma tahan saada sõduriks."}]},{"slug":"carpenter","title":"Puusepp","phrases":[{"type":"❓","phrase":"Mida teeb puusepp?"},{"type":"🙋","phrase":"Tahan saada puuseppiks."}]},{"slug":"plumber","title":"Torulukksepp","phrases":[{"type":"❓","phrase":"Mida torumees teeb?"},{"type":"🙋","phrase":"Ma tahan saada torumeheks."}]},{"slug":"wall-painter","title":"Seinavärvija","phrases":[{"type":"❓","phrase":"Mida seinamaalija teeb?"},{"type":"🙋","phrase":"Ma tahan saada seinamaalijaks."}]},{"slug":"nurse","title":"Õde","phrases":[{"type":"❓","phrase":"Mida teeb õde?"},{"type":"🙋","phrase":"Ma tahan saada õeks."}]},{"slug":"judge","title":"Kohtunik","phrases":[{"type":"❓","phrase":"Mida teeb kohtunik?"},{"type":"🙋","phrase":"Ma tahan saada kohtunikuks."}]},{"slug":"waiter","title":"Kelner","phrases":[{"type":"❓","phrase":"Mida kelner teeb?"},{"type":"🙋","phrase":"Tahan saada kelneriks."}]},{"slug":"pilot","title":"Piloot","phrases":[{"type":"❓","phrase":"Mida piloot teeb?"},{"type":"🙋","phrase":"Ma tahan saada piloodiks."}]},{"slug":"welder","title":"Keevitaja","phrases":[{"type":"❓","phrase":"Mida keevitaja teeb?"},{"type":"🙋","phrase":"Tahan saada keevitajaks."}]},{"slug":"executive","title":"Täidesaatev","phrases":[{"type":"❓","phrase":"Mida tegevjuht teeb?"},{"type":"🙋","phrase":"Ma tahan saada tegevjuhiks."}]},{"slug":"hostess","title":"Perenaine","phrases":[{"type":"❓","phrase":"Mida teeb perenaine?"},{"type":"🙋","phrase":"Ma tahan saada perenaiseks."}]}]