[{"slug":"confetti","title":"Konfetid","phrases":[{"type":"❤️","phrase":"Mulle meeldivad konfetid."},{"type":"🙋","phrase":"Kas ma saan konfeti poputada?"}]},{"slug":"party-blower","title":"Peo puhur","phrases":[{"type":"❤️","phrase":"Mulle meeldivad parteipuhujad."},{"type":"🔊","phrase":"Kas mu peo puhur on lärmakas?"}]},{"slug":"gift","title":"Kingitus","phrases":[{"type":"❤️","phrase":"Mulle meeldivad kingitused."},{"type":"🎁","phrase":"Mida sa mulle kingiks said?"}]},{"slug":"candle","title":"Küünal","phrases":[{"type":"❤️","phrase":"Mulle meeldivad peoküünlad."},{"type":"🕯️","phrase":"Kas ma saan küünlaid puhuda?"},{"type":"🎂","phrase":"Mitu küünalt on?"}]},{"slug":"party-hat","title":"Peomüts","phrases":[{"type":"❤️","phrase":"Mulle meeldib peomütsi kanda."},{"type":"👚","phrase":"Peo ajal kannan peomütsi."}]},{"slug":"balloons","title":"Õhupallid","phrases":[{"type":"❤️","phrase":"Mulle meeldivad õhupallid."},{"type":"🎈","phrase":"Kas ma saan õhupalle õhutada?"}]},{"slug":"garlands","title":"Garlandid","phrases":[{"type":"❤️","phrase":"Mulle meeldivad vanikud."},{"type":"🙋","phrase":"Ma tahan oma peole garneeringuid kanda."},{"type":"🙋","phrase":"Kas saate need vanikud mu käe külge panna?"}]},{"slug":"cake","title":"Kook","phrases":[{"type":"❤️","phrase":"Mulle meeldib kooki süüa."},{"type":"🙋","phrase":"Kas mul on viilu kooki?"}]},{"slug":"ice-cream","title":"Jäätis","phrases":[{"type":"❤️","phrase":"Mulle meeldib jäätist süüa."},{"type":"🍭","phrase":"Mis on su lemmikmaitse?"}]},{"slug":"microphone","title":"Mikrofon","phrases":[{"type":"❤️","phrase":"Mulle meeldib karaoket mängida."},{"type":"❤️","phrase":"Mulle meeldib laulda."}]},{"slug":"music","title":"Muusika","phrases":[{"type":"❤️","phrase":"Mulle meeldib muusikat mängida."},{"type":"🎶","phrase":"Milline muusika sulle meeldib?"}]},{"slug":"magician","title":"Mustkunstnik","phrases":[{"type":"❤️","phrase":"Mulle meeldivad mustkunstnikud."},{"type":"✨","phrase":"Ma tahan olla mustkunstnik."},{"type":"🙋","phrase":"Kas saate mulle mõnda võlukunsti õpetada?"}]},{"slug":"taking-photos","title":"Fotode tegemine","phrases":[{"type":"❤️","phrase":"Mulle meeldib pildistada."},{"type":"🙋","phrase":"Kas ma saan teie telefoni kasutades pilte teha?"}]},{"slug":"invitation","title":"Kutse","phrases":[{"type":"📧","phrase":"Sain kutse."},{"type":"📨","phrase":"Kas ma saan oma sõpru peole kutsuda?"},{"type":"📨","phrase":"Kas ma saan oma sõpru sünnipäevapeole kutsuda?"},{"type":"📨","phrase":"Kas saame kutsuda oma sõpru õe peole?"},{"type":"📨","phrase":"Kas saame kutsuda mu sõpru venna peole?"}]},{"slug":"candy","title":"Kommid","phrases":[{"type":"❤️","phrase":"Mulle meeldivad kommid."},{"type":"🙋","phrase":"Kas ma võin kommi süüa?"}]},{"slug":"popsicle","title":"Popsicle","phrases":[{"type":"❤️","phrase":"Mulle meeldib popsicle."},{"type":"🙋","phrase":"Kas ma saan süüa mõnda popsiklit?"},{"type":"🙋","phrase":"Kas me saaksime popsikleid teha?"},{"type":"🙋","phrase":"Kas soovite süüa popsikleid?"}]},{"slug":"cupcake","title":"Tassikook","phrases":[{"type":"❤️","phrase":"Mulle meeldib tassikook."},{"type":"🙋","phrase":"Kas topsikooki saab süüa?"}]},{"slug":"costume","title":"Kostüüm","phrases":[{"type":"❤️","phrase":"Mulle meeldib kostüümi kandmine."},{"type":"🦸","phrase":"Kas ma saan kanda ämblikmehe kostüümi?"},{"type":"🦸‍♂️","phrase":"Kas ma võin kanda batmani kostüümi?"},{"type":"🦸‍♀️","phrase":"Kas ma saan kanda imelise naise kostüümi?"}]},{"slug":"party-glasses","title":"Peoklaasid","phrases":[{"type":"❤️","phrase":"Mulle meeldivad peoklaasid."},{"type":"🙋","phrase":"Kas ma saan kanda peoklaase?"}]},{"slug":"spotlights","title":"Kohtvalgustid","phrases":[{"type":"❤️","phrase":"Mulle meeldivad prožektorid."},{"type":"❌","phrase":"Mulle ei meeldi prožektorid."}]},{"slug":"marshmallow","title":"vahukomm","phrases":[{"type":"❤️","phrase":"Mulle meeldib vahukommel."},{"type":"🔥","phrase":"Ma keetan vahukommi üle lõkke."},{"type":"🙋","phrase":"Tahan süüa vahukomme."}]},{"slug":"guacamole","title":"Guacamole","phrases":[{"type":"❤️","phrase":"Mulle meeldib guacamole."},{"type":"🙋","phrase":"Kas ma saan süüa guacamooli?"},{"type":"❌","phrase":"Mulle ei meeldi guacamole süüa."}]},{"slug":"hotdog","title":"Kuum koer","phrases":[{"type":"❤️","phrase":"Mulle meeldib hotdog."},{"type":"🙋","phrase":"Kas ma saan hotdogi?"},{"type":"❌","phrase":"Mulle ei meeldi hotdogsit süüa."},{"type":"🙋","phrase":"Kas ma võin süüa mõnda hotdogi?"}]},{"slug":"bouncy-castle","title":"Õnnelik loss","phrases":[{"type":"❤️","phrase":"Mulle meeldib kopsakas loss."},{"type":"🙋","phrase":"Ma tahan mängida kopsakas lossis."},{"type":"🙋","phrase":"Mängime kopsakas lossis."}]},{"slug":"clown","title":"Kloun","phrases":[{"type":"❤️","phrase":"Mulle meeldivad klounid."},{"type":"❌","phrase":"Mulle ei meeldi klounid."},{"type":"🙋","phrase":"Ma tahan olla kloun."}]},{"slug":"magic-hat","title":"Maagiline müts","phrases":[{"type":"❤️","phrase":"Mulle meeldivad võlumütsid."},{"type":"🧙‍♂️","phrase":"Ma olen võlur!"},{"type":"🙋","phrase":"Ma tahan nagu maagia."}]},{"slug":"dart-board","title":"Noolemäng","phrases":[{"type":"❤️","phrase":"Mulle meeldib noolemängu mängida."},{"type":"🎯","phrase":"Noolemängu mängimine võib olla ohtlik."}]}]