[{"slug":"mother","title":"Ema","phrases":[{"type":"⁉️","phrase":"Emme!"},{"type":"💘","phrase":"Ma armastan oma ema."},{"type":"❤️","phrase":"Ma armastan sind, ema."},{"type":"☹️","phrase":"Ma igatsen oma ema."},{"type":"🙏🏼","phrase":"Tänan, et minu eest hoolitsesite."},{"type":"👉🏼","phrase":"Ta on minu ema."},{"type":"❓","phrase":"Kas saate aidata mul oma ema leida?"}]},{"slug":"father","title":"Isa","phrases":[{"type":"⁉️","phrase":"Issi!"},{"type":"💘","phrase":"Ma armastan oma isa."},{"type":"❤️","phrase":"Ma armastan sind, isa."},{"type":"☹️","phrase":"Ma igatsen oma isa."},{"type":"🙏🏼","phrase":"Tänan, et minu eest hoolitsesite."},{"type":"👉🏼","phrase":"Ta on minu isa."},{"type":"❓","phrase":"Kas saate aidata mul isa leida?"}]},{"slug":"parents","title":"Vanemad","phrases":[{"type":"💑","phrase":"Ma armastan oma vanemaid."},{"type":"💘","phrase":"Ma armastan oma vanemaid."},{"type":"☹️","phrase":"Ma igatsen oma vanemaid."},{"type":"👉🏼","phrase":"Nad on minu vanemad."},{"type":"👨‍👩‍👧","phrase":"Mu vanemad hoolitsevad minu eest."},{"type":"❓","phrase":"Kas saate aidata mul oma vanemaid leida?"}]},{"slug":"grandparents","title":"Vanavanemad","phrases":[{"type":"💑","phrase":"Ma armastan oma vanavanemaid."},{"type":"💘","phrase":"Ma armastan sind vanavanemad."},{"type":"☹️","phrase":"Ma igatsen oma vanavanemaid."},{"type":"👉🏼","phrase":"Nad on minu vanavanemad."},{"type":"👨‍👩‍👧","phrase":"Minu vanavanemad hoolitsevad minu eest."},{"type":"❓","phrase":"Kas saate aidata mul leida oma vanavanemaid?"}]},{"slug":"brother","title":"Vend","phrases":[{"type":"💑","phrase":"Ma armastan oma venda."},{"type":"💘","phrase":"Ma armastan sind vend."},{"type":"☹️","phrase":"Ma igatsen oma venda."},{"type":"👉🏼","phrase":"Ta on mu vend."},{"type":"🙎‍♂️","phrase":"Mu vend hoolitseb minu eest."},{"type":"❓","phrase":"Kas saate aidata mul oma venda leida?"}]},{"slug":"sister","title":"Õde","phrases":[{"type":"💑","phrase":"Ma armastan oma õde."},{"type":"💘","phrase":"Ma armastan sind, õde."},{"type":"☹️","phrase":"Ma igatsen oma õde."},{"type":"👉🏼","phrase":"Ta on mu õde."},{"type":"🙍‍♀️","phrase":"Mu õde hoolitseb minu eest."},{"type":"❓","phrase":"Kas saate aidata mul õde leida?"}]},{"slug":"uncle","title":"Onu","phrases":[{"type":"💑","phrase":"Ma armastan onu."},{"type":"💘","phrase":"Ma armastan sind onu."},{"type":"☹️","phrase":"Ma igatsen oma onu."},{"type":"👉🏼","phrase":"Ta on minu onu."},{"type":"❓","phrase":"Kas saate aidata mul onu leida?"}]},{"slug":"aunt","title":"Tädi","phrases":[{"type":"💑","phrase":"Ma armastan oma tädi."},{"type":"💘","phrase":"Ma armastan sind tädi."},{"type":"☹️","phrase":"Ma igatsen oma tädi."},{"type":"👉🏼","phrase":"Ta on minu tädi."},{"type":"❓","phrase":"Kas saate aidata mul oma tädi leida?"}]},{"slug":"teacher","title":"Õpetaja","phrases":[{"type":"💑","phrase":"Ma armastan oma õpetajat."},{"type":"💘","phrase":"Ma armastan sind, õpetaja."},{"type":"💔","phrase":"Mulle ei meeldi minu õpetaja."},{"type":"☹️","phrase":"Ma igatsen oma õpetajat."},{"type":"🙏🏼","phrase":"Tänan õppetunni eest."}]},{"slug":"therapist","title":"Terapeut","phrases":[{"type":"💑","phrase":"Ma armastan oma terapeuti."},{"type":"💘","phrase":"Ma armastan sind terapeut."},{"type":"💔","phrase":"Mulle ei meeldi minu terapeut."},{"type":"☹️","phrase":"Ma igatsen oma terapeuti."},{"type":"🙏🏼","phrase":"Tänan istungi eest."}]},{"slug":"doctor","title":"Arst","phrases":[{"type":"💑","phrase":"Ma armastan oma arsti."},{"type":"💘","phrase":"Ma armastan sind, arst."},{"type":"💔","phrase":"Mulle ei meeldi mu arst."},{"type":"☹️","phrase":"Ma igatsen oma arsti."},{"type":"🙏🏼","phrase":"Aitäh, et mu terveksite."}]},{"slug":"friends","title":"Sõbrad","phrases":[{"type":"💑","phrase":"Ma armastan oma sõpru."},{"type":"❓","phrase":"Kas sa tahad olla mu sõber?"},{"type":"💔","phrase":"Mulle ei meeldi mu sõbrad."},{"type":"☹️","phrase":"Ma igatsen oma sõpru."},{"type":"👉🏼","phrase":"Nad on mu sõbrad."},{"type":"🙏🏼","phrase":"Tänan, et mängisite minuga."}]},{"slug":"cousins","title":"Nõod","phrases":[{"type":"💑","phrase":"Ma armastan oma nõod."},{"type":"❌","phrase":"Mul pole nõod."},{"type":"☹️","phrase":"Ma igatsen oma nõod."},{"type":"👉🏼","phrase":"Nad on mu nõod."}]},{"slug":"grandmother","title":"Vanaema","phrases":[{"type":"💑","phrase":"Ma armastan oma vanaema."},{"type":"💘","phrase":"Ma armastan sind vanaema."},{"type":"☹️","phrase":"Ma igatsen oma vanaema."},{"type":"👉🏼","phrase":"Ta on minu vanaema."}]},{"slug":"grandfather","title":"Vanaisa","phrases":[{"type":"💑","phrase":"Ma armastan oma vanaisa."},{"type":"💘","phrase":"Ma armastan sind vanaisa."},{"type":"☹️","phrase":"Ma igatsen oma vanaisa."},{"type":"👉🏼","phrase":"Ta on minu vanaisa."}]},{"slug":"stepfather","title":"Kasuisa","phrases":[{"type":"💑","phrase":"Ma armastan oma kasuisa."},{"type":"👉🏼","phrase":"Ta on minu kasuisa."},{"type":"☹️","phrase":"Ma igatsen oma kasuisa."},{"type":"👉🏼","phrase":"Ta on minu kasuisa."}]},{"slug":"stepmother","title":"Kasuema","phrases":[{"type":"💑","phrase":"Ma armastan oma võõrasema."},{"type":"👉🏼","phrase":"Ta on minu võõrasema."},{"type":"☹️","phrase":"Ma igatsen oma võõrasema."},{"type":"👉🏼","phrase":"Ta on minu võõrasema."}]},{"slug":"stepsister","title":"Kasuõde","phrases":[{"type":"💑","phrase":"Ma armastan oma õde."},{"type":"👉🏼","phrase":"Ta on minu poolõde."},{"type":"☹️","phrase":"Ma igatsen oma õde."},{"type":"👉🏼","phrase":"Ta on minu poolõde."}]},{"slug":"stepbrother","title":"Kasuvend","phrases":[{"type":"💑","phrase":"Ma armastan oma kasuvenda."},{"type":"👉🏼","phrase":"Ta on minu kasuvend."},{"type":"☹️","phrase":"Ma tunnen oma kasuvenda."},{"type":"👉🏼","phrase":"Ta on minu kasuvend."}]},{"slug":"half-brother","title":"Poolvend","phrases":[{"type":"💑","phrase":"Ma armastan oma poolvenda."},{"type":"👉🏼","phrase":"Ta on minu poolvend."},{"type":"☹️","phrase":"Ma igatsen oma poolvenda."},{"type":"👉🏼","phrase":"Ta on minu poolvend."}]},{"slug":"half-sister","title":"Poolõde","phrases":[{"type":"💑","phrase":"Ma armastan oma poolõde."},{"type":"👉🏼","phrase":"Ta on mu poolõde."},{"type":"☹️","phrase":"Ma igatsen oma poolõde."},{"type":"👉🏼","phrase":"Ta on mu poolõde."}]}]