[{"slug":"captain","title":"Kapten","phrases":[]},{"slug":"pirate-crew","title":"Piraadimeeskond","phrases":[]},{"slug":"treasure","title":"Aare","phrases":[]},{"slug":"hook","title":"Konks","phrases":[]},{"slug":"compass","title":"Kompass","phrases":[]},{"slug":"pirate-ship","title":"Piraatlaev","phrases":[]},{"slug":"pirate-gun","title":"Piraatpüstol","phrases":[]},{"slug":"pirate-sword","title":"Piraatide mõõk","phrases":[]},{"slug":"barrel","title":"Tünn","phrases":[]},{"slug":"pirate-flag","title":"Piraadi lipp","phrases":[]},{"slug":"treasure-map","title":"Aardekaart","phrases":[]},{"slug":"spyglass","title":"Spyglass","phrases":[]},{"slug":"cannon","title":"Kahur","phrases":[]},{"slug":"helm","title":"Helm","phrases":[]},{"slug":"lighthouse","title":"Tuletorn","phrases":[]},{"slug":"anchor","title":"Ankur","phrases":[]},{"slug":"bomb","title":"Pomm","phrases":[]},{"slug":"coin","title":"Münt","phrases":[]},{"slug":"candle","title":"Küünal","phrases":[]},{"slug":"knife","title":"Nuga","phrases":[]}]