[{"slug":"park","title":"Park","phrases":[{"type":"🙋","phrase":"Ma tahan minna parki."},{"type":"☝️","phrase":"Kas saate mind parkida?"},{"type":"💡","phrase":"Saan pargis mängida."}]},{"slug":"mall","title":"Kaubanduskeskus","phrases":[{"type":"🙋","phrase":"Ma tahan minna kaubanduskeskusesse."},{"type":"☝️","phrase":"Kas saate mind kaubanduskeskusesse viia?"},{"type":"💡","phrase":"Saan kaubanduskeskuses sisseoste teha."}]},{"slug":"restaurant","title":"Restoran","phrases":[{"type":"🙋","phrase":"Ma tahan restorani minna."},{"type":"☝️","phrase":"Kas saate mind restorani viia?"},{"type":"💡","phrase":"Ma võin restoranis süüa."}]},{"slug":"cinema","title":"Kino","phrases":[{"type":"🙋","phrase":"Ma tahan kinno minna."},{"type":"☝️","phrase":"Kas saate mind kinno viia?"},{"type":"💡","phrase":"Saan filmi vaadata kinos."}]},{"slug":"school","title":"Kool","phrases":[{"type":"🙋","phrase":"Ma tahan kooli minna."},{"type":"☝️","phrase":"Kas saate mind kooli viia?"},{"type":"💡","phrase":"Saan koolis õppida."}]},{"slug":"library","title":"Raamatukogu","phrases":[{"type":"🙋","phrase":"Ma tahan minna raamatukokku."},{"type":"☝️","phrase":"Kas saate mind raamatukokku viia?"},{"type":"💡","phrase":"Saan õppida raamatukogus."}]},{"slug":"fair","title":"Õiglane","phrases":[{"type":"🙋","phrase":"Ma tahan minna messile."},{"type":"☝️","phrase":"Kas saate mind messile viia?"},{"type":"💡","phrase":"Ma saan ausalt lõbutseda."}]},{"slug":"drugstore","title":"Apteek","phrases":[{"type":"🙋","phrase":"Ma tahan minna apteeki."},{"type":"☝️","phrase":"Kas saate mind apteeki viia?"},{"type":"💡","phrase":"Ma saan oma ravimit osta apteegist."}]},{"slug":"hospital","title":"Haigla","phrases":[{"type":"🙋","phrase":"Ma tahan haiglasse minna."},{"type":"☝️","phrase":"Kas saate mind haiglasse viia?"},{"type":"💡","phrase":"Haiged inimesed võivad haiglasse minna."}]},{"slug":"amusement-park","title":"Lõbustuspark","phrases":[{"type":"🙋","phrase":"Ma tahan minna lõbustusparki."},{"type":"☝️","phrase":"Kas saate mind lõbustusparki viia?"},{"type":"💡","phrase":"Saan lõbustuspargis lõbutseda."}]},{"slug":"dormitory","title":"Ühiselamu","phrases":[{"type":"🙋","phrase":"Ma tahan minna ühiselamusse."},{"type":"☝️","phrase":"Kas saate mind ühiselamusse viia?"},{"type":"💡","phrase":"Ma võin jääda ühiselamusse."}]},{"slug":"laundry-place","title":"Pesuruum","phrases":[{"type":"🙋","phrase":"Ma tahan minna pesumajja."},{"type":"☝️","phrase":"Kas saate mind pesumajja viia?"},{"type":"💡","phrase":"Ma saan oma pesu pesemiskohas puhastada."}]},{"slug":"barber-shop","title":"juuksur","phrases":[{"type":"🙋","phrase":"Ma tahan minna juuksurisse."},{"type":"☝️","phrase":"Kas saate mind juuksurisse viia?"},{"type":"💡","phrase":"Ma saan juuksuris juuksuri."}]},{"slug":"hotel","title":"Hotell","phrases":[{"type":"🙋","phrase":"Ma tahan hotelli minna."},{"type":"☝️","phrase":"Kas saate mind hotelli viia?"},{"type":"💡","phrase":"Ma võin ööbida hotellis."}]},{"slug":"kindergarten","title":"Lasteaed","phrases":[{"type":"🙋","phrase":"Ma tahan lasteaeda minna."},{"type":"☝️","phrase":"Kas saate mind lasteaeda viia?"}]},{"slug":"parking-lot","title":"Parkla","phrases":[{"type":"🙋","phrase":"Ma tahan minna parklasse."},{"type":"☝️","phrase":"Kas saate mind parklasse viia?"}]},{"slug":"elevator","title":"Lift","phrases":[{"type":"🙋","phrase":"Ma tahan lifti kasutada."},{"type":"💗","phrase":"Mulle meeldib lifti kasutada?"},{"type":"💡","phrase":"Ma võin liftiga ülakorrusele minna."}]},{"slug":"bank","title":"Pangas","phrases":[{"type":"🙋","phrase":"Ma tahan minna panka."},{"type":"☝️","phrase":"Kas saate mind panka viia?"},{"type":"💡","phrase":"Saan pangas raha välja võtta."}]},{"slug":"skycraper","title":"Pilvelõhkuja","phrases":[{"type":"🙋","phrase":"Ma tahan minna pilvelõhkujate juurde."},{"type":"☝️","phrase":"Kas saate mind pilvelõhkuja juurde viia?"}]},{"slug":"stadium","title":"Staadion","phrases":[{"type":"🙋","phrase":"Ma tahan minna staadionile."},{"type":"☝️","phrase":"Kas saate mind staadionile viia?"}]},{"slug":"cruise-ship","title":"Kruiisilaev","phrases":[{"type":"🙋","phrase":"Ma tahan minna kruiisilaevale."},{"type":"☝️","phrase":"Kas saate mind kruiisilaevale viia?"}]},{"slug":"forest","title":"Mets","phrases":[{"type":"🙋","phrase":"Ma tahan metsa minna."},{"type":"☝️","phrase":"Kas saate mind metsa viia?"}]},{"slug":"tent","title":"Telk","phrases":[{"type":"🙋","phrase":"Ma tahan telki minna."},{"type":"☝️","phrase":"Kas me saame telgis ööbida?"}]},{"slug":"beach","title":"Rand","phrases":[{"type":"🙋","phrase":"Ma tahan randa minna."},{"type":"☝️","phrase":"Kas saate mind randa viia?"},{"type":"💡","phrase":"Ma saan rannas päevitada."}]}]