[{"slug":"protective-mask","title":"Kaitsev mask","phrases":[{"type":"🛡️","phrase":"Ma kasutan kaitsemaski."},{"type":"😷","phrase":"Ma ei saa ilma kaitsemaskita välja minna."}]},{"slug":"stay-home","title":"Jää koju","phrases":[{"type":"🏠","phrase":"Peate koju jääma."},{"type":"🏡","phrase":"Ma jään kodus."}]},{"slug":"toilet-paper","title":"Tualettpaber","phrases":[]},{"slug":"sprayer","title":"Pihusti","phrases":[]},{"slug":"disinfectant","title":"Desinfektsioonivahend","phrases":[{"type":"🧼","phrase":"Ma kasutan desinfitseerimisvahendeid."},{"type":"🙋","phrase":"Kas saate mind aidata desinfitseerimisvahendi kasutamisel?"}]},{"slug":"coughing","title":"Köha","phrases":[{"type":"🤒","phrase":"Ma köhin."},{"type":"🏥","phrase":"Köha on viiruse sümptom."}]},{"slug":"medical-assistance","title":"Meditsiiniline abi","phrases":[{"type":"⚕️","phrase":"Vajan meditsiinilist abi."},{"type":"❓","phrase":"Kas vajate meditsiinilist abi?"}]},{"slug":"hand-sanitizer","title":"Käte desinfitseerimise vahend","phrases":[{"type":"🚰","phrase":"Ma kasutan käsipuhastajat."},{"type":"🙋","phrase":"Kas saate aidata mul käsitsi puhastamist?"}]},{"slug":"gloves","title":"Kindad","phrases":[{"type":"🧤","phrase":"Ma kasutan kindaid."},{"type":"🙋","phrase":"Kas saate aidata mul kindaid selga panna?"}]},{"slug":"social-distancing","title":"Sotsiaalne distantseerumine","phrases":[{"type":"🖐️","phrase":"Harjutan sotsiaalset distantseerumist."},{"type":"📏","phrase":"Peame hoidma oma vahemaad."}]},{"slug":"mouth-mask","title":"Suu mask","phrases":[{"type":"😷","phrase":"Ma kasutan suu maski."},{"type":"🏡","phrase":"Ma ei saa ilma suu maskita välja minna."}]},{"slug":"pandemic","title":"Pandeemia","phrases":[{"type":"🌐","phrase":"Mis on pandeemia?"},{"type":"⏱️","phrase":"Millal pandeemia lõppeb?"},{"type":"⌚","phrase":"Käimas on pandeemia."}]},{"slug":"working-at-home","title":"Kodus töötamine","phrases":[{"type":"🏠","phrase":"Ma töötan kodus."},{"type":"👪","phrase":"Mu vanemad töötavad kodus."}]},{"slug":"wet-wipes","title":"Niisked salvrätikud","phrases":[{"type":"🤧","phrase":"Ma vajan niiskeid salvrätte."}]},{"slug":"quarantine","title":"Karantiin","phrases":[{"type":"🔲","phrase":"Mis on karantiin?"},{"type":"🙋","phrase":"Ma olen karantiinis."}]},{"slug":"first-aid-kit","title":"Esmaabikarp","phrases":[{"type":"❓","phrase":"Kus on esmaabikomplekt?"},{"type":"🙋","phrase":"Kas saate aidata mul esmaabikomplekti kasutamist?"}]},{"slug":"fitness","title":"Fitness","phrases":[{"type":"🤸","phrase":"Mulle meeldib trenni teha."},{"type":"🤼","phrase":"Mulle meeldib trenni teha."}]},{"slug":"e-learning","title":"E-õpe","phrases":[{"type":"💻","phrase":"Õpin kodust."},{"type":"📱","phrase":"Ma kasutan e-õppe rakendusi."}]},{"slug":"virus","title":"Viirus","phrases":[{"type":"🦠","phrase":"Mis on viirus?"},{"type":"💉","phrase":"Millised on viiruse sümptomid?"}]},{"slug":"cleaning","title":"Puhastamine","phrases":[{"type":"🧼","phrase":"Ma koristan oma tuba."},{"type":"🔲","phrase":"Toa puhtana hoidmine on oluline."}]}]