[{"slug":"desk","title":"Laud","phrases":[{"type":"🙋","phrase":"Kas ma saan seda lauda kasutada?"},{"type":"❓","phrase":"Milline kirjutuslaud on minu oma?"},{"type":"🥛","phrase":"Ma voolasin oma lauale."},{"type":"❌","phrase":"Ärge kriimustage oma lauda."}]},{"slug":"chair","title":"Õppetool","phrases":[{"type":"🙋","phrase":"Kas ma võin sinuga istuda?"},{"type":"❓","phrase":"Milline tool on minu oma?"},{"type":"☝️","phrase":"Kas see tool on võetud?"},{"type":"🥛","phrase":"Ma voolasin oma toolile."}]},{"slug":"book","title":"Raamat","phrases":[{"type":"📙","phrase":"Õpik"},{"type":"📒","phrase":"Töövihik"},{"type":"📚","phrase":"Loen raamatut."},{"type":"😇","phrase":"Kas ma saan teie raamatut laenata?"},{"type":"📃","phrase":"Millisel lehel me oleme?"},{"type":"☝️","phrase":"Pöörake lehte."},{"type":"😱","phrase":"Ma kaotasin oma raamatu."}]},{"slug":"notebook","title":"Märkmik","phrases":[{"type":"📝","phrase":"Märkmeid tegema."},{"type":"🖐️","phrase":"Ma teen märkmeid."},{"type":"😱","phrase":"Kaotasin märkmiku."}]},{"slug":"backpack","title":"Seljakott","phrases":[{"type":"👜","phrase":"Kannan seljakotti."},{"type":"💡","phrase":"Panen oma raamatud seljakotti."},{"type":"🙋","phrase":"Ma vajan uut seljakotti."},{"type":"🙏🏼","phrase":"Täname, et kandsite mu seljakotti."},{"type":"😱","phrase":"Kaotasin oma seljakoti."},{"type":"⚖️","phrase":"Mu seljakott on raske."}]},{"slug":"blackboard","title":"Tahvel","phrases":[{"type":"👀","phrase":"Vaata tahvlit."},{"type":"🧽","phrase":"Tahvli puhastamine."},{"type":"🧮","phrase":"Tahvlil oleva probleemi lahendamine."},{"type":"📝","phrase":"Märkimine tahvlile."},{"type":"🖊️","phrase":"Andke mulle kriit."}]},{"slug":"teacher","title":"Õpetaja","phrases":[{"type":"🤔","phrase":"Ma ei saa sellest osast aru."},{"type":"🔁","phrase":"Kas saate viimast osa korrata?"},{"type":"🚻","phrase":"Kas ma saan tualettruumi minna?"},{"type":"❓","phrase":"Milline teema?"},{"type":"😀","phrase":"Mulle see teema meeldib."},{"type":"😔","phrase":"Mulle see teema ei meeldi."},{"type":"🙏🏼","phrase":"Tänan õppetunni eest."}]},{"slug":"school-bus","title":"Koolibuss","phrases":[{"type":"⌛","phrase":"Koolibuss on tulemas."},{"type":"❓","phrase":"Kas ma saan teie kõrval istuda?"},{"type":"🙏🏼","phrase":"Aitäh bussijuht!"},{"type":"⏱️","phrase":"Koolibuss hilines."}]},{"slug":"pencil","title":"Pliiats","phrases":[{"type":"✏️","phrase":"Ma kirjutan."},{"type":"🎓","phrase":"Õpin kirjutama."},{"type":"🙋","phrase":"Ma vajan uut pliiatsit."},{"type":"😇","phrase":"Kas ma saan teie pliiatsit laenata?"},{"type":"😱","phrase":"Kaotasin oma pliiatsi."}]},{"slug":"eraser","title":"Kustutuskumm","phrases":[{"type":"🧽","phrase":"Ma kustutan."},{"type":"🙋","phrase":"Ma vajan uut kustutuskummi."},{"type":"😇","phrase":"Kas ma saan teie kustutuskummi laenata?"},{"type":"😱","phrase":"Kaotasin kustutuskummi."}]},{"slug":"ruler","title":"Joonlaud","phrases":[{"type":"📏","phrase":"Ma mõõdan."},{"type":"🙋","phrase":"Ma vajan uut valitsejat."},{"type":"😇","phrase":"Kas ma saan teie valitsejat laenata?"},{"type":"😱","phrase":"Kaotasin oma valitseja."}]},{"slug":"sharpener","title":"Teritaja","phrases":[{"type":"🔪","phrase":"Teritan oma pliiatsit."},{"type":"🙋","phrase":"Ma vajan uut teritajat."},{"type":"😇","phrase":"Kas ma saan teie teritajat laenata?"},{"type":"😱","phrase":"Kaotasin oma teritaja."}]},{"slug":"mathematics","title":"Matemaatika","phrases":[{"type":"❤️","phrase":"Mulle meeldib matemaatika."},{"type":"🙋","phrase":"Ma tahan õppida matemaatikat."},{"type":"❌","phrase":"Mulle ei meeldi matemaatika."},{"type":"⌚","phrase":"Millal on matemaatika tund?"},{"type":"☝️","phrase":"Kas saate mind aidata matemaatika kodutöödes?"}]},{"slug":"literature","title":"Kirjandus","phrases":[{"type":"❤️","phrase":"Mulle meeldib kirjandus."},{"type":"🙋","phrase":"Ma tahan õppida kirjandust."},{"type":"❌","phrase":"Mulle kirjandus ei meeldi."},{"type":"⌚","phrase":"Millal on kirjanduse tund?"},{"type":"☝️","phrase":"Kas saate mind aidata minu kirjanduse kodutöödel?"}]},{"slug":"science","title":"Teadus","phrases":[{"type":"❤️","phrase":"Mulle meeldib teadus."},{"type":"🙋","phrase":"Ma tahan õppida loodusteadusi."},{"type":"❌","phrase":"Mulle ei meeldi teadus."},{"type":"⌚","phrase":"Millal on loodusteaduste tund?"},{"type":"☝️","phrase":"Kas saate mind aidata minu teaduse kodutöödes?"}]},{"slug":"art-class","title":"Kunstiklass","phrases":[{"type":"❤️","phrase":"Mulle meeldib kunstiklass."},{"type":"🙋","phrase":"Tahan harjutada kunstioskusi."},{"type":"❌","phrase":"Mulle kunstiklass ei meeldi."},{"type":"⌚","phrase":"Millal toimub kunstiklass?"},{"type":"☝️","phrase":"Kas saate mind aidata minu kunstiklassi kodutööde tegemisel?"}]},{"slug":"music-class","title":"Muusikatund","phrases":[{"type":"❤️","phrase":"Mulle meeldib muusikatund."},{"type":"🙋","phrase":"Tahan harjutada muusikaoskusi."},{"type":"❌","phrase":"Mulle ei meeldi muusikatund."},{"type":"⌚","phrase":"Millal on muusikatund?"},{"type":"☝️","phrase":"Kas saate mind aidata mu muusikaklassi kodutööde tegemisel?"}]},{"slug":"geography","title":"Geograafia","phrases":[{"type":"❤️","phrase":"Mulle meeldib geograafia."},{"type":"🙋","phrase":"Ma tahan õppida geograafiat."},{"type":"❌","phrase":"Mulle ei meeldi geograafia."},{"type":"⌚","phrase":"Millal on geograafia?"},{"type":"☝️","phrase":"Kas saate mind aidata minu geograafiliste kodutööde tegemisel?"}]},{"slug":"telescope","title":"Teleskoop","phrases":[{"type":"🌎","phrase":"Ma kasutan teleskoopi."},{"type":"🙋","phrase":"Ma tahan kasutada teleskoopi."},{"type":"🌟","phrase":"Ma tahan tähti vaadata."}]},{"slug":"glue","title":"Liim","phrases":[{"type":"👌","phrase":"Ma kasutan liimi."},{"type":"🙋","phrase":"Ma vajan uut liimi."},{"type":"😇","phrase":"Kas ma saan teie liimi laenata?"},{"type":"😱","phrase":"Kaotasin oma liimi."}]}]