[{"slug":"circle","title":"Ringi","phrases":[{"type":"👉","phrase":"See on ringikujuline."},{"type":"❓","phrase":"Kas saate mulle õpetada ringi joonistamist?"}]},{"slug":"triangle","title":"Kolmnurk","phrases":[{"type":"👉","phrase":"See on kolmnurgakujuline."},{"type":"❓","phrase":"Kas saate mulle õpetada, kuidas joonistada kolmnurka?"}]},{"slug":"square","title":"Ruut","phrases":[{"type":"👉","phrase":"See on ruudukujuline."},{"type":"❓","phrase":"Kas saate mulle õpetada ruudu joonistamist?"}]},{"slug":"rectangle","title":"Ristkülik","phrases":[{"type":"👉","phrase":"See on ristkülikukujuline."},{"type":"❓","phrase":"Kas saate mulle õpetada ristküliku joonistamist?"}]},{"slug":"star","title":"Täht","phrases":[{"type":"👉","phrase":"See on tähekujuline."},{"type":"❓","phrase":"Kas saate mulle õpetada tähte joonistama?"}]},{"slug":"pentagon","title":"Pentagon","phrases":[{"type":"👉","phrase":"See on viisnurkne."},{"type":"❓","phrase":"Kas saate mulle õpetada viisnurka joonistamist?"}]},{"slug":"hexagon","title":"Kuusnurk","phrases":[{"type":"👉","phrase":"See on kuusnurkne."},{"type":"❓","phrase":"Kas saate mulle õpetada, kuidas kuusnurka joonistada?"}]},{"slug":"cross","title":"Risti","phrases":[{"type":"👉","phrase":"See on ristikujuline."},{"type":"❓","phrase":"Kas saate mulle õpetada risti joonistamist?"}]},{"slug":"ellipse","title":"Ellips","phrases":[{"type":"👉","phrase":"See on ellipsikujuline."},{"type":"❓","phrase":"Kas saate mulle õpetada ellipside joonistamist?"}]},{"slug":"arrow","title":"Nool","phrases":[{"type":"👉","phrase":"See on noolekujuline."},{"type":"❓","phrase":"Kas saate mulle õpetada noole joonistamist?"}]},{"slug":"crescent","title":"Poolkuu","phrases":[{"type":"👉","phrase":"See on poolkuu kujuline."},{"type":"❓","phrase":"Kas saate mulle õpetada, kuidas joonistada poolkuu?"}]},{"slug":"heart","title":"Süda","phrases":[{"type":"👉","phrase":"See on südamekujuline."},{"type":"❓","phrase":"Kas saate mulle õpetada, kuidas südant joonistada?"}]},{"slug":"rhombus","title":"Rombus","phrases":[{"type":"👉","phrase":"See on rombi kujuga."},{"type":"❓","phrase":"Kas saate mulle õpetada rombi joonistamist?"}]},{"slug":"ring","title":"Helisema","phrases":[{"type":"👉","phrase":"See on rõngakujuline."},{"type":"❓","phrase":"Kas saate mulle õpetada, kuidas sõrmust joonistada?"}]},{"slug":"semicircle","title":"Poolring","phrases":[{"type":"👉","phrase":"See on poolringikujuline."},{"type":"❓","phrase":"Kas saate mulle õpetada, kuidas joonistada poolringi?"}]},{"slug":"trapezoid","title":"Trapetsikujuline","phrases":[{"type":"👉","phrase":"See on trapetsikujuline."},{"type":"❓","phrase":"Kas saate mulle õpetada trapetsi joonistamist?"}]},{"slug":"cube","title":"Kuup","phrases":[{"type":"👉","phrase":"See on kuubikujuline."},{"type":"❓","phrase":"Kas saate mulle õpetada kuubi joonistamist?"}]},{"slug":"cylinder","title":"Silinder","phrases":[{"type":"👉","phrase":"See on silindrikujuline."},{"type":"❓","phrase":"Kas saate mulle õpetada silindri joonistamist?"}]}]