[{"slug":"chips","title":"Laastud","phrases":[{"type":"❤️","phrase":"Mulle meeldib krõpsude söömine."},{"type":"🙋","phrase":"Ma tahan süüa laastu."},{"type":"🤢","phrase":"Liiga palju laastude söömine on minu jaoks halb."}]},{"slug":"donut","title":"Sõõrik","phrases":[{"type":"❤️","phrase":"Mulle meeldib sõõrikut süüa."},{"type":"🙋","phrase":"Ma tahan süüa sõõrikut."},{"type":"🤢","phrase":"Liiga suure sõõriku söömine on minu jaoks halb."}]},{"slug":"taco","title":"Taco","phrases":[{"type":"❤️","phrase":"Mulle meeldib tacos süüa."},{"type":"🙋","phrase":"Ma tahan süüa taco."},{"type":"🤢","phrase":"Liiga palju tacos söömine mõjub mulle halvasti."}]},{"slug":"peanuts","title":"Maapähklid","phrases":[{"type":"❤️","phrase":"Mulle meeldib maapähkleid süüa."},{"type":"🙋","phrase":"Ma tahan süüa maapähkleid."},{"type":"🤢","phrase":"Liiga palju maapähklite söömine on minu jaoks halb."}]},{"slug":"croissant","title":"Sarvesaia","phrases":[{"type":"❤️","phrase":"Mulle meeldib croissanti süüa."},{"type":"🙋","phrase":"Ma tahan süüa sarvesaia."},{"type":"🤢","phrase":"Liiga palju sarvesaia söömine mõjub mulle halvasti."}]},{"slug":"cookie","title":"Präänik","phrases":[{"type":"❤️","phrase":"Mulle meeldib küpsise söömine."},{"type":"🙋","phrase":"Ma tahan süüa küpsist."},{"type":"🤢","phrase":"Liiga palju küpsiste söömine on minu jaoks halb."}]},{"slug":"burrito","title":"Burrito","phrases":[{"type":"❤️","phrase":"Mulle meeldib burritot süüa."},{"type":"🙋","phrase":"Ma tahan süüa burritot."},{"type":"🤢","phrase":"Liiga palju burritode söömine on minu jaoks halb."}]},{"slug":"ramen","title":"Ramen","phrases":[{"type":"❤️","phrase":"Mulle meeldib rameni süüa."},{"type":"🙋","phrase":"Ma tahan süüa ramenit."},{"type":"🤢","phrase":"Liiga palju rameni söömine mõjub mulle halvasti."}]},{"slug":"sushi","title":"Sushi","phrases":[{"type":"❤️","phrase":"Mulle meeldib sushit süüa."},{"type":"🙋","phrase":"Ma tahan süüa sushit."},{"type":"🤢","phrase":"Liiga palju sushi söömine on minu jaoks halb."}]},{"slug":"chocolate","title":"Šokolaad","phrases":[{"type":"❤️","phrase":"Mulle meeldib šokolaadi süüa."},{"type":"🙋","phrase":"Ma tahan süüa šokolaadi."},{"type":"🤢","phrase":"Liiga palju šokolaadi söömine mõjub mulle halvasti."}]},{"slug":"apple-pie","title":"õunapirukas","phrases":[{"type":"❤️","phrase":"Mulle meeldib õunakooki süüa."},{"type":"🙋","phrase":"Ma tahan süüa õunakooki."},{"type":"🤢","phrase":"Liiga palju õunakooki söömine mõjub mulle halvasti."}]},{"slug":"muffin","title":"Muffin","phrases":[{"type":"❤️","phrase":"Mulle meeldib muffini süüa."},{"type":"🙋","phrase":"Ma tahan süüa muffinit."},{"type":"🤢","phrase":"Liiga palju muffinite söömine on minu jaoks halb."}]},{"slug":"pudding","title":"Pudistamine","phrases":[{"type":"❤️","phrase":"Mulle meeldib pudingi söömine."},{"type":"🙋","phrase":"Ma tahan pudingit süüa."},{"type":"🤢","phrase":"Liiga palju pudingi söömine on minu jaoks halb."}]},{"slug":"macaron","title":"Macaron","phrases":[{"type":"❤️","phrase":"Mulle meeldib makaroni süüa."},{"type":"🙋","phrase":"Ma tahan süüa makaroni."},{"type":"🤢","phrase":"Liiga palju makaroni söömine on minu jaoks halb."}]},{"slug":"crepe","title":"Krepp","phrases":[{"type":"❤️","phrase":"Mulle meeldib kreppide söömine."},{"type":"🙋","phrase":"Ma tahan kreppi süüa."},{"type":"🤢","phrase":"Liiga palju kreppide söömine on minu jaoks halb."}]},{"slug":"pizza","title":"Pitsa","phrases":[{"type":"❤️","phrase":"Mulle meeldib pitsat süüa."},{"type":"🙋","phrase":"Ma tahan pitsat süüa."},{"type":"🤢","phrase":"Liiga palju pitsa söömine mõjub mulle halvasti."}]},{"slug":"skewer","title":"Varras","phrases":[{"type":"❤️","phrase":"Mulle meeldib kõrt süüa."},{"type":"🙋","phrase":"Tahan süüa varblast."},{"type":"🤢","phrase":"Liiga palju varraste söömine on minu jaoks halb."}]},{"slug":"fast-food","title":"Kiirtoit","phrases":[{"type":"❤️","phrase":"Mulle meeldib kiirtoitu süüa."},{"type":"🙋","phrase":"Ma tahan süüa kiirtoitu."},{"type":"🤢","phrase":"Liiga palju kiirtoidu söömine mõjub mulle halvasti."}]}]