[{"slug":"basketball","title":"Korvpall","phrases":[{"type":"❤️","phrase":"Mulle meeldib korvpalli mängida."},{"type":"🙋","phrase":"Kas soovite mängida korvpalli?"}]},{"slug":"boxing","title":"Poks","phrases":[{"type":"❤️","phrase":"Mulle meeldib poks."},{"type":"🙋","phrase":"Kas soovite koos lahtrisse minna?"}]},{"slug":"tennis","title":"Tennis","phrases":[{"type":"❤️","phrase":"Mulle meeldib tennist mängida."},{"type":"🙋","phrase":"Kas soovite tennist mängida?"}]},{"slug":"golf","title":"Golf","phrases":[{"type":"❤️","phrase":"Mulle meeldib golfi mängida."},{"type":"🙋","phrase":"Kas soovite golfi mängida?"}]},{"slug":"hockey","title":"Hoki","phrases":[{"type":"❤️","phrase":"Mulle meeldib hokit mängida."},{"type":"🙋","phrase":"Kas soovite mängida hokit?"}]},{"slug":"swimming","title":"Ujumine","phrases":[{"type":"❤️","phrase":"Mulle meeldib ujuda."},{"type":"🙋","phrase":"Kas soovite ujuda?"}]},{"slug":"baseball","title":"Pesapall","phrases":[{"type":"❤️","phrase":"Mulle meeldib pesapalli mängida."},{"type":"🙋","phrase":"Kas soovite mängida pesapalli?"}]},{"slug":"american-football","title":"Ameerika jalgpall","phrases":[{"type":"❤️","phrase":"Mulle meeldib ameerika jalgpalli mängida."},{"type":"🙋","phrase":"Kas soovite mängida Ameerika jalgpalli?"}]},{"slug":"cricket","title":"Kriket","phrases":[{"type":"❤️","phrase":"Mulle meeldib kriket."},{"type":"🙋","phrase":"Kas soovite mängida kriketit?"}]},{"slug":"racing","title":"Võidusõit","phrases":[{"type":"❤️","phrase":"Mulle meeldib võidusõit."},{"type":"🙋","phrase":"Kas soovite koos võistelda?"}]},{"slug":"skiing","title":"Suusatamine","phrases":[{"type":"❤️","phrase":"Mulle meeldib suusatada."},{"type":"🙋","phrase":"Kas soovite suusatada?"}]},{"slug":"volleyball","title":"Võrkpall","phrases":[{"type":"❤️","phrase":"Mulle meeldib võrkpalli mängida."},{"type":"🙋","phrase":"Kas soovite võrkpalli mängida?"}]},{"slug":"fencing","title":"Vehklemine","phrases":[{"type":"❤️","phrase":"Mulle meeldib vehklemine."}]},{"slug":"referee","title":"Kohtunik","phrases":[{"type":"🏁","phrase":"Kas ma saan olla kohtunik?"}]},{"slug":"coach","title":"Treener","phrases":[{"type":"🏁","phrase":"Kas ma saan olla su treener?"}]},{"slug":"kendo","title":"Kendo","phrases":[]},{"slug":"table-tennis","title":"Lauatennis","phrases":[{"type":"❤️","phrase":"Mulle meeldib lauatennist mängida."},{"type":"🙋","phrase":"Kas soovite mängida lauatennist?"}]},{"slug":"medal","title":"Medal","phrases":[{"type":"😎","phrase":"Mul on medal."}]},{"slug":"podium","title":"Poodium","phrases":[]}]