[{"slug":"doll","title":"Nukk","phrases":[{"type":"❤️","phrase":"Mulle meeldivad nukud."},{"type":"☝️","phrase":"Kas ma saan oma nukkudega mängida?"},{"type":"🙋","phrase":"Ma tahan kingituseks nukku."}]},{"slug":"teddy-bear","title":"kaisukaru","phrases":[{"type":"❤️","phrase":"Mulle meeldivad mängukarud."},{"type":"☝️","phrase":"Kas ma saan oma mängukaruga mängida?"},{"type":"🙋","phrase":"Soovin kingituseks mängukaru."}]},{"slug":"blocks","title":"Plokid","phrases":[{"type":"❤️","phrase":"Mulle meeldivad klotsid."},{"type":"☝️","phrase":"Kas ma saan oma plokkidega mängida?"},{"type":"🙋","phrase":"Ma tahan plokke kui praegu."}]},{"slug":"spinner","title":"Spinner","phrases":[{"type":"❤️","phrase":"Mulle meeldib vurr."},{"type":"☝️","phrase":"Kas ma saan oma vurriga mängida?"},{"type":"🙋","phrase":"Ma tahan kohal olevat vurrut."}]},{"slug":"nutcracker","title":"Pähklipureja","phrases":[{"type":"❤️","phrase":"Mulle meeldivad pähklipurejad."},{"type":"☝️","phrase":"Kas ma saan oma pähklipurejaga mängida?"},{"type":"🙋","phrase":"Tahan kohal olevat pähklipurejat."}]},{"slug":"video-games","title":"Videomängud","phrases":[{"type":"❤️","phrase":"Mulle meeldivad videomängud."},{"type":"☝️","phrase":"Kas me saame koos videomänge mängida?"},{"type":"🙋","phrase":"Soovin videomänge kui praegu."}]},{"slug":"cards","title":"Kaardid","phrases":[{"type":"❤️","phrase":"Mulle meeldib kaarte mängida."},{"type":"☝️","phrase":"Kas ma saan oma kaartidega mängida?"},{"type":"🙋","phrase":"Ma tahan, et mängukaardid oleksid kohal."}]},{"slug":"toy-car","title":"Mänguauto","phrases":[{"type":"❤️","phrase":"Mulle meeldivad mänguautod."},{"type":"☝️","phrase":"Kas ma saan oma mänguautoga mängida?"},{"type":"🙋","phrase":"Ma tahan mänguasjaautot kohal olla."}]},{"slug":"sword","title":"Mõõk","phrases":[{"type":"❤️","phrase":"Mulle meeldivad mänguasja mõõgad."},{"type":"☝️","phrase":"Kas ma saan oma mänguasja mõõgaga mängida?"},{"type":"🙋","phrase":"Ma tahan mõõka nagu praegu."}]},{"slug":"yo-yo","title":"Yo-yo","phrases":[{"type":"❤️","phrase":"Mulle meeldib yo-yoga mängida."},{"type":"☝️","phrase":"Kas ma saan oma yo-yoga mängida?"},{"type":"🙋","phrase":"Ma tahan kohal olevat yo-yo-d."}]},{"slug":"slingshot","title":"Kada","phrases":[{"type":"❤️","phrase":"Mulle meeldivad pildid."},{"type":"☝️","phrase":"Kas ma saan oma pildiga mängida?"},{"type":"🙋","phrase":"Soovin pildil olevat pildistamist."}]},{"slug":"water-gun","title":"Veepüstol","phrases":[{"type":"❤️","phrase":"Mulle meeldib veepüstol."},{"type":"☝️","phrase":"Kas ma saan oma veepüstoliga mängida?"},{"type":"🙋","phrase":"Ma tahan, et kohal oleks veepüstol."}]},{"slug":"doll-house","title":"Nukumaja","phrases":[{"type":"❤️","phrase":"Mulle meeldib nukumajaga mängida."},{"type":"☝️","phrase":"Kas ma saan oma nukumajaga mängida?"},{"type":"🙋","phrase":"Ma tahan kingituseks nukumaja."}]},{"slug":"viewer","title":"Vaataja","phrases":[{"type":"❤️","phrase":"Mulle meeldib vaatajaga mängida."},{"type":"🙋","phrase":"Ma tahan, et vaataja oleks kohal."}]},{"slug":"board-game","title":"Lauamäng","phrases":[{"type":"❤️","phrase":"Mulle meeldivad lauamängud."},{"type":"☝️","phrase":"Kas saame mängida lauamänge?"},{"type":"🙋","phrase":"Soovin kohal olev lauamängu."}]},{"slug":"rubiks-cube","title":"Ruubiku kuubik","phrases":[{"type":"❤️","phrase":"Mulle meeldib rubiku kuubi lahendamine."},{"type":"☝️","phrase":"Kas ma saan proovida oma rubiku kuubikut lahendada?"},{"type":"🙋","phrase":"Ma tahan, et kohal oleks rubiku kuubik."}]},{"slug":"puzzle","title":"Mõistatus","phrases":[{"type":"❤️","phrase":"Mulle meeldivad mõistatused."},{"type":"☝️","phrase":"Kas ma saan mõistatusi lahendada?"},{"type":"🙋","phrase":"Ma tahan mõistatusi praegustena."}]},{"slug":"remote-control-car","title":"Puldiga auto","phrases":[{"type":"❤️","phrase":"Mulle meeldib mu puldiga auto."},{"type":"☝️","phrase":"Kas ma saan oma puldiga autoga mängida"},{"type":"🙋","phrase":"Ma tahan, et kohal oleks puldiga auto."}]},{"slug":"rocking-horse","title":"Kiikhobune","phrases":[{"type":"❤️","phrase":"Mulle meeldib mu kiikhobune."},{"type":"☝️","phrase":"Kas ma saan kiikhobusega mängida?"}]},{"slug":"scooter","title":"Tõukeratas","phrases":[{"type":"❤️","phrase":"Mulle meeldib minu tõukeratas."},{"type":"🙋","phrase":"Ma tahan, et kohal oleks roller."}]},{"slug":"pyramid","title":"Püramiid","phrases":[{"type":"❤️","phrase":"Mulle meeldivad püramiidid."},{"type":"🙋","phrase":"Ma tahan püramiidi nagu praegu."}]},{"slug":"cart","title":"Käru","phrases":[{"type":"❤️","phrase":"Mulle meeldib mu mänguasjakorv."},{"type":"🙋","phrase":"Kas saate aidata mul mänguasju korrastada?"}]},{"slug":"aeroplane","title":"Lennuk","phrases":[{"type":"❤️","phrase":"Mulle meeldivad lennukid."},{"type":"☝️","phrase":"Kas ma saan oma lennukiga mängida?"},{"type":"🙋","phrase":"Ma tahan lennukit kohal olla."}]},{"slug":"sand-bucket","title":"Liiva ämber","phrases":[{"type":"❤️","phrase":"Mulle meeldivad liiva kopad."},{"type":"☝️","phrase":"Kas ma saan oma liivaämbriga lossi ehitada?"}]}]