[{"slug":"train","title":"Rong","phrases":[{"type":"🙋","phrase":"Ma tahan rongiga minna."},{"type":"❤️","phrase":"Mulle meeldivad rongid."}]},{"slug":"car","title":"Auto","phrases":[{"type":"🙋","phrase":"Ma tahan autot juhtida."},{"type":"❤️","phrase":"Mulle meeldivad autod."}]},{"slug":"bicycle","title":"Jalgratas","phrases":[{"type":"🙋","phrase":"Ma tahan jalgrattaga sõita."},{"type":"❤️","phrase":"Mulle meeldib jalgratas."}]},{"slug":"motorcycle","title":"Mootorratas","phrases":[{"type":"🙋","phrase":"Ma tahan mootorrattaga sõita."},{"type":"❤️","phrase":"Mulle meeldib mootorratas."}]},{"slug":"skateboard","title":"Rula","phrases":[{"type":"🙋","phrase":"Ma tahan uisutada."},{"type":"❤️","phrase":"Mulle meeldib rula."}]},{"slug":"food-truck","title":"Praam","phrases":[{"type":"🙋","phrase":"Ma tahan parvlaevaga minna."},{"type":"🧑‍🤝‍🧑","phrase":"Praam on rahvarohke."}]},{"slug":"boat","title":"Paat","phrases":[{"type":"🙋","phrase":"Ma tahan paadiga sõita."},{"type":"🧑‍🤝‍🧑","phrase":"Paat on rahvarohke."}]},{"slug":"ship","title":"Laev","phrases":[{"type":"🙋","phrase":"Ma tahan minna laeva."},{"type":"🧑‍🤝‍🧑","phrase":"Laev on rahvarohke."}]},{"slug":"bus","title":"Buss","phrases":[{"type":"🙋","phrase":"Ma tahan bussiga minna."},{"type":"🧑‍🤝‍🧑","phrase":"Buss on ülerahvastatud."}]},{"slug":"minibus","title":"Väikebuss","phrases":[{"type":"🙋","phrase":"Ma tahan väikebussiga sõita."},{"type":"🧑‍🤝‍🧑","phrase":"Minibuss on rahvarohke."}]},{"slug":"wheelchair","title":"Ratastool","phrases":[{"type":"♿","phrase":"Ma kasutan ratastooli."},{"type":"👨‍🦽","phrase":"Ta kasutab ratastooli."},{"type":"🙋","phrase":"Kas saate mind aidata minu ratastooli kasutamisel."},{"type":"🖐️","phrase":"Kas saate mind suruda?"}]},{"slug":"taxi","title":"Takso","phrases":[{"type":"🙋","phrase":"Ma tahan takso võtta."}]},{"slug":"airplane","title":"Lennuk","phrases":[{"type":"🙋","phrase":"Ma tahan lennata lennukiga."},{"type":"❤️","phrase":"Mulle meeldivad lennukid."},{"type":"🧑‍🤝‍🧑","phrase":"Lennuk on rahvarohke."}]},{"slug":"van","title":"Van","phrases":[{"type":"🙋","phrase":"Ma tahan kaubikusse sõita."}]},{"slug":"hot-air-balloon","title":"Kuuma õhu balloon","phrases":[{"type":"🙋","phrase":"Ma tahan lennata kuumaõhupalliga."},{"type":"❤️","phrase":"Mulle meeldib kuumaõhupall."}]},{"slug":"fire-truck","title":"Tuletõrjeauto","phrases":[{"type":"🚨","phrase":"Tuletõrjeauto sireen."}]},{"slug":"police-car","title":"Politseiauto","phrases":[{"type":"🚨","phrase":"Politseiauto sireen."},{"type":"❤️","phrase":"Mulle meeldivad politseiautod."}]},{"slug":"ambulance","title":"Kiirabi","phrases":[{"type":"🚨","phrase":"Kiirabi sireen."}]},{"slug":"stretcher","title":"Kanderaam","phrases":[{"type":"🙋","phrase":"Kas saate mind kanderaamiga aidata?"}]},{"slug":"helicopter","title":"Helikopter","phrases":[{"type":"🙋","phrase":"Ma tahan lennata kopteriga."}]},{"slug":"trailer","title":"Treiler","phrases":[{"type":"🙋","phrase":"Tahan sõita järelhaagisega."}]},{"slug":"spaceship","title":"Kosmoselaev","phrases":[{"type":"❤️","phrase":"Mulle meeldivad kosmoselaevad."},{"type":"🌌","phrase":"Ma tahan reisida kosmoses."},{"type":"👽","phrase":"Ma tahan näha tulnukaid."},{"type":"👩‍🚀","phrase":"Ma tahan minna marssi."},{"type":"🚀","phrase":"Kas saate mind Elon Muski marssima viia?"}]}]