[{"slug":"luggage","title":"Pagas","phrases":[]},{"slug":"swimming","title":"Ujumine","phrases":[]},{"slug":"passport","title":"Pass","phrases":[]},{"slug":"tent","title":"Telk","phrases":[]},{"slug":"backpacking","title":"Seljakotid","phrases":[]},{"slug":"beach-chair","title":"Rannatool","phrases":[]},{"slug":"room-service","title":"Toateenindus","phrases":[]},{"slug":"waiting-area","title":"Ooteala","phrases":[]},{"slug":"electric-socket","title":"Elektripistikupesa","phrases":[]},{"slug":"bag","title":"Kott","phrases":[]},{"slug":"boarding-pass","title":"Pardakaart","phrases":[]},{"slug":"gps","title":"GPS","phrases":[]},{"slug":"mountain","title":"Mägi","phrases":[]},{"slug":"camera","title":"Kaamera","phrases":[]},{"slug":"hotel","title":"Hotell","phrases":[]},{"slug":"bed","title":"Voodi","phrases":[]},{"slug":"hotel-key","title":"Hotelli võti","phrases":[]},{"slug":"bonfire","title":"Lõke","phrases":[]},{"slug":"snorkling","title":"Snorgeldamine","phrases":[]},{"slug":"action-camera","title":"Märulikaamera","phrases":[]}]