[{"slug":"cucumber","title":"Kurk","phrases":[{"type":"❤️","phrase":"Mulle meeldib kurki süüa."},{"type":"🙋","phrase":"Ma tahan süüa kurki."},{"type":"❌","phrase":"Mulle kurk ei meeldi."}]},{"slug":"onion","title":"Sibul","phrases":[{"type":"❤️","phrase":"Mulle meeldib sibulat süüa."},{"type":"🙋","phrase":"Ma tahan süüa sibulat."},{"type":"❌","phrase":"Mulle ei meeldi sibul."},{"type":"❌","phrase":"Mulle ei meeldi sibula lõhn."}]},{"slug":"garlic","title":"Küüslauk","phrases":[{"type":"❤️","phrase":"Mulle meeldib küüslauku süüa."},{"type":"🙋","phrase":"Ma tahan süüa küüslauku."},{"type":"❌","phrase":"Mulle ei meeldi küüslauk."},{"type":"❌","phrase":"Mulle ei meeldi küüslaugu lõhn."}]},{"slug":"carrot","title":"Porgand","phrases":[{"type":"❤️","phrase":"Mulle meeldib porgandit süüa."},{"type":"🙋","phrase":"Ma tahan süüa porgandit."},{"type":"❌","phrase":"Mulle porgandid ei meeldi."}]},{"slug":"cabbage","title":"Kapsas","phrases":[{"type":"❤️","phrase":"Mulle meeldib kapsast süüa."},{"type":"🙋","phrase":"Ma tahan kapsast süüa."},{"type":"❌","phrase":"Mulle kapsas ei meeldi."}]},{"slug":"tomato","title":"Tomat","phrases":[{"type":"❤️","phrase":"Mulle meeldib tomatit süüa."},{"type":"🙋","phrase":"Tahan süüa tomatit."},{"type":"❌","phrase":"Mulle ei meeldi tomat."},{"type":"❤️","phrase":"Mulle meeldib tomatisuppi süüa."}]},{"slug":"eggplant","title":"Baklažaan","phrases":[{"type":"❤️","phrase":"Mulle meeldib baklažaani süüa."},{"type":"🙋","phrase":"Ma tahan süüa baklažaani."},{"type":"❌","phrase":"Mulle ei meeldi baklažaan."}]},{"slug":"mushroom","title":"Seene","phrases":[{"type":"❤️","phrase":"Mulle meeldib seeni süüa."},{"type":"🙋","phrase":"Ma tahan seeni süüa."},{"type":"❌","phrase":"Mulle ei meeldi seened."},{"type":"❤️","phrase":"Mulle meeldib seenesuppi süüa."}]},{"slug":"pepper","title":"Pipar","phrases":[{"type":"❤️","phrase":"Mulle meeldib pipart süüa."},{"type":"🙋","phrase":"Ma tahan süüa pipart."},{"type":"❌","phrase":"Mulle pipar ei meeldi."}]},{"slug":"corn","title":"Mais","phrases":[{"type":"❤️","phrase":"Mulle meeldib maisi süüa."},{"type":"🙋","phrase":"Ma tahan süüa maisi."},{"type":"❌","phrase":"Mulle ei meeldi mais."},{"type":"❤️","phrase":"Mulle meeldib saada maisisuppi."}]},{"slug":"broccoli","title":"Brokkoli","phrases":[{"type":"❤️","phrase":"Mulle meeldib brokkoli söömine."},{"type":"🙋","phrase":"Ma tahan süüa brokkoli."},{"type":"❌","phrase":"Mulle ei meeldi brokkoli."}]},{"slug":"celery","title":"Seller","phrases":[{"type":"❤️","phrase":"Mulle meeldib sellerit süüa."},{"type":"🙋","phrase":"Tahan sellerit süüa."},{"type":"❌","phrase":"Mulle ei meeldi seller."}]},{"slug":"chili","title":"Tšilli","phrases":[{"type":"❤️","phrase":"Mulle meeldib chili süüa."},{"type":"🙋","phrase":"Ma tahan süüa chili."},{"type":"❌","phrase":"Mulle ei meeldi chili."}]},{"slug":"potato","title":"Kartul","phrases":[{"type":"❤️","phrase":"Mulle meeldib kartulit süüa."},{"type":"🙋","phrase":"Ma tahan süüa kartulit."},{"type":"❌","phrase":"Mulle kartul ei meeldi."},{"type":"❤️","phrase":"Mulle meeldib süüa kartulipraad."}]},{"slug":"asparagus","title":"Spargel","phrases":[{"type":"❤️","phrase":"Mulle meeldib sparglit süüa."},{"type":"🙋","phrase":"Ma tahan süüa sparglit."},{"type":"❌","phrase":"Mulle spargel ei meeldi."}]},{"slug":"cauliflower","title":"Lillkapsas","phrases":[{"type":"❤️","phrase":"Mulle meeldib lillkapsast süüa."},{"type":"🙋","phrase":"Ma tahan süüa lillkapsast."},{"type":"❌","phrase":"Mulle ei meeldi lillkapsas."}]},{"slug":"pumpkin","title":"Kõrvits","phrases":[{"type":"❤️","phrase":"Mulle meeldib kõrvitsa süüa."},{"type":"🙋","phrase":"Ma tahan süüa kõrvitsat."},{"type":"❌","phrase":"Mulle ei meeldi kõrvits."},{"type":"❤️","phrase":"Mulle meeldib kõrvitsasuppi süüa."}]},{"slug":"beetroot","title":"Punapeet","phrases":[{"type":"❤️","phrase":"Mulle meeldib peedi söömine."},{"type":"🙋","phrase":"Tahan süüa peedi."},{"type":"❌","phrase":"Mulle ei meeldi peet."}]},{"slug":"bean","title":"Bean","phrases":[{"type":"❤️","phrase":"Mulle meeldib ubade söömine."},{"type":"🙋","phrase":"Ma tahan süüa uba."},{"type":"❌","phrase":"Mulle ei meeldi uba."}]},{"slug":"lettuce","title":"Salat","phrases":[{"type":"❤️","phrase":"Mulle meeldib salatit süüa."},{"type":"🙋","phrase":"Ma tahan süüa salatit."},{"type":"❌","phrase":"Mulle ei meeldi salat."},{"type":"❤️","phrase":"Mulle meeldib, et mu salatis on rohkem salatit."}]},{"slug":"radish","title":"Redis","phrases":[{"type":"❤️","phrase":"Mulle meeldib redise söömine."},{"type":"🙋","phrase":"Ma tahan redist süüa."},{"type":"❌","phrase":"Redis mulle ei meeldi."}]},{"slug":"bok-choy","title":"Bok choy","phrases":[{"type":"❤️","phrase":"Mulle meeldib süüa bok choy."},{"type":"🙋","phrase":"Ma tahan süüa bok choy'd."},{"type":"❌","phrase":"Mulle ei meeldi bok choy."}]},{"slug":"leek","title":"Porrulauk","phrases":[{"type":"❤️","phrase":"Mulle meeldib porrulauku süüa."},{"type":"🙋","phrase":"Ma tahan porrut süüa."},{"type":"❌","phrase":"Mulle ei meeldi porru."}]},{"slug":"peas","title":"Herned","phrases":[{"type":"❤️","phrase":"Mulle meeldib herneste söömine."},{"type":"🙋","phrase":"Ma tahan süüa hernest."},{"type":"❌","phrase":"Mulle ei meeldi herned."}]},{"slug":"ginger","title":"Ingver","phrases":[{"type":"❤️","phrase":"Mulle meeldib ingverit süüa."},{"type":"🙋","phrase":"Ma tahan süüa ingverit."},{"type":"❌","phrase":"Mulle ingver ei meeldi."}]},{"slug":"sweet-potato","title":"Magus kartul","phrases":[{"type":"❤️","phrase":"Mulle meeldib maguskartulit süüa."},{"type":"🙋","phrase":"Tahan süüa maguskartulit."},{"type":"❌","phrase":"Mulle ei meeldi maguskartul."},{"type":"❤️","phrase":"Mulle meeldib süüa praetud maguskartulit."}]},{"slug":"olives","title":"Oliivid","phrases":[{"type":"❤️","phrase":"Mulle meeldib oliive süüa."},{"type":"🙋","phrase":"Ma tahan süüa oliive."},{"type":"❌","phrase":"Mulle ei meeldi oliivid."},{"type":"❤️","phrase":"Mulle meeldivad pitsa oliivid."}]}]