[{"slug":"walking","title":"歩く","phrases":[{"type":"❤️","phrase":"散歩が好き"},{"type":"❌","phrase":"歩くのは好きじゃない"},{"type":"🙋","phrase":"一緒に歩きたいですか？"}]},{"slug":"running","title":"ランニング","phrases":[{"type":"❤️","phrase":"走るのが好きです。"},{"type":"❌","phrase":"走るのは好きじゃない。"},{"type":"🙋","phrase":"走りたいですか？"}]},{"slug":"talking","title":"話す","phrases":[{"type":"❤️","phrase":"私は話すのが好きです。"},{"type":"❌","phrase":"私は話すのが好きではありません。"},{"type":"🙋","phrase":"あなたは私と話をしたいですか？"}]},{"slug":"reading","title":"読書","phrases":[{"type":"❤️","phrase":"私は読書が好きです。"},{"type":"❌","phrase":"私は読書が好きではありません。"},{"type":"🙋","phrase":"一緒に読みたいですか？"}]},{"slug":"football","title":"フットボール","phrases":[{"type":"❤️","phrase":"私はサッカーをするのが好きです。"},{"type":"❌","phrase":"サッカーは好きではありません。"},{"type":"🙋","phrase":"サッカーをしたいですか？"}]},{"slug":"basketball","title":"バスケットボール","phrases":[{"type":"❤️","phrase":"バスケットボールが好きです。"},{"type":"❌","phrase":"私はバスケットボールをするのが好きではありません。"},{"type":"🙋","phrase":"バスケットボールをしたいですか？"}]},{"slug":"swimming","title":"水泳","phrases":[{"type":"❤️","phrase":"私は水泳が好きです。"},{"type":"❌","phrase":"水泳は好きではありません。"},{"type":"🙋","phrase":"水泳に行きたいですか？"}]},{"slug":"painting","title":"ペインティング","phrases":[{"type":"❤️","phrase":"私は絵が好きです。"},{"type":"❌","phrase":"私は絵が好きではありません。"},{"type":"🙋","phrase":"一緒にペイントしますか？"}]},{"slug":"drawing","title":"お絵かき","phrases":[{"type":"❤️","phrase":"私は絵を描くのが好きです。"},{"type":"❌","phrase":"私は絵が好きではありません。"},{"type":"🙋","phrase":"一緒に描きたいですか？"}]},{"slug":"cycling","title":"サイクリング","phrases":[{"type":"❤️","phrase":"サイクリングが好きです。"},{"type":"❌","phrase":"サイクリングは嫌いです。"},{"type":"🙋","phrase":"サイクリングに行きますか？"}]},{"slug":"skating","title":"スケート","phrases":[{"type":"❤️","phrase":"スケートが好きです。"},{"type":"❌","phrase":"私はスケートが好きではありません。"},{"type":"🙋","phrase":"スケートに行きたいですか？"}]},{"slug":"sightseeing","title":"観光","phrases":[{"type":"❤️","phrase":"観光が好きです。"},{"type":"❌","phrase":"私は観光が好きではありません。"},{"type":"🙋","phrase":"あなたは観光に行きたいですか？"}]},{"slug":"video-games","title":"ビデオゲーム","phrases":[{"type":"❤️","phrase":"私はビデオゲームをするのが好きです。"},{"type":"❌","phrase":"私はビデオゲームをするのが好きではありません。"},{"type":"🙋","phrase":"ゲームをしたいですか？"}]},{"slug":"tidying","title":"片付け","phrases":[{"type":"❤️","phrase":"部屋を片付けるのが好きです。"},{"type":"❌","phrase":"部屋を片付けたくない。"},{"type":"🙋","phrase":"部屋の片付けを手伝ってくれませんか？"}]},{"slug":"toys","title":"おもちゃ","phrases":[{"type":"❤️","phrase":"おもちゃが好きです。"},{"type":"❌","phrase":"おもちゃは好きではありません。"},{"type":"🙋","phrase":"私のおもちゃで遊んでみませんか？"}]},{"slug":"puzzle","title":"パズル","phrases":[{"type":"❤️","phrase":"パズルを解くのが好きです。"},{"type":"❌","phrase":"パズルを解くのは好きではありません。"},{"type":"🙋","phrase":"私と一緒にパズルを解きたいですか？"}]},{"slug":"comics","title":"漫画","phrases":[{"type":"❤️","phrase":"私は漫画を読むのが好きです。"},{"type":"❌","phrase":"私は漫画を読むのが好きではありません。"},{"type":"🙋","phrase":"漫画を読みたいですか？"}]},{"slug":"chess","title":"チェス","phrases":[{"type":"❤️","phrase":"私はチェスをするのが好きです。"},{"type":"❌","phrase":"チェスは好きじゃない。"},{"type":"🙋","phrase":"私とチェスをしたいですか？"}]},{"slug":"using-leeloo","title":"Leelooの使用","phrases":[{"type":"❤️","phrase":"私はleelooを使うのが好きです。"},{"type":"❌","phrase":"leelooを使うのは好きではありません。"},{"type":"🙋","phrase":"leelooでカードパックを変更できますか？"}]},{"slug":"texting","title":"テキストメッセージ","phrases":[{"type":"❤️","phrase":"私はテキストメッセージが好きです。"},{"type":"❌","phrase":"私はテキストメッセージが好きではありません。"}]},{"slug":"knitting","title":"編み物","phrases":[{"type":"❤️","phrase":"私は編み物が好きです。"},{"type":"❌","phrase":"私は編み物が好きではありません。"},{"type":"🙋","phrase":"編み方を学びたい。"}]},{"slug":"bowling","title":"ボウリング","phrases":[{"type":"❤️","phrase":"ボウリングが好きです。"},{"type":"❌","phrase":"ボウリングは好きではありません。"},{"type":"🙋","phrase":"私とボウリングをしませんか？"}]},{"slug":"watching-tv","title":"テレビを見ている","phrases":[{"type":"❤️","phrase":"私はテレビを見るのが好きです。"},{"type":"❌","phrase":"私はテレビを見るのが好きではありません。"},{"type":"🙋","phrase":"テレビを見たいですか？"}]},{"slug":"fishing","title":"釣り","phrases":[{"type":"❤️","phrase":"釣りが好きです。"},{"type":"❌","phrase":"私は釣りが好きではありません。"},{"type":"🙋","phrase":"釣りに行きたいですか？"}]},{"slug":"exercising","title":"エクササイズ","phrases":[{"type":"❤️","phrase":"私は運動が好きです。"},{"type":"❌","phrase":"運動は好きではありません。"},{"type":"🙋","phrase":"私と一緒に運動しませんか？"}]},{"slug":"tennis","title":"テニス","phrases":[{"type":"❤️","phrase":"私はテニスをするのが好きです。"},{"type":"❌","phrase":"テニスをするのは好きではありません。"},{"type":"🙋","phrase":"私と一緒にテニスをしたいですか？"}]}]