[{"slug":"cat","title":"ネコ","phrases":[{"type":"❤️","phrase":"私は猫が好きです。"},{"type":"👀","phrase":"猫を見ました。"},{"type":"🔊","phrase":"猫はどんな音を立てますか？"},{"type":"🐈","phrase":"猫をペットとしてもらえますか？"}]},{"slug":"dog","title":"犬","phrases":[{"type":"❤️","phrase":"私は犬が好きです。"},{"type":"👀","phrase":"犬を見ました。"},{"type":"🔊","phrase":"犬はどんな音を立てますか？"},{"type":"🐕","phrase":"ペットとして犬を飼うことはできますか？"}]},{"slug":"fish","title":"魚","phrases":[{"type":"❤️","phrase":"私は魚が好き。"},{"type":"👀","phrase":"魚を見た。"},{"type":"🔊","phrase":"魚はどんな音を立てますか？"},{"type":"🐠","phrase":"魚をペットとしてもらえますか？"}]},{"slug":"rabbit","title":"ウサギ","phrases":[{"type":"❤️","phrase":"私はうさぎが好きです。"},{"type":"👀","phrase":"うさぎを見ました。"},{"type":"🔊","phrase":"ウサギはどんな音を立てますか？"},{"type":"🐇","phrase":"ペットとしてウサギをもらえますか？"}]},{"slug":"butterfly","title":"バタフライ","phrases":[{"type":"❤️","phrase":"私は蝶が好きです。"},{"type":"👀","phrase":"私は蝶を見ました。"},{"type":"🔊","phrase":"蝶はどんな音を立てますか？"}]},{"slug":"kangaroo","title":"カンガルー","phrases":[{"type":"❤️","phrase":"カンガルーが好きです。"},{"type":"👀","phrase":"カンガルーを見ました。"},{"type":"🔊","phrase":"カンガルーはどんな音を立てますか？"}]},{"slug":"turtle","title":"カメ","phrases":[{"type":"❤️","phrase":"私は亀が好きです。"},{"type":"👀","phrase":"カメを見ました。"},{"type":"🔊","phrase":"カメはどんな音を立てますか？"}]},{"slug":"giraffe","title":"キリン","phrases":[{"type":"❤️","phrase":"キリンが好きです。"},{"type":"👀","phrase":"キリンを見ました。"},{"type":"🔊","phrase":"キリンはどんな音を立てますか？"}]},{"slug":"frog","title":"カエル","phrases":[{"type":"❤️","phrase":"カエルが好きです。"},{"type":"👀","phrase":"カエルを見ました。"},{"type":"🔊","phrase":"カエルはどんな音を立てますか？"}]},{"slug":"swan","title":"白鳥","phrases":[{"type":"❤️","phrase":"白鳥が好きです。"},{"type":"👀","phrase":"白鳥を見ました。"},{"type":"🔊","phrase":"白鳥はどんな音を立てますか？"}]},{"slug":"spider","title":"クモ","phrases":[{"type":"❤️","phrase":"クモが好きです。"},{"type":"👀","phrase":"クモを見た。"},{"type":"🔊","phrase":"クモはどんな音を立てますか？"}]},{"slug":"cow","title":"牛","phrases":[{"type":"❤️","phrase":"私は牛が好きです。"},{"type":"👀","phrase":"牛を見ました。"},{"type":"🔊","phrase":"牛はどんな音を出しますか？"}]},{"slug":"duck","title":"アヒル","phrases":[{"type":"❤️","phrase":"アヒルが好きです。"},{"type":"👀","phrase":"アヒルを見た。"},{"type":"🔊","phrase":"アヒルはどんな音を立てますか？"}]},{"slug":"horse","title":"うま","phrases":[{"type":"❤️","phrase":"私は馬が好きです。"},{"type":"👀","phrase":"馬を見ました。"},{"type":"🔊","phrase":"馬はどんな音を立てますか？"}]},{"slug":"chicken","title":"チキン","phrases":[{"type":"❤️","phrase":"鶏が好きです。"},{"type":"👀","phrase":"ニワトリを見ました。"},{"type":"🔊","phrase":"ニワトリはどんな音を立てますか？"}]},{"slug":"bee","title":"蜂","phrases":[{"type":"❤️","phrase":"ミツバチが好きです。"},{"type":"👀","phrase":"蜂を見ました。"},{"type":"🔊","phrase":"蜂はどんな音を立てますか？"}]},{"slug":"pig","title":"豚","phrases":[{"type":"❤️","phrase":"豚が好きです。"},{"type":"👀","phrase":"豚を見ました。"},{"type":"🔊","phrase":"豚はどんな音を立てますか？"}]},{"slug":"dove","title":"鳩","phrases":[{"type":"❤️","phrase":"鳩が好きです。"},{"type":"👀","phrase":"鳩を見ました。"},{"type":"🔊","phrase":"鳩はどんな音を立てますか？"}]},{"slug":"crab","title":"カニ","phrases":[{"type":"❤️","phrase":"私はカニが好きです。"},{"type":"👀","phrase":"カニを見ました。"},{"type":"🔊","phrase":"カニはどんな音を立てますか？"}]},{"slug":"penguin","title":"ペンギン","phrases":[{"type":"❤️","phrase":"ペンギンが好きです。"},{"type":"👀","phrase":"ペンギンを見ました。"},{"type":"🔊","phrase":"ペンギンはどんな音を立てますか？"}]},{"slug":"elephant","title":"象","phrases":[{"type":"❤️","phrase":"私は象が好きです。"},{"type":"👀","phrase":"象を見ました。"},{"type":"🔊","phrase":"象はどんな音を立てますか？"}]},{"slug":"zebra","title":"シマウマ","phrases":[{"type":"❤️","phrase":"シマウマが好きです。"},{"type":"👀","phrase":"シマウマを見ました。"},{"type":"🔊","phrase":"シマウマはどんな音を立てますか？"}]},{"slug":"panda","title":"パンダ","phrases":[{"type":"❤️","phrase":"パンダが好きです。"},{"type":"👀","phrase":"パンダを見ました。"},{"type":"🔊","phrase":"パンダはどんな音を立てますか？"}]},{"slug":"monkey","title":"モンキー","phrases":[{"type":"❤️","phrase":"サルが好きです。"},{"type":"👀","phrase":"サルを見ました。"},{"type":"🔊","phrase":"サルはどんな音を立てますか？"}]},{"slug":"camel","title":"キャメル","phrases":[{"type":"❤️","phrase":"ラクダが好きです。"},{"type":"👀","phrase":"ラクダを見ました。"},{"type":"🔊","phrase":"ラクダはどんな音を立てますか？"}]},{"slug":"mouse","title":"マウス","phrases":[{"type":"❤️","phrase":"私はマウスが好きです。"},{"type":"👀","phrase":"ネズミを見ました。"},{"type":"🔊","phrase":"マウスはどんな音を出しますか？"}]},{"slug":"tiger","title":"虎","phrases":[{"type":"❤️","phrase":"私はトラが好きです。"},{"type":"👀","phrase":"トラを見ました。"},{"type":"🔊","phrase":"トラはどんな音を立てますか？"}]},{"slug":"jellyfish","title":"クラゲ","phrases":[{"type":"❤️","phrase":"クラゲが好きです。"},{"type":"👀","phrase":"クラゲを見ました。"},{"type":"🔊","phrase":"クラゲはどんな音を出しますか？"}]},{"slug":"crocodile","title":"クロコダイル","phrases":[{"type":"❤️","phrase":"ワニが好きです。"},{"type":"👀","phrase":"ワニを見ました。"},{"type":"🔊","phrase":"ワニはどんな音を立てますか？"}]},{"slug":"koala","title":"コアラ","phrases":[{"type":"❤️","phrase":"コアラが好きです。"},{"type":"👀","phrase":"コアラを見ました。"},{"type":"🔊","phrase":"コアラはどんな音を立てますか？"}]},{"slug":"ostrich","title":"ダチョウ","phrases":[{"type":"❤️","phrase":"ダチョウが好きです。"},{"type":"👀","phrase":"ダチョウを見ました。"},{"type":"🔊","phrase":"ダチョウはどんな音を立てますか？"}]},{"slug":"racoon","title":"ラクーン","phrases":[{"type":"❤️","phrase":"アライグマが好きです。"},{"type":"👀","phrase":"タヌキを見た。"},{"type":"🔊","phrase":"タヌキはどんな音を立てますか？"}]},{"slug":"bat","title":"コウモリ","phrases":[{"type":"❤️","phrase":"私はコウモリが好きです。"},{"type":"👀","phrase":"私はコウモリを見ました。"},{"type":"🔊","phrase":"コウモリはどんな音を立てますか？"}]},{"slug":"eagle","title":"鷲","phrases":[{"type":"❤️","phrase":"ワシが好きです。"},{"type":"👀","phrase":"ワシを見た。"},{"type":"🔊","phrase":"ワシはどんな音を立てますか？"}]},{"slug":"hippopotamus","title":"カバ","phrases":[{"type":"❤️","phrase":"カバが好きです。"},{"type":"👀","phrase":"カバを見ました。"},{"type":"🔊","phrase":"カバはどんな音を立てますか？"}]},{"slug":"seal","title":"密閉する","phrases":[{"type":"❤️","phrase":"シールが好きです。"},{"type":"👀","phrase":"アザラシを見ました。"},{"type":"🔊","phrase":"シールはどんな音を立てますか？"}]},{"slug":"walrus","title":"セイウチ","phrases":[{"type":"❤️","phrase":"セイウチが好きです。"},{"type":"👀","phrase":"セイウチを見ました。"},{"type":"🔊","phrase":"セイウチはどんな音を立てますか？"}]},{"slug":"seahorse","title":"タツノオトシゴ","phrases":[{"type":"❤️","phrase":"タツノオトシゴが好きです。"},{"type":"👀","phrase":"タツノオトシゴを見ました。"},{"type":"🔊","phrase":"タツノオトシゴはどんな音を立てますか？"}]},{"slug":"bull","title":"ブル","phrases":[{"type":"❤️","phrase":"私は雄牛が好きです。"},{"type":"👀","phrase":"雄牛を見た。"},{"type":"🔊","phrase":"雄牛はどんな音を立てますか？"}]},{"slug":"pelican","title":"ペリカン","phrases":[{"type":"❤️","phrase":"ペリカンが好きです。"},{"type":"👀","phrase":"ペリカンを見ました。"},{"type":"🔊","phrase":"ペリカンはどんな音を立てますか？"}]},{"slug":"beaver","title":"ビーバー","phrases":[{"type":"❤️","phrase":"私はビーバーが好きです。"},{"type":"👀","phrase":"ビーバーを見ました。"},{"type":"🔊","phrase":"ビーバーはどんな音を立てますか？"}]},{"slug":"goldfish","title":"金魚","phrases":[{"type":"❤️","phrase":"金魚が好きです。"},{"type":"👀","phrase":"金魚を見ました。"},{"type":"🔊","phrase":"金魚はどんな音を立てますか？"},{"type":"🐠","phrase":"金魚をペットとしてもらえますか？"}]},{"slug":"rhinoceros","title":"サイ","phrases":[{"type":"❤️","phrase":"サイが好きです。"},{"type":"👀","phrase":"サイを見ました。"},{"type":"🔊","phrase":"サイはどんな音を出しますか？"}]},{"slug":"snake","title":"ヘビ","phrases":[{"type":"❤️","phrase":"ヘビが好きです。"},{"type":"👀","phrase":"ヘビを見ました。"},{"type":"🔊","phrase":"ヘビはどんな音を立てますか？"}]},{"slug":"lion","title":"ライオン","phrases":[{"type":"❤️","phrase":"ライオンが好きです。"},{"type":"👀","phrase":"ライオンを見ました。"},{"type":"🔊","phrase":"ライオンはどんな音を立てますか？"}]},{"slug":"squid","title":"いか","phrases":[{"type":"❤️","phrase":"イカが好きです。"},{"type":"👀","phrase":"イカを見ました。"},{"type":"🔊","phrase":"イカはどんな音を立てますか？"}]},{"slug":"whale","title":"鯨","phrases":[{"type":"❤️","phrase":"クジラが好きです。"},{"type":"👀","phrase":"クジラを見ました。"},{"type":"🔊","phrase":"クジラはどんな音を立てますか？"}]},{"slug":"beetle","title":"甲虫","phrases":[{"type":"❤️","phrase":"カブトムシが好きです。"},{"type":"👀","phrase":"カブトムシを見ました。"},{"type":"🔊","phrase":"カブトムシはどんな音を立てますか？"}]},{"slug":"dolphin","title":"イルカ","phrases":[{"type":"❤️","phrase":"イルカが好きです。"},{"type":"👀","phrase":"イルカを見ました。"},{"type":"🔊","phrase":"イルカはどんな音を立てますか？"}]},{"slug":"starfish","title":"ヒトデ","phrases":[{"type":"❤️","phrase":"ヒトデが好きです。"},{"type":"👀","phrase":"ヒトデを見ました。"},{"type":"🔊","phrase":"ヒトデはどんな音を立てますか？"}]},{"slug":"parakeet","title":"インコ","phrases":[{"type":"❤️","phrase":"私はインコが好きです。"},{"type":"👀","phrase":"インコを見た。"},{"type":"🔊","phrase":"インコはどんな音を出しますか？"}]},{"slug":"owl","title":"フクロウ","phrases":[{"type":"❤️","phrase":"フクロウが好きです。"},{"type":"👀","phrase":"フクロウを見ました。"},{"type":"🔊","phrase":"フクロウはどんな音を立てますか？"}]},{"slug":"sheep","title":"羊","phrases":[{"type":"❤️","phrase":"羊が好きです。"},{"type":"👀","phrase":"羊を見ました。"},{"type":"🔊","phrase":"羊はどんな音を立てますか？"}]}]