[{"slug":"pants","title":"パンツ","phrases":[{"type":"🧼","phrase":"ズボンが汚れています。"},{"type":"🙋","phrase":"ズボンの着用を手伝ってくれませんか？"}]},{"slug":"shirt","title":"シャツ","phrases":[{"type":"🧼","phrase":"シャツが汚れています。"},{"type":"🙋","phrase":"シャツの着用を手伝ってくれませんか？"}]},{"slug":"skirt","title":"スカート","phrases":[{"type":"🧼","phrase":"スカートが汚れています。"},{"type":"🙋","phrase":"スカートの着用を手伝ってくれませんか？"}]},{"slug":"panty","title":"パンティー","phrases":[{"type":"🧼","phrase":"下着が汚れています。"},{"type":"🙋","phrase":"パンティーの着用を手伝ってくれませんか？"}]},{"slug":"jacket","title":"ジャケット","phrases":[{"type":"🧼","phrase":"ジャケットが汚れています。"},{"type":"🙋","phrase":"ジャケットの着用を手伝ってもらえますか？"}]},{"slug":"tie","title":"ネクタイ","phrases":[{"type":"❤️","phrase":"ネクタイが好きです。"},{"type":"🙋","phrase":"ネクタイを結ぶのを手伝ってくれませんか？"}]},{"slug":"baseball-cap","title":"野球帽","phrases":[{"type":"❤️","phrase":"野球帽をかぶるのが好きです。"},{"type":"❓","phrase":"どの野球帽を着ればいいですか？"}]},{"slug":"dress","title":"ドレス","phrases":[{"type":"🧼","phrase":"ドレスが汚れています。"},{"type":"🙋","phrase":"ドレスの着用を手伝ってもらえますか？"}]},{"slug":"shoes","title":"靴","phrases":[{"type":"🧼","phrase":"靴が汚れています。"},{"type":"🙋","phrase":"靴の履き方を教えていただけますか？"}]},{"slug":"boots","title":"ブーツ","phrases":[{"type":"🧼","phrase":"ブーツが汚れています。"},{"type":"🙋","phrase":"ブーツの着用を手伝ってくれませんか？"}]},{"slug":"sneakers","title":"スニーカー","phrases":[{"type":"🎈","phrase":"スニーカーを履きたいです。"},{"type":"🙋","phrase":"スニーカーの着用を手伝ってくれませんか？"}]},{"slug":"slippers","title":"スリッパ","phrases":[{"type":"🎈","phrase":"スリッパを履きたい。"},{"type":"🙋","phrase":"スリッパの着用を手伝ってくれませんか？"}]},{"slug":"belt","title":"ベルト","phrases":[{"type":"❤️","phrase":"ベルトが好きです。"},{"type":"🙋","phrase":"ベルトの着用を手伝ってくれませんか？"}]},{"slug":"socks","title":"靴下","phrases":[{"type":"🧼","phrase":"靴下が汚れています。"},{"type":"🙋","phrase":"靴下の着用を手伝ってくれませんか？"}]},{"slug":"swimsuit","title":"水着","phrases":[{"type":"❤️","phrase":"水着を着たいです。"},{"type":"🙋","phrase":"水着の着用を手伝ってもらえますか？"}]},{"slug":"sweater","title":"セーター","phrases":[{"type":"🧼","phrase":"セーターが汚れています。"},{"type":"🙋","phrase":"セーターの着用を手伝ってくれませんか？"}]},{"slug":"scarf","title":"スカーフ","phrases":[{"type":"❤️","phrase":"スカーフを着るのが好きです。"},{"type":"🙋","phrase":"スカーフの着用を手伝ってくれませんか？"}]},{"slug":"denim-shorts","title":"デニムショートパンツ","phrases":[{"type":"🧼","phrase":"デニムのショーツが汚れています。"},{"type":"🙋","phrase":"デニムのショートパンツの着用を手伝ってくれませんか？"}]},{"slug":"hoodies","title":"パーカー","phrases":[{"type":"❤️","phrase":"パーカーを着るのが好きです。"},{"type":"🙋","phrase":"パーカーの着用を手伝ってくれませんか？"}]},{"slug":"swimming-shorts","title":"水泳パンツ","phrases":[{"type":"🧼","phrase":"水泳パンツが汚れています。"},{"type":"🙋","phrase":"水泳パンツの着用を手伝ってもらえますか？"}]},{"slug":"bow-tie","title":"ちょうネクタイ","phrases":[{"type":"❤️","phrase":"蝶ネクタイが好きです。"},{"type":"🙋","phrase":"蝶ネクタイの着用を手伝ってもらえますか？"}]},{"slug":"leather-jacket","title":"革のジャケット","phrases":[{"type":"❤️","phrase":"レザージャケットを着るのが好きです。"},{"type":"🙋","phrase":"革のジャケットの着用を手伝ってもらえますか？"}]},{"slug":"bathrobe","title":"バスロープ","phrases":[{"type":"❤️","phrase":"バスローブを着るのが好きです。"},{"type":"🙋","phrase":"バスローブの着用を手伝ってもらえますか？"}]},{"slug":"jumpsuit","title":"ジャンプスーツ","phrases":[{"type":"❤️","phrase":"ジャンプスーツを着るのが好きです。"},{"type":"🙋","phrase":"ジャンプスーツの着用を手伝ってもらえますか？"}]},{"slug":"fedora-hat","title":"フェドーラ帽","phrases":[{"type":"❤️","phrase":"フェドーラ帽が好きです。"},{"type":"🙋","phrase":"フェドーラ帽の着用を手伝ってくれませんか？"}]},{"slug":"t-shirt","title":"Tシャツ","phrases":[{"type":"❤️","phrase":"Tシャツを着るのが好きです。"},{"type":"🙋","phrase":"Tシャツの着用を手伝ってくれませんか？"}]},{"slug":"sleeveless","title":"ノースリーブ","phrases":[{"type":"❤️","phrase":"ノースリーブが好きです。"},{"type":"🙋","phrase":"ノースリーブで着てもらえますか？"}]},{"slug":"boxers","title":"ボクサー","phrases":[{"type":"❤️","phrase":"ボクサーを着るのが好きです。"},{"type":"🙋","phrase":"ボクサーの着用を手伝ってくれませんか？"}]},{"slug":"vest","title":"ベスト","phrases":[{"type":"❤️","phrase":"ベストを着るのが好きです。"},{"type":"🙋","phrase":"ベストの着用を手伝ってくれませんか？"}]},{"slug":"pamela-hat","title":"パメラハット","phrases":[{"type":"❤️","phrase":"パメラハットが好きです。"},{"type":"🙋","phrase":"パメラの帽子の着用を手伝ってくれませんか？"}]},{"slug":"high-heels","title":"ハイヒール","phrases":[{"type":"❤️","phrase":"ハイヒールを履くのが好きです。"},{"type":"🙋","phrase":"ハイヒールの着用を手伝ってくれませんか？"}]},{"slug":"overalls","title":"オーバーオール","phrases":[{"type":"❤️","phrase":"オーバーオールが好きです。"},{"type":"🙋","phrase":"オーバーオールの着用を手伝ってもらえますか？"}]},{"slug":"kimono","title":"着物","phrases":[{"type":"❤️","phrase":"着物が好きです。"},{"type":"🙋","phrase":"着物を着て頂けますか？"}]},{"slug":"raincoat","title":"レインコート","phrases":[{"type":"❤️","phrase":"レインコートを着るのが好きです。"},{"type":"🙋","phrase":"レインコートの着用を手伝ってくれませんか？"}]},{"slug":"bandana","title":"バンダナ","phrases":[{"type":"❤️","phrase":"バンダナを着るのが好きです。"},{"type":"🙋","phrase":"バンダナの着用を手伝ってくれませんか？"}]},{"slug":"beret","title":"ベレー","phrases":[{"type":"❤️","phrase":"ベレー帽が好きです。"},{"type":"🙋","phrase":"ベレー帽の着用を手伝ってくれませんか？"}]},{"slug":"knit-hat","title":"ニット帽","phrases":[{"type":"❤️","phrase":"ニット帽が好きです。"},{"type":"🙋","phrase":"ニット帽の着用を手伝ってくれませんか？"}]},{"slug":"suspenders","title":"サスペンダー","phrases":[{"type":"❤️","phrase":"サスペンダーを着るのが好きです。"},{"type":"🙋","phrase":"サスペンダーの着用を手伝ってくれませんか？"}]},{"slug":"mitten","title":"ミトン","phrases":[{"type":"❤️","phrase":"ミトンを着るのが好きです。"},{"type":"🙋","phrase":"ミトンの着用を手伝ってくれませんか？"}]},{"slug":"suit","title":"スーツ","phrases":[{"type":"❤️","phrase":"スーツを着るのが好きです。"},{"type":"🙋","phrase":"スーツの着用を手伝ってくれませんか？"}]},{"slug":"coat","title":"コート","phrases":[{"type":"❤️","phrase":"コートを着るのが好きです。"},{"type":"🙋","phrase":"上着の着用を手伝ってもらえますか？"}]},{"slug":"trench-coat","title":"トレンチコート","phrases":[{"type":"❤️","phrase":"トレンチコートが好きです。"},{"type":"🙋","phrase":"トレンチコートの着用を手伝ってもらえますか？"}]}]