[{"slug":"crayons","title":"クレヨン","phrases":[{"type":"❤️","phrase":"クレヨンが好きです。"},{"type":"🙋","phrase":"クレヨンをくれませんか？"},{"type":"🖍️","phrase":"クレヨンで描いてみたいです。"}]},{"slug":"red","title":"赤","phrases":[{"type":"👉","phrase":"それは赤いです。"},{"type":"💜","phrase":"私の好きな色は赤です。"},{"type":"🙋","phrase":"赤いペンキをください。"}]},{"slug":"blue","title":"青い","phrases":[{"type":"👉","phrase":"青いです。"},{"type":"💜","phrase":"私の好きな色は青です。"},{"type":"🙋","phrase":"青い絵の具をください。"}]},{"slug":"orange","title":"オレンジ","phrases":[{"type":"👉","phrase":"オレンジ色です。"},{"type":"💜","phrase":"私の好きな色はオレンジです。"},{"type":"🙋","phrase":"オレンジ色のペンキをください。"}]},{"slug":"green","title":"緑","phrases":[{"type":"👉","phrase":"それは緑色です。"},{"type":"💜","phrase":"私の好きな色は緑色です。"},{"type":"🙋","phrase":"緑のペンキをください。"}]},{"slug":"yellow","title":"黄","phrases":[{"type":"👉","phrase":"黄色です。"},{"type":"💜","phrase":"私の好きな色は黄色です。"},{"type":"🙋","phrase":"黄色のペンキをください。"}]},{"slug":"purple","title":"紫の","phrases":[{"type":"👉","phrase":"紫です。"},{"type":"💜","phrase":"好きな色は紫です。"},{"type":"🙋","phrase":"紫色の塗料をください。"}]},{"slug":"pink","title":"ピンク","phrases":[{"type":"👉","phrase":"ピンクです。"},{"type":"💜","phrase":"私の好きな色はピンクです。"},{"type":"🙋","phrase":"ピンクのペンキをください。"}]},{"slug":"brown","title":"褐色","phrases":[{"type":"👉","phrase":"それは茶色です。"},{"type":"💜","phrase":"私の好きな色は茶色です。"},{"type":"🙋","phrase":"茶色のペンキをください。"}]},{"slug":"black","title":"ブラック","phrases":[{"type":"👉","phrase":"黒です。"},{"type":"💜","phrase":"私の好きな色は黒です。"},{"type":"🙋","phrase":"黒い絵の具をください。"}]},{"slug":"white","title":"白い","phrases":[{"type":"👉","phrase":"それは白い。"},{"type":"💜","phrase":"私の好きな色は白です。"},{"type":"🙋","phrase":"白いペンキをくれませんか。"}]},{"slug":"gray","title":"グレー","phrases":[{"type":"👉","phrase":"灰色です。"},{"type":"💜","phrase":"好きな色はグレーです。"},{"type":"🙋","phrase":"灰色のペンキをください。"}]},{"slug":"transparent","title":"トランスペアレント","phrases":[{"type":"👉","phrase":"透明です。"},{"type":"👀","phrase":"後ろの透明色が見えます。"},{"type":"🙋","phrase":"消去してくれませんか？"}]},{"slug":"cyan","title":"シアン","phrases":[{"type":"👉","phrase":"シアンです。"},{"type":"💜","phrase":"私の好きな色はシアンです。"},{"type":"🙋","phrase":"シアンの絵の具をください。"}]},{"slug":"violet","title":"バイオレット","phrases":[{"type":"👉","phrase":"すみれ色です。"},{"type":"💜","phrase":"私の好きな色は紫です。"},{"type":"🙋","phrase":"すみれ色の塗料をください。"}]},{"slug":"turquoise","title":"ターコイズ","phrases":[{"type":"👉","phrase":"ターコイズです。"},{"type":"💜","phrase":"私の好きな色はターコイズです。"},{"type":"🙋","phrase":"ターコイズペイントを頂けますか？"}]},{"slug":"lime","title":"ライム","phrases":[{"type":"👉","phrase":"ライムです。"},{"type":"💜","phrase":"私の好きな色はライムです。"},{"type":"🙋","phrase":"ライムペンキをください。"}]},{"slug":"plum","title":"梅","phrases":[{"type":"👉","phrase":"梅です。"},{"type":"💜","phrase":"好きな色は梅です。"},{"type":"🙋","phrase":"梅の絵の具を頂けますか？"}]},{"slug":"tan","title":"タン","phrases":[{"type":"👉","phrase":"タンカラーです。"},{"type":"💜","phrase":"私の好きな色は黄褐色です。"},{"type":"🙋","phrase":"日焼けカラーペイントを頂けますか？"}]},{"slug":"avocado","title":"アボカド","phrases":[{"type":"👉","phrase":"アボカドカラーです。"},{"type":"💜","phrase":"私の好きな色はアボカド色です。"},{"type":"🙋","phrase":"アボカドカラーペイントを頂けますか？"}]},{"slug":"barbie-pink","title":"バービーピンク","phrases":[{"type":"👉","phrase":"バービーピンクカラーです。"},{"type":"💜","phrase":"私の好きな色はバービーピンクです。"},{"type":"🙋","phrase":"バービーピンクのペンキをください。"}]},{"slug":"blizzard-blue","title":"ブリザードブルー","phrases":[{"type":"👉","phrase":"ブリザードブルーカラーです。"},{"type":"💜","phrase":"好きな色はブリザードブルーです。"},{"type":"🙋","phrase":"ブリザードブルーの塗料をください。"}]}]