[{"slug":"coffee","title":"コーヒー","phrases":[{"type":"❤️","phrase":"私はコーヒーを飲むのが好きです。"},{"type":"🙋","phrase":"コーヒーが飲みたいです。"}]},{"slug":"water","title":"水","phrases":[{"type":"☝️","phrase":"水を飲む必要があります。"},{"type":"🙋","phrase":"私は水を飲みたいです。"}]},{"slug":"juice","title":"ジュース","phrases":[{"type":"❤️","phrase":"ジュースが好きです。"},{"type":"🙋","phrase":"ジュースが飲みたい。"}]},{"slug":"tea","title":"お茶","phrases":[{"type":"❤️","phrase":"お茶が好きです。"},{"type":"🙋","phrase":"お茶が飲みたいです。"}]},{"slug":"grape-juice","title":"グレープジュース","phrases":[{"type":"❤️","phrase":"ぶどうジュースを飲むのが好きです。"},{"type":"🙋","phrase":"ぶどうジュースを飲みたい。"}]},{"slug":"milk","title":"牛乳","phrases":[{"type":"❤️","phrase":"牛乳が好きです。"},{"type":"🙋","phrase":"牛乳が飲みたい。"}]},{"slug":"milkshake","title":"ミルクシェーク","phrases":[{"type":"❤️","phrase":"ミルクセーキが好きです。"},{"type":"🙋","phrase":"ミルクセーキを飲みたい。"}]},{"slug":"orange-juice","title":"オレンジジュース","phrases":[{"type":"❤️","phrase":"オレンジジュースが好きです。"},{"type":"🙋","phrase":"オレンジジュースが飲みたい。"}]},{"slug":"apple-juice","title":"リンゴジュース","phrases":[{"type":"❤️","phrase":"りんごジュースが好きです。"},{"type":"🙋","phrase":"りんごジュースが飲みたい。"}]},{"slug":"pineapple-juice","title":"バイナップルジュース","phrases":[{"type":"❤️","phrase":"パイナップルジュースが好きです。"},{"type":"🙋","phrase":"パイナップルジュースが飲みたいです。"}]},{"slug":"lemonade","title":"レモネード","phrases":[{"type":"❤️","phrase":"レモネードを飲むのが好きです。"},{"type":"🙋","phrase":"レモネードを飲みたい。"}]},{"slug":"coke","title":"コークス","phrases":[{"type":"❤️","phrase":"私はコーラを飲むのが好きです。"},{"type":"🙋","phrase":"コーラを飲みたい。"}]},{"slug":"soda","title":"ソーダ","phrases":[{"type":"❤️","phrase":"ソーダが好きです。"},{"type":"🙋","phrase":"ソーダ飲みたいです。"}]},{"slug":"frappe","title":"フラッペ","phrases":[{"type":"❤️","phrase":"私はフラッペを飲むのが好きです。"},{"type":"🙋","phrase":"フラッペを飲みたい。"}]},{"slug":"smoothie","title":"スムージー","phrases":[{"type":"❤️","phrase":"スムージーを飲むのが好きです。"},{"type":"🙋","phrase":"スムージーが飲みたいです。"}]},{"slug":"iced-tea","title":"アイスティー","phrases":[{"type":"❤️","phrase":"アイスティーが好きです。"},{"type":"🙋","phrase":"アイスティーが飲みたいです。"}]},{"slug":"hot-chocolate","title":"ホットチョコレート","phrases":[{"type":"❤️","phrase":"ホットチョコレートが好きです。"},{"type":"🙋","phrase":"ホットチョコレートが飲みたいです。"}]},{"slug":"mineral-water","title":"ミネラルウォーター","phrases":[{"type":"❤️","phrase":"私はミネラルウォーターを飲むのが好きです。"},{"type":"🙋","phrase":"ミネラルウォーターを飲みたい。"}]}]