[{"slug":"walking","title":"Kävely","phrases":[{"type":"❤️","phrase":"Pidän kävelystä"},{"type":"❌","phrase":"En pidä kävelystä"},{"type":"🙋","phrase":"Haluatko kävellä yhdessä?"}]},{"slug":"running","title":"Running","phrases":[{"type":"❤️","phrase":"Pidän juoksemisesta."},{"type":"❌","phrase":"En pidä juoksemisesta."},{"type":"🙋","phrase":"Haluatko mennä juoksemiseen?"}]},{"slug":"talking","title":"Puhuminen","phrases":[{"type":"❤️","phrase":"Tykkään puhua."},{"type":"❌","phrase":"En pidä puhumisesta."},{"type":"🙋","phrase":"Haluatko puhua kanssani?"}]},{"slug":"reading","title":"lukeminen","phrases":[{"type":"❤️","phrase":"Pidän lukemisesta."},{"type":"❌","phrase":"En pidä lukemisesta."},{"type":"🙋","phrase":"Haluatko lukea yhdessä?"}]},{"slug":"football","title":"Jalkapallo","phrases":[{"type":"❤️","phrase":"Pidän jalkapallon pelaamisesta."},{"type":"❌","phrase":"En halua pelata jalkapalloa."},{"type":"🙋","phrase":"Haluatko pelata jalkapalloa?"}]},{"slug":"basketball","title":"Koripallo","phrases":[{"type":"❤️","phrase":"Pidän koripalloa."},{"type":"❌","phrase":"En halua pelata koripalloa."},{"type":"🙋","phrase":"Haluatko pelata koripalloa?"}]},{"slug":"swimming","title":"Uima","phrases":[{"type":"❤️","phrase":"Pidän uimisesta."},{"type":"❌","phrase":"En pidä uinnista."},{"type":"🙋","phrase":"Haluatko mennä uimaan?"}]},{"slug":"painting","title":"Maalaus","phrases":[{"type":"❤️","phrase":"Pidän maalaamisesta."},{"type":"❌","phrase":"En pidä maalaamisesta."},{"type":"🙋","phrase":"Haluatko maalata yhdessä?"}]},{"slug":"drawing","title":"Piirustus","phrases":[{"type":"❤️","phrase":"Pidän piirtämisestä."},{"type":"❌","phrase":"En pidä piirtämisestä."},{"type":"🙋","phrase":"Haluatko piirtää yhdessä?"}]},{"slug":"cycling","title":"Pyöräily","phrases":[{"type":"❤️","phrase":"Pidän pyöräilystä."},{"type":"❌","phrase":"En pidä pyöräilystä."},{"type":"🙋","phrase":"Haluatko mennä pyöräilyyn?"}]},{"slug":"skating","title":"Luistelu","phrases":[{"type":"❤️","phrase":"Pidän luistelusta."},{"type":"❌","phrase":"En pidä luistelusta."},{"type":"🙋","phrase":"Haluatko mennä luisteluun?"}]},{"slug":"sightseeing","title":"Kiertoajelu","phrases":[{"type":"❤️","phrase":"Pidän nähtävyyksistä."},{"type":"❌","phrase":"En pidä nähtävyyksistä."},{"type":"🙋","phrase":"Haluatko käydä nähtävyyksissä?"}]},{"slug":"video-games","title":"Videopelit","phrases":[{"type":"❤️","phrase":"Pidän videopelien pelaamisesta."},{"type":"❌","phrase":"En pidä videopelien pelaamisesta."},{"type":"🙋","phrase":"Haluatko pelata pelejä?"}]},{"slug":"tidying","title":"siistiminen","phrases":[{"type":"❤️","phrase":"Tykkään siivota huoneeni."},{"type":"❌","phrase":"En halua siivota huoneeni."},{"type":"🙋","phrase":"Voitko auttaa minua siivoamaan huoneeni?"}]},{"slug":"toys","title":"lelut","phrases":[{"type":"❤️","phrase":"Pidän leluista."},{"type":"❌","phrase":"En pidä leluista."},{"type":"🙋","phrase":"Haluatko leikkiä leluillani?"}]},{"slug":"puzzle","title":"Palapeli","phrases":[{"type":"❤️","phrase":"Pidän pulman ratkaisemisesta."},{"type":"❌","phrase":"En pidä pulman ratkaisemisesta."},{"type":"🙋","phrase":"Haluatko ratkaista palapelit kanssani?"}]},{"slug":"comics","title":"Sarjakuvat","phrases":[{"type":"❤️","phrase":"Tykkään lukea sarjakuvia."},{"type":"❌","phrase":"En halua lukea sarjakuvia."},{"type":"🙋","phrase":"Haluatko lukea sarjakuvia?"}]},{"slug":"chess","title":"Shakki","phrases":[{"type":"❤️","phrase":"Pidän shakista."},{"type":"❌","phrase":"En pidä shakista."},{"type":"🙋","phrase":"Haluatko pelata shakkia kanssani?"}]},{"slug":"using-leeloo","title":"Leeloo","phrases":[{"type":"❤️","phrase":"Pidän leelon käytöstä."},{"type":"❌","phrase":"En halua käyttää leelooa."},{"type":"🙋","phrase":"Voitko vaihtaa korttipakkauksia Leelossa?"}]},{"slug":"texting","title":"Tekstiviestejä","phrases":[{"type":"❤️","phrase":"Pidän tekstiviesteistä."},{"type":"❌","phrase":"En pidä tekstiviesteistä."}]},{"slug":"knitting","title":"neulominen","phrases":[{"type":"❤️","phrase":"Pidän neulosta."},{"type":"❌","phrase":"En pidä neulosta."},{"type":"🙋","phrase":"Haluan oppia neulomaan."}]},{"slug":"bowling","title":"Keilailu","phrases":[{"type":"❤️","phrase":"Pidän keilailu."},{"type":"❌","phrase":"En pidä keilauksesta."},{"type":"🙋","phrase":"Haluatko pelata keilahalua kanssani?"}]},{"slug":"watching-tv","title":"Television katsominen","phrases":[{"type":"❤️","phrase":"Pidän television katselusta."},{"type":"❌","phrase":"En pidä television katselusta."},{"type":"🙋","phrase":"Haluatko katsoa televisiota?"}]},{"slug":"fishing","title":"Kalastus","phrases":[{"type":"❤️","phrase":"Pidän kalastuksesta."},{"type":"❌","phrase":"En pidä kalastamisesta."},{"type":"🙋","phrase":"Haluatko mennä kalastukseen?"}]},{"slug":"exercising","title":"Kuntoilu","phrases":[{"type":"❤️","phrase":"Pidän liikunnasta."},{"type":"❌","phrase":"En pidä liikunnasta."},{"type":"🙋","phrase":"Haluatko harrastaa kanssani?"}]},{"slug":"tennis","title":"Tennis","phrases":[{"type":"❤️","phrase":"Tykkään pelata tennistä."},{"type":"❌","phrase":"En halua pelata tennistä."},{"type":"🙋","phrase":"Haluatko pelata tennistä kanssani?"}]}]