[{"slug":"cat","title":"Kissa","phrases":[{"type":"❤️","phrase":"Minä pidän kissoista."},{"type":"👀","phrase":"Näin kissa."},{"type":"🔊","phrase":"Mitä melua kissa aiheuttaa?"},{"type":"🐈","phrase":"Voimmeko saada kissan lemmikkinä?"}]},{"slug":"dog","title":"Koira","phrases":[{"type":"❤️","phrase":"Pidän koirasta."},{"type":"👀","phrase":"Näin koiran."},{"type":"🔊","phrase":"Mitä melua koira aiheuttaa?"},{"type":"🐕","phrase":"Voimmeko saada koiran lemmikiksi?"}]},{"slug":"fish","title":"Kalastaa","phrases":[{"type":"❤️","phrase":"Minä pidän kalasta."},{"type":"👀","phrase":"Näin kalan."},{"type":"🔊","phrase":"Mitä melua kala aiheuttaa?"},{"type":"🐠","phrase":"Voimmeko saada kalan lemmikiksi?"}]},{"slug":"rabbit","title":"Kani","phrases":[{"type":"❤️","phrase":"Pidän kaneista."},{"type":"👀","phrase":"Näin kanin."},{"type":"🔊","phrase":"Mitä melua kani aiheuttaa?"},{"type":"🐇","phrase":"Voimmeko saada kanin lemmikiksi?"}]},{"slug":"butterfly","title":"Perhonen","phrases":[{"type":"❤️","phrase":"Pidän perhosista."},{"type":"👀","phrase":"Näin perhonen."},{"type":"🔊","phrase":"Mitä melua perhonen aiheuttaa?"}]},{"slug":"kangaroo","title":"Kenguru","phrases":[{"type":"❤️","phrase":"Pidän kenguruista."},{"type":"👀","phrase":"Näin kenguru."},{"type":"🔊","phrase":"Mitä melua kenguru aiheuttaa?"}]},{"slug":"turtle","title":"Kilpikonna","phrases":[{"type":"❤️","phrase":"Pidän kilpikonnista."},{"type":"👀","phrase":"Näin kilpikonna."},{"type":"🔊","phrase":"Mitä melua kilpikonna aiheuttaa?"}]},{"slug":"giraffe","title":"Kirahvi","phrases":[{"type":"❤️","phrase":"Pidän kirahveista."},{"type":"👀","phrase":"Minä näin kirahvi."},{"type":"🔊","phrase":"Mitä melua kirahvi aiheuttaa?"}]},{"slug":"frog","title":"Sammakko","phrases":[{"type":"❤️","phrase":"Pidän sammakoista."},{"type":"👀","phrase":"Näin sammakon."},{"type":"🔊","phrase":"Mitä melua sammakko aiheuttaa?"}]},{"slug":"swan","title":"Joutsen","phrases":[{"type":"❤️","phrase":"Pidän joutsenista."},{"type":"👀","phrase":"Näin joutsen."},{"type":"🔊","phrase":"Mitä melua joutsen tekee?"}]},{"slug":"spider","title":"Hämähäkki","phrases":[{"type":"❤️","phrase":"Pidän hämähäkkeistä."},{"type":"👀","phrase":"Näin hämähäkin."},{"type":"🔊","phrase":"Mitä melua hämähäkki tekee?"}]},{"slug":"cow","title":"Lehmä","phrases":[{"type":"❤️","phrase":"Pidän lehmistä."},{"type":"👀","phrase":"Näin lehmän."},{"type":"🔊","phrase":"Mitä melua lehmä aiheuttaa?"}]},{"slug":"duck","title":"Ankka","phrases":[{"type":"❤️","phrase":"Pidän ankista."},{"type":"👀","phrase":"Näin ankan."},{"type":"🔊","phrase":"Mitä melua ankka aiheuttaa?"}]},{"slug":"horse","title":"Hevonen","phrases":[{"type":"❤️","phrase":"Pidän hevosista."},{"type":"👀","phrase":"Näin hevosen."},{"type":"🔊","phrase":"Mitä melua hevonen tekee?"}]},{"slug":"chicken","title":"Kana","phrases":[{"type":"❤️","phrase":"Pidän kanoista."},{"type":"👀","phrase":"Näin kana."},{"type":"🔊","phrase":"Mitä melua kana aiheuttaa?"}]},{"slug":"bee","title":"Mehiläinen","phrases":[{"type":"❤️","phrase":"Pidän mehiläisistä."},{"type":"👀","phrase":"Näin mehiläisen."},{"type":"🔊","phrase":"Mitä melua mehiläinen aiheuttaa?"}]},{"slug":"pig","title":"Sika","phrases":[{"type":"❤️","phrase":"Pidän sioista."},{"type":"👀","phrase":"Näin sian."},{"type":"🔊","phrase":"Mitä melua sika aiheuttaa?"}]},{"slug":"dove","title":"Kyyhkynen","phrases":[{"type":"❤️","phrase":"Pidän kyyhkysistä."},{"type":"👀","phrase":"Näin kyyhkynen."},{"type":"🔊","phrase":"Mitä melua kyyhky tekee?"}]},{"slug":"crab","title":"Rapu","phrases":[{"type":"❤️","phrase":"Pidän rapuista."},{"type":"👀","phrase":"Näin rapu."},{"type":"🔊","phrase":"Mitä melua rapu aiheuttaa?"}]},{"slug":"penguin","title":"Pingviini","phrases":[{"type":"❤️","phrase":"Pidän pingviinista."},{"type":"👀","phrase":"Näin pingviinin."},{"type":"🔊","phrase":"Mitä melua pingviini aiheuttaa?"}]},{"slug":"elephant","title":"Norsu","phrases":[{"type":"❤️","phrase":"Pidän norsuista."},{"type":"👀","phrase":"Näin elefantin."},{"type":"🔊","phrase":"Mitä melua elefantti aiheuttaa?"}]},{"slug":"zebra","title":"Seepra","phrases":[{"type":"❤️","phrase":"Pidän seepoista."},{"type":"👀","phrase":"Näin seepra."},{"type":"🔊","phrase":"Mitä melua seepra aiheuttaa?"}]},{"slug":"panda","title":"Panda","phrases":[{"type":"❤️","phrase":"Pidän pandaista."},{"type":"👀","phrase":"Näin pandan."},{"type":"🔊","phrase":"Mitä melua panda aiheuttaa?"}]},{"slug":"monkey","title":"Apina","phrases":[{"type":"❤️","phrase":"Pidän apinoista."},{"type":"👀","phrase":"Näin apinan."},{"type":"🔊","phrase":"Mitä melua apina aiheuttaa?"}]},{"slug":"camel","title":"Kameli","phrases":[{"type":"❤️","phrase":"Pidän kameleista."},{"type":"👀","phrase":"Näin kamelin."},{"type":"🔊","phrase":"Mitä melua kameli tekee?"}]},{"slug":"mouse","title":"Hiiri","phrases":[{"type":"❤️","phrase":"Pidän hiiristä."},{"type":"👀","phrase":"Näin hiiren."},{"type":"🔊","phrase":"Mitä melua hiiri aiheuttaa?"}]},{"slug":"tiger","title":"Tiikeri","phrases":[{"type":"❤️","phrase":"Pidän tiikereistä."},{"type":"👀","phrase":"Näin tiikerin."},{"type":"🔊","phrase":"Mitä melua tiikeri aiheuttaa?"}]},{"slug":"jellyfish","title":"Meduusa","phrases":[{"type":"❤️","phrase":"Pidän meduusoista."},{"type":"👀","phrase":"Näin meduusa."},{"type":"🔊","phrase":"Mitä melua meduusat aiheuttavat?"}]},{"slug":"crocodile","title":"Krokotiili","phrases":[{"type":"❤️","phrase":"Pidän krokotiileistä."},{"type":"👀","phrase":"Näin krokotiilin."},{"type":"🔊","phrase":"Mitä melua krokotiili aiheuttaa?"}]},{"slug":"koala","title":"Koala","phrases":[{"type":"❤️","phrase":"Pidän koalas."},{"type":"👀","phrase":"Näin koala."},{"type":"🔊","phrase":"Mitä melua koala tekee?"}]},{"slug":"ostrich","title":"Strutsi","phrases":[{"type":"❤️","phrase":"Pidän strutsista."},{"type":"👀","phrase":"Näin strutin."},{"type":"🔊","phrase":"Mitä melua strutsi aiheuttaa?"}]},{"slug":"racoon","title":"supi","phrases":[{"type":"❤️","phrase":"Pidän pesukoneista."},{"type":"👀","phrase":"Minä näin pesukarun."},{"type":"🔊","phrase":"Mitä melua pesukone tekee?"}]},{"slug":"bat","title":"lepakko","phrases":[{"type":"❤️","phrase":"Pidän lepakoista."},{"type":"👀","phrase":"Näin bat."},{"type":"🔊","phrase":"Mitä melua lepakko aiheuttaa?"}]},{"slug":"eagle","title":"Kotka","phrases":[{"type":"❤️","phrase":"Pidän kotkista."},{"type":"👀","phrase":"Näin kotkan."},{"type":"🔊","phrase":"Mitä melua kotka aiheuttaa?"}]},{"slug":"hippopotamus","title":"Virtahepo","phrases":[{"type":"❤️","phrase":"Pidän virtahevosta."},{"type":"👀","phrase":"Näin virtahevon."},{"type":"🔊","phrase":"Mitä melua virtahepo tekee?"}]},{"slug":"seal","title":"Tiiviste","phrases":[{"type":"❤️","phrase":"Pidän sinetteistä."},{"type":"👀","phrase":"Näin sinetin."},{"type":"🔊","phrase":"Mitä melua sinetti aiheuttaa?"}]},{"slug":"walrus","title":"Mursu","phrases":[{"type":"❤️","phrase":"Pidän kursuista."},{"type":"👀","phrase":"Näin kuusun."},{"type":"🔊","phrase":"Mitä melua kurkku aiheuttaa?"}]},{"slug":"seahorse","title":"Seahorse","phrases":[{"type":"❤️","phrase":"Pidän merihevosista."},{"type":"👀","phrase":"Näin merihevosen."},{"type":"🔊","phrase":"Mitä melua merihevonen tekee?"}]},{"slug":"bull","title":"Sonni","phrases":[{"type":"❤️","phrase":"Pidän häristä."},{"type":"👀","phrase":"Näin härän."},{"type":"🔊","phrase":"Mitä melua härkä tekee?"}]},{"slug":"pelican","title":"Pelikaani","phrases":[{"type":"❤️","phrase":"Pidän pelikaaneista."},{"type":"👀","phrase":"Minä näin pelikaanin."},{"type":"🔊","phrase":"Mitä melua pelikaani aiheuttaa?"}]},{"slug":"beaver","title":"Majava","phrases":[{"type":"❤️","phrase":"Pidän majavista."},{"type":"👀","phrase":"Näin majavan."},{"type":"🔊","phrase":"Mitä melua majava aiheuttaa?"}]},{"slug":"goldfish","title":"Kultakala","phrases":[{"type":"❤️","phrase":"Pidän kultakaloista."},{"type":"👀","phrase":"Minä näin kultakala."},{"type":"🔊","phrase":"Mitä melua kultakala aiheuttaa?"},{"type":"🐠","phrase":"Voimmeko saada kultaisen kalan lemmikkinä?"}]},{"slug":"rhinoceros","title":"Sarvikuono","phrases":[{"type":"❤️","phrase":"Pidän sarvikuonoista."},{"type":"👀","phrase":"Näin sarvikuono."},{"type":"🔊","phrase":"Mitä melua sarvikuono aiheuttaa?"}]},{"slug":"snake","title":"Käärme","phrases":[{"type":"❤️","phrase":"Pidän käärmeistä."},{"type":"👀","phrase":"Näin käärme."},{"type":"🔊","phrase":"Mitä melua käärme aiheuttaa?"}]},{"slug":"lion","title":"Leijona","phrases":[{"type":"❤️","phrase":"Pidän leijonoista."},{"type":"👀","phrase":"Näin leijonan."},{"type":"🔊","phrase":"Mitä melua leijona tekee?"}]},{"slug":"squid","title":"Kalmari","phrases":[{"type":"❤️","phrase":"Pidän kalmarista."},{"type":"👀","phrase":"Näin kalmarin."},{"type":"🔊","phrase":"Mitä melua kalmari aiheuttaa?"}]},{"slug":"whale","title":"Valas","phrases":[{"type":"❤️","phrase":"Pidän valaista."},{"type":"👀","phrase":"Näin valaan."},{"type":"🔊","phrase":"Mitä melua valaat tekevät?"}]},{"slug":"beetle","title":"kuoriainen","phrases":[{"type":"❤️","phrase":"Pidän kovakuoriaisista."},{"type":"👀","phrase":"Näin kovakuoriaisen."},{"type":"🔊","phrase":"Mitä melua kovakuoriaisesta kuuluu?"}]},{"slug":"dolphin","title":"Delfiini","phrases":[{"type":"❤️","phrase":"Pidän delfiineistä."},{"type":"👀","phrase":"Näin delfiinin."},{"type":"🔊","phrase":"Mitä melua delfiini aiheuttaa?"}]},{"slug":"starfish","title":"Meritähti","phrases":[{"type":"❤️","phrase":"Pidän meritähdistä."},{"type":"👀","phrase":"Näin meritähti."},{"type":"🔊","phrase":"Mitä melua meritähti aiheuttaa?"}]},{"slug":"parakeet","title":"Papukaija","phrases":[{"type":"❤️","phrase":"Pidän laskuvarjoista."},{"type":"👀","phrase":"Minä näin papukaijan."},{"type":"🔊","phrase":"Mitä melua papukaija aiheuttaa?"}]},{"slug":"owl","title":"Pöllö","phrases":[{"type":"❤️","phrase":"Pidän pöllöistä."},{"type":"👀","phrase":"Näin pöllön."},{"type":"🔊","phrase":"Mitä melua pöllö tekee?"}]},{"slug":"sheep","title":"lammas","phrases":[{"type":"❤️","phrase":"Pidän lampaista."},{"type":"👀","phrase":"Näin lampaan."},{"type":"🔊","phrase":"Mitä melua lammas aiheuttaa?"}]}]