[{"slug":"pants","title":"Housut","phrases":[{"type":"🧼","phrase":"Housuni ovat likaiset."},{"type":"🙋","phrase":"Voitko auttaa minua pukeutumaan housuihini?"}]},{"slug":"shirt","title":"Paita","phrases":[{"type":"🧼","phrase":"Paita on likainen."},{"type":"🙋","phrase":"Voitko auttaa minua pukemaan paitani?"}]},{"slug":"skirt","title":"Hame","phrases":[{"type":"🧼","phrase":"Hameeni on likainen."},{"type":"🙋","phrase":"Voitko auttaa minua pukeutumaan hameeni?"}]},{"slug":"panty","title":"Sukkahousut","phrases":[{"type":"🧼","phrase":"Alusasuni ovat likaiset."},{"type":"🙋","phrase":"Voitko auttaa minua käyttämään pikkuhousutani?"}]},{"slug":"jacket","title":"Takki","phrases":[{"type":"🧼","phrase":"Takkini on likainen."},{"type":"🙋","phrase":"Voitko auttaa minua takkini käyttämisessä?"}]},{"slug":"tie","title":"Solmio","phrases":[{"type":"❤️","phrase":"Tykkään pukeutua solmioihin."},{"type":"🙋","phrase":"Voitko auttaa minua sitomaan solmuni?"}]},{"slug":"baseball-cap","title":"Lippalakki","phrases":[{"type":"❤️","phrase":"Pidän baseball-lipun käytöstä."},{"type":"❓","phrase":"Mitä baseball-lippia minun pitää käyttää?"}]},{"slug":"dress","title":"Mekko","phrases":[{"type":"🧼","phrase":"Puku on likainen."},{"type":"🙋","phrase":"Voitko auttaa minua pukeutumaan?"}]},{"slug":"shoes","title":"kengät","phrases":[{"type":"🧼","phrase":"Kengät ovat likaiset."},{"type":"🙋","phrase":"Voitko auttaa minua pukeutumaan kenkäni?"}]},{"slug":"boots","title":"Saappaat","phrases":[{"type":"🧼","phrase":"Saappaani ovat likaiset."},{"type":"🙋","phrase":"Voitko auttaa minua kantamaan saappaani?"}]},{"slug":"sneakers","title":"Lenkkarit","phrases":[{"type":"🎈","phrase":"Haluan käyttää lenkkarini."},{"type":"🙋","phrase":"Voitko auttaa minua lenkkarini käyttämisessä?"}]},{"slug":"slippers","title":"Tossut","phrases":[{"type":"🎈","phrase":"Haluan käyttää tossut."},{"type":"🙋","phrase":"Voitko auttaa minua käyttämään tossut?"}]},{"slug":"belt","title":"Vyö","phrases":[{"type":"❤️","phrase":"Pidän vyön käyttämisestä."},{"type":"🙋","phrase":"Voitko auttaa minua käyttämään vyöni?"}]},{"slug":"socks","title":"Sukat","phrases":[{"type":"🧼","phrase":"Sukat ovat likaiset."},{"type":"🙋","phrase":"Voitko auttaa minua sukkani käyttämisessä?"}]},{"slug":"swimsuit","title":"Uimapuku","phrases":[{"type":"❤️","phrase":"Haluan käyttää uimapukua."},{"type":"🙋","phrase":"Voitko auttaa minua uimapuvuni käyttämisessä?"}]},{"slug":"sweater","title":"Villapaita","phrases":[{"type":"🧼","phrase":"Villapuseroni on likainen."},{"type":"🙋","phrase":"Voitko auttaa minua pukeutumaan puserooni?"}]},{"slug":"scarf","title":"Huivi","phrases":[{"type":"❤️","phrase":"Pidän huivin käyttämisestä."},{"type":"🙋","phrase":"Voitko auttaa minua kantamaan huiviini?"}]},{"slug":"denim-shorts","title":"Farkkushortsit","phrases":[{"type":"🧼","phrase":"Farmashortsini ovat likaiset."},{"type":"🙋","phrase":"Voitko auttaa minua pukeutumaan farkkushousuihini?"}]},{"slug":"hoodies","title":"hupparit","phrases":[{"type":"❤️","phrase":"Pidän hupparien pitämisestä."},{"type":"🙋","phrase":"Voitko auttaa minua hupparini käyttämisessä?"}]},{"slug":"swimming-shorts","title":"Uimahousut","phrases":[{"type":"🧼","phrase":"Uimahousut ovat likaiset."},{"type":"🙋","phrase":"Voitko auttaa minua pukeutumaan uimahousuihini?"}]},{"slug":"bow-tie","title":"Rusetti","phrases":[{"type":"❤️","phrase":"Tykkään pukeutua rusetista."},{"type":"🙋","phrase":"Voitko auttaa minua pukemaan rusettini?"}]},{"slug":"leather-jacket","title":"Nahka takki","phrases":[{"type":"❤️","phrase":"Pidän yllään nahkatakki."},{"type":"🙋","phrase":"Voitko auttaa minua nahkatakkini käyttämisessä?"}]},{"slug":"bathrobe","title":"Bathrope","phrases":[{"type":"❤️","phrase":"Pidän kylpytakien käyttämisestä."},{"type":"🙋","phrase":"Voitko auttaa minua pukeutumaan kylpytakkiini?"}]},{"slug":"jumpsuit","title":"Jumpsuit","phrases":[{"type":"❤️","phrase":"Pidän yllään jumpsuit-vaatteita."},{"type":"🙋","phrase":"Voitko auttaa minua pukemaan jumpsuitani?"}]},{"slug":"fedora-hat","title":"Fedora hattu","phrases":[{"type":"❤️","phrase":"Pidän pukeutumisesta fedora-hattuun."},{"type":"🙋","phrase":"Voitko auttaa minua pukemaan fedora-hatuni?"}]},{"slug":"t-shirt","title":"T-paita","phrases":[{"type":"❤️","phrase":"Pidän yllään t-paita."},{"type":"🙋","phrase":"Voitko auttaa minua käyttämään t-paitani?"}]},{"slug":"sleeveless","title":"Hihaton","phrases":[{"type":"❤️","phrase":"Pidän yllään hihaton."},{"type":"🙋","phrase":"Voitko auttaa minua käyttämään hihattomiani?"}]},{"slug":"boxers","title":"nyrkkeilijät","phrases":[{"type":"❤️","phrase":"Pidän nyrkkeilijöiden pukeutumisesta."},{"type":"🙋","phrase":"Voitko auttaa minua käyttämään nyrkkeilijöitäni?"}]},{"slug":"vest","title":"Liivi","phrases":[{"type":"❤️","phrase":"Pidän liivin käyttämisestä."},{"type":"🙋","phrase":"Voitko auttaa minua liivini käyttämisessä?"}]},{"slug":"pamela-hat","title":"Pamela hattu","phrases":[{"type":"❤️","phrase":"Pidän pamela-hatun käytöstä."},{"type":"🙋","phrase":"Voitko auttaa minua käyttämään Pamela-hattua?"}]},{"slug":"high-heels","title":"Korkokengät","phrases":[{"type":"❤️","phrase":"Tykkään käyttää korkokenkiä."},{"type":"🙋","phrase":"Voitko auttaa minua käyttämään korkokenkiäni?"}]},{"slug":"overalls","title":"Haalarit","phrases":[{"type":"❤️","phrase":"Tykkään pukeutua haalareihin."},{"type":"🙋","phrase":"Voitko auttaa minua pukeutumaan haalariti?"}]},{"slug":"kimono","title":"Kimono","phrases":[{"type":"❤️","phrase":"Tykkään käyttää kimonoa."},{"type":"🙋","phrase":"Voitko auttaa minua käyttämään kimonooni?"}]},{"slug":"raincoat","title":"Sadetakki","phrases":[{"type":"❤️","phrase":"Pidän sadetakin käyttämisestä."},{"type":"🙋","phrase":"Voitko auttaa minua pukeutumaan sadetakkiini?"}]},{"slug":"bandana","title":"Huivi","phrases":[{"type":"❤️","phrase":"Pidän yllään bandanaa."},{"type":"🙋","phrase":"Voitko auttaa minua pitämään bandanaani?"}]},{"slug":"beret","title":"Baskeri","phrases":[{"type":"❤️","phrase":"Pidän yllään baskereita."},{"type":"🙋","phrase":"Voitko auttaa minua pukeutumaan berettiini?"}]},{"slug":"knit-hat","title":"Neulo hattu","phrases":[{"type":"❤️","phrase":"Pidän pukeutuneesta hatusta."},{"type":"🙋","phrase":"Voitko auttaa minua käyttämään neulottua hattuani?"}]},{"slug":"suspenders","title":"Henkselit","phrases":[{"type":"❤️","phrase":"Pidän housujen käytöstä."},{"type":"🙋","phrase":"Voitko auttaa minua käyttämään housujani?"}]},{"slug":"mitten","title":"lapanen","phrases":[{"type":"❤️","phrase":"Tykkään pukeutua lapaseen."},{"type":"🙋","phrase":"Voitko auttaa minua käyttämään lapasetani?"}]},{"slug":"suit","title":"Puku","phrases":[{"type":"❤️","phrase":"Pidän puvusta."},{"type":"🙋","phrase":"Voitko auttaa minua pukeutumaan?"}]},{"slug":"coat","title":"Takki","phrases":[{"type":"❤️","phrase":"Pidän yllään turkin kanssa."},{"type":"🙋","phrase":"Voitko auttaa minua pukeutumaan takkiini?"}]},{"slug":"trench-coat","title":"Trenssi","phrases":[{"type":"❤️","phrase":"Pidän yllään trenssitakki."},{"type":"🙋","phrase":"Voitko auttaa minua pukeutumaan takkiini?"}]}]