[{"slug":"crayons","title":"väriliidut","phrases":[{"type":"❤️","phrase":"Pidän värikynistä."},{"type":"🙋","phrase":"Voitko antaa minulle värikynät?"},{"type":"🖍️","phrase":"Haluan piirtää värikynilläni."}]},{"slug":"red","title":"Punainen","phrases":[{"type":"👉","phrase":"Se on punainen."},{"type":"💜","phrase":"Minun lempivärini on punainen."},{"type":"🙋","phrase":"Voitko antaa minulle punaista maalia?"}]},{"slug":"blue","title":"Sininen","phrases":[{"type":"👉","phrase":"Se on sininen."},{"type":"💜","phrase":"Lempivärini on sininen."},{"type":"🙋","phrase":"Voitko antaa sinisen maalin?"}]},{"slug":"orange","title":"Oranssi","phrases":[{"type":"👉","phrase":"Se on oranssi."},{"type":"💜","phrase":"Lempiväri on oranssi."},{"type":"🙋","phrase":"Voitko antaa minulle oranssin maalin?"}]},{"slug":"green","title":"Vihreä","phrases":[{"type":"👉","phrase":"Se on vihreä."},{"type":"💜","phrase":"Lempivärini on vihreä."},{"type":"🙋","phrase":"Voitko antaa minulle vihreän maalin?"}]},{"slug":"yellow","title":"Keltainen","phrases":[{"type":"👉","phrase":"Se on keltainen."},{"type":"💜","phrase":"Lempiväri on keltainen."},{"type":"🙋","phrase":"Voitko antaa minulle keltaisen maalin?"}]},{"slug":"purple","title":"Violetti","phrases":[{"type":"👉","phrase":"Se on violetti."},{"type":"💜","phrase":"Lempivärini on violetti."},{"type":"🙋","phrase":"Voitko antaa minulle violetin maalin?"}]},{"slug":"pink","title":"Pinkki","phrases":[{"type":"👉","phrase":"Se on vaaleanpunainen."},{"type":"💜","phrase":"Lempivärini on pinkki."},{"type":"🙋","phrase":"Voitko antaa minulle vaaleanpunaisen maalin?"}]},{"slug":"brown","title":"Ruskea","phrases":[{"type":"👉","phrase":"Se on ruskea."},{"type":"💜","phrase":"Lempiväri on ruskea."},{"type":"🙋","phrase":"Voitko antaa minulle ruskean maalin?"}]},{"slug":"black","title":"Musta","phrases":[{"type":"👉","phrase":"Se on musta."},{"type":"💜","phrase":"Lempiväri on musta."},{"type":"🙋","phrase":"Voitko antaa minulle mustan maalin?"}]},{"slug":"white","title":"Valkoinen","phrases":[{"type":"👉","phrase":"Se on valkoinen."},{"type":"💜","phrase":"Lempiväri on valkoinen."},{"type":"🙋","phrase":"Voitko antaa minulle valkoisen maalin?"}]},{"slug":"gray","title":"harmaa","phrases":[{"type":"👉","phrase":"Se on harmaa."},{"type":"💜","phrase":"Lempiväri on harmaa."},{"type":"🙋","phrase":"Voitko antaa minulle harmaata maalia?"}]},{"slug":"transparent","title":"läpinäkyvä","phrases":[{"type":"👉","phrase":"Se on läpinäkyvä."},{"type":"👀","phrase":"Näen läpinäkyvän värin takana."},{"type":"🙋","phrase":"Voitko auttaa minua poistamaan?"}]},{"slug":"cyan","title":"syaani","phrases":[{"type":"👉","phrase":"Se on syaania."},{"type":"💜","phrase":"Lempiväri on syaani."},{"type":"🙋","phrase":"Voitko antaa syaanimaalia?"}]},{"slug":"violet","title":"Violetti","phrases":[{"type":"👉","phrase":"Se on violetti."},{"type":"💜","phrase":"Lempivärini on violetti."},{"type":"🙋","phrase":"Voitko antaa minulle violetti maalin?"}]},{"slug":"turquoise","title":"Turkoosi","phrases":[{"type":"👉","phrase":"Se on turkoosi."},{"type":"💜","phrase":"Lempiväri on turkoosi."},{"type":"🙋","phrase":"Voitko antaa minulle turkoosimaalin?"}]},{"slug":"lime","title":"Lime","phrases":[{"type":"👉","phrase":"Se on kalkkia."},{"type":"💜","phrase":"Lempiväri on kalkki."},{"type":"🙋","phrase":"Voitko antaa minulle kalkkimaalia?"}]},{"slug":"plum","title":"Luumu","phrases":[{"type":"👉","phrase":"Se on luumu."},{"type":"💜","phrase":"Lempivärini on luumu."},{"type":"🙋","phrase":"Voitko antaa minulle luumumaalia?"}]},{"slug":"tan","title":"rusketus","phrases":[{"type":"👉","phrase":"Se on ruskeanruskea."},{"type":"💜","phrase":"Lempivärini on rusketusväri."},{"type":"🙋","phrase":"Voitko antaa minulle ruskeanvärimaalin?"}]},{"slug":"avocado","title":"Avokado","phrases":[{"type":"👉","phrase":"Se on avokadoväriä."},{"type":"💜","phrase":"Lempivärini on avokadoväri."},{"type":"🙋","phrase":"Voitko antaa minulle avokadovärimaalin?"}]},{"slug":"barbie-pink","title":"Barbie vaaleanpunainen","phrases":[{"type":"👉","phrase":"Se on vaaleanpunainen väri."},{"type":"💜","phrase":"Lempiväri on barbie pinkki."},{"type":"🙋","phrase":"Voitko antaa minulle barbie-vaaleanpunaisen maalin?"}]},{"slug":"blizzard-blue","title":"Blizzard sininen","phrases":[{"type":"👉","phrase":"Se on lumimyrsky sininen."},{"type":"💜","phrase":"Lempivärini on lumimusta sininen."},{"type":"🙋","phrase":"Voitko antaa sinisen maalin?"}]}]