[{"slug":"coffee","title":"kahvi","phrases":[{"type":"❤️","phrase":"Pidän kahvin juomisesta."},{"type":"🙋","phrase":"Haluan juoda kahvia."}]},{"slug":"water","title":"vesi","phrases":[{"type":"☝️","phrase":"Minun täytyy juoda vettä."},{"type":"🙋","phrase":"Haluan juoda vettä."}]},{"slug":"juice","title":"Mehu","phrases":[{"type":"❤️","phrase":"Pidän mehun juomisesta."},{"type":"🙋","phrase":"Haluan juoda mehua."}]},{"slug":"tea","title":"tee","phrases":[{"type":"❤️","phrase":"Tykkään juoda teetä."},{"type":"🙋","phrase":"Haluan juoda teetä."}]},{"slug":"grape-juice","title":"Greippimehu","phrases":[{"type":"❤️","phrase":"Pidän rypälemehun juomisesta."},{"type":"🙋","phrase":"Haluan juoda rypälemehua."}]},{"slug":"milk","title":"Maito","phrases":[{"type":"❤️","phrase":"Pidän maidon juomisesta."},{"type":"🙋","phrase":"Haluan juoda maitoa."}]},{"slug":"milkshake","title":"pirtelö","phrases":[{"type":"❤️","phrase":"Pidän milkshake-juomisesta."},{"type":"🙋","phrase":"Haluan juoda pirtelö."}]},{"slug":"orange-juice","title":"appelsiinimehu","phrases":[{"type":"❤️","phrase":"Tykkään juoda appelsiinimehua."},{"type":"🙋","phrase":"Haluan juoda appelsiinimehua."}]},{"slug":"apple-juice","title":"omena mehu","phrases":[{"type":"❤️","phrase":"Tykkään juoda omenamehua."},{"type":"🙋","phrase":"Haluan juoda omenamehua."}]},{"slug":"pineapple-juice","title":"Ananas mehu","phrases":[{"type":"❤️","phrase":"Pidän juomasta ananasmehua."},{"type":"🙋","phrase":"Haluan juoda ananasmehua."}]},{"slug":"lemonade","title":"Limsa","phrases":[{"type":"❤️","phrase":"Tykkään juoda limonadia."},{"type":"🙋","phrase":"Haluan juoda limonadia."}]},{"slug":"coke","title":"Koksi","phrases":[{"type":"❤️","phrase":"Pidän koksin juomisesta."},{"type":"🙋","phrase":"Haluan juoda koksia."}]},{"slug":"soda","title":"Sooda","phrases":[{"type":"❤️","phrase":"Tykkään juoda soodaa."},{"type":"🙋","phrase":"Haluan juoda soodaa."}]},{"slug":"frappe","title":"Frappe","phrases":[{"type":"❤️","phrase":"Tykkään juoda frappea."},{"type":"🙋","phrase":"Haluan juoda frappea."}]},{"slug":"smoothie","title":"mielistelijä","phrases":[{"type":"❤️","phrase":"Pidän juo smoothiea."},{"type":"🙋","phrase":"Haluan juoda smoothiet."}]},{"slug":"iced-tea","title":"Jäätee","phrases":[{"type":"❤️","phrase":"Tykkään juoda teetä."},{"type":"🙋","phrase":"Haluan juoda teetä."}]},{"slug":"hot-chocolate","title":"Kaakao","phrases":[{"type":"❤️","phrase":"Pidän kuuman suklaan juomisesta."},{"type":"🙋","phrase":"Haluan juoda kuumaa suklaata."}]},{"slug":"mineral-water","title":"Kivennäisvesi","phrases":[{"type":"❤️","phrase":"Pidän kivennäisveden juomisesta."},{"type":"🙋","phrase":"Haluan juoda kivennäisvettä."}]}]