[{"slug":"cotton-candy","title":"Cotto-karkkia","phrases":[{"type":"❤️","phrase":"Tykkään syödä puuvillakarkkeja."}]},{"slug":"magic-hat","title":"Maaginen hattu","phrases":[{"type":"❤️","phrase":"Pidän maagisen hatun käytöstä."}]},{"slug":"ferris-wheel","title":"maailmanpyörä","phrases":[{"type":"❤️","phrase":"Pidän ratsastamisesta maailmanpyörällä."}]},{"slug":"bowling","title":"Keilailu","phrases":[{"type":"❤️","phrase":"Pidän keilauksesta."}]},{"slug":"bumper-car","title":"Puskurin auto","phrases":[{"type":"❤️","phrase":"Tykkään ratsastaa puskurin autoon."}]},{"slug":"carousel","title":"Karuselli","phrases":[{"type":"❤️","phrase":"Pidän ratsastamisesta karusellissa."}]},{"slug":"balloons","title":"ilmapallot","phrases":[{"type":"❤️","phrase":"Pidän ilmapalloista."}]},{"slug":"cups","title":"kupit","phrases":[]},{"slug":"unicycle","title":"Unicylce","phrases":[]},{"slug":"circus-tent","title":"Sirkustelta","phrases":[]},{"slug":"food-truck","title":"Ruokarekka","phrases":[]},{"slug":"tea-cup-ride","title":"Teekuppi ratsastaa","phrases":[]},{"slug":"whack-a-mole","title":"Lyö moli","phrases":[]},{"slug":"food-stall","title":"Ruokakoju","phrases":[]},{"slug":"claw-machine","title":"Kynsi kone","phrases":[]},{"slug":"shooting-target","title":"Ammunta kohde","phrases":[]},{"slug":"teddy-bear","title":"Nalle","phrases":[]},{"slug":"fireworks","title":"Ilotulitus","phrases":[]},{"slug":"caramelized-apple","title":"Karamellisoitu omena","phrases":[]},{"slug":"ring","title":"Rengas","phrases":[]}]