[{"slug":"happy","title":"Onnellinen","phrases":[{"type":"🖐️","phrase":"Olen iloinen."},{"type":"🙋","phrase":"Olen onnellinen."},{"type":"❓","phrase":"Tunnetko sinut onnelliseksi?"},{"type":"☝️","phrase":"Haluan olla onnellinen."},{"type":"🎈","phrase":"Teet minut onnelliseksi."}]},{"slug":"sad","title":"Surullinen","phrases":[{"type":"🖐️","phrase":"Olen surullinen."},{"type":"🙋","phrase":"Olen surullinen."},{"type":"❓","phrase":"Oletko surullinen?"},{"type":"☝️","phrase":"En halua olla surullinen."},{"type":"😠","phrase":"Teet minut surulliseksi."}]},{"slug":"exhausted","title":"Uupunut","phrases":[{"type":"🖐️","phrase":"Olen uupunut."},{"type":"🙋","phrase":"Tunnen uupuneeni."},{"type":"❓","phrase":"Tunnetko itsesi uupuneeksi?"},{"type":"☝️","phrase":"En halua olla uupunut."}]},{"slug":"relaxed","title":"rento","phrases":[{"type":"🖐️","phrase":"Olen rento."},{"type":"🙋","phrase":"Olen rento."},{"type":"❓","phrase":"Tunnetko olosi rento?"},{"type":"☝️","phrase":"Haluan olla rento."}]},{"slug":"in-love","title":"Rakastunut","phrases":[{"type":"🖐️","phrase":"Olen rakastunut."},{"type":"🙋","phrase":"Tunnen rakkautta."},{"type":"❓","phrase":"Oletko rakastunut?"},{"type":"☝️","phrase":"Haluan rakastua."},{"type":"👉","phrase":"Rakastatko minua?"}]},{"slug":"stressed","title":"stressaantunut","phrases":[{"type":"🖐️","phrase":"Olen stressaantunut."},{"type":"🙋","phrase":"Tunnen stressiä."},{"type":"❓","phrase":"Tunnetko stressiä?"},{"type":"☝️","phrase":"En halua tuntea stressiä."}]},{"slug":"thankful","title":"Kiitollinen","phrases":[{"type":"🖐️","phrase":"Olen kiitollinen."},{"type":"🙋","phrase":"Olen kiitollinen."},{"type":"❓","phrase":"Tunnetko olosi kiitollinen?"},{"type":"☝️","phrase":"Haluan olla kiitollinen."}]},{"slug":"confused","title":"Hämmentynyt","phrases":[{"type":"🖐️","phrase":"Olen hämmentynyt."},{"type":"🙋","phrase":"Olen hämmentynyt."},{"type":"❓","phrase":"Oletko hämmentynyt?"},{"type":"☝️","phrase":"Sinä hämmennät minua."}]},{"slug":"joyful","title":"Iloinen","phrases":[{"type":"🖐️","phrase":"Olen iloinen."},{"type":"🙋","phrase":"Olen iloinen."},{"type":"❓","phrase":"Tunnetko sinut iloisena?"},{"type":"☝️","phrase":"Haluan olla iloinen."}]},{"slug":"angry","title":"Vihainen","phrases":[{"type":"🖐️","phrase":"Olen vihainen."},{"type":"🙋","phrase":"Olen vihainen."},{"type":"❓","phrase":"Oletko vihainen?"},{"type":"☝️","phrase":"Olen vihainen sinulle."},{"type":"😠","phrase":"Teet minut vihaiseksi."}]},{"slug":"smart","title":"Fiksu","phrases":[{"type":"🖐️","phrase":"Olen fiksu."},{"type":"🙋","phrase":"Tunnen olevani fiksu."},{"type":"❓","phrase":"Tuntuuko sinusta fiksu?"},{"type":"☝️","phrase":"Olenko fiksu?"},{"type":"👉","phrase":"Olet fiksu!"}]},{"slug":"afraid","title":"peloissaan","phrases":[{"type":"🖐️","phrase":"Minä pelkään."},{"type":"🙋","phrase":"Pelkään."},{"type":"❓","phrase":"Pelkäätkö sinä?"},{"type":"☝️","phrase":"En halua pelätä."},{"type":"😠","phrase":"Pelotat minua."}]},{"slug":"ashamed","title":"häpeissään","phrases":[{"type":"🖐️","phrase":"Häpeän."},{"type":"🙋","phrase":"Olen häpeissäni."},{"type":"❓","phrase":"Tunnetko häpeä?"},{"type":"☝️","phrase":"En halua häpeä."}]},{"slug":"shocked","title":"järkyttynyt","phrases":[{"type":"🖐️","phrase":"Olen järkyttynyt."},{"type":"🙋","phrase":"Olen järkyttynyt."},{"type":"❓","phrase":"Tuntuuko sinusta shokki?"},{"type":"☝️","phrase":"Ymmärsit minut."}]},{"slug":"sick","title":"Sairas","phrases":[{"type":"🖐️","phrase":"Olen sairas."},{"type":"🙋","phrase":"Minulla on huono olo."},{"type":"❓","phrase":"Tunnetko olosi sairaaksi?"},{"type":"☝️","phrase":"En halua olla sairas."},{"type":"🤢","phrase":"Olen kyllästynyt ruokaan."}]},{"slug":"frustrated","title":"turhautuneena","phrases":[{"type":"🖐️","phrase":"Olen turhautunut."},{"type":"🙋","phrase":"Olen turhautunut."},{"type":"❓","phrase":"Oletko turhautunut?"},{"type":"☝️","phrase":"En halua olla turhautunut."}]},{"slug":"excited","title":"Innoissaan","phrases":[{"type":"🖐️","phrase":"Olen innoissani."},{"type":"🙋","phrase":"Olen innoissani."},{"type":"❓","phrase":"Oletko innostunut?"},{"type":"☝️","phrase":"En halua olla innostunut."}]},{"slug":"nauseated","title":"pahoin","phrases":[{"type":"🖐️","phrase":"Olen pahoinvoinut."},{"type":"🙋","phrase":"Tunnen pahoinvointia."},{"type":"❓","phrase":"Tunnetko pahoinvointia?"},{"type":"☝️","phrase":"En halua tuntea pahoinvointia."}]},{"slug":"agitated","title":"kiihtynyt","phrases":[{"type":"🖐️","phrase":"Olen levoton."},{"type":"🙋","phrase":"Olen levoton."},{"type":"❓","phrase":"Tunnetko levottomuutta?"},{"type":"☝️","phrase":"En halua olla levoton."}]}]