[{"slug":"hungry","title":"Nälkäinen","phrases":[{"type":"‼️","phrase":"Olen nälkäinen."},{"type":"❓","phrase":"Oletko nälkäinen?"},{"type":"🙋","phrase":"Voitko tehdä minulle ruokaa?"},{"type":"🍳","phrase":"Mitä on päivälliseksi?"}]},{"slug":"thirsty","title":"Janoinen","phrases":[{"type":"‼️","phrase":"Olen janoinen."},{"type":"🌊","phrase":"Saisinko vettä?"},{"type":"🥛","phrase":"Saanko lasin vettä?"},{"type":"🙋","phrase":"Haluan jotain juotavaa."}]},{"slug":"cutlery","title":"Ruokailuvälineet","phrases":[{"type":"🙋","phrase":"Tarvitsen ruokailuvälineitä."},{"type":"🍽️","phrase":"Auta minua käyttämään ruokailuvälineitä."},{"type":"🍴","phrase":"Tarvitsen haarukan."},{"type":"🥄","phrase":"Tarvitsen lusikan."},{"type":"🥢","phrase":"Tarvitsen syömäpuikot."},{"type":"🔪","phrase":"Tarvitsen veitsen."},{"type":"🧻","phrase":"Tarvitsen lautasliinan."}]},{"slug":"apple","title":"Omena","phrases":[{"type":"❤️","phrase":"Pidän omenasta."},{"type":"❌","phrase":"En pidä omenasta."},{"type":"🙋","phrase":"Haluan syödä omenaa."}]},{"slug":"carrot","title":"Porkkana","phrases":[{"type":"❤️","phrase":"Pidän porkkanasta."},{"type":"❌","phrase":"En pidä porkkanasta."},{"type":"🙋","phrase":"Haluan syödä porkkanaa."}]},{"slug":"beans","title":"Pavut","phrases":[{"type":"❤️","phrase":"Pidän papuista."},{"type":"❌","phrase":"En pidä papuista."},{"type":"🙋","phrase":"Haluan syödä papuja."}]},{"slug":"chicken","title":"Kana","phrases":[{"type":"❤️","phrase":"Pidän kanasta."},{"type":"❌","phrase":"En pidä kanasta."},{"type":"🙋","phrase":"Haluan syödä kanaa."},{"type":"🍗","phrase":"Haluan paistettua kanaa."},{"type":"🐣","phrase":"Haluan keitetyn kanan."}]},{"slug":"chocolate","title":"Suklaa","phrases":[{"type":"❤️","phrase":"Minä pidän suklaasta."},{"type":"❌","phrase":"En pidä suklaasta."},{"type":"🙋","phrase":"Haluan syödä suklaata."},{"type":"⚫","phrase":"Haluan tummaa suklaata."},{"type":"⚪","phrase":"Haluan valkoista suklaata."}]},{"slug":"milk","title":"Maito","phrases":[{"type":"❤️","phrase":"Minä pidän maidosta."},{"type":"❌","phrase":"En pidä maidosta."},{"type":"🙋","phrase":"Haluan juoda maitoa."},{"type":"🍳","phrase":"Voinko saada lasillisen maitoa?"}]},{"slug":"sandwich","title":"Voileipä","phrases":[{"type":"❤️","phrase":"Pidän voileipästä."},{"type":"❌","phrase":"En pidä voileipästä."},{"type":"🙋","phrase":"Haluan syödä voileivän."},{"type":"🍳","phrase":"Voitko tehdä minulle voileivän?"}]},{"slug":"steak","title":"Pihvi","phrases":[{"type":"❤️","phrase":"Pidän pihvi."},{"type":"❌","phrase":"En pidä pihvi."},{"type":"🙋","phrase":"Haluan syödä pihvi."},{"type":"🍳","phrase":"Voitko keittää pihvin minulle?"}]},{"slug":"banana","title":"Banaani","phrases":[{"type":"❤️","phrase":"Pidän banaanista."},{"type":"❌","phrase":"En pidä banaanista."},{"type":"🙋","phrase":"Haluan syödä banaania."}]},{"slug":"pie","title":"Piirakka","phrases":[{"type":"❤️","phrase":"Pidän piirakasta."},{"type":"❌","phrase":"En pidä piiraasta."},{"type":"🙋","phrase":"Haluan syödä piirakkaa."},{"type":"🍳","phrase":"Voitko leipoa piirakan minulle?"}]},{"slug":"egg","title":"Kananmuna","phrases":[{"type":"❤️","phrase":"Pidän munasta."},{"type":"❌","phrase":"En pidä munasta."},{"type":"🙋","phrase":"Haluan syödä munaa."},{"type":"🍳","phrase":"Haluan paistettuja munia."},{"type":"🥚","phrase":"Haluan keitetyt munat."}]},{"slug":"noodles","title":"nuudelit","phrases":[{"type":"❤️","phrase":"Pidän nuudeleista."},{"type":"❌","phrase":"En pidä nuudeleista."},{"type":"🙋","phrase":"Haluan syödä nuudeleita."},{"type":"🍳","phrase":"Voitko keittää nuudelit minulle?"}]},{"slug":"salt","title":"Suola","phrases":[{"type":"🙋","phrase":"Haluan suolaa."},{"type":"❓","phrase":"Voitko ojentaa suolan?"},{"type":"🧂","phrase":"Ruoka on liian suolaista."},{"type":"🧂","phrase":"Ruokani tarvitsee suolaa."}]},{"slug":"spices","title":"Mausteet","phrases":[{"type":"❤️","phrase":"Pidän mausteisesta ruoasta."},{"type":"❌","phrase":"En pidä mausteisesta ruuasta."},{"type":"🙋","phrase":"Haluan paprikaa."},{"type":"⚫","phrase":"Haluan mustapippuria."}]},{"slug":"pizza","title":"Pizza","phrases":[{"type":"❤️","phrase":"Pidän pizzasta."},{"type":"❌","phrase":"En pidä pizzasta."},{"type":"🙋","phrase":"Haluan syödä pizzaa."},{"type":"🍳","phrase":"Voitko keittää pizzaa minulle?"},{"type":"☝️","phrase":"Voimmeko tilata pizzaa?"}]},{"slug":"cheese","title":"Juusto","phrases":[{"type":"❤️","phrase":"Pidän juustosta."},{"type":"❌","phrase":"En pidä juustosta."},{"type":"🙋","phrase":"Haluan syödä juustoa."}]},{"slug":"fish","title":"Kalastaa","phrases":[{"type":"❤️","phrase":"Minä pidän kalasta."},{"type":"❌","phrase":"En pidä kalasta."},{"type":"🙋","phrase":"Haluan syödä kalaa."},{"type":"🍳","phrase":"Voitko keittää kalaa minulle?"}]},{"slug":"ice-cream","title":"Jäätelö","phrases":[{"type":"❤️","phrase":"Pidän jäätelöstä."},{"type":"❌","phrase":"En pidä jäätelöstä."},{"type":"🙋","phrase":"Haluan syödä jäätelöä."},{"type":"☝️","phrase":"Voitko ostaa jäätelöä minulle?"}]},{"slug":"tea","title":"tee","phrases":[{"type":"❤️","phrase":"Minä pidän teestä."},{"type":"❌","phrase":"En pidä teestä."},{"type":"🙋","phrase":"Haluan juoda teetä."},{"type":"🍳","phrase":"Voitko tehdä teetä minulle?"}]},{"slug":"coffee","title":"kahvi","phrases":[{"type":"❤️","phrase":"Pidän kahvista."},{"type":"❌","phrase":"En pidä kahvista."},{"type":"🙋","phrase":"Haluan juoda kahvia."},{"type":"🍳","phrase":"Voitko tehdä kahvia minulle?"}]},{"slug":"tomato","title":"Tomaatti","phrases":[{"type":"❤️","phrase":"Pidän tomaatista."},{"type":"❌","phrase":"En pidä tomaatista."},{"type":"🙋","phrase":"Haluan syödä tomaattia."}]},{"slug":"cereal","title":"viljakasvien","phrases":[{"type":"❤️","phrase":"Pidän viljasta."},{"type":"❌","phrase":"En pidä viljasta."},{"type":"🙋","phrase":"Haluan syödä viljaa."},{"type":"🍳","phrase":"Voitko tehdä minut viljaksi?"}]},{"slug":"burger","title":"Hampurilainen","phrases":[{"type":"❤️","phrase":"Pidän hampurilaisesta."},{"type":"❌","phrase":"En pidä hampurilaisesta."},{"type":"🙋","phrase":"Haluan syödä hampurilaista."},{"type":"🍳","phrase":"Voitko keittää hampurilaista minulle?"},{"type":"☝️","phrase":"Voimmeko tilata hampurilaista?"}]},{"slug":"french-fries","title":"ranskanperunat","phrases":[{"type":"❤️","phrase":"Pidän ranskalaisista."},{"type":"❌","phrase":"En pidä ranskalaisista."},{"type":"🙋","phrase":"Haluan syödä ranskalaisia perunoita."},{"type":"🍳","phrase":"Voitko keittää ranskalaisia perunoita minulle?"},{"type":"☝️","phrase":"Voimmeko tilata ranskalaisia perunoita?"}]},{"slug":"spinach","title":"Pinaatti","phrases":[{"type":"❤️","phrase":"Pidän pinaatista."},{"type":"❌","phrase":"En pidä pinaatista."},{"type":"🙋","phrase":"Haluan syödä pinaattia."}]},{"slug":"rice","title":"Riisi","phrases":[{"type":"❤️","phrase":"Pidän riisistä."},{"type":"❌","phrase":"En pidä riisistä."},{"type":"🙋","phrase":"Haluan syödä riisiä."},{"type":"🍳","phrase":"Voitko keittää riisiä minulle?"}]},{"slug":"bread","title":"leipä","phrases":[{"type":"❤️","phrase":"Pidän leivästä."},{"type":"❌","phrase":"En pidä leivästä."},{"type":"🙋","phrase":"Haluan syödä leipää."},{"type":"☝️","phrase":"Voitko ostaa leipää?"}]},{"slug":"pasta","title":"Pasta","phrases":[{"type":"❤️","phrase":"Pidän pastasta."},{"type":"❌","phrase":"En pidä pastasta."},{"type":"🙋","phrase":"Haluan syödä pastaa."},{"type":"🍳","phrase":"Voitko keittää pasta minulle?"}]},{"slug":"sauce","title":"Kastike","phrases":[{"type":"❤️","phrase":"Pidän kastikkeesta."},{"type":"❌","phrase":"En pidä kastikkeesta."},{"type":"🙋","phrase":"Haluan kastikkeen."},{"type":"🔴","phrase":"Voinko saada ketsuppia?"},{"type":"⚪","phrase":"Voinko saada majoneesia?"},{"type":"🟡","phrase":"Voinko saada sinappia?"},{"type":"🚜","phrase":"Voinko saada ranchikastiketta?"}]},{"slug":"kebab","title":"Kebab","phrases":[{"type":"❤️","phrase":"Pidän kebabista."},{"type":"❌","phrase":"En pidä kebabista."},{"type":"🙋","phrase":"Haluan syödä kebabia."},{"type":"🍳","phrase":"Voitko keittää kebab minulle?"},{"type":"☝️","phrase":"Voimmeko tilata kebabia?"}]}]