[{"slug":"apple","title":"Omena","phrases":[{"type":"❤️","phrase":"Tykkään syödä omenaa."},{"type":"🙋","phrase":"Haluan syödä omenaa."},{"type":"❌","phrase":"En pidä omenasta."}]},{"slug":"watermelon","title":"Vesimeloni","phrases":[{"type":"❤️","phrase":"Tykkään syödä vesimelonia."},{"type":"🙋","phrase":"Haluan syödä vesimelonia."},{"type":"❌","phrase":"En pidä vesimelonista."}]},{"slug":"orange","title":"Oranssi","phrases":[{"type":"❤️","phrase":"Pidän oranssin syömisestä."},{"type":"🙋","phrase":"Haluan syödä appelsiinia."},{"type":"❌","phrase":"En pidä oranssista."}]},{"slug":"strawberry","title":"Mansikka","phrases":[{"type":"❤️","phrase":"Pidän mansikan syömisestä."},{"type":"🙋","phrase":"Haluan syödä mansikoita."},{"type":"❌","phrase":"En pidä mansikasta."}]},{"slug":"grape","title":"viinirypäle","phrases":[{"type":"❤️","phrase":"Pidän rypäleen syömisestä."},{"type":"🙋","phrase":"Haluan syödä viinirypäleitä."},{"type":"❌","phrase":"En pidä rypäleestä."}]},{"slug":"cherry","title":"Kirsikka","phrases":[{"type":"❤️","phrase":"Pidän kirsikan syömisestä."},{"type":"🙋","phrase":"Haluan syödä kirsikoita."},{"type":"❌","phrase":"En pidä kirsikasta."}]},{"slug":"mango","title":"Mango","phrases":[{"type":"❤️","phrase":"Pidän mangon syömisestä."},{"type":"🙋","phrase":"Haluan syödä mangot."},{"type":"❌","phrase":"En pidä mangosta."}]},{"slug":"guava","title":"guava","phrases":[{"type":"❤️","phrase":"Pidän guavan syömisestä."},{"type":"🙋","phrase":"Haluan syödä guavan."},{"type":"❌","phrase":"En pidä guavasta."}]},{"slug":"banana","title":"Banaani","phrases":[{"type":"❤️","phrase":"Pidän banaanin syömisestä."},{"type":"🙋","phrase":"Haluan syödä banaania."},{"type":"❌","phrase":"En pidä banaanista."}]},{"slug":"pomegranate","title":"Granaattiomena","phrases":[{"type":"❤️","phrase":"Tykkään syödä granaattiomenaa."},{"type":"🙋","phrase":"Haluan syödä granaattiomenaa."},{"type":"❌","phrase":"En pidä granaattiomenasta."}]},{"slug":"raspberry","title":"Vadelma","phrases":[{"type":"❤️","phrase":"Tykkään syödä vadelmaa."},{"type":"🙋","phrase":"Haluan syödä vadelmia."},{"type":"❌","phrase":"En pidä vadelmasta."}]},{"slug":"papaya","title":"Papaija","phrases":[{"type":"❤️","phrase":"Tykkään syödä papaijaa."},{"type":"🙋","phrase":"Haluan syödä papaijaa."},{"type":"❌","phrase":"En pidä papaijasta."}]},{"slug":"kiwi","title":"Kiivi","phrases":[{"type":"❤️","phrase":"Pidän kiivien syömisestä."},{"type":"🙋","phrase":"Haluan syödä kiiveä."},{"type":"❌","phrase":"En pidä kiwistä."}]},{"slug":"pineapple","title":"Ananas","phrases":[{"type":"❤️","phrase":"Tykkään syödä ananaksia."},{"type":"🙋","phrase":"Haluan syödä ananaksia."},{"type":"❌","phrase":"En pidä ananasta."}]},{"slug":"lemon","title":"Sitruuna","phrases":[{"type":"❤️","phrase":"Pidän sitruunan syömisestä."},{"type":"🙋","phrase":"Haluan syödä sitruunaa."},{"type":"❌","phrase":"En pidä sitruunasta."},{"type":"🍋","phrase":"Sitruunat ovat hapan."}]},{"slug":"apricot","title":"Aprikoosi","phrases":[{"type":"❤️","phrase":"Tykkään syödä aprikoosia."},{"type":"🙋","phrase":"Haluan syödä aprikoosia."},{"type":"❌","phrase":"En pidä aprikoosista."}]},{"slug":"dragon-fruit","title":"Dragon hedelmät","phrases":[{"type":"❤️","phrase":"Pidän dragon-hedelmien syömisestä."},{"type":"🙋","phrase":"Haluan syödä lohikäärmehedelmiä."},{"type":"❌","phrase":"En pidä lohikäärme hedelmistä."}]},{"slug":"peach","title":"Persikka","phrases":[{"type":"❤️","phrase":"Pidän persikan syömisestä."},{"type":"🙋","phrase":"Haluan syödä persikkaa."},{"type":"❌","phrase":"En pidä persikistä."}]},{"slug":"avocado","title":"Avokado","phrases":[{"type":"❤️","phrase":"Pidän avokadon syömisestä."},{"type":"🙋","phrase":"Haluan syödä avokadoa."},{"type":"❌","phrase":"En pidä avokadosta."}]},{"slug":"fig","title":"Kuva","phrases":[{"type":"❤️","phrase":"Pidän viikunan syömisestä."},{"type":"🙋","phrase":"Haluan syödä viikuna."},{"type":"❌","phrase":"En pidä viikuna"}]},{"slug":"lychee","title":"Litsi","phrases":[{"type":"❤️","phrase":"Tykkään syödä litsiä."},{"type":"🙋","phrase":"Haluan syödä litsiä."},{"type":"❌","phrase":"En pidä litsiä."}]},{"slug":"passion-fruit","title":"Passion hedelmä","phrases":[{"type":"❤️","phrase":"Pidän intohimon hedelmien syömisestä."},{"type":"🙋","phrase":"Haluan syödä intohimohedelmiä."},{"type":"❌","phrase":"En pidä intohimohedelmistä."}]},{"slug":"blueberry","title":"Mustikka","phrases":[{"type":"❤️","phrase":"Tykkään syödä mustikkaa."},{"type":"🙋","phrase":"Haluan syödä mustikoita."},{"type":"❌","phrase":"En pidä mustikasta."}]},{"slug":"coconut","title":"kookospähkinä","phrases":[{"type":"❤️","phrase":"Pidän kookospähkinän syömisestä."},{"type":"🙋","phrase":"Haluan syödä kookospähkinää."},{"type":"❌","phrase":"En pidä kookospähkinästä."}]}]