[{"slug":"gardener","title":"Puutarhuri","phrases":[]},{"slug":"sprout","title":"Versoa","phrases":[]},{"slug":"hose","title":"Letku","phrases":[]},{"slug":"glove","title":"Käsine","phrases":[]},{"slug":"flowers","title":"Kukat","phrases":[]},{"slug":"seeds","title":"Siemenet","phrases":[]},{"slug":"shovel","title":"Lapio","phrases":[]},{"slug":"watering","title":"Kastelu","phrases":[]},{"slug":"scarecrow","title":"Variksenpelätin","phrases":[]},{"slug":"tree","title":"Puu","phrases":[]},{"slug":"fertilizer","title":"Lannoite","phrases":[]},{"slug":"pitchfork","title":"hanko","phrases":[]},{"slug":"bucket","title":"Ämpäri","phrases":[]},{"slug":"fence","title":"Aita","phrases":[]},{"slug":"leaf","title":"Puun lehti","phrases":[]},{"slug":"windmill","title":"Tuulimylly","phrases":[]},{"slug":"spray","title":"Spray","phrases":[]},{"slug":"shears","title":"sakset","phrases":[]},{"slug":"sprinkler","title":"Sprinkleri","phrases":[]},{"slug":"tractor","title":"traktori","phrases":[]},{"slug":"jam","title":"hillo","phrases":[]},{"slug":"bonsai","title":"bonsai","phrases":[]},{"slug":"wheelbarrow","title":"Kottikärryt","phrases":[]},{"slug":"birdhouse","title":"Linnunpönttö","phrases":[]}]