[{"slug":"mixer","title":"Mikseri","phrases":[{"type":"🙋","phrase":"Voitko näyttää minulle, miten sekoitinta käytetään?"},{"type":"🤞","phrase":"Minun ei pitäisi käyttää mikseriä ilman vanhempani."}]},{"slug":"apron","title":"Esiliina","phrases":[{"type":"👚","phrase":"Käytän esiliinaa ruoanlaiton aikana."},{"type":"👚","phrase":"Äitini käyttää esiliinaa ruoanlaiton aikana."}]},{"slug":"fryer","title":"Paistinpannu","phrases":[{"type":"🙋","phrase":"Voitko näyttää minulle, kuinka rasvakeitintä käytetään?"},{"type":"🤞","phrase":"Minun ei pitäisi käyttää rasvakeittimiä ilman vanhempani."}]},{"slug":"rolling-pin","title":"Kaulin","phrases":[{"type":"🙋","phrase":"Voitko näyttää minulle, kuinka liikkuvaa pintaa käytetään?"},{"type":"💡","phrase":"Käytän rullanäppäintä taikinan rullaamiseen."}]},{"slug":"coffee-machine","title":"Kahvinkeitin","phrases":[{"type":"🙋","phrase":"Voitko näyttää minulle, kuinka käyttää kahvinkeitintä?"},{"type":"🤞","phrase":"Minun ei pitäisi käyttää kahvinkeitintä ilman vanhempani."}]},{"slug":"fridge","title":"Jääkaappi","phrases":[{"type":"🙋","phrase":"Voitko näyttää kuinka käyttää jääkaappia?"},{"type":"💡","phrase":"Jääkaappi pitää ruokia kylminä."}]},{"slug":"pot","title":"potti","phrases":[{"type":"🙋","phrase":"Voitko näyttää minulle, kuinka pottia käytetään?"},{"type":"🤞","phrase":"Minun ei pitäisi käyttää pottia ilman vanhempani."}]},{"slug":"toaster","title":"Leivänpaahdin","phrases":[{"type":"🙋","phrase":"Voitko näyttää minulle, miten leivänpaahdinta käytetään?"},{"type":"🤞","phrase":"Minun ei pitäisi käyttää leivänpaahdinta ilman vanhempani."}]},{"slug":"cutlery","title":"Ruokailuvälineet","phrases":[{"type":"🙋","phrase":"Voitko näyttää minulle, kuinka ruokailuvälineitä käytetään?"},{"type":"😋","phrase":"Opiskelen syömään ruokailuvälineillä."}]},{"slug":"spatula","title":"lasta","phrases":[{"type":"🙋","phrase":"Voitko näyttää minulle lastan käytön?"}]},{"slug":"oven","title":"Uuni","phrases":[{"type":"🙋","phrase":"Voitko näyttää minulle, miten uunia käytetään?"},{"type":"🤞","phrase":"Minun ei pitäisi käyttää uunia ilman vanhempani."}]},{"slug":"kitchen-timer","title":"Keittiöajastin","phrases":[{"type":"🙋","phrase":"Voitko näyttää minulle, kuinka keittiöajastinta käytetään?"},{"type":"⏱️","phrase":"Keittiön ajastin piippaa."}]},{"slug":"pizza-cutter","title":"Pizzaleikkuri","phrases":[{"type":"🙋","phrase":"Voitko näyttää minulle, kuinka pizzaleikkuria käytetään?"},{"type":"🤞","phrase":"Minun ei pitäisi käyttää pizzaleikkuria ilman vanhempani."}]},{"slug":"grater","title":"Raastin","phrases":[{"type":"🙋","phrase":"Voitko näyttää minulle, kuinka käyttää raastinta?"},{"type":"🤞","phrase":"Minun ei pitäisi käyttää raastinta ilman vanhempani."}]},{"slug":"grill","title":"Grilli","phrases":[{"type":"🙋","phrase":"Voitko näyttää minulle, kuinka grilliä käytetään?"},{"type":"🤞","phrase":"Minun ei pitäisi käyttää grilliä ilman vanhempani."}]},{"slug":"recipe-book","title":"Keittokirja","phrases":[{"type":"🙋","phrase":"Voinko valita keittoreseptin?"},{"type":"🍳","phrase":"Voimmeko keittää tämän reseptin?"}]},{"slug":"kitchen-utensils","title":"Keittiövälineet","phrases":[{"type":"❤️","phrase":"Pidän keittiötarvikkeiden käytöstä."},{"type":"🤞","phrase":"Minun ei pitäisi käyttää keittiövälineitä ilman vanhempani."}]},{"slug":"stove","title":"Liesi","phrases":[{"type":"🙋","phrase":"Voitko näyttää minulle, miten liesiä käytetään?"},{"type":"🤞","phrase":"Minun ei pitäisi käyttää liesiä ilman vanhempani."}]},{"slug":"salt-and-pepper","title":"Suolaa ja pippuria","phrases":[{"type":"🙋","phrase":"Voitko tuoda suolaa ja pippuria?"}]},{"slug":"kitchen-board","title":"Keittiön lauta","phrases":[{"type":"🙋","phrase":"Voinko kirjoittaa keittiön taululle?"}]},{"slug":"scale","title":"asteikko","phrases":[{"type":"🙋","phrase":"Voitko näyttää minulle, miten keittiövaakaa käytetään?"}]},{"slug":"teapot","title":"Teekannu","phrases":[{"type":"🙋","phrase":"Voitko näyttää minulle, kuinka käyttää teekannua?"},{"type":"🤞","phrase":"Minun ei pitäisi käyttää teekannua ilman vanhempani."}]},{"slug":"microwave","title":"Mikroaaltouuni","phrases":[{"type":"🙋","phrase":"Voitko näyttää kuinka käyttää mikroaaltouunia?"},{"type":"🤞","phrase":"Minun ei pitäisi käyttää mikroaaltouunia ilman vanhempani."}]}]