[{"slug":"hospital-bed","title":"Sairaalasänky","phrases":[{"type":"🙋","phrase":"Voitko auttaa minua sairaalasängyssä?"}]},{"slug":"weight-loss","title":"Painonpudotus","phrases":[{"type":"🏋️","phrase":"Minun on kohdeltava ruuan saantiani."},{"type":"🏃‍♀️","phrase":"Olen laihduttamassa."},{"type":"🥩","phrase":"Olen painoinen."}]},{"slug":"exercise","title":"Harjoittele","phrases":[{"type":"🏋️","phrase":"Teen liikuntaa."},{"type":"⏲️","phrase":"Minulla on harjoitteluohjelma."}]},{"slug":"medical-history","title":"Lääketieteellinen historia","phrases":[{"type":"📂","phrase":"Tässä on sairaushistoriani."}]},{"slug":"vitamin-c","title":"C-vitamiini","phrases":[{"type":"🍹","phrase":"Minun on otettava c-vitamiini."},{"type":"🍊","phrase":"Appelsiinit sisältävät c-vitamiinia."}]},{"slug":"thermometer","title":"Lämpömittari","phrases":[{"type":"🤒","phrase":"Voitko mitata kuumeeni?"},{"type":"🌡️","phrase":"Kuinka lämpömittari toimii?"}]},{"slug":"pills","title":"pillereitä","phrases":[{"type":"💊","phrase":"Minun on otettava pillereini."},{"type":"👉","phrase":"Otatko pillereitäsi?"}]},{"slug":"medical-mask","title":"Lääketieteellinen naamio","phrases":[]},{"slug":"dental-care","title":"Hammashoito","phrases":[{"type":"🦷","phrase":"Hampaani satuttavat."},{"type":"🦷","phrase":"Harjaan hampaani."}]},{"slug":"hearing-exam","title":"Kuulokoe","phrases":[{"type":"👂","phrase":"Minulla on kuulovaikeuksia."},{"type":"🦻","phrase":"Minulla on kuulotentti."}]},{"slug":"hospital","title":"Sairaala","phrases":[{"type":"🏥","phrase":"Menen sairaalaan."},{"type":"🏥","phrase":"Olen sairaalassa."}]},{"slug":"stethoscope","title":"Stetoskooppi","phrases":[{"type":"👨‍⚕️","phrase":"Lääkärit käyttävät stetoskooppia."},{"type":"🩺","phrase":"Voinko saada lelöstetoskoopin?"}]},{"slug":"ambulance","title":"Ambulanssi","phrases":[{"type":"👀","phrase":"Näin ambulanssin."},{"type":"👂","phrase":"Kuulin ambulanssin äänen."}]},{"slug":"drugstore","title":"Apteekki","phrases":[{"type":"🧾","phrase":"Minun on täytettävä resepti."},{"type":"➡️","phrase":"Tässä on resepti."}]},{"slug":"emergency","title":"Hätä","phrases":[{"type":"🚨","phrase":"Minulla on terveystilanne."},{"type":"🚑","phrase":"Menen ensiapuun."}]},{"slug":"health-insurance","title":"Terveysvakuutus","phrases":[{"type":"⚕️","phrase":"Minulla on sairausvakuutus."},{"type":"❌","phrase":"Minulla ei ole sairausvakuutusta."}]},{"slug":"doctor","title":"Lääkäri","phrases":[{"type":"❤️","phrase":"Pidän lääkäristäni."},{"type":"🤩","phrase":"Tohtori auttaa minua."}]},{"slug":"nurse","title":"Sairaanhoitaja","phrases":[{"type":"❤️","phrase":"Pidän sairaanhoitajastani."},{"type":"🤩","phrase":"Sairaanhoitaja auttaa minua."}]}]