[{"slug":"one","title":"Yksi","phrases":[{"type":"➖","phrase":"Yksi tulee ennen kahta."},{"type":"➕","phrase":"Yksi tulee nollan jälkeen."},{"type":"🙋","phrase":"Haluan yhden."}]},{"slug":"two","title":"Kaksi","phrases":[{"type":"➖","phrase":"Kaksi tulee ennen kolmea."},{"type":"➕","phrase":"Kaksi tulee yhden jälkeen."},{"type":"🙋","phrase":"Haluan kaksi."}]},{"slug":"three","title":"Kolme","phrases":[{"type":"➖","phrase":"Kolme tulee ennen neljää."},{"type":"➕","phrase":"Kolme tulee kahden jälkeen."},{"type":"🙋","phrase":"Haluan kolme."}]},{"slug":"four","title":"neljä","phrases":[{"type":"➖","phrase":"Neljä tulee ennen viittä."},{"type":"➕","phrase":"Neljä tulee kolmen jälkeen."},{"type":"🙋","phrase":"Haluan neljä."}]},{"slug":"five","title":"Viisi","phrases":[{"type":"➖","phrase":"Viisi tulee ennen kuutta."},{"type":"➕","phrase":"Viisi tulee neljän jälkeen."},{"type":"🙋","phrase":"Haluan viisi."}]},{"slug":"six","title":"Kuusi","phrases":[{"type":"➖","phrase":"Kuusi tulee ennen seitsemää."},{"type":"➕","phrase":"Kuusi tulee viiden jälkeen."},{"type":"🙋","phrase":"Haluan korjata."}]},{"slug":"seven","title":"seitsemän","phrases":[{"type":"➖","phrase":"Seitsemän tulee ennen kahdeksan."},{"type":"➕","phrase":"Seitsemän tulee kuuden jälkeen."},{"type":"🙋","phrase":"Haluan seitsemän."}]},{"slug":"eight","title":"Kahdeksan","phrases":[{"type":"➖","phrase":"Kahdeksan tulee ennen yhdeksää."},{"type":"➕","phrase":"Kahdeksan tulee seitsemän jälkeen."},{"type":"🙋","phrase":"Haluan kahdeksan."}]},{"slug":"nine","title":"Yhdeksän","phrases":[{"type":"➖","phrase":"Yhdeksän tulee ennen kymmentä."},{"type":"➕","phrase":"Yhdeksän tulee kahdeksan jälkeen."},{"type":"🙋","phrase":"Haluan yhdeksän."}]},{"slug":"ten","title":"Kymmenen","phrases":[{"type":"➖","phrase":"Kymmenen tulee ennen yksitoista."},{"type":"➕","phrase":"Kymmenen tulee yhdeksän jälkeen."},{"type":"🙋","phrase":"Haluan kymmenen."}]},{"slug":"eleven","title":"Yksitoista","phrases":[{"type":"➖","phrase":"Yksitoista tulee ennen kolmetoista."},{"type":"➕","phrase":"Yksitoista tulee kymmenen jälkeen."},{"type":"🙋","phrase":"Haluan yksitoista."}]},{"slug":"twenty","title":"Kaksikymmentä","phrases":[{"type":"🔢","phrase":"Voin lukea jopa kaksikymmentä."}]},{"slug":"thirty","title":"Kolmekymmentä","phrases":[{"type":"🔢","phrase":"Voin lukea jopa kolmekymmentä."}]},{"slug":"forty","title":"Neljäkymmentä","phrases":[{"type":"🔢","phrase":"Voin laskea jopa neljäkymmentä."}]},{"slug":"fifty","title":"Viisikymmentä","phrases":[{"type":"🔢","phrase":"Voin lukea jopa viisikymmentä."}]},{"slug":"hundred","title":"Sata","phrases":[{"type":"🔢","phrase":"Voin lukea jopa sata."}]},{"slug":"thousand","title":"tuhat","phrases":[{"type":"🔢","phrase":"Voin luottaa jopa tuhanteen."}]},{"slug":"calculator","title":"Laskin","phrases":[{"type":"🖩","phrase":"Haluan käyttää laskinta."},{"type":"🧮","phrase":"Voitko opettaa minulle laskimen käytön?"},{"type":"🙋","phrase":"Voinko laittaa laskimen?"}]}]