[{"slug":"teacher","title":"Opettaja","phrases":[{"type":"❓","phrase":"Mitä opettaja tekee?"},{"type":"🙋","phrase":"Haluan tulla opettajaksi."}]},{"slug":"police-officer","title":"Poliisi","phrases":[{"type":"❓","phrase":"Mitä poliisi tekee?"},{"type":"🙋","phrase":"Haluan tulla poliisiksi."}]},{"slug":"writer","title":"Kirjailija","phrases":[{"type":"❓","phrase":"Mitä kirjoittaja tekee?"},{"type":"🙋","phrase":"Haluan tulla kirjailijaksi."}]},{"slug":"doctor","title":"Lääkäri","phrases":[{"type":"❓","phrase":"Mitä lääkäri tekee?"},{"type":"🙋","phrase":"Haluan tulla lääkäriksi."}]},{"slug":"detective","title":"etsivä","phrases":[{"type":"❓","phrase":"Mitä etsivä tekee?"},{"type":"🙋","phrase":"Haluan tulla etsiväksi."}]},{"slug":"artist","title":"Taiteilija","phrases":[{"type":"❓","phrase":"Mitä taiteilija tekee?"},{"type":"🙋","phrase":"Haluan tulla taiteilijaksi."}]},{"slug":"singer","title":"Laulaja","phrases":[{"type":"❓","phrase":"Mitä laulaja tekee?"},{"type":"🙋","phrase":"Haluan tulla laulajaksi."}]},{"slug":"astronaut","title":"Astronautti","phrases":[{"type":"❓","phrase":"Mitä astronautti tekee?"},{"type":"🙋","phrase":"Haluan tulla astronautiksi."}]},{"slug":"sailor","title":"Merimies","phrases":[{"type":"❓","phrase":"Mitä merimies tekee?"},{"type":"🙋","phrase":"Haluan tulla merimieheksi."}]},{"slug":"chef","title":"Kokki","phrases":[{"type":"❓","phrase":"Mitä kokki tekee?"},{"type":"🙋","phrase":"Haluan tulla kokiksi."}]},{"slug":"farmer","title":"Viljelijä","phrases":[{"type":"❓","phrase":"Mitä viljelijä tekee?"},{"type":"🙋","phrase":"Haluan tulla viljelijäksi."}]},{"slug":"construction-worker","title":"Rakennustyöläinen","phrases":[{"type":"❓","phrase":"Mitä rakennusalan työntekijä tekee?"},{"type":"🙋","phrase":"Haluan tulla rakennusalan työntekijäksi."}]},{"slug":"baker","title":"Leipuri","phrases":[{"type":"❓","phrase":"Mitä leipuri tekee?"},{"type":"🙋","phrase":"Haluan tulla leipuriksi."}]},{"slug":"lifeguard","title":"Hengenpelastaja","phrases":[{"type":"❓","phrase":"Mitä hengenpelastaja tekee?"},{"type":"🙋","phrase":"Haluan tulla hengenpelastajaksi."}]},{"slug":"astronomer","title":"Tähtitieteilijä","phrases":[{"type":"❓","phrase":"Mitä tähtitieteilijä tekee?"},{"type":"🙋","phrase":"Haluan tulla tähtitieteilijäksi."}]},{"slug":"journalist","title":"Toimittaja","phrases":[{"type":"❓","phrase":"Mitä toimittaja tekee?"},{"type":"🙋","phrase":"Haluan tulla toimittajaksi."}]},{"slug":"archeologist","title":"Arkeologi","phrases":[{"type":"❓","phrase":"Mitä arkeologi tekee?"},{"type":"🙋","phrase":"Haluan tulla arkeologiksi."}]},{"slug":"musician","title":"Muusikko","phrases":[{"type":"❓","phrase":"Mitä muusikko tekee?"},{"type":"🙋","phrase":"Haluan tulla muusikkona."}]},{"slug":"magician","title":"Taikuri","phrases":[{"type":"❓","phrase":"Mitä taikuri tekee?"},{"type":"🙋","phrase":"Haluan tulla taikuriksi."}]},{"slug":"soccer-player","title":"Jalkapallopelaaja","phrases":[{"type":"❓","phrase":"Mitä jalkapalloilija tekee?"},{"type":"🙋","phrase":"Haluan tulla jalkapalloilijaksi."}]},{"slug":"postwoman","title":"Postwoman","phrases":[{"type":"❓","phrase":"Mitä postinainen tekee?"},{"type":"🙋","phrase":"Haluan tulla postinaiseksi."}]},{"slug":"firefighter","title":"palomies","phrases":[{"type":"❓","phrase":"Mitä palomies tekee?"},{"type":"🙋","phrase":"Haluan tulla palomieheksi."}]},{"slug":"scientist","title":"Tiedemies","phrases":[{"type":"❓","phrase":"Mitä tiedemies tekee?"},{"type":"🙋","phrase":"Haluan tulla tiedemieheksi."}]},{"slug":"gardener","title":"Puutarhuri","phrases":[{"type":"❓","phrase":"Mitä puutarhuri tekee?"},{"type":"🙋","phrase":"Haluan tulla puutarhuri."}]},{"slug":"butcher","title":"Lihakauppias","phrases":[{"type":"❓","phrase":"Mitä teurastaja tekee?"},{"type":"🙋","phrase":"Haluan tulla teurastajaksi."}]},{"slug":"veterinarian","title":"Eläinlääkäri","phrases":[{"type":"❓","phrase":"Mitä eläinlääkäri tekee?"},{"type":"🙋","phrase":"Haluan tulla eläinlääkäriksi."}]},{"slug":"lumber-jack","title":"Lumber tunkki","phrases":[{"type":"❓","phrase":"Mitä puutavaran tunkki tekee?"},{"type":"🙋","phrase":"Haluan tulla puutavaraksi."}]},{"slug":"miner","title":"Kaivosmies","phrases":[{"type":"❓","phrase":"Mitä kaivosmies tekee?"},{"type":"🙋","phrase":"Haluan tulla kaivosmies."}]},{"slug":"nun","title":"Nunna","phrases":[{"type":"❓","phrase":"Mitä nunna tekee?"},{"type":"🙋","phrase":"Haluan tulla nunnaksi."}]},{"slug":"fisher-woman","title":"Fisher nainen","phrases":[{"type":"❓","phrase":"Mitä kalastajanainen tekee?"},{"type":"🙋","phrase":"Haluan tulla kalastajanaiseksi."}]},{"slug":"hair-dresser","title":"Kampaaja","phrases":[{"type":"❓","phrase":"Mitä kampaaja tekee?"},{"type":"🙋","phrase":"Haluan tulla kampaajaksi."}]},{"slug":"mechanic","title":"Mekaaninen","phrases":[{"type":"❓","phrase":"Mitä mekaanikko tekee?"},{"type":"🙋","phrase":"Haluan tulla mekaanikkona."}]},{"slug":"electrician","title":"Sähköasentaja","phrases":[{"type":"❓","phrase":"Mitä sähköasentaja tekee?"},{"type":"🙋","phrase":"Haluan tulla sähköasentajaksi."}]},{"slug":"swimmer","title":"Uimari","phrases":[{"type":"❓","phrase":"Mitä uimari tekee?"},{"type":"🙋","phrase":"Haluan tulla uimari."}]},{"slug":"photographer","title":"Valokuvaaja","phrases":[{"type":"❓","phrase":"Mitä valokuvaaja tekee?"},{"type":"🙋","phrase":"Haluan tulla valokuvaajaksi."}]},{"slug":"priest","title":"Pappi","phrases":[{"type":"❓","phrase":"Mitä pappi tekee?"},{"type":"🙋","phrase":"Haluan tulla papiksi."}]},{"slug":"soldier","title":"Sotilas","phrases":[{"type":"❓","phrase":"Mitä sotilas tekee?"},{"type":"🙋","phrase":"Haluan tulla sotilasksi."}]},{"slug":"carpenter","title":"Puuseppä","phrases":[{"type":"❓","phrase":"Mitä puuseppä tekee?"},{"type":"🙋","phrase":"Haluan tulla kirvesmieheksi."}]},{"slug":"plumber","title":"Putkimies","phrases":[{"type":"❓","phrase":"Mitä putkimies tekee?"},{"type":"🙋","phrase":"Haluan tulla putkimies."}]},{"slug":"wall-painter","title":"Seinämaalari","phrases":[{"type":"❓","phrase":"Mitä seinämaalari tekee?"},{"type":"🙋","phrase":"Haluan tulla seinämaalareksi."}]},{"slug":"nurse","title":"Sairaanhoitaja","phrases":[{"type":"❓","phrase":"Mitä sairaanhoitaja tekee?"},{"type":"🙋","phrase":"Haluan tulla sairaanhoitajaksi."}]},{"slug":"judge","title":"Tuomari","phrases":[{"type":"❓","phrase":"Mitä tuomari tekee?"},{"type":"🙋","phrase":"Haluan tulla tuomariksi."}]},{"slug":"waiter","title":"Tarjoilija","phrases":[{"type":"❓","phrase":"Mitä tarjoilija tekee?"},{"type":"🙋","phrase":"Haluan tulla tarjoilijaksi."}]},{"slug":"pilot","title":"Lentäjä","phrases":[{"type":"❓","phrase":"Mitä lentäjä tekee?"},{"type":"🙋","phrase":"Haluan tulla lentäjäksi."}]},{"slug":"welder","title":"Hitsaaja","phrases":[{"type":"❓","phrase":"Mitä hitsaaja tekee?"},{"type":"🙋","phrase":"Haluan tulla hitsaajaksi."}]},{"slug":"executive","title":"Johtaja","phrases":[{"type":"❓","phrase":"Mitä johtaja tekee?"},{"type":"🙋","phrase":"Haluan tulla toimeenpanijaksi."}]},{"slug":"hostess","title":"Emäntä","phrases":[{"type":"❓","phrase":"Mitä emäntä tekee?"},{"type":"🙋","phrase":"Haluan tulla emäntä."}]}]