[{"slug":"confetti","title":"konfetit","phrases":[{"type":"❤️","phrase":"Pidän konfetistä."},{"type":"🙋","phrase":"Voinko poptaa konfetiä?"}]},{"slug":"party-blower","title":"Juhlapuhallin","phrases":[{"type":"❤️","phrase":"Pidän puoluepuhaltimista."},{"type":"🔊","phrase":"Onko puoluepuhaltimesi meluisa?"}]},{"slug":"gift","title":"Lahja","phrases":[{"type":"❤️","phrase":"Pidän lahjoista."},{"type":"🎁","phrase":"Mitä sait minulle lahjaksi?"}]},{"slug":"candle","title":"Kynttilä","phrases":[{"type":"❤️","phrase":"Pidän puoluekynttilöistä."},{"type":"🕯️","phrase":"Voinko puhaltaa kynttilöitä?"},{"type":"🎂","phrase":"Kuinka monta kynttilää on?"}]},{"slug":"party-hat","title":"Juhlahattu","phrases":[{"type":"❤️","phrase":"Pidän pukeutumisesta juhlahattuun."},{"type":"👚","phrase":"Käytän juhlahattua juhlan aikana."}]},{"slug":"balloons","title":"ilmapallot","phrases":[{"type":"❤️","phrase":"Pidän ilmapalloista."},{"type":"🎈","phrase":"Voinko poptaa ilmapalloja?"}]},{"slug":"garlands","title":"seppeleitä","phrases":[{"type":"❤️","phrase":"Pidän seppeleistä."},{"type":"🙋","phrase":"Haluan käyttää seppeleitä juhliin."},{"type":"🙋","phrase":"Voitko laittaa nämä seppeleet käsivarteni?"}]},{"slug":"cake","title":"Kakku","phrases":[{"type":"❤️","phrase":"Tykkään syödä kakkua."},{"type":"🙋","phrase":"Voinko saada siivu kakkua?"}]},{"slug":"ice-cream","title":"Jäätelö","phrases":[{"type":"❤️","phrase":"Tykkään syödä jäätelöä."},{"type":"🍭","phrase":"Mikä on suosikkimaku?"}]},{"slug":"microphone","title":"Mikrofoni","phrases":[{"type":"❤️","phrase":"Pidän karaoke soittamisesta."},{"type":"❤️","phrase":"Pidän laulamisesta."}]},{"slug":"music","title":"musiikki","phrases":[{"type":"❤️","phrase":"Pidän musiikin soittamisesta."},{"type":"🎶","phrase":"Minkälaisesta musiikista pidät?"}]},{"slug":"magician","title":"Taikuri","phrases":[{"type":"❤️","phrase":"Pidän taikureista."},{"type":"✨","phrase":"Haluan olla taikuri."},{"type":"🙋","phrase":"Voitteko opettaa minulle taiku temppuja?"}]},{"slug":"taking-photos","title":"Ottaa valokuvia","phrases":[{"type":"❤️","phrase":"Pidän valokuvien ottamisesta."},{"type":"🙋","phrase":"Voinko ottaa valokuvia puhelimellasi?"}]},{"slug":"invitation","title":"kutsu","phrases":[{"type":"📧","phrase":"Sain kutsun."},{"type":"📨","phrase":"Voinko kutsua ystäväni juhliin?"},{"type":"📨","phrase":"Voinko kutsua ystäväni syntymäpäiväjuhliin?"},{"type":"📨","phrase":"Voimmeko kutsua ystäväni siskoni juhliin?"},{"type":"📨","phrase":"Voimmeko kutsua ystäväni veljeni juhliin?"}]},{"slug":"candy","title":"karamelli","phrases":[{"type":"❤️","phrase":"Pidän karamelleistä."},{"type":"🙋","phrase":"Voinko syödä karkkia?"}]},{"slug":"popsicle","title":"Mehujää","phrases":[{"type":"❤️","phrase":"Pidän popsikkelista."},{"type":"🙋","phrase":"Voinko syödä popsiclea?"},{"type":"🙋","phrase":"Voimmeko tehdä popsikkelit?"},{"type":"🙋","phrase":"Haluatko syödä popsiclea?"}]},{"slug":"cupcake","title":"Kuppikakku","phrases":[{"type":"❤️","phrase":"Pidän cupcake."},{"type":"🙋","phrase":"Voinko syödä kuppikakkua?"}]},{"slug":"costume","title":"Puku","phrases":[{"type":"❤️","phrase":"Tykkään pukeutua pukuun."},{"type":"🦸","phrase":"Voinko pukeutua hämähäkkimiespukuun?"},{"type":"🦸‍♂️","phrase":"Voinko käyttää batman-pukua?"},{"type":"🦸‍♀️","phrase":"Voinko käyttää ihme naisen pukua?"}]},{"slug":"party-glasses","title":"Juhlalasit","phrases":[{"type":"❤️","phrase":"Pidän juhlalasista."},{"type":"🙋","phrase":"Voinko käyttää juhlalaseja?"}]},{"slug":"spotlights","title":"valonheittimet","phrases":[{"type":"❤️","phrase":"Pidän valonheittimistä."},{"type":"❌","phrase":"En pidä valonheittimistä."}]},{"slug":"marshmallow","title":"vaahtokaramelli","phrases":[{"type":"❤️","phrase":"Pidän vaahtokarkkeja."},{"type":"🔥","phrase":"Keitän vaahtokarkkia leirin tulipalon yli."},{"type":"🙋","phrase":"Haluan syödä vaahtokarkkeja."}]},{"slug":"guacamole","title":"guacamole","phrases":[{"type":"❤️","phrase":"Pidän guacamolista."},{"type":"🙋","phrase":"Voinko syödä guacamolia?"},{"type":"❌","phrase":"En halua syödä guacamolea."}]},{"slug":"hotdog","title":"Kuuma koira","phrases":[{"type":"❤️","phrase":"Pidän hotdogista."},{"type":"🙋","phrase":"Voinko saada hotdogin?"},{"type":"❌","phrase":"En halua syödä hotdogsia."},{"type":"🙋","phrase":"Voinko syödä hotdogsia?"}]},{"slug":"bouncy-castle","title":"Pomppulinna","phrases":[{"type":"❤️","phrase":"Pidän pomppulinnasta."},{"type":"🙋","phrase":"Haluan pelata pomppivassa linnassa."},{"type":"🙋","phrase":"Pelataan pomppulinnassa."}]},{"slug":"clown","title":"Pelle","phrases":[{"type":"❤️","phrase":"Pidän pelleistä."},{"type":"❌","phrase":"En pidä pelleistä."},{"type":"🙋","phrase":"Haluan olla pelle."}]},{"slug":"magic-hat","title":"Maaginen hattu","phrases":[{"type":"❤️","phrase":"Pidän taikahattuista."},{"type":"🧙‍♂️","phrase":"Olen velho!"},{"type":"🙋","phrase":"Haluan kuin taikuutta."}]},{"slug":"dart-board","title":"Dart-lauta","phrases":[{"type":"❤️","phrase":"Tykkään pelata tikkaa."},{"type":"🎯","phrase":"Dartin pelaaminen voi olla vaarallista."}]}]