[{"slug":"mother","title":"Äiti","phrases":[{"type":"⁉️","phrase":"Äiti!"},{"type":"💘","phrase":"Rakastan äitiäni."},{"type":"❤️","phrase":"Rakastan sinua äiti."},{"type":"☹️","phrase":"Ikävöin äitiäni."},{"type":"🙏🏼","phrase":"Kiitos, että huolehdit minusta."},{"type":"👉🏼","phrase":"Hän on äitini."},{"type":"❓","phrase":"Voitko auttaa minua löytämään äitini?"}]},{"slug":"father","title":"Isä","phrases":[{"type":"⁉️","phrase":"Isä!"},{"type":"💘","phrase":"Minä rakastan isääni."},{"type":"❤️","phrase":"Rakastan sinua isi."},{"type":"☹️","phrase":"Kaipaan isääni."},{"type":"🙏🏼","phrase":"Kiitos, että huolehdit minusta."},{"type":"👉🏼","phrase":"Hän on isäni."},{"type":"❓","phrase":"Voitko auttaa minua löytämään isäni?"}]},{"slug":"parents","title":"Vanhemmat","phrases":[{"type":"💑","phrase":"Rakastan vanhempiani."},{"type":"💘","phrase":"Rakastan vanhempiani."},{"type":"☹️","phrase":"Kaipaan vanhempani."},{"type":"👉🏼","phrase":"He ovat vanhempani."},{"type":"👨‍👩‍👧","phrase":"Vanhempani hoitavat minua."},{"type":"❓","phrase":"Voitko auttaa minua löytämään vanhempani?"}]},{"slug":"grandparents","title":"Isovanhemmat","phrases":[{"type":"💑","phrase":"Rakastan isovanhempani."},{"type":"💘","phrase":"Rakastan sinua isovanhemmat."},{"type":"☹️","phrase":"Kaipaan isovanhempani."},{"type":"👉🏼","phrase":"He ovat isovanhempani."},{"type":"👨‍👩‍👧","phrase":"Isovanhempani hoitavat minua."},{"type":"❓","phrase":"Voitko auttaa minua löytämään isovanhempani?"}]},{"slug":"brother","title":"Veli","phrases":[{"type":"💑","phrase":"Rakastan veljeäni."},{"type":"💘","phrase":"Rakastan sinua veli."},{"type":"☹️","phrase":"Kaipaan veljeäni."},{"type":"👉🏼","phrase":"Hän on minun veljeni."},{"type":"🙎‍♂️","phrase":"Veljeni hoitaa minua."},{"type":"❓","phrase":"Voitko auttaa minua löytämään veljeni?"}]},{"slug":"sister","title":"Sisko","phrases":[{"type":"💑","phrase":"Rakastan siskoani."},{"type":"💘","phrase":"Rakastan siskoasi."},{"type":"☹️","phrase":"Kaipaan siskoni."},{"type":"👉🏼","phrase":"Hän on minun sisareni."},{"type":"🙍‍♀️","phrase":"Sisareni pitää minusta huolta."},{"type":"❓","phrase":"Voitko auttaa minua löytämään siskoni?"}]},{"slug":"uncle","title":"Setä","phrases":[{"type":"💑","phrase":"Rakastan setääni."},{"type":"💘","phrase":"Rakastan sinua setä."},{"type":"☹️","phrase":"Kaipaan setääni."},{"type":"👉🏼","phrase":"Hän on setäni."},{"type":"❓","phrase":"Voitko auttaa minua löytämään setäni?"}]},{"slug":"aunt","title":"Täti","phrases":[{"type":"💑","phrase":"Rakastan tätini."},{"type":"💘","phrase":"Rakastan sinua täti."},{"type":"☹️","phrase":"Kaipaan tätini."},{"type":"👉🏼","phrase":"Hän on tätini."},{"type":"❓","phrase":"Voitko auttaa minua löytämään tätini?"}]},{"slug":"teacher","title":"Opettaja","phrases":[{"type":"💑","phrase":"Rakastan opettajaani."},{"type":"💘","phrase":"Rakastan sinua opettaja."},{"type":"💔","phrase":"En pidä opettajastani."},{"type":"☹️","phrase":"Kaipaan opettajaani."},{"type":"🙏🏼","phrase":"Kiitos oppitunnista."}]},{"slug":"therapist","title":"terapeutti","phrases":[{"type":"💑","phrase":"Rakastan terapeuttiani."},{"type":"💘","phrase":"Rakastan sinua terapeutti."},{"type":"💔","phrase":"En pidä terapeuttistani."},{"type":"☹️","phrase":"Kaipaan terapeuttiani."},{"type":"🙏🏼","phrase":"Kiitos istunnosta."}]},{"slug":"doctor","title":"Lääkäri","phrases":[{"type":"💑","phrase":"Rakastan lääkäriäni."},{"type":"💘","phrase":"Rakastan sinua lääkäri."},{"type":"💔","phrase":"En pidä lääkäristäni."},{"type":"☹️","phrase":"Kaipaan lääkärini."},{"type":"🙏🏼","phrase":"Kiitos kun paranit minua."}]},{"slug":"friends","title":"Ystävät","phrases":[{"type":"💑","phrase":"Rakastan ystäviäni."},{"type":"❓","phrase":"Haluatko olla ystäväni?"},{"type":"💔","phrase":"En pidä ystävistäni."},{"type":"☹️","phrase":"Ikävöin ystäviäni."},{"type":"👉🏼","phrase":"He ovat ystäviäni."},{"type":"🙏🏼","phrase":"Kiitos, että pelasit kanssani."}]},{"slug":"cousins","title":"Cousins","phrases":[{"type":"💑","phrase":"Rakastan serkkuni."},{"type":"❌","phrase":"Minulla ei ole serkkuja."},{"type":"☹️","phrase":"Kaipaan serkkuni."},{"type":"👉🏼","phrase":"He ovat serkkujani."}]},{"slug":"grandmother","title":"Isoäiti","phrases":[{"type":"💑","phrase":"Rakastan isoäitini."},{"type":"💘","phrase":"Rakastan sinua isoäiti."},{"type":"☹️","phrase":"Kaipaan isoäitiäni."},{"type":"👉🏼","phrase":"Hän on isoäiti."}]},{"slug":"grandfather","title":"Isoisä","phrases":[{"type":"💑","phrase":"Rakastan isoisääni."},{"type":"💘","phrase":"Rakastan sinua isoisä."},{"type":"☹️","phrase":"Kaipaan isoisäni."},{"type":"👉🏼","phrase":"Hän on isoisäni."}]},{"slug":"stepfather","title":"Isäpuoli","phrases":[{"type":"💑","phrase":"Rakastan patterini."},{"type":"👉🏼","phrase":"Hän on isänisäni."},{"type":"☹️","phrase":"Kaipaan patterini."},{"type":"👉🏼","phrase":"Hän on isänisäni."}]},{"slug":"stepmother","title":"Äitipuoli","phrases":[{"type":"💑","phrase":"Rakastan äitipuoleni."},{"type":"👉🏼","phrase":"Hän on äitipuoli."},{"type":"☹️","phrase":"Kaipaan äitipuoleni."},{"type":"👉🏼","phrase":"Hän on äitipuoli."}]},{"slug":"stepsister","title":"Siskopuoli","phrases":[{"type":"💑","phrase":"Rakastan siskoani."},{"type":"👉🏼","phrase":"Hän on siskoni."},{"type":"☹️","phrase":"Kaipaan siskoani."},{"type":"👉🏼","phrase":"Hän on siskoni."}]},{"slug":"stepbrother","title":"Velipuoli","phrases":[{"type":"💑","phrase":"Rakastan veljeni."},{"type":"👉🏼","phrase":"Hän on veljeni."},{"type":"☹️","phrase":"Kaipaan veljeni."},{"type":"👉🏼","phrase":"Hän on veljeni."}]},{"slug":"half-brother","title":"Velipuoli","phrases":[{"type":"💑","phrase":"Rakastan puolipuoli."},{"type":"👉🏼","phrase":"Hän on puolipuoli."},{"type":"☹️","phrase":"Kaipaan puolipuoli."},{"type":"👉🏼","phrase":"Hän on puolipuoli."}]},{"slug":"half-sister","title":"Siskopuoli","phrases":[{"type":"💑","phrase":"Rakastan puolisonsa."},{"type":"👉🏼","phrase":"Hän on puolisonni."},{"type":"☹️","phrase":"Kaipaan puoli-siskoni."},{"type":"👉🏼","phrase":"Hän on puolisonni."}]}]