[{"slug":"captain","title":"Kapteeni","phrases":[]},{"slug":"pirate-crew","title":"Merirosvo miehistö","phrases":[]},{"slug":"treasure","title":"Aarre","phrases":[]},{"slug":"hook","title":"Koukku","phrases":[]},{"slug":"compass","title":"Kompassi","phrases":[]},{"slug":"pirate-ship","title":"Merirosvolaiva","phrases":[]},{"slug":"pirate-gun","title":"Merirosvo ase","phrases":[]},{"slug":"pirate-sword","title":"Merirosvo miekka","phrases":[]},{"slug":"barrel","title":"tynnyri","phrases":[]},{"slug":"pirate-flag","title":"Merirosvo lippu","phrases":[]},{"slug":"treasure-map","title":"Aarrekartta","phrases":[]},{"slug":"spyglass","title":"Kaukoputki","phrases":[]},{"slug":"cannon","title":"Tykki","phrases":[]},{"slug":"helm","title":"ruori","phrases":[]},{"slug":"lighthouse","title":"Majakka","phrases":[]},{"slug":"anchor","title":"Ankkuri","phrases":[]},{"slug":"bomb","title":"Pommi","phrases":[]},{"slug":"coin","title":"kolikko","phrases":[]},{"slug":"candle","title":"Kynttilä","phrases":[]},{"slug":"knife","title":"Veitsi","phrases":[]}]