[{"slug":"park","title":"Pysäköidä","phrases":[{"type":"🙋","phrase":"Haluan mennä puistoon."},{"type":"☝️","phrase":"Voitko viedä minut pysäköimään?"},{"type":"💡","phrase":"Voin pelata puistossa."}]},{"slug":"mall","title":"ostoskeskus","phrases":[{"type":"🙋","phrase":"Haluan mennä ostoskeskukseen."},{"type":"☝️","phrase":"Voitko viedä minut ostoskeskukseen?"},{"type":"💡","phrase":"Voin tehdä ostoksia ostoskeskuksessa."}]},{"slug":"restaurant","title":"Ravintola","phrases":[{"type":"🙋","phrase":"Haluan mennä ravintolaan."},{"type":"☝️","phrase":"Voitko viedä minut ravintolaan?"},{"type":"💡","phrase":"Voin syödä ateriaa ravintolassa."}]},{"slug":"cinema","title":"Elokuva","phrases":[{"type":"🙋","phrase":"Haluan mennä elokuviin."},{"type":"☝️","phrase":"Voitko viedä minut elokuviin?"},{"type":"💡","phrase":"Voin katsella elokuvaa elokuvassa."}]},{"slug":"school","title":"Koulu","phrases":[{"type":"🙋","phrase":"Haluan mennä kouluun."},{"type":"☝️","phrase":"Voitko viedä minut kouluun?"},{"type":"💡","phrase":"Voin oppia koulussa."}]},{"slug":"library","title":"Kirjasto","phrases":[{"type":"🙋","phrase":"Haluan mennä kirjastoon."},{"type":"☝️","phrase":"Voitko viedä minut kirjastoon?"},{"type":"💡","phrase":"Voin opiskella kirjastossa."}]},{"slug":"fair","title":"oikeudenmukainen","phrases":[{"type":"🙋","phrase":"Haluan mennä messuille."},{"type":"☝️","phrase":"Voitko viedä minut messuille?"},{"type":"💡","phrase":"Voin pitää hauskaa reilusti."}]},{"slug":"drugstore","title":"Apteekki","phrases":[{"type":"🙋","phrase":"Haluan mennä apteekkiin."},{"type":"☝️","phrase":"Voitko viedä minut apteekkiin?"},{"type":"💡","phrase":"Voin ostaa lääkettä apteekista."}]},{"slug":"hospital","title":"Sairaala","phrases":[{"type":"🙋","phrase":"Haluan mennä sairaalaan."},{"type":"☝️","phrase":"Voitko viedä minut sairaalaan?"},{"type":"💡","phrase":"Sairaat ihmiset voivat mennä sairaalaan."}]},{"slug":"amusement-park","title":"Huvipuisto","phrases":[{"type":"🙋","phrase":"Haluan mennä huvipuistoon."},{"type":"☝️","phrase":"Voitko viedä minut huvipuistoon?"},{"type":"💡","phrase":"Voin pitää hauskaa huvipuistossa."}]},{"slug":"dormitory","title":"makuusali","phrases":[{"type":"🙋","phrase":"Haluan mennä makuusaliin."},{"type":"☝️","phrase":"Voitko viedä minut asuntolaan?"},{"type":"💡","phrase":"Voin pysyä asuntolassa."}]},{"slug":"laundry-place","title":"Pesula","phrases":[{"type":"🙋","phrase":"Haluan mennä pesulalle."},{"type":"☝️","phrase":"Voitko viedä minut pesulalle?"},{"type":"💡","phrase":"Voin puhdistaa pyykkini pesula-alueella."}]},{"slug":"barber-shop","title":"parturi","phrases":[{"type":"🙋","phrase":"Haluan mennä parturimyymälään."},{"type":"☝️","phrase":"Voitko viedä minut parturiin?"},{"type":"💡","phrase":"Voin saada hiuksenleikkauksen parturilaiselta."}]},{"slug":"hotel","title":"Hotelli","phrases":[{"type":"🙋","phrase":"Haluan mennä hotellille."},{"type":"☝️","phrase":"Voitko viedä minut hotelliin?"},{"type":"💡","phrase":"Voin yöpyä hotellissa."}]},{"slug":"kindergarten","title":"lastentarha","phrases":[{"type":"🙋","phrase":"Haluan käydä päiväkodissa."},{"type":"☝️","phrase":"Voitko viedä minut lastentarhaan?"}]},{"slug":"parking-lot","title":"Parkkipaikka","phrases":[{"type":"🙋","phrase":"Haluan mennä parkkipaikalle."},{"type":"☝️","phrase":"Voitko viedä minut parkkipaikalle?"}]},{"slug":"elevator","title":"Hissi","phrases":[{"type":"🙋","phrase":"Haluan käyttää hissiä."},{"type":"💗","phrase":"Pidänkö hissin käytöstä?"},{"type":"💡","phrase":"Voin mennä yläkertaan hissillä."}]},{"slug":"bank","title":"Pankki","phrases":[{"type":"🙋","phrase":"Haluan mennä pankkiin."},{"type":"☝️","phrase":"Voitko viedä minut pankkiin?"},{"type":"💡","phrase":"Voin nostaa rahaa pankissa."}]},{"slug":"skycraper","title":"skycraper","phrases":[{"type":"🙋","phrase":"Haluan mennä pilvenpiirtäjään."},{"type":"☝️","phrase":"Voitko viedä minut pilvenpiirtäjään?"}]},{"slug":"stadium","title":"stadion","phrases":[{"type":"🙋","phrase":"Haluan mennä stadionille."},{"type":"☝️","phrase":"Voitko viedä minut stadionille?"}]},{"slug":"cruise-ship","title":"Risteilijä","phrases":[{"type":"🙋","phrase":"Haluan nousta risteilyalukseen."},{"type":"☝️","phrase":"Voitko viedä minut risteilyalukseen?"}]},{"slug":"forest","title":"Metsä","phrases":[{"type":"🙋","phrase":"Haluan mennä metsään."},{"type":"☝️","phrase":"Voitko viedä minut metsään?"}]},{"slug":"tent","title":"Teltta","phrases":[{"type":"🙋","phrase":"Haluan mennä telttaan."},{"type":"☝️","phrase":"Voimmeko pysyä teltassa?"}]},{"slug":"beach","title":"Ranta","phrases":[{"type":"🙋","phrase":"Haluan mennä rannalle."},{"type":"☝️","phrase":"Voitko viedä minut rannalle?"},{"type":"💡","phrase":"Voin ottaa aurinkoa rannalla."}]}]