[{"slug":"protective-mask","title":"Suojanaamari","phrases":[{"type":"🛡️","phrase":"Käytän suojanaamaria."},{"type":"😷","phrase":"En voi mennä ulos ilman suojanaamaria."}]},{"slug":"stay-home","title":"Jäädä kotiin","phrases":[{"type":"🏠","phrase":"Sinun on pysyttävä kotona."},{"type":"🏡","phrase":"Olen kotona."}]},{"slug":"toilet-paper","title":"Vessapaperi","phrases":[]},{"slug":"sprayer","title":"Sumutin","phrases":[]},{"slug":"disinfectant","title":"Desinfiointiaine","phrases":[{"type":"🧼","phrase":"Käytän desinfiointiainetta."},{"type":"🙋","phrase":"Voitko auttaa minua käyttämään desinfiointiainetta?"}]},{"slug":"coughing","title":"Yskiminen","phrases":[{"type":"🤒","phrase":"Olen yskä."},{"type":"🏥","phrase":"Yskä on virusoire."}]},{"slug":"medical-assistance","title":"Lääkintäapua","phrases":[{"type":"⚕️","phrase":"Tarvitsen lääketieteellistä apua."},{"type":"❓","phrase":"Tarvitsetko lääkärin apua?"}]},{"slug":"hand-sanitizer","title":"Käsien desinfiointiaine","phrases":[{"type":"🚰","phrase":"Käytän käsipuhdistinta."},{"type":"🙋","phrase":"Voitko auttaa minua käyttämään käsipuhdistinta?"}]},{"slug":"gloves","title":"Käsineet","phrases":[{"type":"🧤","phrase":"Käytän käsineitä."},{"type":"🙋","phrase":"Voitko auttaa minua asettamaan hansikkaani?"}]},{"slug":"social-distancing","title":"Sosiaalisen etäisyyden ottaminen","phrases":[{"type":"🖐️","phrase":"Harjoitan sosiaalista etäistymistä."},{"type":"📏","phrase":"Meidän on pidettävä etäisyyttämme välillämme."}]},{"slug":"mouth-mask","title":"Suun peite","phrases":[{"type":"😷","phrase":"Käytän suuhunaa."},{"type":"🏡","phrase":"En voi mennä ulos ilman suuhunaa."}]},{"slug":"pandemic","title":"Pandeeminen","phrases":[{"type":"🌐","phrase":"Mikä on pandemia?"},{"type":"⏱️","phrase":"Milloin pandemia loppuu?"},{"type":"⌚","phrase":"Pandemia on käynnissä."}]},{"slug":"working-at-home","title":"Työskentele kotona","phrases":[{"type":"🏠","phrase":"Olen töissä kotona."},{"type":"👪","phrase":"Vanhempani työskentelevät kotona."}]},{"slug":"wet-wipes","title":"Kosteuspyyhkeet","phrases":[{"type":"🤧","phrase":"Tarvitsen kosteat pyyhkeet."}]},{"slug":"quarantine","title":"Karanteeni","phrases":[{"type":"🔲","phrase":"Mikä on karanteeni?"},{"type":"🙋","phrase":"Olen karanteenissa."}]},{"slug":"first-aid-kit","title":"Ensiapupakkaus","phrases":[{"type":"❓","phrase":"Missä on ensiapupakkaus?"},{"type":"🙋","phrase":"Voitko auttaa minua ensiapupakkauksen käytössä?"}]},{"slug":"fitness","title":"kunto","phrases":[{"type":"🤸","phrase":"Pidän kuntoilusta."},{"type":"🤼","phrase":"Pidän kuntoilusta."}]},{"slug":"e-learning","title":"E-oppiminen","phrases":[{"type":"💻","phrase":"Opiskelen kotoa."},{"type":"📱","phrase":"Käytän e-oppimissovelluksia."}]},{"slug":"virus","title":"Virus","phrases":[{"type":"🦠","phrase":"Mikä on virus?"},{"type":"💉","phrase":"Mitkä ovat viruksen oireet?"}]},{"slug":"cleaning","title":"puhdistus","phrases":[{"type":"🧼","phrase":"Siivoan huonettani."},{"type":"🔲","phrase":"Huoneesi puhtaana pitäminen on tärkeää."}]}]