[{"slug":"desk","title":"Vastaanotto","phrases":[{"type":"🙋","phrase":"Voinko käyttää tätä pöytää?"},{"type":"❓","phrase":"Mikä pöytä on minun?"},{"type":"🥛","phrase":"Vuotin pöydälleni."},{"type":"❌","phrase":"Älä naarmuta pöytääsi."}]},{"slug":"chair","title":"Tuoli","phrases":[{"type":"🙋","phrase":"Voinko istua kanssasi?"},{"type":"❓","phrase":"Mikä tuoli on minun?"},{"type":"☝️","phrase":"Onko tämä tuoli otettu?"},{"type":"🥛","phrase":"Vuotin tuolilleni."}]},{"slug":"book","title":"Kirja","phrases":[{"type":"📙","phrase":"Oppikirja"},{"type":"📒","phrase":"työkirja"},{"type":"📚","phrase":"Lukee kirjaa."},{"type":"😇","phrase":"Voinko lainata kirjaasi?"},{"type":"📃","phrase":"Millä sivulla olemme?"},{"type":"☝️","phrase":"Käännä sivu."},{"type":"😱","phrase":"Hävisin kirjani."}]},{"slug":"notebook","title":"Muistikirja","phrases":[{"type":"📝","phrase":"Muistiinpanojen tekeminen."},{"type":"🖐️","phrase":"Teen muistiinpanoja."},{"type":"😱","phrase":"Hävisin muistikirjani."}]},{"slug":"backpack","title":"Reppu","phrases":[{"type":"👜","phrase":"Kantolaukun reppu."},{"type":"💡","phrase":"Kirjoittaminen reppuini."},{"type":"🙋","phrase":"Tarvitsen uuden reppun."},{"type":"🙏🏼","phrase":"Kiitos, että kantoit reppuani."},{"type":"😱","phrase":"Kadin reppuni."},{"type":"⚖️","phrase":"Reppuni on raskas."}]},{"slug":"blackboard","title":"Liitutaulu","phrases":[{"type":"👀","phrase":"Katso taulua."},{"type":"🧽","phrase":"Taulun puhdistaminen."},{"type":"🧮","phrase":"Taulun ongelman ratkaiseminen."},{"type":"📝","phrase":"Muistiinpano taululle."},{"type":"🖊️","phrase":"Anna minulle liitu."}]},{"slug":"teacher","title":"Opettaja","phrases":[{"type":"🤔","phrase":"En ymmärrä tätä osaa."},{"type":"🔁","phrase":"Voitko toistaa viimeisen osan?"},{"type":"🚻","phrase":"Voinko mennä vessaan?"},{"type":"❓","phrase":"Mikä aihe?"},{"type":"😀","phrase":"Pidän tästä aiheesta."},{"type":"😔","phrase":"En pidä tästä aiheesta."},{"type":"🙏🏼","phrase":"Kiitos oppitunnista."}]},{"slug":"school-bus","title":"Koulubussi","phrases":[{"type":"⌛","phrase":"Koulubussit ovat tulossa."},{"type":"❓","phrase":"Voinko istua vieressäsi?"},{"type":"🙏🏼","phrase":"Kiitos bussinkuljettajalle!"},{"type":"⏱️","phrase":"Koulubussit olivat myöhässä."}]},{"slug":"pencil","title":"Lyijykynä","phrases":[{"type":"✏️","phrase":"Kirjoitan."},{"type":"🎓","phrase":"Opiskelen kirjoittamaan."},{"type":"🙋","phrase":"Tarvitsen uuden lyijykynän."},{"type":"😇","phrase":"Voinko lainata kynääsi?"},{"type":"😱","phrase":"Hävisin lyijykynäni."}]},{"slug":"eraser","title":"Pyyhekumi","phrases":[{"type":"🧽","phrase":"Olen poistamassa."},{"type":"🙋","phrase":"Tarvitsen uuden pyyhekumi."},{"type":"😇","phrase":"Voinko lainata pyyhekumi?"},{"type":"😱","phrase":"Kadotin pyyhekumi."}]},{"slug":"ruler","title":"Viivotin","phrases":[{"type":"📏","phrase":"Mittaan."},{"type":"🙋","phrase":"Tarvitsen uuden hallitsijan."},{"type":"😇","phrase":"Voinko lainata hallitsijaasi?"},{"type":"😱","phrase":"Menetin hallitsijani."}]},{"slug":"sharpener","title":"Teroitin","phrases":[{"type":"🔪","phrase":"Teroitan lyijykynäni."},{"type":"🙋","phrase":"Tarvitsen uuden teroittimen."},{"type":"😇","phrase":"Voinko lainata teroittimesi?"},{"type":"😱","phrase":"Menetin teroitin."}]},{"slug":"mathematics","title":"Matematiikka","phrases":[{"type":"❤️","phrase":"Pidän matematiikasta."},{"type":"🙋","phrase":"Haluan opiskella matematiikkaa."},{"type":"❌","phrase":"En pidä matematiikasta."},{"type":"⌚","phrase":"Milloin matematiikan luokka on?"},{"type":"☝️","phrase":"Voitko auttaa minua matematiikan kotitehtävissäni?"}]},{"slug":"literature","title":"Kirjallisuus","phrases":[{"type":"❤️","phrase":"Pidän kirjallisuudesta."},{"type":"🙋","phrase":"Haluan opiskella kirjallisuutta."},{"type":"❌","phrase":"En pidä kirjallisuudesta."},{"type":"⌚","phrase":"Milloin kirjallisuusluokka on?"},{"type":"☝️","phrase":"Voitko auttaa minua kirjallisuuden kotitehtävissäni?"}]},{"slug":"science","title":"tiede","phrases":[{"type":"❤️","phrase":"Pidän tieteestä."},{"type":"🙋","phrase":"Haluan opiskella tiedettä."},{"type":"❌","phrase":"En pidä tieteestä."},{"type":"⌚","phrase":"Milloin tiedeluokka on?"},{"type":"☝️","phrase":"Voitko auttaa minua tieteen kotitehtävissäni?"}]},{"slug":"art-class","title":"Taideluokka","phrases":[{"type":"❤️","phrase":"Pidän taidetta."},{"type":"🙋","phrase":"Haluan harjoittaa taidotaidot."},{"type":"❌","phrase":"En pidä taidetta."},{"type":"⌚","phrase":"Milloin taidekurssi on?"},{"type":"☝️","phrase":"Voitko auttaa minua taidekurssini kotitehtävissäni?"}]},{"slug":"music-class","title":"Musiikkiluokka","phrases":[{"type":"❤️","phrase":"Pidän musiikkitunnista."},{"type":"🙋","phrase":"Haluan harjoittaa musiikkitaitoja."},{"type":"❌","phrase":"En pidä musiikkitunnista."},{"type":"⌚","phrase":"Milloin musiikkitunti on?"},{"type":"☝️","phrase":"Voitko auttaa minua musiikkitunnin kotitehtävissäni?"}]},{"slug":"geography","title":"Maantiede","phrases":[{"type":"❤️","phrase":"Pidän maantieteestä."},{"type":"🙋","phrase":"Haluan opiskella maantiedettä."},{"type":"❌","phrase":"En pidä maantieteestä."},{"type":"⌚","phrase":"Milloin maantiede on?"},{"type":"☝️","phrase":"Voitko auttaa minua maantieteellisissä kotitehtävissäni?"}]},{"slug":"telescope","title":"Teleskooppi","phrases":[{"type":"🌎","phrase":"Käytän kaukoputkea."},{"type":"🙋","phrase":"Haluan käyttää kaukoputkea."},{"type":"🌟","phrase":"Haluan katsoa tähtiä."}]},{"slug":"glue","title":"Liima","phrases":[{"type":"👌","phrase":"Käytän liimaa."},{"type":"🙋","phrase":"Tarvitsen uuden liiman."},{"type":"😇","phrase":"Voinko lainata liimaa?"},{"type":"😱","phrase":"Kadin liiman."}]}]