[{"slug":"circle","title":"Ympyrä","phrases":[{"type":"👉","phrase":"Tämä on ympyrän muotoinen."},{"type":"❓","phrase":"Voitko opettaa minulle piirtämään ympyrän?"}]},{"slug":"triangle","title":"Kolmio","phrases":[{"type":"👉","phrase":"Tämä on kolmion muotoinen."},{"type":"❓","phrase":"Voitko opettaa minulle kuinka piirtää kolmion?"}]},{"slug":"square","title":"Neliö","phrases":[{"type":"👉","phrase":"Tämä on neliön muotoinen."},{"type":"❓","phrase":"Voitko opettaa minulle kuinka piirtää neliön?"}]},{"slug":"rectangle","title":"Suorakulmio","phrases":[{"type":"👉","phrase":"Tämä on suorakulmion muotoinen."},{"type":"❓","phrase":"Voitko opettaa minulle kuinka piirtää suorakulmion?"}]},{"slug":"star","title":"Tähti","phrases":[{"type":"👉","phrase":"Tämä on tähden muotoinen."},{"type":"❓","phrase":"Voitko opettaa minulle piirtämään tähtiä?"}]},{"slug":"pentagon","title":"viisikulmio","phrases":[{"type":"👉","phrase":"Tämä on viisikulmainen."},{"type":"❓","phrase":"Voitko opettaa minulle piirtämään viisikulmion?"}]},{"slug":"hexagon","title":"Kuusikulmio","phrases":[{"type":"👉","phrase":"Tämä on kuusikulmainen."},{"type":"❓","phrase":"Voitko opettaa minulle piirtämään kuusikulmion?"}]},{"slug":"cross","title":"Ylittää","phrases":[{"type":"👉","phrase":"Tämä on ristin muotoinen."},{"type":"❓","phrase":"Voitko opettaa minulle, kuinka piirtää?"}]},{"slug":"ellipse","title":"Ellipsi","phrases":[{"type":"👉","phrase":"Tämä on ellipsin muotoinen."},{"type":"❓","phrase":"Voitko opettaa minulle piirtämään ellipsin?"}]},{"slug":"arrow","title":"Nuoli","phrases":[{"type":"👉","phrase":"Tämä on nuolen muotoinen."},{"type":"❓","phrase":"Voitko opettaa minulle piirtämään nuolen?"}]},{"slug":"crescent","title":"puolikuu","phrases":[{"type":"👉","phrase":"Tämä on puolikuun muotoinen."},{"type":"❓","phrase":"Voitko opettaa minulle, kuinka piirtää puolikuu?"}]},{"slug":"heart","title":"sydän","phrases":[{"type":"👉","phrase":"Tämä on sydämen muotoinen."},{"type":"❓","phrase":"Voitko opettaa minulle sydämen piirtämisen?"}]},{"slug":"rhombus","title":"vinoneliö","phrases":[{"type":"👉","phrase":"Tämä on rommin muotoinen."},{"type":"❓","phrase":"Voitko opettaa minulle, miten piirtää rombua?"}]},{"slug":"ring","title":"Rengas","phrases":[{"type":"👉","phrase":"Tämä on renkaan muotoinen."},{"type":"❓","phrase":"Voitko opettaa minulle, kuinka piirtää rengasta?"}]},{"slug":"semicircle","title":"puoliympyrä","phrases":[{"type":"👉","phrase":"Tämä on puoliympyrän muotoinen."},{"type":"❓","phrase":"Voitko opettaa minulle piirtämään puoliympyrän?"}]},{"slug":"trapezoid","title":"puolisuunnikkaan","phrases":[{"type":"👉","phrase":"Tämä on puolisuunnikkaan muotoinen."},{"type":"❓","phrase":"Voitko opettaa minulle piirtämään trapetsoidin?"}]},{"slug":"cube","title":"Kuutio","phrases":[{"type":"👉","phrase":"Tämä on kuution muotoinen."},{"type":"❓","phrase":"Voitko opettaa minulle kuution piirtämistä?"}]},{"slug":"cylinder","title":"sylinteri","phrases":[{"type":"👉","phrase":"Tämä on sylinterinmuotoinen."},{"type":"❓","phrase":"Voitko opettaa minulle, miten piirtää sylinteriä?"}]}]