[{"slug":"chips","title":"chips","phrases":[{"type":"❤️","phrase":"Tykkään syödä siruja."},{"type":"🙋","phrase":"Haluan syödä siruja."},{"type":"🤢","phrase":"Liian monien sirujen syöminen on minulle huonoa."}]},{"slug":"donut","title":"Donitsi","phrases":[{"type":"❤️","phrase":"Tykkään syödä munkkeja."},{"type":"🙋","phrase":"Haluan syödä munkkeja."},{"type":"🤢","phrase":"Liian monen munkin syöminen on minulle haittaa."}]},{"slug":"taco","title":"Taco","phrases":[{"type":"❤️","phrase":"Tykkään syödä tacoa."},{"type":"🙋","phrase":"Haluan syödä tacoa."},{"type":"🤢","phrase":"Liian paljon taco-syöminen on minulle huonoa."}]},{"slug":"peanuts","title":"maapähkinät","phrases":[{"type":"❤️","phrase":"Pidän maapähkinöiden syömisestä."},{"type":"🙋","phrase":"Haluan syödä maapähkinöitä."},{"type":"🤢","phrase":"Liian paljon maapähkinöiden syöminen on minulle huonoa."}]},{"slug":"croissant","title":"Croissant","phrases":[{"type":"❤️","phrase":"Pidän croissantin syömisestä."},{"type":"🙋","phrase":"Haluan syödä croissanttia."},{"type":"🤢","phrase":"Liian paljon croissantin syöminen on minulle huonoa."}]},{"slug":"cookie","title":"pikkuleipä","phrases":[{"type":"❤️","phrase":"Pidän evästeen syömisestä."},{"type":"🙋","phrase":"Haluan syödä evästettä."},{"type":"🤢","phrase":"Liian monien evästeiden syöminen on minulle haittaa."}]},{"slug":"burrito","title":"burrito","phrases":[{"type":"❤️","phrase":"Pidän burriton syömisestä."},{"type":"🙋","phrase":"Haluan syödä burritoa."},{"type":"🤢","phrase":"Liian monien burritoiden syöminen on minulle haittaa."}]},{"slug":"ramen","title":"Ramen","phrases":[{"type":"❤️","phrase":"Tykkään syödä ramenia."},{"type":"🙋","phrase":"Haluan syödä ramenia."},{"type":"🤢","phrase":"Liian suuren ramenin syöminen on minulle huonoa."}]},{"slug":"sushi","title":"Sushi","phrases":[{"type":"❤️","phrase":"Tykkään syödä sushia."},{"type":"🙋","phrase":"Haluan syödä sushia."},{"type":"🤢","phrase":"Liian suuren määrän sushien syöminen on minulle huonoa."}]},{"slug":"chocolate","title":"Suklaa","phrases":[{"type":"❤️","phrase":"Pidän suklaan syömisestä."},{"type":"🙋","phrase":"Haluan syödä suklaata."},{"type":"🤢","phrase":"Liian suuren suklaan syöminen on minulle huonoa."}]},{"slug":"apple-pie","title":"omenapiirakka","phrases":[{"type":"❤️","phrase":"Tykkään syödä omenapiirakasta."},{"type":"🙋","phrase":"Haluan syödä omenapiirakasta."},{"type":"🤢","phrase":"Liian monen omenapiirakkaan syöminen on minulle haittaa."}]},{"slug":"muffin","title":"Muffinssi","phrases":[{"type":"❤️","phrase":"Pidän muffinin syömisestä."},{"type":"🙋","phrase":"Haluan syödä muffinssi."},{"type":"🤢","phrase":"Liian monien muffinien syöminen on minulle haittaa."}]},{"slug":"pudding","title":"Vanukas","phrases":[{"type":"❤️","phrase":"Pidän vanukkaan syömisestä."},{"type":"🙋","phrase":"Haluan syödä vanukkaa."},{"type":"🤢","phrase":"Liian vanukkaan syöminen on minulle huonoa."}]},{"slug":"macaron","title":"Macaron","phrases":[{"type":"❤️","phrase":"Tykkään syödä makaronia."},{"type":"🙋","phrase":"Haluan syödä makaronia."},{"type":"🤢","phrase":"Liian monien makaronien syöminen on minulle huonoa."}]},{"slug":"crepe","title":"Ohukainen","phrases":[{"type":"❤️","phrase":"Tykkään syödä kreppia."},{"type":"🙋","phrase":"Haluan syödä kreppia."},{"type":"🤢","phrase":"Liian paljon kreppien syöminen on minulle huonoa."}]},{"slug":"pizza","title":"Pizza","phrases":[{"type":"❤️","phrase":"Pidän pizzan syömisestä."},{"type":"🙋","phrase":"Haluan syödä pizzaa."},{"type":"🤢","phrase":"Liian suuren pizzan syöminen on minulle huonoa."}]},{"slug":"skewer","title":"paistinvarras","phrases":[{"type":"❤️","phrase":"Pidän syövästä vartaasta."},{"type":"🙋","phrase":"Haluan syödä vartaan."},{"type":"🤢","phrase":"Liian vartaiden syöminen on minulle huonoa."}]},{"slug":"fast-food","title":"Pikaruoka","phrases":[{"type":"❤️","phrase":"Pidän pikaruokaa."},{"type":"🙋","phrase":"Haluan syödä pikaruokaa."},{"type":"🤢","phrase":"Liian paljon pikaruoan syöminen on minulle huonoa."}]}]