[{"slug":"basketball","title":"Koripallo","phrases":[{"type":"❤️","phrase":"Pidän koripalloa."},{"type":"🙋","phrase":"Haluatko pelata koripalloa?"}]},{"slug":"boxing","title":"Nyrkkeily","phrases":[{"type":"❤️","phrase":"Pidän nyrkkeilystä."},{"type":"🙋","phrase":"Haluatko nyrkkeillä yhdessä?"}]},{"slug":"tennis","title":"Tennis","phrases":[{"type":"❤️","phrase":"Tykkään pelata tennistä."},{"type":"🙋","phrase":"Haluatko pelata tennistä?"}]},{"slug":"golf","title":"Golf","phrases":[{"type":"❤️","phrase":"Pidän golfin pelaamisesta."},{"type":"🙋","phrase":"Haluatko pelata golfia?"}]},{"slug":"hockey","title":"Jääkiekko","phrases":[{"type":"❤️","phrase":"Pidän jääkiekon pelaamisesta."},{"type":"🙋","phrase":"Haluatko pelata jääkiekkoa?"}]},{"slug":"swimming","title":"Uima","phrases":[{"type":"❤️","phrase":"Pidän uimisesta."},{"type":"🙋","phrase":"Haluatko uida?"}]},{"slug":"baseball","title":"Baseball","phrases":[{"type":"❤️","phrase":"Pidän baseballin pelaamisesta."},{"type":"🙋","phrase":"Haluatko pelata baseballia?"}]},{"slug":"american-football","title":"Amerikkalainen jalkapallo","phrases":[{"type":"❤️","phrase":"Tykkään pelata amerikkalaista jalkapalloa."},{"type":"🙋","phrase":"Haluatko pelata amerikkalaista jalkapalloa?"}]},{"slug":"cricket","title":"Kriketti","phrases":[{"type":"❤️","phrase":"Pidän kriketistä."},{"type":"🙋","phrase":"Haluatko pelata krikettiä?"}]},{"slug":"racing","title":"Kilpa","phrases":[{"type":"❤️","phrase":"Pidän kilpa-ajoista."},{"type":"🙋","phrase":"Haluatko kilpailla yhdessä?"}]},{"slug":"skiing","title":"Hiihto","phrases":[{"type":"❤️","phrase":"Pidän hiihtämisestä."},{"type":"🙋","phrase":"Haluatko hiihtää?"}]},{"slug":"volleyball","title":"Lentopallo","phrases":[{"type":"❤️","phrase":"Tykkään pelata lentopalloa."},{"type":"🙋","phrase":"Haluatko pelata lentopalloa?"}]},{"slug":"fencing","title":"Miekkailu","phrases":[{"type":"❤️","phrase":"Pidän miekkailuista."}]},{"slug":"referee","title":"Tuomari","phrases":[{"type":"🏁","phrase":"Voinko olla tuomari?"}]},{"slug":"coach","title":"Valmentaja","phrases":[{"type":"🏁","phrase":"Voinko olla valmentajasi?"}]},{"slug":"kendo","title":"kendo","phrases":[]},{"slug":"table-tennis","title":"Pöytätennis","phrases":[{"type":"❤️","phrase":"Pidän pöytätennisen pelaamisesta."},{"type":"🙋","phrase":"Haluatko pelata pöytätennistä?"}]},{"slug":"medal","title":"Mitali","phrases":[{"type":"😎","phrase":"Minulla on mitali."}]},{"slug":"podium","title":"koroke","phrases":[]}]