[{"slug":"doll","title":"Nukke","phrases":[{"type":"❤️","phrase":"Pidän nukeista."},{"type":"☝️","phrase":"Voinko pelata nukkeini kanssa?"},{"type":"🙋","phrase":"Haluan nukke läsnä."}]},{"slug":"teddy-bear","title":"Nalle","phrases":[{"type":"❤️","phrase":"Pidän nallekarhuista."},{"type":"☝️","phrase":"Voinko pelata nallekarhuuni kanssa?"},{"type":"🙋","phrase":"Haluan nalleksi läsnä olevan."}]},{"slug":"blocks","title":"lohkot","phrases":[{"type":"❤️","phrase":"Pidän lohkoista."},{"type":"☝️","phrase":"Voinko pelata korttelini kanssa?"},{"type":"🙋","phrase":"Haluan lohkot läsnä."}]},{"slug":"spinner","title":"kehrääjä","phrases":[{"type":"❤️","phrase":"Pidän kehrästä."},{"type":"☝️","phrase":"Voinko pelata kehruuni kanssa?"},{"type":"🙋","phrase":"Haluan kehrän läsnä."}]},{"slug":"nutcracker","title":"Pähkinänsärkijä","phrases":[{"type":"❤️","phrase":"Pidän pähkinänsärkijöistä."},{"type":"☝️","phrase":"Voinko pelata pähkinänsärkijäni kanssa?"},{"type":"🙋","phrase":"Haluan pähkinänsärkimen läsnä."}]},{"slug":"video-games","title":"Videopelit","phrases":[{"type":"❤️","phrase":"Pidän videopeleistä."},{"type":"☝️","phrase":"Voimmeko pelata videopelejä yhdessä?"},{"type":"🙋","phrase":"Haluan videopelit läsnä."}]},{"slug":"cards","title":"Kortit","phrases":[{"type":"❤️","phrase":"Pidän korttien pelaamisesta."},{"type":"☝️","phrase":"Voinko pelata korteillani?"},{"type":"🙋","phrase":"Haluan pelikorttien olevan läsnä."}]},{"slug":"toy-car","title":"Lelu auto","phrases":[{"type":"❤️","phrase":"Pidän leluautoista."},{"type":"☝️","phrase":"Voinko leikkiä leluautollani?"},{"type":"🙋","phrase":"Haluan leikkiauton läsnä."}]},{"slug":"sword","title":"Miekka","phrases":[{"type":"❤️","phrase":"Pidän leikkimieistä."},{"type":"☝️","phrase":"Voinko leikkiä miekallani?"},{"type":"🙋","phrase":"Haluan miekan läsnä."}]},{"slug":"yo-yo","title":"Jojo","phrases":[{"type":"❤️","phrase":"Pidän leikkimisestä yo-yo: n kanssa."},{"type":"☝️","phrase":"Voinko pelata yo-yo-lempilläni?"},{"type":"🙋","phrase":"Haluan yo-yo läsnä."}]},{"slug":"slingshot","title":"Ritsa","phrases":[{"type":"❤️","phrase":"Pidän slingshotsista."},{"type":"☝️","phrase":"Voinko pelata rintaniitoksella?"},{"type":"🙋","phrase":"Haluan silmukan läsnä."}]},{"slug":"water-gun","title":"Vesipyssy","phrases":[{"type":"❤️","phrase":"Pidän vesipistoolista."},{"type":"☝️","phrase":"Voinko pelata vesipistoolillani?"},{"type":"🙋","phrase":"Haluan vesipyssyn läsnä."}]},{"slug":"doll-house","title":"Nukketalo","phrases":[{"type":"❤️","phrase":"Pidän leikkimisestä nukkehuoneen kanssa."},{"type":"☝️","phrase":"Voinko pelata nukketaloni kanssa?"},{"type":"🙋","phrase":"Haluan nukketalon läsnä."}]},{"slug":"viewer","title":"katsoja","phrases":[{"type":"❤️","phrase":"Pidän leikkimisestä katsojan kanssa."},{"type":"🙋","phrase":"Haluan katsojan läsnä."}]},{"slug":"board-game","title":"Lautapeli","phrases":[{"type":"❤️","phrase":"Pidän lautapeleistä."},{"type":"☝️","phrase":"Voimmeko pelata lautapelejä?"},{"type":"🙋","phrase":"Haluan läsnä olevan lautapelin."}]},{"slug":"rubiks-cube","title":"Rubikin kuutio","phrases":[{"type":"❤️","phrase":"Tykkään ratkaista rubikin kuutio."},{"type":"☝️","phrase":"Voinko yrittää ratkaista rubikin kuution?"},{"type":"🙋","phrase":"Haluan rubikin kuution läsnä."}]},{"slug":"puzzle","title":"Palapeli","phrases":[{"type":"❤️","phrase":"Pidän arvoituksista."},{"type":"☝️","phrase":"Voinko ratkaista pulmia?"},{"type":"🙋","phrase":"Haluan palapelit nykyisiksi."}]},{"slug":"remote-control-car","title":"Kaukosäädin auto","phrases":[{"type":"❤️","phrase":"Pidän kaukosäätimen autostani."},{"type":"☝️","phrase":"Voinko pelata kaukosäätimellä autollani"},{"type":"🙋","phrase":"Haluan kauko-ohjattavan auton läsnä."}]},{"slug":"rocking-horse","title":"Keinuhevonen","phrases":[{"type":"❤️","phrase":"Pidän keinuhevosestani."},{"type":"☝️","phrase":"Voinko pelata keinuhevosen kanssa?"}]},{"slug":"scooter","title":"Skootteri","phrases":[{"type":"❤️","phrase":"Pidän skootteristani."},{"type":"🙋","phrase":"Haluan skootterin läsnä."}]},{"slug":"pyramid","title":"Pyramidi","phrases":[{"type":"❤️","phrase":"Pidän pyramidista."},{"type":"🙋","phrase":"Haluan läsnä olevan pyramidin."}]},{"slug":"cart","title":"kärry","phrases":[{"type":"❤️","phrase":"Pidän leluvaunustani."},{"type":"🙋","phrase":"Voitko auttaa minua siivoamaan lelut?"}]},{"slug":"aeroplane","title":"Lentokone","phrases":[{"type":"❤️","phrase":"Pidän lentokoneista."},{"type":"☝️","phrase":"Voinko pelata lentokoneellani?"},{"type":"🙋","phrase":"Haluan lentokoneen läsnä."}]},{"slug":"sand-bucket","title":"Hiekkakauha","phrases":[{"type":"❤️","phrase":"Pidän hiekkakauhoista."},{"type":"☝️","phrase":"Voinko rakentaa linnaa hiekkakauhallani?"}]}]