[{"slug":"train","title":"Kouluttaa","phrases":[{"type":"🙋","phrase":"Haluan käydä junalla."},{"type":"❤️","phrase":"Minä pidän junista."}]},{"slug":"car","title":"Auto","phrases":[{"type":"🙋","phrase":"Haluan ajaa autoa."},{"type":"❤️","phrase":"Pidän autoista."}]},{"slug":"bicycle","title":"polkupyörä","phrases":[{"type":"🙋","phrase":"Haluan ajaa polkupyörällä."},{"type":"❤️","phrase":"Pidän polkupyörästä."}]},{"slug":"motorcycle","title":"Moottoripyörä","phrases":[{"type":"🙋","phrase":"Haluan ajaa moottoripyörällä."},{"type":"❤️","phrase":"Pidän moottoripyörästä."}]},{"slug":"skateboard","title":"Rullalauta","phrases":[{"type":"🙋","phrase":"Haluan luistella."},{"type":"❤️","phrase":"Pidän rullalaudasta."}]},{"slug":"food-truck","title":"Lautta","phrases":[{"type":"🙋","phrase":"Haluan käydä lautalla."},{"type":"🧑‍🤝‍🧑","phrase":"Lautta on täynnä."}]},{"slug":"boat","title":"Vene","phrases":[{"type":"🙋","phrase":"Haluan ajaa venettä."},{"type":"🧑‍🤝‍🧑","phrase":"Vene on tungosta."}]},{"slug":"ship","title":"Laiva","phrases":[{"type":"🙋","phrase":"Haluan nousta laivaan."},{"type":"🧑‍🤝‍🧑","phrase":"Laiva on tungosta."}]},{"slug":"bus","title":"bussi","phrases":[{"type":"🙋","phrase":"Haluan käydä bussilla."},{"type":"🧑‍🤝‍🧑","phrase":"Linja-auto on täynnä."}]},{"slug":"minibus","title":"Pikkubussi","phrases":[{"type":"🙋","phrase":"Haluan ottaa minibussin."},{"type":"🧑‍🤝‍🧑","phrase":"Minibussi on täynnä."}]},{"slug":"wheelchair","title":"pyörätuoli","phrases":[{"type":"♿","phrase":"Käytän pyörätuolia."},{"type":"👨‍🦽","phrase":"Hän käyttää pyörätuolia."},{"type":"🙋","phrase":"Voitko auttaa minua käyttämään pyörätuoliani."},{"type":"🖐️","phrase":"Voitko työntää minua?"}]},{"slug":"taxi","title":"Taksi","phrases":[{"type":"🙋","phrase":"Haluan ottaa taksin."}]},{"slug":"airplane","title":"Lentokone","phrases":[{"type":"🙋","phrase":"Haluan lentää lentokoneella."},{"type":"❤️","phrase":"Pidän lentokoneista."},{"type":"🧑‍🤝‍🧑","phrase":"Lentokone on täynnä."}]},{"slug":"van","title":"pakettiauto","phrases":[{"type":"🙋","phrase":"Haluan ajaa pakettiautossa."}]},{"slug":"hot-air-balloon","title":"Kuumailmapallo","phrases":[{"type":"🙋","phrase":"Haluan lentää kuumailmapalloilla."},{"type":"❤️","phrase":"Pidän kuumailmapallo."}]},{"slug":"fire-truck","title":"Paloauto","phrases":[{"type":"🚨","phrase":"Paloautojen sireeni."}]},{"slug":"police-car","title":"Poliisiauto","phrases":[{"type":"🚨","phrase":"Poliisin auto sireeni."},{"type":"❤️","phrase":"Pidän poliisiautoista."}]},{"slug":"ambulance","title":"Ambulanssi","phrases":[{"type":"🚨","phrase":"Ambulanssireeni."}]},{"slug":"stretcher","title":"Paarit","phrases":[{"type":"🙋","phrase":"Voitko auttaa minua kantajallani?"}]},{"slug":"helicopter","title":"Helikopteri","phrases":[{"type":"🙋","phrase":"Haluan lentää helikopterilla."}]},{"slug":"trailer","title":"perävaunu","phrases":[{"type":"🙋","phrase":"Haluan ajaa perävaunussa."}]},{"slug":"spaceship","title":"Avaruusalus","phrases":[{"type":"❤️","phrase":"Pidän avaruusaluksista."},{"type":"🌌","phrase":"Haluan matkustaa avaruudessa."},{"type":"👽","phrase":"Haluan nähdä muukalaisia."},{"type":"👩‍🚀","phrase":"Haluan mennä marsiin."},{"type":"🚀","phrase":"Voitko viedä minut Elon Muskin marssiin?"}]}]