[{"slug":"luggage","title":"matkatavarat","phrases":[]},{"slug":"swimming","title":"Uima","phrases":[]},{"slug":"passport","title":"Passi","phrases":[]},{"slug":"tent","title":"Teltta","phrases":[]},{"slug":"backpacking","title":"Retkeily","phrases":[]},{"slug":"beach-chair","title":"rantatuoli","phrases":[]},{"slug":"room-service","title":"Huonepalvelu","phrases":[]},{"slug":"waiting-area","title":"Odotustila","phrases":[]},{"slug":"electric-socket","title":"Sähköpistoke","phrases":[]},{"slug":"bag","title":"Laukku","phrases":[]},{"slug":"boarding-pass","title":"Maihinnousukortti","phrases":[]},{"slug":"gps","title":"gps","phrases":[]},{"slug":"mountain","title":"vuori","phrases":[]},{"slug":"camera","title":"Kamera","phrases":[]},{"slug":"hotel","title":"Hotelli","phrases":[]},{"slug":"bed","title":"Sänky","phrases":[]},{"slug":"hotel-key","title":"Hotellin avain","phrases":[]},{"slug":"bonfire","title":"Kokko","phrases":[]},{"slug":"snorkling","title":"snorklaus","phrases":[]},{"slug":"action-camera","title":"Toimintakamera","phrases":[]}]