[{"slug":"cucumber","title":"Kurkku","phrases":[{"type":"❤️","phrase":"Tykkään syödä kurkkua."},{"type":"🙋","phrase":"Haluan syödä kurkkua."},{"type":"❌","phrase":"En pidä kurkusta."}]},{"slug":"onion","title":"Sipuli","phrases":[{"type":"❤️","phrase":"Pidän sipulin syömisestä."},{"type":"🙋","phrase":"Haluan syödä sipulia."},{"type":"❌","phrase":"En pidä sipulista."},{"type":"❌","phrase":"En pidä sipulin tuoksusta."}]},{"slug":"garlic","title":"Valkosipuli","phrases":[{"type":"❤️","phrase":"Pidän valkosipulin syömisestä."},{"type":"🙋","phrase":"Haluan syödä valkosipulia."},{"type":"❌","phrase":"En pidä valkosipulista."},{"type":"❌","phrase":"En pidä valkosipulin tuoksusta."}]},{"slug":"carrot","title":"Porkkana","phrases":[{"type":"❤️","phrase":"Tykkään syödä porkkanaa."},{"type":"🙋","phrase":"Haluan syödä porkkanaa."},{"type":"❌","phrase":"En pidä porkkanoista."}]},{"slug":"cabbage","title":"Kaali","phrases":[{"type":"❤️","phrase":"Tykkään syödä kaalia."},{"type":"🙋","phrase":"Haluan syödä kaalia."},{"type":"❌","phrase":"En pidä kaali."}]},{"slug":"tomato","title":"Tomaatti","phrases":[{"type":"❤️","phrase":"Pidän tomaatin syömisestä."},{"type":"🙋","phrase":"Haluan syödä tomaattia."},{"type":"❌","phrase":"En pidä tomaatista."},{"type":"❤️","phrase":"Pidän tomaattikeitosta."}]},{"slug":"eggplant","title":"Munakoiso","phrases":[{"type":"❤️","phrase":"Tykkään syödä munakoisoa."},{"type":"🙋","phrase":"Haluan syödä munakoisoa."},{"type":"❌","phrase":"En pidä munakoisosta."}]},{"slug":"mushroom","title":"Sieni","phrases":[{"type":"❤️","phrase":"Pidän sienen syömisestä."},{"type":"🙋","phrase":"Haluan syödä sieniä."},{"type":"❌","phrase":"En pidä sienestä."},{"type":"❤️","phrase":"Pidän sieni keitosta."}]},{"slug":"pepper","title":"Pippuri","phrases":[{"type":"❤️","phrase":"Tykkään syödä pippuria."},{"type":"🙋","phrase":"Haluan syödä pippuria."},{"type":"❌","phrase":"En pidä pippurista."}]},{"slug":"corn","title":"Maissi","phrases":[{"type":"❤️","phrase":"Pidän maissin syömisestä."},{"type":"🙋","phrase":"Haluan syödä maissia."},{"type":"❌","phrase":"En pidä maissista."},{"type":"❤️","phrase":"Pidän maissikeitosta."}]},{"slug":"broccoli","title":"Parsakaali","phrases":[{"type":"❤️","phrase":"Pidän parsakaalin syömisestä."},{"type":"🙋","phrase":"Haluan syödä parsakaalia."},{"type":"❌","phrase":"En pidä parsakaalia."}]},{"slug":"celery","title":"Selleri","phrases":[{"type":"❤️","phrase":"Pidän selleriä."},{"type":"🙋","phrase":"Haluan syödä selleri."},{"type":"❌","phrase":"En pidä selleriä."}]},{"slug":"chili","title":"Chili","phrases":[{"type":"❤️","phrase":"Pidän chilin syömisestä."},{"type":"🙋","phrase":"Haluan syödä chiliä."},{"type":"❌","phrase":"En pidä chilistä."}]},{"slug":"potato","title":"Peruna","phrases":[{"type":"❤️","phrase":"Tykkään syödä perunaa."},{"type":"🙋","phrase":"Haluan syödä perunaa."},{"type":"❌","phrase":"En pidä perunasta."},{"type":"❤️","phrase":"Tykkään syödä perunaperunoita."}]},{"slug":"asparagus","title":"Parsa","phrases":[{"type":"❤️","phrase":"Pidän parsan syömisestä."},{"type":"🙋","phrase":"Haluan syödä parsaa."},{"type":"❌","phrase":"En pidä parsasta."}]},{"slug":"cauliflower","title":"Kukkakaali","phrases":[{"type":"❤️","phrase":"Tykkään syödä kukkakaalia."},{"type":"🙋","phrase":"Haluan syödä kukkakaalia."},{"type":"❌","phrase":"En pidä kukkakaalia."}]},{"slug":"pumpkin","title":"Kurpitsa","phrases":[{"type":"❤️","phrase":"Tykkään syödä kurpitsaa."},{"type":"🙋","phrase":"Haluan syödä kurpitsaa."},{"type":"❌","phrase":"En pidä kurpitsasta."},{"type":"❤️","phrase":"Tykkään saada kurpitsakeittoa."}]},{"slug":"beetroot","title":"Punajuuri","phrases":[{"type":"❤️","phrase":"Pidän punajuurien syömisestä."},{"type":"🙋","phrase":"Haluan syödä punajuuria."},{"type":"❌","phrase":"En pidä punajuurista."}]},{"slug":"bean","title":"Papu","phrases":[{"type":"❤️","phrase":"Pidän papujen syömisestä."},{"type":"🙋","phrase":"Haluan syödä papua."},{"type":"❌","phrase":"En pidä papusta."}]},{"slug":"lettuce","title":"Lehtisalaatti","phrases":[{"type":"❤️","phrase":"Tykkään syödä salaattia."},{"type":"🙋","phrase":"Haluan syödä salaattia."},{"type":"❌","phrase":"En pidä salaattista."},{"type":"❤️","phrase":"Pidän salaatistani, että siinä on enemmän salaattia."}]},{"slug":"radish","title":"Retiisi","phrases":[{"type":"❤️","phrase":"Tykkään syödä retiisiä."},{"type":"🙋","phrase":"Haluan syödä retiisiä."},{"type":"❌","phrase":"En pidä retiisistä."}]},{"slug":"bok-choy","title":"Bok choy","phrases":[{"type":"❤️","phrase":"Pidän syömisestä bok choy."},{"type":"🙋","phrase":"Haluan syödä bok choy."},{"type":"❌","phrase":"En pidä bok choy."}]},{"slug":"leek","title":"Purjo","phrases":[{"type":"❤️","phrase":"Pidän purjojen syömisestä."},{"type":"🙋","phrase":"Haluan syödä purjoa."},{"type":"❌","phrase":"En pidä purjoa."}]},{"slug":"peas","title":"herneet","phrases":[{"type":"❤️","phrase":"Pidän herneiden syömisestä."},{"type":"🙋","phrase":"Haluan syödä herneitä."},{"type":"❌","phrase":"En pidä herneistä."}]},{"slug":"ginger","title":"Inkivääri","phrases":[{"type":"❤️","phrase":"Tykkään syödä inkivääriä."},{"type":"🙋","phrase":"Haluan syödä inkivääriä."},{"type":"❌","phrase":"En pidä inkivääriä."}]},{"slug":"sweet-potato","title":"Bataatti","phrases":[{"type":"❤️","phrase":"Tykkään syödä bataattia."},{"type":"🙋","phrase":"Haluan syödä bataattia."},{"type":"❌","phrase":"En pidä bataattista."},{"type":"❤️","phrase":"Tykkään syödä paistettua bataattia."}]},{"slug":"olives","title":"oliivit","phrases":[{"type":"❤️","phrase":"Pidän oliivien syömisestä."},{"type":"🙋","phrase":"Haluan syödä oliiveja."},{"type":"❌","phrase":"En pidä oliiveista."},{"type":"❤️","phrase":"Pidän oliivista pizzassani."}]}]