[{"slug":"walking","title":"A piedi","phrases":[{"type":"❤️","phrase":"mi piace camminare"},{"type":"❌","phrase":"Non mi piace camminare"},{"type":"🙋","phrase":"Vuoi camminare insieme?"}]},{"slug":"running","title":"In esecuzione","phrases":[{"type":"❤️","phrase":"Mi piace correre."},{"type":"❌","phrase":"Non mi piace correre."},{"type":"🙋","phrase":"Vuoi andare a correre?"}]},{"slug":"talking","title":"parlando","phrases":[{"type":"❤️","phrase":"Mi piace parlare"},{"type":"❌","phrase":"Non mi piace parlare."},{"type":"🙋","phrase":"Vuoi parlare con me?"}]},{"slug":"reading","title":"Lettura","phrases":[{"type":"❤️","phrase":"Mi piace leggere."},{"type":"❌","phrase":"Non mi piace leggere."},{"type":"🙋","phrase":"Vuoi leggere insieme?"}]},{"slug":"football","title":"Calcio","phrases":[{"type":"❤️","phrase":"Mi piace giocare a football."},{"type":"❌","phrase":"Non mi piace giocare a calcio."},{"type":"🙋","phrase":"Vuoi giocare a calcio?"}]},{"slug":"basketball","title":"Pallacanestro","phrases":[{"type":"❤️","phrase":"Mi piace giocare a basket."},{"type":"❌","phrase":"Non mi piace giocare a basket."},{"type":"🙋","phrase":"Vuoi giocare a basket?"}]},{"slug":"swimming","title":"Nuoto","phrases":[{"type":"❤️","phrase":"Mi piace nuotare."},{"type":"❌","phrase":"Non mi piace nuotare."},{"type":"🙋","phrase":"Vuoi andare a nuotare?"}]},{"slug":"painting","title":"Pittura","phrases":[{"type":"❤️","phrase":"Mi piace la pittura."},{"type":"❌","phrase":"Non mi piace dipingere."},{"type":"🙋","phrase":"Vuoi dipingere insieme?"}]},{"slug":"drawing","title":"Disegno","phrases":[{"type":"❤️","phrase":"Mi piace disegnare."},{"type":"❌","phrase":"Non mi piace disegnare."},{"type":"🙋","phrase":"Vuoi disegnare insieme?"}]},{"slug":"cycling","title":"Ciclismo","phrases":[{"type":"❤️","phrase":"Mi piace andare in bicicletta."},{"type":"❌","phrase":"Non mi piace andare in bicicletta."},{"type":"🙋","phrase":"Vuoi andare in bicicletta?"}]},{"slug":"skating","title":"Pattinando","phrases":[{"type":"❤️","phrase":"Mi piace pattinare."},{"type":"❌","phrase":"Non mi piace pattinare."},{"type":"🙋","phrase":"Vuoi andare a pattinare?"}]},{"slug":"sightseeing","title":"giro turistico","phrases":[{"type":"❤️","phrase":"Mi piace visitare la città."},{"type":"❌","phrase":"Non mi piace visitare la città."},{"type":"🙋","phrase":"Vuoi andare a visitare la città?"}]},{"slug":"video-games","title":"Videogiochi","phrases":[{"type":"❤️","phrase":"Mi piace giocare ai videogiochi."},{"type":"❌","phrase":"Non mi piace giocare ai videogiochi."},{"type":"🙋","phrase":"Vuoi giocare?"}]},{"slug":"tidying","title":"riordino","phrases":[{"type":"❤️","phrase":"Mi piace riordinare la mia stanza."},{"type":"❌","phrase":"Non mi piace riordinare la mia stanza."},{"type":"🙋","phrase":"Potete aiutarmi a riordinare la mia stanza?"}]},{"slug":"toys","title":"giocattoli","phrases":[{"type":"❤️","phrase":"Mi piacciono i giocattoli."},{"type":"❌","phrase":"Non mi piacciono i giocattoli."},{"type":"🙋","phrase":"Vuoi giocare con i miei giocattoli?"}]},{"slug":"puzzle","title":"Puzzle","phrases":[{"type":"❤️","phrase":"Mi piace risolvere i puzzle."},{"type":"❌","phrase":"Non mi piace risolvere enigmi."},{"type":"🙋","phrase":"Vuoi risolvere enigmi con me?"}]},{"slug":"comics","title":"I fumetti","phrases":[{"type":"❤️","phrase":"Mi piace leggere i fumetti."},{"type":"❌","phrase":"Non mi piace leggere i fumetti."},{"type":"🙋","phrase":"Vuoi leggere i fumetti?"}]},{"slug":"chess","title":"Scacchi","phrases":[{"type":"❤️","phrase":"Mi piace giocare a scacchi."},{"type":"❌","phrase":"Non mi piace giocare a scacchi."},{"type":"🙋","phrase":"Vuoi giocare a scacchi con me?"}]},{"slug":"using-leeloo","title":"Usando Leeloo","phrases":[{"type":"❤️","phrase":"Mi piace usare leeloo."},{"type":"❌","phrase":"Non mi piace usare leeloo."},{"type":"🙋","phrase":"Puoi cambiare i pacchetti di carte su leeloo?"}]},{"slug":"texting","title":"Texting","phrases":[{"type":"❤️","phrase":"Mi piace mandare SMS."},{"type":"❌","phrase":"Non mi piace mandare SMS."}]},{"slug":"knitting","title":"Maglieria","phrases":[{"type":"❤️","phrase":"Mi piace lavorare a maglia."},{"type":"❌","phrase":"Non mi piace lavorare a maglia."},{"type":"🙋","phrase":"Voglio imparare a lavorare a maglia."}]},{"slug":"bowling","title":"Bowling","phrases":[{"type":"❤️","phrase":"Mi piace il bowling."},{"type":"❌","phrase":"Non mi piace il bowling."},{"type":"🙋","phrase":"Vuoi giocare a bowling con me?"}]},{"slug":"watching-tv","title":"Guardare la TV","phrases":[{"type":"❤️","phrase":"Mi piace guardare la tv."},{"type":"❌","phrase":"Non mi piace guardare la tv."},{"type":"🙋","phrase":"Vuoi guardare la tv?"}]},{"slug":"fishing","title":"Pesca","phrases":[{"type":"❤️","phrase":"Mi piace pescare."},{"type":"❌","phrase":"Non mi piace pescare."},{"type":"🙋","phrase":"Vuoi andare a pescare?"}]},{"slug":"exercising","title":"esercitare","phrases":[{"type":"❤️","phrase":"Mi piace allenarmi"},{"type":"❌","phrase":"Non mi piace allenarmi."},{"type":"🙋","phrase":"Vuoi allenarti con me?"}]},{"slug":"tennis","title":"Tennis","phrases":[{"type":"❤️","phrase":"Mi piace giocare a tennis."},{"type":"❌","phrase":"Non mi piace giocare a tennis."},{"type":"🙋","phrase":"Vuoi giocare a tennis con me?"}]}]