[{"slug":"cat","title":"Gatto","phrases":[{"type":"❤️","phrase":"Mi piacciono i gatti."},{"type":"👀","phrase":"Ho visto un gatto"},{"type":"🔊","phrase":"Che rumore fa un gatto?"},{"type":"🐈","phrase":"Possiamo prendere un gatto come animale domestico?"}]},{"slug":"dog","title":"Cane","phrases":[{"type":"❤️","phrase":"Mi piace il cane."},{"type":"👀","phrase":"Ho visto un cane."},{"type":"🔊","phrase":"Che rumore fa un cane?"},{"type":"🐕","phrase":"Possiamo prendere un cane come animale domestico?"}]},{"slug":"fish","title":"Pesce","phrases":[{"type":"❤️","phrase":"Mi piace il pesce."},{"type":"👀","phrase":"Ho visto un pesce."},{"type":"🔊","phrase":"Che rumore fa un pesce?"},{"type":"🐠","phrase":"Possiamo prendere un pesce come animale domestico?"}]},{"slug":"rabbit","title":"coniglio","phrases":[{"type":"❤️","phrase":"Mi piacciono i conigli."},{"type":"👀","phrase":"Ho visto un coniglio."},{"type":"🔊","phrase":"Che rumore fa un coniglio?"},{"type":"🐇","phrase":"Possiamo avere un coniglio come animale domestico?"}]},{"slug":"butterfly","title":"La farfalla","phrases":[{"type":"❤️","phrase":"Mi piacciono le farfalle"},{"type":"👀","phrase":"Ho visto una farfalla."},{"type":"🔊","phrase":"Che rumore fa una farfalla?"}]},{"slug":"kangaroo","title":"Canguro","phrases":[{"type":"❤️","phrase":"Mi piacciono i canguri."},{"type":"👀","phrase":"Ho visto un canguro."},{"type":"🔊","phrase":"Che rumore fa un canguro?"}]},{"slug":"turtle","title":"Tartaruga","phrases":[{"type":"❤️","phrase":"Mi piacciono le tartarughe."},{"type":"👀","phrase":"Ho visto una tartaruga."},{"type":"🔊","phrase":"Che rumore fa una tartaruga?"}]},{"slug":"giraffe","title":"Giraffa","phrases":[{"type":"❤️","phrase":"Mi piacciono le giraffe."},{"type":"👀","phrase":"Ho visto una giraffa."},{"type":"🔊","phrase":"Che rumore fa una giraffa?"}]},{"slug":"frog","title":"Rana","phrases":[{"type":"❤️","phrase":"Mi piacciono le rane."},{"type":"👀","phrase":"Ho visto una rana."},{"type":"🔊","phrase":"Che rumore fa una rana?"}]},{"slug":"swan","title":"cigno","phrases":[{"type":"❤️","phrase":"Mi piacciono i cigni."},{"type":"👀","phrase":"Ho visto un cigno."},{"type":"🔊","phrase":"Che rumore fa un cigno?"}]},{"slug":"spider","title":"Ragno","phrases":[{"type":"❤️","phrase":"Mi piacciono i ragni."},{"type":"👀","phrase":"Ho visto un ragno."},{"type":"🔊","phrase":"Che rumore fa un ragno?"}]},{"slug":"cow","title":"Mucca","phrases":[{"type":"❤️","phrase":"Mi piacciono le mucche."},{"type":"👀","phrase":"Ho visto una mucca."},{"type":"🔊","phrase":"Che rumore fa una mucca?"}]},{"slug":"duck","title":"Anatra","phrases":[{"type":"❤️","phrase":"Mi piacciono le anatre."},{"type":"👀","phrase":"Ho visto un'anatra."},{"type":"🔊","phrase":"Che rumore fa un'anatra?"}]},{"slug":"horse","title":"Cavallo","phrases":[{"type":"❤️","phrase":"Mi piacciono i cavalli."},{"type":"👀","phrase":"Ho visto un cavallo."},{"type":"🔊","phrase":"Che rumore fa un cavallo?"}]},{"slug":"chicken","title":"pollo","phrases":[{"type":"❤️","phrase":"Mi piacciono le galline."},{"type":"👀","phrase":"Ho visto un pollo."},{"type":"🔊","phrase":"Che rumore fa un pollo?"}]},{"slug":"bee","title":"Ape","phrases":[{"type":"❤️","phrase":"Mi piacciono le api."},{"type":"👀","phrase":"Ho visto un'ape."},{"type":"🔊","phrase":"Che rumore fa un'ape?"}]},{"slug":"pig","title":"Maiale","phrases":[{"type":"❤️","phrase":"Mi piacciono i maiali."},{"type":"👀","phrase":"Ho visto un maiale."},{"type":"🔊","phrase":"Che rumore fa un maiale?"}]},{"slug":"dove","title":"Colomba","phrases":[{"type":"❤️","phrase":"Mi piacciono le colombe."},{"type":"👀","phrase":"Ho visto una colomba."},{"type":"🔊","phrase":"Che rumore fa una colomba?"}]},{"slug":"crab","title":"Granchio","phrases":[{"type":"❤️","phrase":"Mi piacciono i granchi."},{"type":"👀","phrase":"Ho visto un granchio."},{"type":"🔊","phrase":"Che rumore fa un granchio?"}]},{"slug":"penguin","title":"Pinguino","phrases":[{"type":"❤️","phrase":"Mi piacciono i pinguini."},{"type":"👀","phrase":"Ho visto un pinguino."},{"type":"🔊","phrase":"Che rumore fa un pinguino?"}]},{"slug":"elephant","title":"Elefante","phrases":[{"type":"❤️","phrase":"Mi piacciono gli elefanti."},{"type":"👀","phrase":"Ho visto un elefante."},{"type":"🔊","phrase":"Che rumore fa un elefante?"}]},{"slug":"zebra","title":"Zebra","phrases":[{"type":"❤️","phrase":"Mi piacciono le zebre."},{"type":"👀","phrase":"Ho visto una zebra."},{"type":"🔊","phrase":"Che rumore fa una zebra?"}]},{"slug":"panda","title":"Panda","phrases":[{"type":"❤️","phrase":"Mi piacciono i panda."},{"type":"👀","phrase":"Ho visto un panda."},{"type":"🔊","phrase":"Che rumore fa un panda?"}]},{"slug":"monkey","title":"Scimmia","phrases":[{"type":"❤️","phrase":"Mi piacciono le scimmie."},{"type":"👀","phrase":"Ho visto una scimmia."},{"type":"🔊","phrase":"Che rumore fa una scimmia?"}]},{"slug":"camel","title":"Cammello","phrases":[{"type":"❤️","phrase":"Mi piacciono i cammelli."},{"type":"👀","phrase":"Ho visto un cammello."},{"type":"🔊","phrase":"Che rumore fa un cammello?"}]},{"slug":"mouse","title":"Topo","phrases":[{"type":"❤️","phrase":"Mi piacciono i topi."},{"type":"👀","phrase":"Ho visto un topo."},{"type":"🔊","phrase":"Che rumore fa un mouse?"}]},{"slug":"tiger","title":"Tigre","phrases":[{"type":"❤️","phrase":"Mi piacciono le tigri."},{"type":"👀","phrase":"Ho visto una tigre."},{"type":"🔊","phrase":"Che rumore fa una tigre?"}]},{"slug":"jellyfish","title":"Medusa","phrases":[{"type":"❤️","phrase":"Mi piacciono le meduse."},{"type":"👀","phrase":"Ho visto una medusa."},{"type":"🔊","phrase":"Che rumore fa una medusa?"}]},{"slug":"crocodile","title":"Coccodrillo","phrases":[{"type":"❤️","phrase":"Mi piacciono i coccodrilli."},{"type":"👀","phrase":"Ho visto un coccodrillo."},{"type":"🔊","phrase":"Che rumore fa un coccodrillo?"}]},{"slug":"koala","title":"Koala","phrases":[{"type":"❤️","phrase":"Mi piacciono i koala."},{"type":"👀","phrase":"Ho visto un koala."},{"type":"🔊","phrase":"Che rumore fa un koala?"}]},{"slug":"ostrich","title":"Struzzo","phrases":[{"type":"❤️","phrase":"Mi piacciono gli struzzi."},{"type":"👀","phrase":"Ho visto uno struzzo."},{"type":"🔊","phrase":"Che rumore fa uno struzzo?"}]},{"slug":"racoon","title":"procione","phrases":[{"type":"❤️","phrase":"Mi piacciono i procioni."},{"type":"👀","phrase":"Ho visto un procione."},{"type":"🔊","phrase":"Che rumore fa un procione?"}]},{"slug":"bat","title":"pipistrello","phrases":[{"type":"❤️","phrase":"Mi piacciono i pipistrelli."},{"type":"👀","phrase":"Ho visto una mazza."},{"type":"🔊","phrase":"Che rumore fa un pipistrello?"}]},{"slug":"eagle","title":"Aquila","phrases":[{"type":"❤️","phrase":"Mi piacciono le aquile."},{"type":"👀","phrase":"Ho visto un'aquila."},{"type":"🔊","phrase":"Che rumore fa un'aquila?"}]},{"slug":"hippopotamus","title":"Ippopotamo","phrases":[{"type":"❤️","phrase":"Mi piace l'ippopotamo."},{"type":"👀","phrase":"Ho visto un ippopotamo."},{"type":"🔊","phrase":"Che rumore fa un ippopotamo?"}]},{"slug":"seal","title":"Foca","phrases":[{"type":"❤️","phrase":"Mi piacciono le foche."},{"type":"👀","phrase":"Ho visto un sigillo."},{"type":"🔊","phrase":"Che rumore fa un sigillo?"}]},{"slug":"walrus","title":"Tricheco","phrases":[{"type":"❤️","phrase":"Mi piacciono i trichechi."},{"type":"👀","phrase":"Ho visto un tricheco."},{"type":"🔊","phrase":"Che rumore fa un tricheco?"}]},{"slug":"seahorse","title":"Cavalluccio marino","phrases":[{"type":"❤️","phrase":"Mi piacciono i cavallucci marini."},{"type":"👀","phrase":"Ho visto un cavalluccio marino."},{"type":"🔊","phrase":"Che rumore fa un cavalluccio marino?"}]},{"slug":"bull","title":"Toro","phrases":[{"type":"❤️","phrase":"Mi piacciono i tori."},{"type":"👀","phrase":"Ho visto un toro."},{"type":"🔊","phrase":"Che rumore fa un toro?"}]},{"slug":"pelican","title":"Pellicano","phrases":[{"type":"❤️","phrase":"Mi piacciono i pellicani."},{"type":"👀","phrase":"Ho visto un pellicano."},{"type":"🔊","phrase":"Che rumore fa un pellicano?"}]},{"slug":"beaver","title":"Castoro","phrases":[{"type":"❤️","phrase":"Mi piacciono i castori."},{"type":"👀","phrase":"Ho visto un castoro."},{"type":"🔊","phrase":"Che rumore fa un castoro?"}]},{"slug":"goldfish","title":"pesce rosso","phrases":[{"type":"❤️","phrase":"Mi piacciono i pesci rossi."},{"type":"👀","phrase":"Ho visto un pesce rosso."},{"type":"🔊","phrase":"Che rumore fa un pesce rosso?"},{"type":"🐠","phrase":"Possiamo prendere un pesce rosso come animale domestico?"}]},{"slug":"rhinoceros","title":"Rinoceronte","phrases":[{"type":"❤️","phrase":"Mi piace il rinoceronte."},{"type":"👀","phrase":"Ho visto un rinoceronte."},{"type":"🔊","phrase":"Che rumore fa un rinoceronte?"}]},{"slug":"snake","title":"Serpente","phrases":[{"type":"❤️","phrase":"Mi piacciono i serpenti."},{"type":"👀","phrase":"Ho visto un serpente."},{"type":"🔊","phrase":"Che rumore fa un serpente?"}]},{"slug":"lion","title":"Leone","phrases":[{"type":"❤️","phrase":"Mi piacciono i leoni."},{"type":"👀","phrase":"Ho visto un leone."},{"type":"🔊","phrase":"Che rumore fa un leone?"}]},{"slug":"squid","title":"Calamaro","phrases":[{"type":"❤️","phrase":"Mi piacciono i calamari."},{"type":"👀","phrase":"Ho visto un calamaro."},{"type":"🔊","phrase":"Che rumore fa un calamaro?"}]},{"slug":"whale","title":"Balena","phrases":[{"type":"❤️","phrase":"Mi piacciono le balene."},{"type":"👀","phrase":"Ho visto una balena."},{"type":"🔊","phrase":"Che rumore fa una balena?"}]},{"slug":"beetle","title":"scarafaggio","phrases":[{"type":"❤️","phrase":"Mi piacciono gli scarafaggi."},{"type":"👀","phrase":"Ho visto uno scarabeo."},{"type":"🔊","phrase":"Che rumore fa uno scarabeo?"}]},{"slug":"dolphin","title":"Delfino","phrases":[{"type":"❤️","phrase":"Mi piacciono i delfini."},{"type":"👀","phrase":"Ho visto un delfino."},{"type":"🔊","phrase":"Che rumore fa un delfino?"}]},{"slug":"starfish","title":"Stella marina","phrases":[{"type":"❤️","phrase":"Mi piacciono le stelle marine."},{"type":"👀","phrase":"Ho visto una stella marina."},{"type":"🔊","phrase":"Che rumore fa una stella marina?"}]},{"slug":"parakeet","title":"Parrocchetto","phrases":[{"type":"❤️","phrase":"Mi piacciono i parrocchetti."},{"type":"👀","phrase":"Ho visto un parrocchetto."},{"type":"🔊","phrase":"Che rumore fa un parrocchetto?"}]},{"slug":"owl","title":"Gufo","phrases":[{"type":"❤️","phrase":"Mi piacciono i gufi."},{"type":"👀","phrase":"Ho visto un gufo."},{"type":"🔊","phrase":"Che rumore fa un gufo?"}]},{"slug":"sheep","title":"pecora","phrases":[{"type":"❤️","phrase":"Mi piacciono le pecore."},{"type":"👀","phrase":"Ho visto una pecora."},{"type":"🔊","phrase":"Che rumore fa una pecora?"}]}]