[{"slug":"pants","title":"Pantaloni","phrases":[{"type":"🧼","phrase":"I miei pantaloni sono sporchi."},{"type":"🙋","phrase":"Potete aiutarmi a indossare i miei pantaloni?"}]},{"slug":"shirt","title":"Camicia","phrases":[{"type":"🧼","phrase":"La mia camicia è sporca."},{"type":"🙋","phrase":"Potete aiutarmi a indossare la mia camicia?"}]},{"slug":"skirt","title":"Gonna","phrases":[{"type":"🧼","phrase":"La mia gonna è sporca."},{"type":"🙋","phrase":"Puoi aiutarmi a indossare la gonna?"}]},{"slug":"panty","title":"Panty","phrases":[{"type":"🧼","phrase":"La mia biancheria intima è sporca."},{"type":"🙋","phrase":"Puoi aiutarmi a indossare il mio slip?"}]},{"slug":"jacket","title":"Giacca","phrases":[{"type":"🧼","phrase":"La mia giacca è sporca."},{"type":"🙋","phrase":"Potete aiutarmi a indossare la giacca?"}]},{"slug":"tie","title":"Cravatta","phrases":[{"type":"❤️","phrase":"Mi piace indossare la cravatta."},{"type":"🙋","phrase":"Potete aiutarmi a legarmi la cravatta?"}]},{"slug":"baseball-cap","title":"Cappellino da baseball","phrases":[{"type":"❤️","phrase":"Mi piace indossare il cappellino da baseball."},{"type":"❓","phrase":"Quale cappellino da baseball dovrei indossare?"}]},{"slug":"dress","title":"Vestito","phrases":[{"type":"🧼","phrase":"Il mio vestito è sporco."},{"type":"🙋","phrase":"Potete aiutarmi a indossare il mio vestito?"}]},{"slug":"shoes","title":"Scarpe","phrases":[{"type":"🧼","phrase":"Le mie scarpe sono sporche."},{"type":"🙋","phrase":"Potete aiutarmi a indossare le mie scarpe?"}]},{"slug":"boots","title":"Stivali","phrases":[{"type":"🧼","phrase":"I miei stivali sono sporchi."},{"type":"🙋","phrase":"Potete aiutarmi a indossare i miei stivali?"}]},{"slug":"sneakers","title":"Scarpe da ginnastica","phrases":[{"type":"🎈","phrase":"Voglio indossare le mie scarpe da ginnastica."},{"type":"🙋","phrase":"Potete aiutarmi a indossare le mie scarpe da ginnastica?"}]},{"slug":"slippers","title":"Pantofole","phrases":[{"type":"🎈","phrase":"Voglio indossare le mie pantofole."},{"type":"🙋","phrase":"Puoi aiutarmi a indossare le pantofole?"}]},{"slug":"belt","title":"Cintura","phrases":[{"type":"❤️","phrase":"Mi piace indossare la cintura."},{"type":"🙋","phrase":"Potete aiutarmi a indossare la cintura?"}]},{"slug":"socks","title":"Calzini","phrases":[{"type":"🧼","phrase":"Le mie calze sono sporche."},{"type":"🙋","phrase":"Potete aiutarmi a indossare le mie calze?"}]},{"slug":"swimsuit","title":"Costume da bagno","phrases":[{"type":"❤️","phrase":"Voglio indossare il mio costume da bagno."},{"type":"🙋","phrase":"Potete aiutarmi a indossare il mio costume da bagno?"}]},{"slug":"sweater","title":"Maglione","phrases":[{"type":"🧼","phrase":"Il mio maglione è sporco."},{"type":"🙋","phrase":"Potete aiutarmi a indossare il mio maglione?"}]},{"slug":"scarf","title":"Sciarpa","phrases":[{"type":"❤️","phrase":"Mi piace indossare la sciarpa."},{"type":"🙋","phrase":"Potete aiutarmi a indossare la mia sciarpa?"}]},{"slug":"denim-shorts","title":"Shorts in denim","phrases":[{"type":"🧼","phrase":"I miei pantaloncini di jeans sono sporchi."},{"type":"🙋","phrase":"Potete aiutarmi a indossare i miei pantaloncini di jeans?"}]},{"slug":"hoodies","title":"Felpe con cappuccio","phrases":[{"type":"❤️","phrase":"Mi piace indossare le felpe con cappuccio."},{"type":"🙋","phrase":"Potete aiutarmi a indossare la mia felpa con cappuccio?"}]},{"slug":"swimming-shorts","title":"Pantaloncini da bagno","phrases":[{"type":"🧼","phrase":"I miei pantaloncini da bagno sono sporchi."},{"type":"🙋","phrase":"Potete aiutarmi a indossare i miei pantaloncini da bagno?"}]},{"slug":"bow-tie","title":"Cravatta a farfalla","phrases":[{"type":"❤️","phrase":"Mi piace indossare il papillon."},{"type":"🙋","phrase":"Potete aiutarmi a indossare il mio papillon?"}]},{"slug":"leather-jacket","title":"Giacca di pelle","phrases":[{"type":"❤️","phrase":"Mi piace indossare la giacca di pelle."},{"type":"🙋","phrase":"Potete aiutarmi a indossare la mia giacca di pelle?"}]},{"slug":"bathrobe","title":"accappatoio","phrases":[{"type":"❤️","phrase":"Mi piace indossare l'accappatoio."},{"type":"🙋","phrase":"Potete aiutarmi a indossare l'accappatoio?"}]},{"slug":"jumpsuit","title":"tuta","phrases":[{"type":"❤️","phrase":"Mi piace indossare la tuta."},{"type":"🙋","phrase":"Potete aiutarmi a indossare la mia tuta?"}]},{"slug":"fedora-hat","title":"Cappello Fedora","phrases":[{"type":"❤️","phrase":"Mi piace indossare il cappello fedora."},{"type":"🙋","phrase":"Potete aiutarmi a indossare il mio cappello fedora?"}]},{"slug":"t-shirt","title":"Maglietta","phrases":[{"type":"❤️","phrase":"Mi piace indossare la maglietta."},{"type":"🙋","phrase":"Potete aiutarmi a indossare la mia maglietta?"}]},{"slug":"sleeveless","title":"Senza maniche","phrases":[{"type":"❤️","phrase":"Mi piace indossare senza maniche."},{"type":"🙋","phrase":"Potete aiutarmi a indossare la mia smanicata?"}]},{"slug":"boxers","title":"Boxers","phrases":[{"type":"❤️","phrase":"Mi piace indossare i pugili."},{"type":"🙋","phrase":"Puoi aiutarmi a indossare i miei boxer?"}]},{"slug":"vest","title":"Veste","phrases":[{"type":"❤️","phrase":"Mi piace indossare il giubbotto."},{"type":"🙋","phrase":"Potete aiutarmi a indossare il mio giubbotto?"}]},{"slug":"pamela-hat","title":"Cappello Pamela","phrases":[{"type":"❤️","phrase":"Mi piace indossare il cappello di Pamela."},{"type":"🙋","phrase":"Potete aiutarmi a indossare il mio cappello pamela?"}]},{"slug":"high-heels","title":"Tacchi alti","phrases":[{"type":"❤️","phrase":"Mi piace indossare i tacchi alti."},{"type":"🙋","phrase":"Potete aiutarmi a indossare i miei tacchi alti?"}]},{"slug":"overalls","title":"Tuta da lavoro","phrases":[{"type":"❤️","phrase":"Mi piace indossare la tuta."},{"type":"🙋","phrase":"Potete aiutarmi a indossare la mia tuta?"}]},{"slug":"kimono","title":"chimono","phrases":[{"type":"❤️","phrase":"Mi piace indossare il kimono."},{"type":"🙋","phrase":"Puoi aiutarmi a indossare il mio kimono?"}]},{"slug":"raincoat","title":"Impermeabile","phrases":[{"type":"❤️","phrase":"Mi piace indossare l'impermeabile."},{"type":"🙋","phrase":"Potete aiutarmi a indossare l'impermeabile?"}]},{"slug":"bandana","title":"Bandana","phrases":[{"type":"❤️","phrase":"Mi piace indossare la bandana."},{"type":"🙋","phrase":"Puoi aiutarmi a indossare la mia bandana?"}]},{"slug":"beret","title":"Berretto","phrases":[{"type":"❤️","phrase":"Mi piace indossare il berretto."},{"type":"🙋","phrase":"Potete aiutarmi a indossare il berretto?"}]},{"slug":"knit-hat","title":"Cappello lavorato a maglia","phrases":[{"type":"❤️","phrase":"Mi piace indossare un cappello lavorato a maglia."},{"type":"🙋","phrase":"Potete aiutarmi a indossare il mio cappello lavorato a maglia?"}]},{"slug":"suspenders","title":"giarrettiere","phrases":[{"type":"❤️","phrase":"Mi piace indossare le bretelle."},{"type":"🙋","phrase":"Potete aiutarmi a indossare le mie bretelle?"}]},{"slug":"mitten","title":"muffola","phrases":[{"type":"❤️","phrase":"Mi piace indossare il guanto."},{"type":"🙋","phrase":"Potete aiutarmi a indossare il mio guanto?"}]},{"slug":"suit","title":"Completo da uomo","phrases":[{"type":"❤️","phrase":"Mi piace indossare il completo."},{"type":"🙋","phrase":"Potete aiutarmi a indossare il mio completo?"}]},{"slug":"coat","title":"Cappotto","phrases":[{"type":"❤️","phrase":"Mi piace indossare il cappotto."},{"type":"🙋","phrase":"Potete aiutarmi a indossare il cappotto?"}]},{"slug":"trench-coat","title":"Impermeabile","phrases":[{"type":"❤️","phrase":"Mi piace indossare il trench."},{"type":"🙋","phrase":"Puoi aiutarmi a indossare il mio trench?"}]}]