[{"slug":"crayons","title":"pastelli","phrases":[{"type":"❤️","phrase":"Mi piacciono i pastelli."},{"type":"🙋","phrase":"Puoi darmi dei pastelli?"},{"type":"🖍️","phrase":"Voglio disegnare usando i miei pastelli."}]},{"slug":"red","title":"Rosso","phrases":[{"type":"👉","phrase":"È rosso."},{"type":"💜","phrase":"Il mio colore preferito è il rosso."},{"type":"🙋","phrase":"Puoi darmi una vernice rossa?"}]},{"slug":"blue","title":"Blu","phrases":[{"type":"👉","phrase":"È blu."},{"type":"💜","phrase":"Il mio colore preferito è il blu."},{"type":"🙋","phrase":"Puoi darmi la vernice blu?"}]},{"slug":"orange","title":"arancia","phrases":[{"type":"👉","phrase":"È di colore arancione"},{"type":"💜","phrase":"Il mio colore preferito è l'arancione."},{"type":"🙋","phrase":"Puoi darmi una vernice arancione?"}]},{"slug":"green","title":"verde","phrases":[{"type":"👉","phrase":"È verde."},{"type":"💜","phrase":"Il mio colore preferito è il verde."},{"type":"🙋","phrase":"Puoi darmi una vernice verde?"}]},{"slug":"yellow","title":"Giallo","phrases":[{"type":"👉","phrase":"È giallo."},{"type":"💜","phrase":"Il mio colore preferito è il giallo."},{"type":"🙋","phrase":"Puoi darmi una vernice gialla?"}]},{"slug":"purple","title":"Viola","phrases":[{"type":"👉","phrase":"È viola."},{"type":"💜","phrase":"Il mio colore preferito è il viola."},{"type":"🙋","phrase":"Puoi darmi una vernice viola?"}]},{"slug":"pink","title":"Rosa","phrases":[{"type":"👉","phrase":"È rosa."},{"type":"💜","phrase":"Il mio colore preferito è il rosa."},{"type":"🙋","phrase":"Puoi darmi una vernice rosa?"}]},{"slug":"brown","title":"Marrone","phrases":[{"type":"👉","phrase":"È marrone."},{"type":"💜","phrase":"Il mio colore preferito è il marrone."},{"type":"🙋","phrase":"Puoi darmi una vernice marrone?"}]},{"slug":"black","title":"Nero","phrases":[{"type":"👉","phrase":"È nero."},{"type":"💜","phrase":"Il mio colore preferito è il nero."},{"type":"🙋","phrase":"Puoi darmi la vernice nera?"}]},{"slug":"white","title":"bianca","phrases":[{"type":"👉","phrase":"È bianco."},{"type":"💜","phrase":"Il mio colore preferito è il bianco."},{"type":"🙋","phrase":"Puoi darmi la vernice bianca?"}]},{"slug":"gray","title":"Grigio","phrases":[{"type":"👉","phrase":"È grigio."},{"type":"💜","phrase":"Il mio colore preferito è il grigio."},{"type":"🙋","phrase":"Puoi darmi una vernice grigia?"}]},{"slug":"transparent","title":"Trasparente","phrases":[{"type":"👉","phrase":"È trasparente."},{"type":"👀","phrase":"Vedo dietro il colore trasparente."},{"type":"🙋","phrase":"Potete aiutarmi a cancellare?"}]},{"slug":"cyan","title":"Ciano","phrases":[{"type":"👉","phrase":"È ciano."},{"type":"💜","phrase":"Il mio colore preferito è il ciano."},{"type":"🙋","phrase":"Puoi darmi la vernice ciano?"}]},{"slug":"violet","title":"Viola","phrases":[{"type":"👉","phrase":"È viola."},{"type":"💜","phrase":"Il mio colore preferito è il viola."},{"type":"🙋","phrase":"Puoi darmi la vernice viola?"}]},{"slug":"turquoise","title":"Turchese","phrases":[{"type":"👉","phrase":"È turchese"},{"type":"💜","phrase":"Il mio colore preferito è il turchese."},{"type":"🙋","phrase":"Puoi darmi la vernice turquosa?"}]},{"slug":"lime","title":"Lime","phrases":[{"type":"👉","phrase":"È lime."},{"type":"💜","phrase":"Il mio colore preferito è il lime."},{"type":"🙋","phrase":"Puoi darmi vernice al lime?"}]},{"slug":"plum","title":"prugna","phrases":[{"type":"👉","phrase":"È prugna."},{"type":"💜","phrase":"Il mio colore preferito è la prugna."},{"type":"🙋","phrase":"Puoi darmi la vernice di prugna?"}]},{"slug":"tan","title":"abbronzatura","phrases":[{"type":"👉","phrase":"È di colore marrone chiaro."},{"type":"💜","phrase":"Il mio colore preferito è il colore marrone chiaro."},{"type":"🙋","phrase":"Puoi darmi una vernice color marrone chiaro?"}]},{"slug":"avocado","title":"Avocado","phrases":[{"type":"👉","phrase":"È di colore avocado."},{"type":"💜","phrase":"Il mio colore preferito è il colore avocado."},{"type":"🙋","phrase":"Puoi darmi una vernice color avocado?"}]},{"slug":"barbie-pink","title":"Rosa Barbie","phrases":[{"type":"👉","phrase":"È di colore rosa barbie."},{"type":"💜","phrase":"Il mio colore preferito è il rosa barbie."},{"type":"🙋","phrase":"Puoi darmi una vernice rosa barbie?"}]},{"slug":"blizzard-blue","title":"Blizzard blue","phrases":[{"type":"👉","phrase":"È di colore blu blizzard."},{"type":"💜","phrase":"Il mio colore preferito è il colore blu blizzard."},{"type":"🙋","phrase":"Puoi darmi la vernice blu blizzard?"}]}]