[{"slug":"coffee","title":"caffè","phrases":[{"type":"❤️","phrase":"Mi piace bere il caffè."},{"type":"🙋","phrase":"Voglio bere un caffè."}]},{"slug":"water","title":"acqua","phrases":[{"type":"☝️","phrase":"Ho bisogno di bere acqua."},{"type":"🙋","phrase":"Voglio bere acqua."}]},{"slug":"juice","title":"Succo","phrases":[{"type":"❤️","phrase":"Mi piace bere il succo."},{"type":"🙋","phrase":"Voglio bere il succo."}]},{"slug":"tea","title":"Tè","phrases":[{"type":"❤️","phrase":"Mi piace bere il tè."},{"type":"🙋","phrase":"Voglio bere il tè."}]},{"slug":"grape-juice","title":"Succo d'uva","phrases":[{"type":"❤️","phrase":"Mi piace bere il succo d'uva."},{"type":"🙋","phrase":"Voglio bere il succo d'uva."}]},{"slug":"milk","title":"latte","phrases":[{"type":"❤️","phrase":"Mi piace bere latte."},{"type":"🙋","phrase":"Voglio bere latte"}]},{"slug":"milkshake","title":"Frappè","phrases":[{"type":"❤️","phrase":"Mi piace bere il frappè."},{"type":"🙋","phrase":"Voglio bere il frappè."}]},{"slug":"orange-juice","title":"succo d'arancia","phrases":[{"type":"❤️","phrase":"Mi piace bere il succo d'arancia."},{"type":"🙋","phrase":"Voglio bere il succo d'arancia."}]},{"slug":"apple-juice","title":"succo di mela","phrases":[{"type":"❤️","phrase":"Mi piace bere il succo di mela."},{"type":"🙋","phrase":"Voglio bere il succo di mela."}]},{"slug":"pineapple-juice","title":"Succo di ananas","phrases":[{"type":"❤️","phrase":"Mi piace bere il succo di ananas."},{"type":"🙋","phrase":"Voglio bere il succo di ananas."}]},{"slug":"lemonade","title":"limonata","phrases":[{"type":"❤️","phrase":"Mi piace bere limonata."},{"type":"🙋","phrase":"Voglio bere limonata."}]},{"slug":"coke","title":"Coca Cola","phrases":[{"type":"❤️","phrase":"Mi piace bere la coca cola."},{"type":"🙋","phrase":"Voglio bere coca cola."}]},{"slug":"soda","title":"Bibita","phrases":[{"type":"❤️","phrase":"Mi piace bere soda."},{"type":"🙋","phrase":"Voglio bere soda."}]},{"slug":"frappe","title":"Frappé","phrases":[{"type":"❤️","phrase":"Mi piace bere frappe."},{"type":"🙋","phrase":"Voglio bere frappe."}]},{"slug":"smoothie","title":"Smoothie","phrases":[{"type":"❤️","phrase":"Mi piace bere il frullato."},{"type":"🙋","phrase":"Voglio bere un frullato."}]},{"slug":"iced-tea","title":"Tè freddo","phrases":[{"type":"❤️","phrase":"Mi piace bere il tè freddo."},{"type":"🙋","phrase":"Voglio bere un tè freddo."}]},{"slug":"hot-chocolate","title":"Cioccolata calda","phrases":[{"type":"❤️","phrase":"Mi piace bere cioccolata calda."},{"type":"🙋","phrase":"Voglio bere cioccolata calda."}]},{"slug":"mineral-water","title":"Acqua minerale","phrases":[{"type":"❤️","phrase":"Mi piace bere acqua minerale."},{"type":"🙋","phrase":"Voglio bere acqua minerale."}]}]