[{"slug":"cotton-candy","title":"Caramelle Cotto","phrases":[{"type":"❤️","phrase":"Mi piace mangiare lo zucchero filato."}]},{"slug":"magic-hat","title":"Cappello magico","phrases":[{"type":"❤️","phrase":"Mi piace indossare il cappello magico."}]},{"slug":"ferris-wheel","title":"ruota panoramica","phrases":[{"type":"❤️","phrase":"Mi piace guidare sulla ruota panoramica."}]},{"slug":"bowling","title":"Bowling","phrases":[{"type":"❤️","phrase":"Mi piace giocare a bowling."}]},{"slug":"bumper-car","title":"Autoscontro","phrases":[{"type":"❤️","phrase":"Mi piace andare in macchina con il paraurti."}]},{"slug":"carousel","title":"Giostra","phrases":[{"type":"❤️","phrase":"Mi piace cavalcare nella giostra."}]},{"slug":"balloons","title":"palloncini","phrases":[{"type":"❤️","phrase":"Mi piacciono i palloncini."}]},{"slug":"cups","title":"Coppe","phrases":[]},{"slug":"unicycle","title":"Unicylce","phrases":[]},{"slug":"circus-tent","title":"Tendone da circo","phrases":[]},{"slug":"food-truck","title":"Camion di cibo","phrases":[]},{"slug":"tea-cup-ride","title":"Giro della tazza di tè","phrases":[]},{"slug":"whack-a-mole","title":"Colpisci una talpa","phrases":[]},{"slug":"food-stall","title":"Bancarella","phrases":[]},{"slug":"claw-machine","title":"Macchina per artigli","phrases":[]},{"slug":"shooting-target","title":"Tiro a segno","phrases":[]},{"slug":"teddy-bear","title":"orsacchiotto di peluche","phrases":[]},{"slug":"fireworks","title":"Fuochi d'artificio","phrases":[]},{"slug":"caramelized-apple","title":"Mela Caramellata","phrases":[]},{"slug":"ring","title":"Squillare","phrases":[]}]