[{"slug":"happy","title":"Contento","phrases":[{"type":"🖐️","phrase":"Sono felice."},{"type":"🙋","phrase":"Mi sento felice."},{"type":"❓","phrase":"Ti senti felice?"},{"type":"☝️","phrase":"Voglio sentirmi felice."},{"type":"🎈","phrase":"Mi stai rendendo felice."}]},{"slug":"sad","title":"Triste","phrases":[{"type":"🖐️","phrase":"Sono triste."},{"type":"🙋","phrase":"Mi sento triste."},{"type":"❓","phrase":"Ti senti triste?"},{"type":"☝️","phrase":"Non voglio sentirmi triste."},{"type":"😠","phrase":"Mi stai rendendo triste."}]},{"slug":"exhausted","title":"Esausto","phrases":[{"type":"🖐️","phrase":"Sono esausto."},{"type":"🙋","phrase":"Mi sento esausto."},{"type":"❓","phrase":"Ti senti esausto?"},{"type":"☝️","phrase":"Non voglio essere esausto."}]},{"slug":"relaxed","title":"Rilassato","phrases":[{"type":"🖐️","phrase":"Sono rilassato."},{"type":"🙋","phrase":"Mi sento rilassato."},{"type":"❓","phrase":"Ti senti rilassato?"},{"type":"☝️","phrase":"Voglio sentirmi rilassato."}]},{"slug":"in-love","title":"Innamorato","phrases":[{"type":"🖐️","phrase":"Sono innamorato."},{"type":"🙋","phrase":"Sono innamorato."},{"type":"❓","phrase":"Sei innamorato?"},{"type":"☝️","phrase":"Voglio innamorarmi."},{"type":"👉","phrase":"Mi ami?"}]},{"slug":"stressed","title":"Stressato","phrases":[{"type":"🖐️","phrase":"Sono stressato."},{"type":"🙋","phrase":"Mi sento stressato."},{"type":"❓","phrase":"Ti senti stressato?"},{"type":"☝️","phrase":"Non voglio sentirmi stressato."}]},{"slug":"thankful","title":"Grato","phrases":[{"type":"🖐️","phrase":"Sono grato."},{"type":"🙋","phrase":"Mi sento grato."},{"type":"❓","phrase":"Ti senti grato?"},{"type":"☝️","phrase":"Voglio sentirmi grato."}]},{"slug":"confused","title":"Confuso","phrases":[{"type":"🖐️","phrase":"Non ho capito bene."},{"type":"🙋","phrase":"Mi sento confuso."},{"type":"❓","phrase":"Ti senti confuso?"},{"type":"☝️","phrase":"Mi stai confondendo."}]},{"slug":"joyful","title":"gioioso","phrases":[{"type":"🖐️","phrase":"Sono gioiosa."},{"type":"🙋","phrase":"Mi sento felice."},{"type":"❓","phrase":"Ti senti gioioso?"},{"type":"☝️","phrase":"Voglio sentirmi felice."}]},{"slug":"angry","title":"Arrabbiato","phrases":[{"type":"🖐️","phrase":"Sono arrabbiato."},{"type":"🙋","phrase":"Mi sento arrabbiato."},{"type":"❓","phrase":"Ti senti arrabbiato?"},{"type":"☝️","phrase":"Sono arrabbiato con te."},{"type":"😠","phrase":"Mi stai facendo arrabbiare."}]},{"slug":"smart","title":"Inteligente","phrases":[{"type":"🖐️","phrase":"Sono intelligente."},{"type":"🙋","phrase":"Mi sento intelligente."},{"type":"❓","phrase":"Ti senti intelligente?"},{"type":"☝️","phrase":"Sono intelligente?"},{"type":"👉","phrase":"Tu sei furba!"}]},{"slug":"afraid","title":"impaurito","phrases":[{"type":"🖐️","phrase":"Ho paura."},{"type":"🙋","phrase":"Ho paura."},{"type":"❓","phrase":"Hai paura?"},{"type":"☝️","phrase":"Non voglio avere paura."},{"type":"😠","phrase":"Mi stai spaventando."}]},{"slug":"ashamed","title":"Si vergogna","phrases":[{"type":"🖐️","phrase":"Mi vergogno."},{"type":"🙋","phrase":"Mi vergogno."},{"type":"❓","phrase":"Ti vergogni?"},{"type":"☝️","phrase":"Non voglio vergognarmi."}]},{"slug":"shocked","title":"scioccato","phrases":[{"type":"🖐️","phrase":"Sono scioccato."},{"type":"🙋","phrase":"Mi sento scioccato."},{"type":"❓","phrase":"Ti senti scioccato?"},{"type":"☝️","phrase":"Mi hai scioccato."}]},{"slug":"sick","title":"malato","phrases":[{"type":"🖐️","phrase":"Sono malato."},{"type":"🙋","phrase":"Mi sento male."},{"type":"❓","phrase":"Ti senti male?"},{"type":"☝️","phrase":"Non voglio essere ammalato."},{"type":"🤢","phrase":"Sono stufo del cibo."}]},{"slug":"frustrated","title":"frustrato","phrases":[{"type":"🖐️","phrase":"Sono frustrato."},{"type":"🙋","phrase":"Mi sento frustrato."},{"type":"❓","phrase":"Ti senti frustrato?"},{"type":"☝️","phrase":"Non voglio sentirmi frustrato."}]},{"slug":"excited","title":"Eccitato","phrases":[{"type":"🖐️","phrase":"Sono emozionato."},{"type":"🙋","phrase":"Mi sento eccitato."},{"type":"❓","phrase":"Ti senti eccitato?"},{"type":"☝️","phrase":"Non voglio sentirmi eccitato."}]},{"slug":"nauseated","title":"nauseato","phrases":[{"type":"🖐️","phrase":"Sono nauseato."},{"type":"🙋","phrase":"Mi sento nauseato."},{"type":"❓","phrase":"Ti senti nauseato?"},{"type":"☝️","phrase":"Non voglio sentirmi nauseato."}]},{"slug":"agitated","title":"Agitato","phrases":[{"type":"🖐️","phrase":"Sono agitato."},{"type":"🙋","phrase":"Mi sento agitato."},{"type":"❓","phrase":"Ti senti agitato?"},{"type":"☝️","phrase":"Non voglio sentirmi agitato."}]}]