[{"slug":"hungry","title":"Affamato","phrases":[{"type":"‼️","phrase":"Ho fame."},{"type":"❓","phrase":"Hai fame?"},{"type":"🙋","phrase":"Puoi farmi da mangiare?"},{"type":"🍳","phrase":"Cosa c'è per cena?"}]},{"slug":"thirsty","title":"assetato","phrases":[{"type":"‼️","phrase":"Sono assetato."},{"type":"🌊","phrase":"Posso avere dell'acqua?"},{"type":"🥛","phrase":"Posso avere un bicchiere d'acqua?"},{"type":"🙋","phrase":"Voglio qualcosa da bere."}]},{"slug":"cutlery","title":"Posate","phrases":[{"type":"🙋","phrase":"Ho bisogno di posate."},{"type":"🍽️","phrase":"Aiutami a usare le posate."},{"type":"🍴","phrase":"Ho bisogno di una forchetta."},{"type":"🥄","phrase":"Ho bisogno di un cucchiaio."},{"type":"🥢","phrase":"Ho bisogno di bacchette."},{"type":"🔪","phrase":"Ho bisogno di un coltello."},{"type":"🧻","phrase":"Ho bisogno di un tovagliolo."}]},{"slug":"apple","title":"Mela","phrases":[{"type":"❤️","phrase":"Mi piace la mela."},{"type":"❌","phrase":"Non mi piace la mela."},{"type":"🙋","phrase":"Voglio mangiare una mela."}]},{"slug":"carrot","title":"Carota","phrases":[{"type":"❤️","phrase":"Mi piace la carota."},{"type":"❌","phrase":"Non mi piace la carota."},{"type":"🙋","phrase":"Voglio mangiare una carota."}]},{"slug":"beans","title":"fagioli","phrases":[{"type":"❤️","phrase":"Mi piacciono i fagioli."},{"type":"❌","phrase":"Non mi piacciono i fagioli."},{"type":"🙋","phrase":"Voglio mangiare fagioli."}]},{"slug":"chicken","title":"pollo","phrases":[{"type":"❤️","phrase":"Mi piace il pollo."},{"type":"❌","phrase":"Non mi piace il pollo."},{"type":"🙋","phrase":"Voglio mangiare pollo."},{"type":"🍗","phrase":"Voglio pollo fritto."},{"type":"🐣","phrase":"Voglio pollo bollito."}]},{"slug":"chocolate","title":"Cioccolato","phrases":[{"type":"❤️","phrase":"Mi piace il cioccolato."},{"type":"❌","phrase":"Non mi piace il cioccolato."},{"type":"🙋","phrase":"Voglio mangiare cioccolato."},{"type":"⚫","phrase":"Voglio cioccolato fondente."},{"type":"⚪","phrase":"Voglio cioccolato bianco."}]},{"slug":"milk","title":"latte","phrases":[{"type":"❤️","phrase":"Mi piace il latte."},{"type":"❌","phrase":"Non mi piace il latte."},{"type":"🙋","phrase":"Voglio bere latte"},{"type":"🍳","phrase":"Posso avere un bicchiere di latte?"}]},{"slug":"sandwich","title":"Sandwich","phrases":[{"type":"❤️","phrase":"Mi piace il sandwich."},{"type":"❌","phrase":"Non mi piace il panino."},{"type":"🙋","phrase":"Voglio mangiare un panino."},{"type":"🍳","phrase":"Puoi farmi un panino?"}]},{"slug":"steak","title":"Bistecca","phrases":[{"type":"❤️","phrase":"Mi piace la bistecca."},{"type":"❌","phrase":"Non mi piace la bistecca."},{"type":"🙋","phrase":"Voglio mangiare una bistecca."},{"type":"🍳","phrase":"Puoi cucinare una bistecca per me?"}]},{"slug":"banana","title":"Banana","phrases":[{"type":"❤️","phrase":"Mi piace la banana."},{"type":"❌","phrase":"Non mi piace la banana."},{"type":"🙋","phrase":"Voglio mangiare una banana."}]},{"slug":"pie","title":"Torta","phrases":[{"type":"❤️","phrase":"Mi piacciono le torte."},{"type":"❌","phrase":"Non mi piace la torta."},{"type":"🙋","phrase":"Voglio mangiare una torta."},{"type":"🍳","phrase":"Puoi preparare una torta per me?"}]},{"slug":"egg","title":"Uovo","phrases":[{"type":"❤️","phrase":"Mi piace l'uovo."},{"type":"❌","phrase":"Non mi piace l'uovo."},{"type":"🙋","phrase":"Voglio mangiare l'uovo."},{"type":"🍳","phrase":"Voglio uova fritte."},{"type":"🥚","phrase":"Voglio uova sode."}]},{"slug":"noodles","title":"Tagliatelle","phrases":[{"type":"❤️","phrase":"Mi piacciono le tagliatelle."},{"type":"❌","phrase":"Non mi piacciono le tagliatelle."},{"type":"🙋","phrase":"Voglio mangiare noodles."},{"type":"🍳","phrase":"Puoi cucinare noodles per me?"}]},{"slug":"salt","title":"sale","phrases":[{"type":"🙋","phrase":"Voglio sale."},{"type":"❓","phrase":"Puoi passarmi il sale?"},{"type":"🧂","phrase":"Il cibo è troppo salato."},{"type":"🧂","phrase":"Il mio cibo ha bisogno di sale."}]},{"slug":"spices","title":"Spezie","phrases":[{"type":"❤️","phrase":"Mi piace il cibo piccante."},{"type":"❌","phrase":"Non mi piace il cibo piccante."},{"type":"🙋","phrase":"Voglio la paprika."},{"type":"⚫","phrase":"Voglio il pepe nero."}]},{"slug":"pizza","title":"Pizza","phrases":[{"type":"❤️","phrase":"Mi piace la pizza."},{"type":"❌","phrase":"Non mi piace la pizza."},{"type":"🙋","phrase":"Voglio mangiare pizza."},{"type":"🍳","phrase":"Sai cucinare la pizza per me?"},{"type":"☝️","phrase":"Possiamo ordinare la pizza?"}]},{"slug":"cheese","title":"Formaggio","phrases":[{"type":"❤️","phrase":"Mi piace il formaggio."},{"type":"❌","phrase":"Non mi piace il formaggio."},{"type":"🙋","phrase":"Voglio mangiare formaggio"}]},{"slug":"fish","title":"Pesce","phrases":[{"type":"❤️","phrase":"Mi piace il pesce."},{"type":"❌","phrase":"Non mi piace il pesce."},{"type":"🙋","phrase":"Voglio mangiare pesce."},{"type":"🍳","phrase":"Puoi cucinare il pesce per me?"}]},{"slug":"ice-cream","title":"Gelato","phrases":[{"type":"❤️","phrase":"Mi piace il gelato."},{"type":"❌","phrase":"Non mi piace il gelato."},{"type":"🙋","phrase":"Voglio mangiare del gelato."},{"type":"☝️","phrase":"Puoi comprare un gelato per me?"}]},{"slug":"tea","title":"Tè","phrases":[{"type":"❤️","phrase":"Mi piace il te."},{"type":"❌","phrase":"Non mi piace il tè."},{"type":"🙋","phrase":"Voglio bere il tè."},{"type":"🍳","phrase":"Puoi preparare il tè per me?"}]},{"slug":"coffee","title":"caffè","phrases":[{"type":"❤️","phrase":"Mi piace il caffè."},{"type":"❌","phrase":"Non mi piace il caffè."},{"type":"🙋","phrase":"Voglio bere un caffè."},{"type":"🍳","phrase":"Puoi preparare un caffè per me?"}]},{"slug":"tomato","title":"Pomodoro","phrases":[{"type":"❤️","phrase":"Mi piace il pomodoro"},{"type":"❌","phrase":"Non mi piace il pomodoro."},{"type":"🙋","phrase":"Voglio mangiare il pomodoro."}]},{"slug":"cereal","title":"Cereale","phrases":[{"type":"❤️","phrase":"Mi piacciono i cereali."},{"type":"❌","phrase":"Non mi piacciono i cereali."},{"type":"🙋","phrase":"Voglio mangiare cereali."},{"type":"🍳","phrase":"Puoi farmi cereali?"}]},{"slug":"burger","title":"Burger","phrases":[{"type":"❤️","phrase":"Mi piace l'hamburger."},{"type":"❌","phrase":"Non mi piace l'hamburger."},{"type":"🙋","phrase":"Voglio mangiare hamburger."},{"type":"🍳","phrase":"Puoi cucinare hamburger per me?"},{"type":"☝️","phrase":"Possiamo ordinare hamburger?"}]},{"slug":"french-fries","title":"patatine fritte","phrases":[{"type":"❤️","phrase":"Mi piacciono le patatine fritte."},{"type":"❌","phrase":"Non mi piacciono le patatine fritte."},{"type":"🙋","phrase":"Voglio mangiare patatine fritte."},{"type":"🍳","phrase":"Puoi cucinare patatine fritte per me?"},{"type":"☝️","phrase":"Possiamo ordinare patatine fritte?"}]},{"slug":"spinach","title":"Spinaci","phrases":[{"type":"❤️","phrase":"Mi piacciono gli spinaci."},{"type":"❌","phrase":"Non mi piacciono gli spinaci."},{"type":"🙋","phrase":"Voglio mangiare spinaci."}]},{"slug":"rice","title":"Riso","phrases":[{"type":"❤️","phrase":"Mi piace il riso."},{"type":"❌","phrase":"Non mi piace il riso."},{"type":"🙋","phrase":"Voglio mangiare riso."},{"type":"🍳","phrase":"Puoi cucinare il riso per me?"}]},{"slug":"bread","title":"Pane","phrases":[{"type":"❤️","phrase":"Mi piace il pane."},{"type":"❌","phrase":"Non mi piace il pane."},{"type":"🙋","phrase":"Voglio mangiare il pane."},{"type":"☝️","phrase":"Puoi comprare del pane?"}]},{"slug":"pasta","title":"Pasta","phrases":[{"type":"❤️","phrase":"Mi piace la pasta"},{"type":"❌","phrase":"Non mi piace la pasta."},{"type":"🙋","phrase":"Voglio mangiare la pasta."},{"type":"🍳","phrase":"Puoi cucinare la pasta per me?"}]},{"slug":"sauce","title":"salsa","phrases":[{"type":"❤️","phrase":"Mi piace la salsa."},{"type":"❌","phrase":"Non mi piace la salsa."},{"type":"🙋","phrase":"Voglio un po 'di salsa."},{"type":"🔴","phrase":"Posso avere il ketchup?"},{"type":"⚪","phrase":"Posso avere la maionese?"},{"type":"🟡","phrase":"Posso avere la senape?"},{"type":"🚜","phrase":"Posso avere la salsa ranch?"}]},{"slug":"kebab","title":"Kebab","phrases":[{"type":"❤️","phrase":"Mi piace il kebab."},{"type":"❌","phrase":"Non mi piace il kebab."},{"type":"🙋","phrase":"Voglio mangiare il kebab."},{"type":"🍳","phrase":"Puoi cucinare il kebab per me?"},{"type":"☝️","phrase":"Possiamo ordinare il kebab?"}]}]