[{"slug":"apple","title":"Mela","phrases":[{"type":"❤️","phrase":"Mi piace mangiare la mela."},{"type":"🙋","phrase":"Voglio mangiare una mela."},{"type":"❌","phrase":"Non mi piace la mela."}]},{"slug":"watermelon","title":"Anguria","phrases":[{"type":"❤️","phrase":"Mi piace mangiare l'anguria."},{"type":"🙋","phrase":"Voglio mangiare un'anguria."},{"type":"❌","phrase":"Non mi piace l'anguria."}]},{"slug":"orange","title":"arancia","phrases":[{"type":"❤️","phrase":"Mi piace mangiare l'arancia."},{"type":"🙋","phrase":"Voglio mangiare un'arancia."},{"type":"❌","phrase":"Non mi piace l'arancia."}]},{"slug":"strawberry","title":"fragola","phrases":[{"type":"❤️","phrase":"Mi piace mangiare la fragola."},{"type":"🙋","phrase":"Voglio mangiare delle fragole."},{"type":"❌","phrase":"Non mi piace la fragola."}]},{"slug":"grape","title":"Uva","phrases":[{"type":"❤️","phrase":"Mi piace mangiare l'uva."},{"type":"🙋","phrase":"Voglio mangiare dell'uva."},{"type":"❌","phrase":"Non mi piace l'uva."}]},{"slug":"cherry","title":"ciliegia","phrases":[{"type":"❤️","phrase":"Mi piace mangiare la ciliegia."},{"type":"🙋","phrase":"Voglio mangiare delle ciliegie."},{"type":"❌","phrase":"Non mi piace la ciliegia."}]},{"slug":"mango","title":"Mango","phrases":[{"type":"❤️","phrase":"Mi piace mangiare mango."},{"type":"🙋","phrase":"Voglio mangiare un mango."},{"type":"❌","phrase":"Non mi piace il mango."}]},{"slug":"guava","title":"Guaiava","phrases":[{"type":"❤️","phrase":"Mi piace mangiare la guava."},{"type":"🙋","phrase":"Voglio mangiare una guava."},{"type":"❌","phrase":"Non mi piace la guava."}]},{"slug":"banana","title":"Banana","phrases":[{"type":"❤️","phrase":"Mi piace mangiare la banana."},{"type":"🙋","phrase":"Voglio mangiare una banana."},{"type":"❌","phrase":"Non mi piace la banana."}]},{"slug":"pomegranate","title":"Melograno","phrases":[{"type":"❤️","phrase":"Mi piace mangiare il melograno."},{"type":"🙋","phrase":"Voglio mangiare un melograno."},{"type":"❌","phrase":"Non mi piace il melograno."}]},{"slug":"raspberry","title":"Lampone","phrases":[{"type":"❤️","phrase":"Mi piace mangiare il lampone."},{"type":"🙋","phrase":"Voglio mangiare dei lamponi."},{"type":"❌","phrase":"Non mi piace il lampone."}]},{"slug":"papaya","title":"Papaia","phrases":[{"type":"❤️","phrase":"Mi piace mangiare la papaia."},{"type":"🙋","phrase":"Voglio mangiare una papaia."},{"type":"❌","phrase":"Non mi piace la papaia."}]},{"slug":"kiwi","title":"Kiwi","phrases":[{"type":"❤️","phrase":"Mi piace mangiare il kiwi."},{"type":"🙋","phrase":"Voglio mangiare un kiwi."},{"type":"❌","phrase":"Non mi piace il kiwi."}]},{"slug":"pineapple","title":"ananas","phrases":[{"type":"❤️","phrase":"Mi piace mangiare l'ananas."},{"type":"🙋","phrase":"Voglio mangiare un po 'di ananas."},{"type":"❌","phrase":"Non mi piace l'ananas."}]},{"slug":"lemon","title":"Limone","phrases":[{"type":"❤️","phrase":"Mi piace mangiare il limone."},{"type":"🙋","phrase":"Voglio mangiare un limone."},{"type":"❌","phrase":"Non mi piace il limone."},{"type":"🍋","phrase":"I limoni sono aspri."}]},{"slug":"apricot","title":"Albicocca","phrases":[{"type":"❤️","phrase":"Mi piace mangiare l'albicocca."},{"type":"🙋","phrase":"Voglio mangiare un'albicocca."},{"type":"❌","phrase":"Non mi piace l'albicocca."}]},{"slug":"dragon-fruit","title":"frutto del drago","phrases":[{"type":"❤️","phrase":"Mi piace mangiare la frutta del drago."},{"type":"🙋","phrase":"Voglio mangiare un frutto del drago."},{"type":"❌","phrase":"Non mi piace il frutto del drago."}]},{"slug":"peach","title":"pesca","phrases":[{"type":"❤️","phrase":"Mi piace mangiare la pesca."},{"type":"🙋","phrase":"Voglio mangiare una pesca."},{"type":"❌","phrase":"Non mi piace la pesca."}]},{"slug":"avocado","title":"Avocado","phrases":[{"type":"❤️","phrase":"Mi piace mangiare l'avocado."},{"type":"🙋","phrase":"Voglio mangiare un avocado."},{"type":"❌","phrase":"Non mi piace l'avocado."}]},{"slug":"fig","title":"Figura","phrases":[{"type":"❤️","phrase":"Mi piace mangiare il fico."},{"type":"🙋","phrase":"Voglio mangiare un fico."},{"type":"❌","phrase":"Non mi piace il fico."}]},{"slug":"lychee","title":"litchi","phrases":[{"type":"❤️","phrase":"Mi piace mangiare il litchi."},{"type":"🙋","phrase":"Voglio mangiare un litchi."},{"type":"❌","phrase":"Non mi piace il litchi."}]},{"slug":"passion-fruit","title":"Frutto della passione","phrases":[{"type":"❤️","phrase":"Mi piace mangiare il frutto della passione."},{"type":"🙋","phrase":"Voglio mangiare un frutto della passione."},{"type":"❌","phrase":"Non mi piace il frutto della passione."}]},{"slug":"blueberry","title":"Mirtillo","phrases":[{"type":"❤️","phrase":"Mi piace mangiare il mirtillo."},{"type":"🙋","phrase":"Voglio mangiare dei mirtilli."},{"type":"❌","phrase":"Non mi piace il mirtillo."}]},{"slug":"coconut","title":"Noce di cocco","phrases":[{"type":"❤️","phrase":"Mi piace mangiare il cocco."},{"type":"🙋","phrase":"Voglio mangiare del cocco."},{"type":"❌","phrase":"Non mi piace il cocco."}]}]