[{"slug":"gardener","title":"Giardiniere","phrases":[]},{"slug":"sprout","title":"Germoglio","phrases":[]},{"slug":"hose","title":"tubo flessibile","phrases":[]},{"slug":"glove","title":"Guanto","phrases":[]},{"slug":"flowers","title":"Fiori","phrases":[]},{"slug":"seeds","title":"semi","phrases":[]},{"slug":"shovel","title":"Pala","phrases":[]},{"slug":"watering","title":"Watering","phrases":[]},{"slug":"scarecrow","title":"Spaventapasseri","phrases":[]},{"slug":"tree","title":"Albero","phrases":[]},{"slug":"fertilizer","title":"Fertilizzante","phrases":[]},{"slug":"pitchfork","title":"Forcone","phrases":[]},{"slug":"bucket","title":"Secchio","phrases":[]},{"slug":"fence","title":"recinto","phrases":[]},{"slug":"leaf","title":"Foglia","phrases":[]},{"slug":"windmill","title":"Mulino a vento","phrases":[]},{"slug":"spray","title":"Spray","phrases":[]},{"slug":"shears","title":"Cesoie","phrases":[]},{"slug":"sprinkler","title":"spruzzatore","phrases":[]},{"slug":"tractor","title":"Trattore","phrases":[]},{"slug":"jam","title":"Marmellata","phrases":[]},{"slug":"bonsai","title":"Bonsai","phrases":[]},{"slug":"wheelbarrow","title":"Carriola","phrases":[]},{"slug":"birdhouse","title":"Birdhouse","phrases":[]}]