[{"slug":"mixer","title":"miscelatore","phrases":[{"type":"🙋","phrase":"Puoi mostrarmi come usare un mixer?"},{"type":"🤞","phrase":"Non dovrei usare il mixer senza i miei genitori."}]},{"slug":"apron","title":"Grembiule","phrases":[{"type":"👚","phrase":"Indosso un grembiule mentre cucino."},{"type":"👚","phrase":"Mia mamma indossa un grembiule mentre cucina."}]},{"slug":"fryer","title":"Fryer","phrases":[{"type":"🙋","phrase":"Puoi mostrarmi come usare una friggitrice?"},{"type":"🤞","phrase":"Non dovrei usare la friggitrice senza i miei genitori."}]},{"slug":"rolling-pin","title":"Mattarello","phrases":[{"type":"🙋","phrase":"Puoi mostrarmi come usare un mattarello?"},{"type":"💡","phrase":"Uso il mattarello per stendere la pasta."}]},{"slug":"coffee-machine","title":"Macchina per il caffè","phrases":[{"type":"🙋","phrase":"Puoi mostrarmi come usare una macchina da caffè?"},{"type":"🤞","phrase":"Non dovrei usare la macchina da caffè senza i miei genitori."}]},{"slug":"fridge","title":"Frigo","phrases":[{"type":"🙋","phrase":"Puoi mostrarmi come usare un frigorifero?"},{"type":"💡","phrase":"Il frigorifero mantiene i cibi freddi."}]},{"slug":"pot","title":"pentola","phrases":[{"type":"🙋","phrase":"Puoi mostrarmi come usare una pentola?"},{"type":"🤞","phrase":"Non dovrei usare il vaso senza i miei genitori."}]},{"slug":"toaster","title":"Tostapane","phrases":[{"type":"🙋","phrase":"Puoi mostrarmi come usare un tostapane?"},{"type":"🤞","phrase":"Non dovrei usare il tostapane senza i miei genitori."}]},{"slug":"cutlery","title":"Posate","phrases":[{"type":"🙋","phrase":"Puoi mostrarmi come usare le posate?"},{"type":"😋","phrase":"Sto imparando a mangiare con le posate."}]},{"slug":"spatula","title":"Spatola","phrases":[{"type":"🙋","phrase":"Puoi mostrarmi come usare una spatola?"}]},{"slug":"oven","title":"Forno","phrases":[{"type":"🙋","phrase":"Puoi mostrarmi come usare il forno?"},{"type":"🤞","phrase":"Non dovrei usare il forno senza i miei genitori."}]},{"slug":"kitchen-timer","title":"Timer da cucina","phrases":[{"type":"🙋","phrase":"Puoi mostrarmi come usare il timer da cucina?"},{"type":"⏱️","phrase":"Il timer della cucina emette un segnale acustico."}]},{"slug":"pizza-cutter","title":"taglia pizza","phrases":[{"type":"🙋","phrase":"Puoi mostrarmi come usare il taglia pizza?"},{"type":"🤞","phrase":"Non dovrei usare il taglia pizza senza i miei genitori."}]},{"slug":"grater","title":"Grattugia","phrases":[{"type":"🙋","phrase":"Puoi mostrarmi come usare una grattugia?"},{"type":"🤞","phrase":"Non dovrei usare la grattugia senza i miei genitori."}]},{"slug":"grill","title":"Griglia","phrases":[{"type":"🙋","phrase":"Puoi mostrarmi come usare la griglia?"},{"type":"🤞","phrase":"Non dovrei usare la griglia senza i miei genitori."}]},{"slug":"recipe-book","title":"Libro di ricette","phrases":[{"type":"🙋","phrase":"Posso scegliere una ricetta per cucinare?"},{"type":"🍳","phrase":"Possiamo cucinare questa ricetta?"}]},{"slug":"kitchen-utensils","title":"Utensili da cucina","phrases":[{"type":"❤️","phrase":"Mi piace usare gli utensili da cucina."},{"type":"🤞","phrase":"Non dovrei usare utensili da cucina senza i miei genitori."}]},{"slug":"stove","title":"Stufa","phrases":[{"type":"🙋","phrase":"Puoi mostrarmi come usare la stufa?"},{"type":"🤞","phrase":"Non dovrei usare la stufa senza i miei genitori."}]},{"slug":"salt-and-pepper","title":"Sale e pepe","phrases":[{"type":"🙋","phrase":"Puoi portare sale e pepe?"}]},{"slug":"kitchen-board","title":"Tavolo da cucina","phrases":[{"type":"🙋","phrase":"Posso scrivere sul tavolo della cucina?"}]},{"slug":"scale","title":"Scala","phrases":[{"type":"🙋","phrase":"Puoi mostrarmi come usare la bilancia da cucina?"}]},{"slug":"teapot","title":"Teiera","phrases":[{"type":"🙋","phrase":"Puoi mostrarmi come usare la teiera?"},{"type":"🤞","phrase":"Non dovrei usare la teiera senza i miei genitori."}]},{"slug":"microwave","title":"Microonde","phrases":[{"type":"🙋","phrase":"Puoi mostrarmi come usare il microonde?"},{"type":"🤞","phrase":"Non dovrei usare il microonde senza i miei genitori."}]}]