[{"slug":"hospital-bed","title":"Letto d'ospedale","phrases":[{"type":"🙋","phrase":"Potete aiutarmi con il mio letto d'ospedale?"}]},{"slug":"weight-loss","title":"Perdita di peso","phrases":[{"type":"🏋️","phrase":"Devo moderare la mia assunzione di cibo."},{"type":"🏃‍♀️","phrase":"Sto perdendo peso."},{"type":"🥩","phrase":"Sto ingrassando."}]},{"slug":"exercise","title":"Esercizio","phrases":[{"type":"🏋️","phrase":"Sto facendo esercizio fisico."},{"type":"⏲️","phrase":"Ho una routine di esercizi."}]},{"slug":"medical-history","title":"Storia medica","phrases":[{"type":"📂","phrase":"Ecco la mia storia medica."}]},{"slug":"vitamin-c","title":"Vitamina C","phrases":[{"type":"🍹","phrase":"Devo prendere la vitamina c."},{"type":"🍊","phrase":"Le arance contengono vitamina c."}]},{"slug":"thermometer","title":"Termometro","phrases":[{"type":"🤒","phrase":"Riesci a misurare la mia febbre?"},{"type":"🌡️","phrase":"Come funziona un termometro?"}]},{"slug":"pills","title":"pillole","phrases":[{"type":"💊","phrase":"Devo prendere le mie pillole."},{"type":"👉","phrase":"Hai preso le tue pillole?"}]},{"slug":"medical-mask","title":"Maschera medica","phrases":[]},{"slug":"dental-care","title":"Cure odontoiatriche","phrases":[{"type":"🦷","phrase":"Mi fanno male i denti."},{"type":"🦷","phrase":"Mi sto lavando i denti."}]},{"slug":"hearing-exam","title":"Esame dell'udito","phrases":[{"type":"👂","phrase":"Ho problemi di udito"},{"type":"🦻","phrase":"Avrò un esame dell'udito."}]},{"slug":"hospital","title":"Ospedale","phrases":[{"type":"🏥","phrase":"Sto andando in ospedale."},{"type":"🏥","phrase":"Sono in ospedale."}]},{"slug":"stethoscope","title":"Stetoscopio","phrases":[{"type":"👨‍⚕️","phrase":"I medici usano lo stetoscopio."},{"type":"🩺","phrase":"Posso avere uno stetoscopio giocattolo?"}]},{"slug":"ambulance","title":"Ambulanza","phrases":[{"type":"👀","phrase":"Ho visto un'ambulanza."},{"type":"👂","phrase":"Ho sentito una voce di ambulanza."}]},{"slug":"drugstore","title":"Farmacia","phrases":[{"type":"🧾","phrase":"Devo compilare la mia prescrizione."},{"type":"➡️","phrase":"Ecco la mia ricetta."}]},{"slug":"emergency","title":"Emergenza","phrases":[{"type":"🚨","phrase":"Ho un'emergenza sanitaria."},{"type":"🚑","phrase":"Vado al pronto soccorso."}]},{"slug":"health-insurance","title":"Assicurazione sanitaria","phrases":[{"type":"⚕️","phrase":"Ho un'assicurazione sanitaria."},{"type":"❌","phrase":"Non ho un'assicurazione sanitaria."}]},{"slug":"doctor","title":"Medico","phrases":[{"type":"❤️","phrase":"Mi piace il mio dottore"},{"type":"🤩","phrase":"Il dottore mi sta aiutando."}]},{"slug":"nurse","title":"Infermiera","phrases":[{"type":"❤️","phrase":"Mi piace la mia infermiera."},{"type":"🤩","phrase":"L'infermiera mi sta aiutando."}]}]