[{"slug":"one","title":"Uno","phrases":[{"type":"➖","phrase":"Uno viene prima delle due."},{"type":"➕","phrase":"Uno viene dopo lo zero."},{"type":"🙋","phrase":"Ne voglio uno."}]},{"slug":"two","title":"Due","phrases":[{"type":"➖","phrase":"Due vengono prima delle tre."},{"type":"➕","phrase":"Due vengono dopo uno."},{"type":"🙋","phrase":"Ne voglio due."}]},{"slug":"three","title":"Tre","phrases":[{"type":"➖","phrase":"Tre vengono prima delle quattro."},{"type":"➕","phrase":"Tre vengono dopo le due."},{"type":"🙋","phrase":"Ne voglio tre."}]},{"slug":"four","title":"quattro","phrases":[{"type":"➖","phrase":"Quattro arriva prima delle cinque."},{"type":"➕","phrase":"Quattro vengono dopo le tre."},{"type":"🙋","phrase":"Ne voglio quattro."}]},{"slug":"five","title":"Cinque","phrases":[{"type":"➖","phrase":"Cinque arrivano prima delle sei."},{"type":"➕","phrase":"Cinque vengono dopo le quattro."},{"type":"🙋","phrase":"Ne voglio cinque."}]},{"slug":"six","title":"Sei","phrases":[{"type":"➖","phrase":"Sei viene prima delle sette."},{"type":"➕","phrase":"Sei viene dopo le cinque."},{"type":"🙋","phrase":"Voglio una soluzione."}]},{"slug":"seven","title":"Sette","phrases":[{"type":"➖","phrase":"Sette vengono prima delle otto."},{"type":"➕","phrase":"Sette vengono dopo le sei."},{"type":"🙋","phrase":"Ne voglio sette."}]},{"slug":"eight","title":"Otto","phrases":[{"type":"➖","phrase":"Otto vengono prima delle nove."},{"type":"➕","phrase":"Otto vengono dopo le sette."},{"type":"🙋","phrase":"Ne voglio otto."}]},{"slug":"nine","title":"Nove","phrases":[{"type":"➖","phrase":"Nove vengono prima delle dieci."},{"type":"➕","phrase":"Nove vengono dopo le otto."},{"type":"🙋","phrase":"Ne voglio nove."}]},{"slug":"ten","title":"Dieci","phrases":[{"type":"➖","phrase":"Dieci vengono prima delle undici."},{"type":"➕","phrase":"Dieci vengono dopo le nove."},{"type":"🙋","phrase":"Ne voglio dieci."}]},{"slug":"eleven","title":"Undici","phrases":[{"type":"➖","phrase":"Undici viene prima di tredici."},{"type":"➕","phrase":"Le undici vengono dopo le dieci."},{"type":"🙋","phrase":"Ne voglio undici."}]},{"slug":"twenty","title":"Venti","phrases":[{"type":"🔢","phrase":"Posso contare fino a venti."}]},{"slug":"thirty","title":"Trenta","phrases":[{"type":"🔢","phrase":"Posso contare fino a trenta."}]},{"slug":"forty","title":"Quaranta","phrases":[{"type":"🔢","phrase":"Posso contare fino a quaranta."}]},{"slug":"fifty","title":"Cinquanta","phrases":[{"type":"🔢","phrase":"Posso contare fino a cinquanta."}]},{"slug":"hundred","title":"Centinaio","phrases":[{"type":"🔢","phrase":"Ne posso contare fino a cento."}]},{"slug":"thousand","title":"Mille","phrases":[{"type":"🔢","phrase":"Posso contare fino a mille."}]},{"slug":"calculator","title":"Calcolatrice","phrases":[{"type":"🖩","phrase":"Voglio usare una calcolatrice."},{"type":"🧮","phrase":"Puoi insegnarmi come usare una calcolatrice?"},{"type":"🙋","phrase":"Posso barrow la tua calcolatrice?"}]}]