[{"slug":"teacher","title":"Insegnante","phrases":[{"type":"❓","phrase":"Cosa fa un insegnante?"},{"type":"🙋","phrase":"Voglio diventare un insegnante."}]},{"slug":"police-officer","title":"Poliziotto","phrases":[{"type":"❓","phrase":"Cosa fa un agente di polizia?"},{"type":"🙋","phrase":"Voglio diventare un ufficiale di polizia."}]},{"slug":"writer","title":"scrittore","phrases":[{"type":"❓","phrase":"Cosa fa uno scrittore?"},{"type":"🙋","phrase":"Voglio diventare uno scrittore."}]},{"slug":"doctor","title":"Medico","phrases":[{"type":"❓","phrase":"Cosa fa un dottore?"},{"type":"🙋","phrase":"Voglio diventare un dottore."}]},{"slug":"detective","title":"investigatore","phrases":[{"type":"❓","phrase":"Cosa fa un detective?"},{"type":"🙋","phrase":"Voglio diventare un detective."}]},{"slug":"artist","title":"Artista","phrases":[{"type":"❓","phrase":"Cosa fa un artista?"},{"type":"🙋","phrase":"Voglio diventare un artista."}]},{"slug":"singer","title":"Cantante","phrases":[{"type":"❓","phrase":"Cosa fa un cantante?"},{"type":"🙋","phrase":"Voglio diventare un cantante."}]},{"slug":"astronaut","title":"Astronauta","phrases":[{"type":"❓","phrase":"Cosa fa un astronauta?"},{"type":"🙋","phrase":"Voglio diventare un astronauta."}]},{"slug":"sailor","title":"Marinaio","phrases":[{"type":"❓","phrase":"Cosa fa un marinaio?"},{"type":"🙋","phrase":"Voglio diventare un marinaio."}]},{"slug":"chef","title":"capocuoco","phrases":[{"type":"❓","phrase":"Cosa fa uno chef?"},{"type":"🙋","phrase":"Voglio diventare uno chef."}]},{"slug":"farmer","title":"Contadino","phrases":[{"type":"❓","phrase":"Cosa fa un contadino?"},{"type":"🙋","phrase":"Voglio diventare un contadino."}]},{"slug":"construction-worker","title":"Operaio edile","phrases":[{"type":"❓","phrase":"Cosa fa un operaio edile?"},{"type":"🙋","phrase":"Voglio diventare un operaio edile."}]},{"slug":"baker","title":"Panettiere","phrases":[{"type":"❓","phrase":"Cosa fa un fornaio?"},{"type":"🙋","phrase":"Voglio diventare un fornaio."}]},{"slug":"lifeguard","title":"Bagnino","phrases":[{"type":"❓","phrase":"Cosa fa un bagnino?"},{"type":"🙋","phrase":"Voglio diventare un bagnino."}]},{"slug":"astronomer","title":"Astronomo","phrases":[{"type":"❓","phrase":"Cosa fa un astronomo?"},{"type":"🙋","phrase":"Voglio diventare un astronomo."}]},{"slug":"journalist","title":"Giornalista","phrases":[{"type":"❓","phrase":"Cosa fa un giornalista?"},{"type":"🙋","phrase":"Voglio diventare giornalista."}]},{"slug":"archeologist","title":"Archeologo","phrases":[{"type":"❓","phrase":"Cosa fa un archeologo?"},{"type":"🙋","phrase":"Voglio diventare un archeologo."}]},{"slug":"musician","title":"Musicista","phrases":[{"type":"❓","phrase":"Cosa fa un musicista?"},{"type":"🙋","phrase":"Voglio diventare un musicista."}]},{"slug":"magician","title":"Mago","phrases":[{"type":"❓","phrase":"Cosa fa un mago?"},{"type":"🙋","phrase":"Voglio diventare un mago."}]},{"slug":"soccer-player","title":"Giocatore di calcio","phrases":[{"type":"❓","phrase":"Cosa fa un calciatore?"},{"type":"🙋","phrase":"Voglio diventare un calciatore."}]},{"slug":"postwoman","title":"donna portalettere","phrases":[{"type":"❓","phrase":"Cosa fa una postina?"},{"type":"🙋","phrase":"Voglio diventare una postina."}]},{"slug":"firefighter","title":"Pompiere","phrases":[{"type":"❓","phrase":"Cosa fa un pompiere?"},{"type":"🙋","phrase":"Voglio diventare un pompiere."}]},{"slug":"scientist","title":"Scienziato","phrases":[{"type":"❓","phrase":"Cosa fa uno scienziato?"},{"type":"🙋","phrase":"Voglio diventare uno scienziato."}]},{"slug":"gardener","title":"Giardiniere","phrases":[{"type":"❓","phrase":"Cosa fa un giardiniere?"},{"type":"🙋","phrase":"Voglio diventare un giardiniere."}]},{"slug":"butcher","title":"macellaio","phrases":[{"type":"❓","phrase":"Cosa fa un macellaio?"},{"type":"🙋","phrase":"Voglio diventare un macellaio."}]},{"slug":"veterinarian","title":"veterinario","phrases":[{"type":"❓","phrase":"Cosa fa un veterinario?"},{"type":"🙋","phrase":"Voglio diventare un veterinario."}]},{"slug":"lumber-jack","title":"Lumber jack","phrases":[{"type":"❓","phrase":"Cosa fa una presa da legname?"},{"type":"🙋","phrase":"Voglio diventare un boscaiolo."}]},{"slug":"miner","title":"Minatore","phrases":[{"type":"❓","phrase":"Cosa fa un minatore?"},{"type":"🙋","phrase":"Voglio diventare un minatore."}]},{"slug":"nun","title":"Suora","phrases":[{"type":"❓","phrase":"Cosa fa una suora?"},{"type":"🙋","phrase":"Voglio diventare una suora."}]},{"slug":"fisher-woman","title":"Fisher donna","phrases":[{"type":"❓","phrase":"Cosa fa una pescatrice?"},{"type":"🙋","phrase":"Voglio diventare una pescatrice."}]},{"slug":"hair-dresser","title":"Parrucchiere","phrases":[{"type":"❓","phrase":"Cosa fa un parrucchiere?"},{"type":"🙋","phrase":"Voglio diventare un parrucchiere."}]},{"slug":"mechanic","title":"Meccanico","phrases":[{"type":"❓","phrase":"Cosa fa un meccanico?"},{"type":"🙋","phrase":"Voglio diventare un meccanico."}]},{"slug":"electrician","title":"Elettricista","phrases":[{"type":"❓","phrase":"Cosa fa un elettricista?"},{"type":"🙋","phrase":"Voglio diventare un elettricista."}]},{"slug":"swimmer","title":"Nuotatore","phrases":[{"type":"❓","phrase":"Cosa fa un nuotatore?"},{"type":"🙋","phrase":"Voglio diventare un nuotatore."}]},{"slug":"photographer","title":"Fotografo","phrases":[{"type":"❓","phrase":"Cosa fa un fotografo?"},{"type":"🙋","phrase":"Voglio diventare un fotografo."}]},{"slug":"priest","title":"Sacerdote","phrases":[{"type":"❓","phrase":"Cosa fa un prete?"},{"type":"🙋","phrase":"Voglio diventare un prete."}]},{"slug":"soldier","title":"Soldato","phrases":[{"type":"❓","phrase":"Cosa fa un soldato?"},{"type":"🙋","phrase":"Voglio diventare un soldato."}]},{"slug":"carpenter","title":"Falegname","phrases":[{"type":"❓","phrase":"Cosa fa un falegname?"},{"type":"🙋","phrase":"Voglio diventare un falegname."}]},{"slug":"plumber","title":"Idraulico","phrases":[{"type":"❓","phrase":"Cosa fa un idraulico?"},{"type":"🙋","phrase":"Voglio diventare idraulico."}]},{"slug":"wall-painter","title":"Pittore murale","phrases":[{"type":"❓","phrase":"Cosa fa un pittore murale?"},{"type":"🙋","phrase":"Voglio diventare un pittore murale."}]},{"slug":"nurse","title":"Infermiera","phrases":[{"type":"❓","phrase":"Cosa fa un'infermiera?"},{"type":"🙋","phrase":"Voglio diventare un'infermiera."}]},{"slug":"judge","title":"Giudice","phrases":[{"type":"❓","phrase":"Cosa fa un giudice?"},{"type":"🙋","phrase":"Voglio diventare un giudice."}]},{"slug":"waiter","title":"Cameriere","phrases":[{"type":"❓","phrase":"Cosa fa un cameriere?"},{"type":"🙋","phrase":"Voglio diventare un cameriere."}]},{"slug":"pilot","title":"Pilota","phrases":[{"type":"❓","phrase":"Cosa fa un pilota?"},{"type":"🙋","phrase":"Voglio diventare un pilota."}]},{"slug":"welder","title":"Saldatore","phrases":[{"type":"❓","phrase":"Cosa fa un saldatore?"},{"type":"🙋","phrase":"Voglio diventare un saldatore."}]},{"slug":"executive","title":"Esecutivo","phrases":[{"type":"❓","phrase":"Cosa fa un dirigente?"},{"type":"🙋","phrase":"Voglio diventare un dirigente."}]},{"slug":"hostess","title":"padrona","phrases":[{"type":"❓","phrase":"Cosa fa una hostess?"},{"type":"🙋","phrase":"Voglio diventare una hostess."}]}]