[{"slug":"confetti","title":"Coriandoli","phrases":[{"type":"❤️","phrase":"Mi piacciono i coriandoli."},{"type":"🙋","phrase":"Posso far scoppiare i coriandoli?"}]},{"slug":"party-blower","title":"Ventilatore per feste","phrases":[{"type":"❤️","phrase":"Mi piacciono i fan delle feste."},{"type":"🔊","phrase":"Il mio soffiatore è rumoroso?"}]},{"slug":"gift","title":"Regalo","phrases":[{"type":"❤️","phrase":"Mi piacciono i regali."},{"type":"🎁","phrase":"Cosa mi hai regalato?"}]},{"slug":"candle","title":"Candela","phrases":[{"type":"❤️","phrase":"Mi piacciono le candele per feste."},{"type":"🕯️","phrase":"Posso spegnere le candele?"},{"type":"🎂","phrase":"Quante candele ci sono?"}]},{"slug":"party-hat","title":"Cappello da festa","phrases":[{"type":"❤️","phrase":"Mi piace indossare il cappello da festa."},{"type":"👚","phrase":"Indosserò un cappello da festa durante la festa."}]},{"slug":"balloons","title":"palloncini","phrases":[{"type":"❤️","phrase":"Mi piacciono i palloncini."},{"type":"🎈","phrase":"Posso far scoppiare i palloncini?"}]},{"slug":"garlands","title":"ghirlande","phrases":[{"type":"❤️","phrase":"Mi piacciono le ghirlande."},{"type":"🙋","phrase":"Voglio indossare ghirlande alla mia festa."},{"type":"🙋","phrase":"Puoi mettere queste ghirlande nel mio braccio?"}]},{"slug":"cake","title":"torta","phrases":[{"type":"❤️","phrase":"Mi piace mangiare la torta."},{"type":"🙋","phrase":"Posso avere una fetta di torta?"}]},{"slug":"ice-cream","title":"Gelato","phrases":[{"type":"❤️","phrase":"Mi piace mangiare il gelato."},{"type":"🍭","phrase":"Qual è il tuo sapore preferito?"}]},{"slug":"microphone","title":"Microfono","phrases":[{"type":"❤️","phrase":"Mi piace giocare a karaoke."},{"type":"❤️","phrase":"Mi piace cantare."}]},{"slug":"music","title":"Musica","phrases":[{"type":"❤️","phrase":"Mi piace suonare la musica."},{"type":"🎶","phrase":"Che tipo di musica ti piace?"}]},{"slug":"magician","title":"Mago","phrases":[{"type":"❤️","phrase":"Mi piacciono i maghi."},{"type":"✨","phrase":"Voglio fare il mago."},{"type":"🙋","phrase":"Puoi insegnarmi alcuni trucchi magici?"}]},{"slug":"taking-photos","title":"Scattare foto","phrases":[{"type":"❤️","phrase":"Mi piace fare foto."},{"type":"🙋","phrase":"Posso scattare foto usando il telefono?"}]},{"slug":"invitation","title":"Invito","phrases":[{"type":"📧","phrase":"Ho ricevuto un invito."},{"type":"📨","phrase":"Posso invitare i miei amici alla festa?"},{"type":"📨","phrase":"Posso invitare i miei amici alla mia festa di compleanno?"},{"type":"📨","phrase":"Possiamo invitare i miei amici alla festa di mia sorella?"},{"type":"📨","phrase":"Possiamo invitare i miei amici alla festa di mio fratello?"}]},{"slug":"candy","title":"caramella","phrases":[{"type":"❤️","phrase":"Mi piacciono le caramelle."},{"type":"🙋","phrase":"Posso mangiare delle caramelle?"}]},{"slug":"popsicle","title":"Popsicle","phrases":[{"type":"❤️","phrase":"Mi piace il ghiacciolo."},{"type":"🙋","phrase":"Posso mangiare qualche ghiacciolo?"},{"type":"🙋","phrase":"Possiamo fare dei ghiaccioli?"},{"type":"🙋","phrase":"Vuoi mangiare un ghiacciolo?"}]},{"slug":"cupcake","title":"Cupcake","phrases":[{"type":"❤️","phrase":"Mi piace il cupcake."},{"type":"🙋","phrase":"Posso mangiare un cupcake?"}]},{"slug":"costume","title":"Costume","phrases":[{"type":"❤️","phrase":"Mi piace indossare il costume."},{"type":"🦸","phrase":"Posso indossare un costume da uomo ragno?"},{"type":"🦸‍♂️","phrase":"Posso indossare un costume da batman?"},{"type":"🦸‍♀️","phrase":"Posso indossare un costume da donna meravigliosa?"}]},{"slug":"party-glasses","title":"Bicchieri da festa","phrases":[{"type":"❤️","phrase":"Mi piacciono gli occhiali da festa."},{"type":"🙋","phrase":"Posso indossare gli occhiali per una festa?"}]},{"slug":"spotlights","title":"faretti","phrases":[{"type":"❤️","phrase":"Mi piacciono i riflettori."},{"type":"❌","phrase":"Non mi piacciono i riflettori."}]},{"slug":"marshmallow","title":"Marshmallow","phrases":[{"type":"❤️","phrase":"Mi piace il marshmallow."},{"type":"🔥","phrase":"Sto cucinando marshmallow sul fuoco da campo."},{"type":"🙋","phrase":"Voglio mangiare marshmallows."}]},{"slug":"guacamole","title":"guacamole","phrases":[{"type":"❤️","phrase":"Mi piace il guacamole."},{"type":"🙋","phrase":"Posso mangiare un po 'di guacamole?"},{"type":"❌","phrase":"Non mi piace mangiare il guacamole."}]},{"slug":"hotdog","title":"Hot dog","phrases":[{"type":"❤️","phrase":"Mi piace l'hot dog."},{"type":"🙋","phrase":"Posso ottenere un hot dog?"},{"type":"❌","phrase":"Non mi piace mangiare gli hot dog."},{"type":"🙋","phrase":"Posso mangiare degli hot dog?"}]},{"slug":"bouncy-castle","title":"Castello gonfiabile","phrases":[{"type":"❤️","phrase":"Mi piace il castello gonfiabile."},{"type":"🙋","phrase":"Voglio giocare al castello gonfiabile."},{"type":"🙋","phrase":"Giochiamo al castello gonfiabile."}]},{"slug":"clown","title":"Clown","phrases":[{"type":"❤️","phrase":"Mi piacciono i clown."},{"type":"❌","phrase":"Non mi piacciono i pagliacci."},{"type":"🙋","phrase":"Voglio essere un clown."}]},{"slug":"magic-hat","title":"Cappello magico","phrases":[{"type":"❤️","phrase":"Mi piacciono i cappelli magici."},{"type":"🧙‍♂️","phrase":"Sono un mago!"},{"type":"🙋","phrase":"Voglio la magia."}]},{"slug":"dart-board","title":"bersaglio per freccette","phrases":[{"type":"❤️","phrase":"Mi piace giocare a dardo."},{"type":"🎯","phrase":"Giocare a freccette può essere pericoloso."}]}]