[{"slug":"mother","title":"Madre","phrases":[{"type":"⁉️","phrase":"Mammina!"},{"type":"💘","phrase":"Amo mia madre."},{"type":"❤️","phrase":"Voglio bene alla tua mamma."},{"type":"☹️","phrase":"Mi manca mia mamma."},{"type":"🙏🏼","phrase":"Grazie per esserti preso cura di me."},{"type":"👉🏼","phrase":"Lei è mia mamma."},{"type":"❓","phrase":"Potete aiutarmi a trovare mia madre?"}]},{"slug":"father","title":"Padre","phrases":[{"type":"⁉️","phrase":"Papà!"},{"type":"💘","phrase":"Amo mio padre."},{"type":"❤️","phrase":"Ti amo papà."},{"type":"☹️","phrase":"Ho perso mio padre."},{"type":"🙏🏼","phrase":"Grazie per esserti preso cura di me."},{"type":"👉🏼","phrase":"Lui è mio papà."},{"type":"❓","phrase":"Potete aiutarmi a trovare mio padre?"}]},{"slug":"parents","title":"genitori","phrases":[{"type":"💑","phrase":"Amo i miei genitori."},{"type":"💘","phrase":"Amo i miei genitori."},{"type":"☹️","phrase":"Mi mancano i miei genitori."},{"type":"👉🏼","phrase":"Loro sono i miei genitori."},{"type":"👨‍👩‍👧","phrase":"I miei genitori si stanno prendendo cura di me."},{"type":"❓","phrase":"Potete aiutarmi a trovare i miei genitori?"}]},{"slug":"grandparents","title":"Nonni","phrases":[{"type":"💑","phrase":"Adoro i miei nonni."},{"type":"💘","phrase":"Ti amo nonni."},{"type":"☹️","phrase":"Mi mancano i miei nonni."},{"type":"👉🏼","phrase":"Sono i miei nonni."},{"type":"👨‍👩‍👧","phrase":"I miei nonni si prendono cura di me."},{"type":"❓","phrase":"Potete aiutarmi a trovare i miei nonni?"}]},{"slug":"brother","title":"Fratello","phrases":[{"type":"💑","phrase":"Amo mio fratello."},{"type":"💘","phrase":"Amo tuo fratello."},{"type":"☹️","phrase":"Mi manca mio fratello."},{"type":"👉🏼","phrase":"Lui è mio fratello."},{"type":"🙎‍♂️","phrase":"Mio fratello si sta prendendo cura di me."},{"type":"❓","phrase":"Potete aiutarmi a trovare mio fratello?"}]},{"slug":"sister","title":"Sorella","phrases":[{"type":"💑","phrase":"Adoro mia sorella."},{"type":"💘","phrase":"Ti amo sorella."},{"type":"☹️","phrase":"Mi manca mia sorella."},{"type":"👉🏼","phrase":"Lei è mia sorella."},{"type":"🙍‍♀️","phrase":"Mia sorella si sta prendendo cura di me."},{"type":"❓","phrase":"Potete aiutarmi a trovare mia sorella?"}]},{"slug":"uncle","title":"Zio","phrases":[{"type":"💑","phrase":"Adoro mio zio."},{"type":"💘","phrase":"Ti voglio bene zio."},{"type":"☹️","phrase":"Mi manca mio zio."},{"type":"👉🏼","phrase":"Lui è mio zio."},{"type":"❓","phrase":"Potete aiutarmi a trovare mio zio?"}]},{"slug":"aunt","title":"Zia","phrases":[{"type":"💑","phrase":"Adoro mia zia."},{"type":"💘","phrase":"Ti voglio bene zia."},{"type":"☹️","phrase":"Mi manca mia zia."},{"type":"👉🏼","phrase":"Lei è la mia zia."},{"type":"❓","phrase":"Potete aiutarmi a trovare mia zia?"}]},{"slug":"teacher","title":"Insegnante","phrases":[{"type":"💑","phrase":"Amo la mia insegnante."},{"type":"💘","phrase":"Ti amo insegnante."},{"type":"💔","phrase":"Non mi piace la mia insegnante."},{"type":"☹️","phrase":"Mi manca il mio insegnante."},{"type":"🙏🏼","phrase":"Grazie per la lezione"}]},{"slug":"therapist","title":"Terapista","phrases":[{"type":"💑","phrase":"Adoro il mio terapista."},{"type":"💘","phrase":"Ti amo terapeuta."},{"type":"💔","phrase":"Non mi piace il mio terapista."},{"type":"☹️","phrase":"Mi manca il mio terapista."},{"type":"🙏🏼","phrase":"Grazie per la sessione"}]},{"slug":"doctor","title":"Medico","phrases":[{"type":"💑","phrase":"Adoro il mio dottore."},{"type":"💘","phrase":"Ti voglio bene dottore."},{"type":"💔","phrase":"Non mi piace il mio dottore."},{"type":"☹️","phrase":"Mi manca il mio dottore."},{"type":"🙏🏼","phrase":"Grazie per avermi guarito."}]},{"slug":"friends","title":"Amici","phrases":[{"type":"💑","phrase":"Amo i miei amici."},{"type":"❓","phrase":"Vuoi essere mio amico?"},{"type":"💔","phrase":"Non mi piacciono i miei amici."},{"type":"☹️","phrase":"Mi mancano i miei amici."},{"type":"👉🏼","phrase":"Essi sono i miei amici."},{"type":"🙏🏼","phrase":"Grazie per aver giocato con me."}]},{"slug":"cousins","title":"Cousins","phrases":[{"type":"💑","phrase":"Adoro i miei cugini."},{"type":"❌","phrase":"Non ho cugini."},{"type":"☹️","phrase":"Mi mancano i miei cugini."},{"type":"👉🏼","phrase":"Loro sono i miei cugini."}]},{"slug":"grandmother","title":"Nonna","phrases":[{"type":"💑","phrase":"Adoro mia nonna."},{"type":"💘","phrase":"Ti voglio bene nonna."},{"type":"☹️","phrase":"Mi manca mia nonna."},{"type":"👉🏼","phrase":"Lei è mia nonna."}]},{"slug":"grandfather","title":"Nonno","phrases":[{"type":"💑","phrase":"Adoro mio nonno."},{"type":"💘","phrase":"Ti amo nonno."},{"type":"☹️","phrase":"Mi manca mio nonno."},{"type":"👉🏼","phrase":"Lui è mio nonno."}]},{"slug":"stepfather","title":"Patrigno","phrases":[{"type":"💑","phrase":"Adoro il mio patrigno."},{"type":"👉🏼","phrase":"Lui è il mio patrigno."},{"type":"☹️","phrase":"Mi manca il mio patrigno."},{"type":"👉🏼","phrase":"Lui è il mio patrigno."}]},{"slug":"stepmother","title":"Matrigna","phrases":[{"type":"💑","phrase":"Adoro la mia matrigna."},{"type":"👉🏼","phrase":"Lei è la mia matrigna."},{"type":"☹️","phrase":"Mi manca la mia matrigna."},{"type":"👉🏼","phrase":"Lei è la mia matrigna."}]},{"slug":"stepsister","title":"Sorellastra","phrases":[{"type":"💑","phrase":"Adoro la mia sorellastra."},{"type":"👉🏼","phrase":"Lei è la mia sorellastra."},{"type":"☹️","phrase":"Mi manca la mia sorellastra."},{"type":"👉🏼","phrase":"Lei è la mia sorellastra."}]},{"slug":"stepbrother","title":"Fratellastro","phrases":[{"type":"💑","phrase":"Adoro il mio fratellastro."},{"type":"👉🏼","phrase":"Lui è il mio fratellastro."},{"type":"☹️","phrase":"Mi manca il fratellastro."},{"type":"👉🏼","phrase":"Lui è il mio fratellastro."}]},{"slug":"half-brother","title":"Fratellastro","phrases":[{"type":"💑","phrase":"Adoro il mio fratellastro."},{"type":"👉🏼","phrase":"Lui è il mio fratellastro."},{"type":"☹️","phrase":"Mi manca il mio fratellastro."},{"type":"👉🏼","phrase":"Lui è il mio fratellastro."}]},{"slug":"half-sister","title":"Sorellastra","phrases":[{"type":"💑","phrase":"Adoro la mia sorellastra."},{"type":"👉🏼","phrase":"Lei è la mia sorellastra."},{"type":"☹️","phrase":"Mi manca la mia sorellastra."},{"type":"👉🏼","phrase":"Lei è la mia sorellastra."}]}]