[{"slug":"captain","title":"Capitano","phrases":[]},{"slug":"pirate-crew","title":"Equipaggio pirata","phrases":[]},{"slug":"treasure","title":"Tesoro","phrases":[]},{"slug":"hook","title":"gancio","phrases":[]},{"slug":"compass","title":"Bussola","phrases":[]},{"slug":"pirate-ship","title":"Nave pirata","phrases":[]},{"slug":"pirate-gun","title":"Pistola pirata","phrases":[]},{"slug":"pirate-sword","title":"Spada pirata","phrases":[]},{"slug":"barrel","title":"barile","phrases":[]},{"slug":"pirate-flag","title":"Bandiera pirata","phrases":[]},{"slug":"treasure-map","title":"Mappa del tesoro","phrases":[]},{"slug":"spyglass","title":"Cannocchiale","phrases":[]},{"slug":"cannon","title":"Cannone","phrases":[]},{"slug":"helm","title":"Timone","phrases":[]},{"slug":"lighthouse","title":"Faro","phrases":[]},{"slug":"anchor","title":"Ancora","phrases":[]},{"slug":"bomb","title":"Bomba","phrases":[]},{"slug":"coin","title":"Moneta","phrases":[]},{"slug":"candle","title":"Candela","phrases":[]},{"slug":"knife","title":"Coltello","phrases":[]}]