[{"slug":"park","title":"Parco","phrases":[{"type":"🙋","phrase":"Voglio andare al parco."},{"type":"☝️","phrase":"Puoi portarmi al parcheggio?"},{"type":"💡","phrase":"Posso giocare nel parco."}]},{"slug":"mall","title":"Centro commerciale","phrases":[{"type":"🙋","phrase":"Voglio andare al centro commerciale."},{"type":"☝️","phrase":"Puoi portarmi al centro commerciale?"},{"type":"💡","phrase":"Posso fare acquisti nel centro commerciale."}]},{"slug":"restaurant","title":"Ristorante","phrases":[{"type":"🙋","phrase":"Voglio andare al ristorante."},{"type":"☝️","phrase":"Puoi portarmi al ristorante?"},{"type":"💡","phrase":"Posso mangiare un pasto al ristorante."}]},{"slug":"cinema","title":"Cinema","phrases":[{"type":"🙋","phrase":"Voglio andare al cinema."},{"type":"☝️","phrase":"Puoi portarmi al cinema?"},{"type":"💡","phrase":"Posso guardare un film al cinema."}]},{"slug":"school","title":"Scuola","phrases":[{"type":"🙋","phrase":"Voglio andare a scuola."},{"type":"☝️","phrase":"Puoi portarmi a scuola?"},{"type":"💡","phrase":"Posso imparare a scuola."}]},{"slug":"library","title":"Biblioteca","phrases":[{"type":"🙋","phrase":"Voglio andare in biblioteca."},{"type":"☝️","phrase":"Puoi portarmi in biblioteca?"},{"type":"💡","phrase":"Posso studiare in biblioteca."}]},{"slug":"fair","title":"Giusto","phrases":[{"type":"🙋","phrase":"Voglio andare alla fiera."},{"type":"☝️","phrase":"Puoi portarmi alla fiera?"},{"type":"💡","phrase":"Posso divertirmi in fiera."}]},{"slug":"drugstore","title":"Farmacia","phrases":[{"type":"🙋","phrase":"Voglio andare in farmacia."},{"type":"☝️","phrase":"Puoi portarmi in farmacia?"},{"type":"💡","phrase":"Posso comprare la mia medicina in farmacia."}]},{"slug":"hospital","title":"Ospedale","phrases":[{"type":"🙋","phrase":"Voglio andare in ospedale."},{"type":"☝️","phrase":"Puoi portarmi in ospedale?"},{"type":"💡","phrase":"Le persone malate possono andare in ospedale."}]},{"slug":"amusement-park","title":"Parco divertimenti","phrases":[{"type":"🙋","phrase":"Voglio andare al parco divertimenti."},{"type":"☝️","phrase":"Puoi portarmi al parco divertimenti?"},{"type":"💡","phrase":"Posso divertirmi nel parco divertimenti."}]},{"slug":"dormitory","title":"Dormitorio","phrases":[{"type":"🙋","phrase":"Voglio andare in dormitorio."},{"type":"☝️","phrase":"Puoi portarmi in dormitorio?"},{"type":"💡","phrase":"Posso stare in dormitorio."}]},{"slug":"laundry-place","title":"Lavanderia","phrases":[{"type":"🙋","phrase":"Voglio andare in lavanderia."},{"type":"☝️","phrase":"Puoi portarmi in lavanderia?"},{"type":"💡","phrase":"Posso pulire il bucato in lavanderia."}]},{"slug":"barber-shop","title":"barbiere","phrases":[{"type":"🙋","phrase":"Voglio andare dal barbiere."},{"type":"☝️","phrase":"Puoi portarmi dal barbiere?"},{"type":"💡","phrase":"Posso fare un taglio di capelli nel negozio di barbiere."}]},{"slug":"hotel","title":"Hotel","phrases":[{"type":"🙋","phrase":"Voglio andare in hotel."},{"type":"☝️","phrase":"Puoi portarmi in hotel?"},{"type":"💡","phrase":"Posso stare in un hotel."}]},{"slug":"kindergarten","title":"Asilo","phrases":[{"type":"🙋","phrase":"Voglio andare all'asilo."},{"type":"☝️","phrase":"Puoi portarmi all'asilo?"}]},{"slug":"parking-lot","title":"Parcheggio","phrases":[{"type":"🙋","phrase":"Voglio andare al parcheggio."},{"type":"☝️","phrase":"Puoi portarmi al parcheggio?"}]},{"slug":"elevator","title":"Ascensore","phrases":[{"type":"🙋","phrase":"Voglio usare l'ascensore."},{"type":"💗","phrase":"Mi piace usare l'ascensore?"},{"type":"💡","phrase":"Posso andare di sopra usando l'ascensore."}]},{"slug":"bank","title":"Banca","phrases":[{"type":"🙋","phrase":"Voglio andare in banca."},{"type":"☝️","phrase":"Puoi portarmi in banca?"},{"type":"💡","phrase":"Posso prelevare denaro in banca."}]},{"slug":"skycraper","title":"Skycraper","phrases":[{"type":"🙋","phrase":"Voglio andare allo skycraper."},{"type":"☝️","phrase":"Puoi portarmi in skycraper?"}]},{"slug":"stadium","title":"stadio","phrases":[{"type":"🙋","phrase":"Voglio andare allo stadio."},{"type":"☝️","phrase":"Puoi portarmi allo stadio?"}]},{"slug":"cruise-ship","title":"Nave da crociera","phrases":[{"type":"🙋","phrase":"Voglio salire a bordo di una nave da crociera."},{"type":"☝️","phrase":"Puoi portarmi sulla nave da crociera?"}]},{"slug":"forest","title":"foresta","phrases":[{"type":"🙋","phrase":"Voglio andare nella foresta."},{"type":"☝️","phrase":"Puoi portarmi nella foresta?"}]},{"slug":"tent","title":"Tenda","phrases":[{"type":"🙋","phrase":"Voglio andare in tenda."},{"type":"☝️","phrase":"Possiamo stare in una tenda?"}]},{"slug":"beach","title":"Spiaggia","phrases":[{"type":"🙋","phrase":"Voglio andare in spiaggia."},{"type":"☝️","phrase":"Puoi portarmi in spiaggia?"},{"type":"💡","phrase":"Posso prendere il sole in spiaggia."}]}]