[{"slug":"protective-mask","title":"Maschera protettiva","phrases":[{"type":"🛡️","phrase":"Sto usando una maschera protettiva."},{"type":"😷","phrase":"Non posso uscire senza maschera protettiva."}]},{"slug":"stay-home","title":"Stare a casa","phrases":[{"type":"🏠","phrase":"Devi stare a casa."},{"type":"🏡","phrase":"Sto a casa."}]},{"slug":"toilet-paper","title":"Carta igienica","phrases":[]},{"slug":"sprayer","title":"spruzzatore","phrases":[]},{"slug":"disinfectant","title":"Disinfettante","phrases":[{"type":"🧼","phrase":"Sto usando un disinfettante."},{"type":"🙋","phrase":"Potete aiutarmi a usare il disinfettante?"}]},{"slug":"coughing","title":"tosse","phrases":[{"type":"🤒","phrase":"Sto tossendo."},{"type":"🏥","phrase":"La tosse è un sintomo del virus."}]},{"slug":"medical-assistance","title":"Assistenza medica","phrases":[{"type":"⚕️","phrase":"Ho bisogno di assistenza medica."},{"type":"❓","phrase":"Hai bisogno di assistenza medica?"}]},{"slug":"hand-sanitizer","title":"Igienizzante mani","phrases":[{"type":"🚰","phrase":"Sto usando un disinfettante per le mani."},{"type":"🙋","phrase":"Potete aiutarmi a usare disinfettante per le mani?"}]},{"slug":"gloves","title":"Guanti","phrases":[{"type":"🧤","phrase":"Sto usando i guanti."},{"type":"🙋","phrase":"Potete aiutarmi a mettermi i guanti?"}]},{"slug":"social-distancing","title":"Riduzione dei contatti","phrases":[{"type":"🖐️","phrase":"Sto praticando l'allontanamento sociale."},{"type":"📏","phrase":"Dobbiamo mantenere la distanza tra di noi."}]},{"slug":"mouth-mask","title":"Maschera per la bocca","phrases":[{"type":"😷","phrase":"Sto usando la maschera per la bocca."},{"type":"🏡","phrase":"Non posso uscire senza la maschera per la bocca."}]},{"slug":"pandemic","title":"Pandemia","phrases":[{"type":"🌐","phrase":"Che cos'è una pandemia?"},{"type":"⏱️","phrase":"Quando finirà la pandemia?"},{"type":"⌚","phrase":"C'è una pandemia in corso."}]},{"slug":"working-at-home","title":"Lavorare a casa","phrases":[{"type":"🏠","phrase":"Sto lavorando a casa."},{"type":"👪","phrase":"I miei genitori lavorano a casa."}]},{"slug":"wet-wipes","title":"Salviettine detergenti","phrases":[{"type":"🤧","phrase":"Ho bisogno di salviettine umidificate."}]},{"slug":"quarantine","title":"Quarantena","phrases":[{"type":"🔲","phrase":"Che cos'è la quarantena?"},{"type":"🙋","phrase":"Sono in quarantena."}]},{"slug":"first-aid-kit","title":"Kit di pronto soccorso","phrases":[{"type":"❓","phrase":"Dov'è il kit di pronto soccorso?"},{"type":"🙋","phrase":"Potete aiutarmi ad usare il kit di pronto soccorso?"}]},{"slug":"fitness","title":"Fitness","phrases":[{"type":"🤸","phrase":"Mi piace fare fitness."},{"type":"🤼","phrase":"Mi piace fare fitness."}]},{"slug":"e-learning","title":"E-learning","phrases":[{"type":"💻","phrase":"Sto imparando da casa."},{"type":"📱","phrase":"Sto usando app di e-learning."}]},{"slug":"virus","title":"Virus","phrases":[{"type":"🦠","phrase":"Che cos'è un virus?"},{"type":"💉","phrase":"Quali sono i sintomi del virus?"}]},{"slug":"cleaning","title":"Pulizia","phrases":[{"type":"🧼","phrase":"Sto pulendo la mia stanza."},{"type":"🔲","phrase":"Mantenere pulita la tua stanza è importante."}]}]