[{"slug":"desk","title":"Scrivania","phrases":[{"type":"🙋","phrase":"Posso usare questa scrivania?"},{"type":"❓","phrase":"Quale scrivania è mia?"},{"type":"🥛","phrase":"Mi sono rovesciato sulla scrivania."},{"type":"❌","phrase":"Non graffiare la tua scrivania."}]},{"slug":"chair","title":"Sedia","phrases":[{"type":"🙋","phrase":"Posso sedermi con te?"},{"type":"❓","phrase":"Quale sedia è mia?"},{"type":"☝️","phrase":"Questa sedia è stata presa?"},{"type":"🥛","phrase":"Mi sono rovesciato sulla sedia."}]},{"slug":"book","title":"Libro","phrases":[{"type":"📙","phrase":"Manuale"},{"type":"📒","phrase":"Cartella di lavoro"},{"type":"📚","phrase":"Leggere un libro."},{"type":"😇","phrase":"Posso prendere in prestito il tuo libro?"},{"type":"📃","phrase":"A che pagina siamo?"},{"type":"☝️","phrase":"Capovolgi la pagina."},{"type":"😱","phrase":"Ho perso il mio libro."}]},{"slug":"notebook","title":"Taccuino","phrases":[{"type":"📝","phrase":"Prendere appunti."},{"type":"🖐️","phrase":"Prendo appunti."},{"type":"😱","phrase":"Ho perso il mio taccuino."}]},{"slug":"backpack","title":"Zaino","phrases":[{"type":"👜","phrase":"Trasportando il mio zaino."},{"type":"💡","phrase":"Metto i miei libri nello zaino."},{"type":"🙋","phrase":"Ho bisogno di un nuovo zaino."},{"type":"🙏🏼","phrase":"Grazie per aver portato il mio zaino."},{"type":"😱","phrase":"Ho perso il mio zaino."},{"type":"⚖️","phrase":"Il mio zaino è pesante."}]},{"slug":"blackboard","title":"Lavagna","phrases":[{"type":"👀","phrase":"Guarda la lavagna."},{"type":"🧽","phrase":"Pulire la lavagna."},{"type":"🧮","phrase":"Risolvere il problema sulla lavagna."},{"type":"📝","phrase":"Prendere nota alla lavagna."},{"type":"🖊️","phrase":"Dammi un gesso."}]},{"slug":"teacher","title":"Insegnante","phrases":[{"type":"🤔","phrase":"Non capisco questa parte."},{"type":"🔁","phrase":"Puoi ripetere l'ultima parte?"},{"type":"🚻","phrase":"Posso andare in bagno?"},{"type":"❓","phrase":"Quale argomento?"},{"type":"😀","phrase":"Mi piace questo argomento."},{"type":"😔","phrase":"Non mi piace questo argomento."},{"type":"🙏🏼","phrase":"Grazie per la lezione"}]},{"slug":"school-bus","title":"Scuolabus","phrases":[{"type":"⌛","phrase":"Lo scuolabus sta arrivando."},{"type":"❓","phrase":"Posso sedermi accanto a te?"},{"type":"🙏🏼","phrase":"Grazie autista di autobus!"},{"type":"⏱️","phrase":"Lo scuolabus era in ritardo."}]},{"slug":"pencil","title":"Matita","phrases":[{"type":"✏️","phrase":"Sto scrivendo."},{"type":"🎓","phrase":"Sto imparando a scrivere."},{"type":"🙋","phrase":"Ho bisogno di una nuova matita."},{"type":"😇","phrase":"Posso prendere in prestito la tua matita?"},{"type":"😱","phrase":"Ho perso la matita."}]},{"slug":"eraser","title":"Gomma per cancellare","phrases":[{"type":"🧽","phrase":"Sto cancellando."},{"type":"🙋","phrase":"Ho bisogno di una nuova gomma."},{"type":"😇","phrase":"Posso prendere in prestito la tua gomma?"},{"type":"😱","phrase":"Ho perso la gomma."}]},{"slug":"ruler","title":"Righello","phrases":[{"type":"📏","phrase":"Sto misurando."},{"type":"🙋","phrase":"Ho bisogno di un nuovo sovrano."},{"type":"😇","phrase":"Posso prendere in prestito il tuo sovrano?"},{"type":"😱","phrase":"Ho perso il mio sovrano."}]},{"slug":"sharpener","title":"Temperamatite","phrases":[{"type":"🔪","phrase":"Sto affilando la matita."},{"type":"🙋","phrase":"Ho bisogno di un nuovo temperino."},{"type":"😇","phrase":"Posso prendere in prestito il tuo temperino?"},{"type":"😱","phrase":"Ho perso il mio temperino."}]},{"slug":"mathematics","title":"Matematica","phrases":[{"type":"❤️","phrase":"Mi piace la matematica."},{"type":"🙋","phrase":"Voglio studiare matematica."},{"type":"❌","phrase":"Non mi piace la matematica."},{"type":"⌚","phrase":"Quando è la lezione di matematica?"},{"type":"☝️","phrase":"Potete aiutarmi con i miei compiti di matematica?"}]},{"slug":"literature","title":"Letteratura","phrases":[{"type":"❤️","phrase":"Mi piace la letteratura."},{"type":"🙋","phrase":"Voglio studiare letteratura."},{"type":"❌","phrase":"Non mi piace la letteratura."},{"type":"⌚","phrase":"Quando è la lezione di letteratura?"},{"type":"☝️","phrase":"Potete aiutarmi con i miei compiti di letteratura?"}]},{"slug":"science","title":"Scienza","phrases":[{"type":"❤️","phrase":"Mi piace la scienza."},{"type":"🙋","phrase":"Voglio studiare scienze."},{"type":"❌","phrase":"Non mi piace la scienza."},{"type":"⌚","phrase":"Quando è la lezione di scienze?"},{"type":"☝️","phrase":"Potete aiutarmi con i miei compiti di scienza?"}]},{"slug":"art-class","title":"Classe di arte","phrases":[{"type":"❤️","phrase":"Mi piace la lezione d'arte."},{"type":"🙋","phrase":"Voglio praticare abilità artistiche."},{"type":"❌","phrase":"Non mi piace la lezione d'arte."},{"type":"⌚","phrase":"Quando è la lezione d'arte?"},{"type":"☝️","phrase":"Potete aiutarmi con i compiti della mia classe d'arte?"}]},{"slug":"music-class","title":"Lezione di musica","phrases":[{"type":"❤️","phrase":"Mi piace la lezione di musica."},{"type":"🙋","phrase":"Voglio praticare abilità musicali."},{"type":"❌","phrase":"Non mi piace la lezione di musica."},{"type":"⌚","phrase":"Quando è la lezione di musica?"},{"type":"☝️","phrase":"Potete aiutarmi con i compiti della mia classe di musica?"}]},{"slug":"geography","title":"Geografia","phrases":[{"type":"❤️","phrase":"Mi piace la geografia."},{"type":"🙋","phrase":"Voglio studiare geografia."},{"type":"❌","phrase":"Non mi piace la geografia."},{"type":"⌚","phrase":"Quando è la geografia?"},{"type":"☝️","phrase":"Mi potete aiutare con i compiti di geografia?"}]},{"slug":"telescope","title":"Telescopio","phrases":[{"type":"🌎","phrase":"Sto usando il telescopio."},{"type":"🙋","phrase":"Voglio usare il telescopio."},{"type":"🌟","phrase":"Voglio guardare le stelle."}]},{"slug":"glue","title":"Colla","phrases":[{"type":"👌","phrase":"Sto usando la colla."},{"type":"🙋","phrase":"Ho bisogno di una nuova colla."},{"type":"😇","phrase":"Posso prendere in prestito la tua colla?"},{"type":"😱","phrase":"Ho perso la colla."}]}]