[{"slug":"circle","title":"Cerchio","phrases":[{"type":"👉","phrase":"Questo è a forma di cerchio."},{"type":"❓","phrase":"Puoi insegnarmi come disegnare il cerchio?"}]},{"slug":"triangle","title":"Triangolo","phrases":[{"type":"👉","phrase":"Questo è a forma di triangolo."},{"type":"❓","phrase":"Puoi insegnarmi come disegnare il triangolo?"}]},{"slug":"square","title":"Piazza","phrases":[{"type":"👉","phrase":"Questa è di forma quadrata."},{"type":"❓","phrase":"Puoi insegnarmi come disegnare un quadrato?"}]},{"slug":"rectangle","title":"Rettangolo","phrases":[{"type":"👉","phrase":"Questa è a forma di rettangolo."},{"type":"❓","phrase":"Puoi insegnarmi come disegnare un rettangolo?"}]},{"slug":"star","title":"Stella","phrases":[{"type":"👉","phrase":"Questa è a forma di stella."},{"type":"❓","phrase":"Puoi insegnarmi come disegnare una stella?"}]},{"slug":"pentagon","title":"Pentagono","phrases":[{"type":"👉","phrase":"Questo è a forma di pentagono."},{"type":"❓","phrase":"Puoi insegnarmi come disegnare il pentagono?"}]},{"slug":"hexagon","title":"Esagono","phrases":[{"type":"👉","phrase":"Questo è a forma di esagono."},{"type":"❓","phrase":"Puoi insegnarmi come disegnare esagono?"}]},{"slug":"cross","title":"Attraversare","phrases":[{"type":"👉","phrase":"Questo è a forma di croce."},{"type":"❓","phrase":"Puoi insegnarmi come disegnare la croce?"}]},{"slug":"ellipse","title":"Ellisse","phrases":[{"type":"👉","phrase":"Questa è a forma di ellisse."},{"type":"❓","phrase":"Puoi insegnarmi come disegnare l'ellisse?"}]},{"slug":"arrow","title":"Freccia","phrases":[{"type":"👉","phrase":"Questa è a forma di freccia."},{"type":"❓","phrase":"Puoi insegnarmi come disegnare la freccia?"}]},{"slug":"crescent","title":"Mezzaluna","phrases":[{"type":"👉","phrase":"Questa è a forma di mezzaluna."},{"type":"❓","phrase":"Puoi insegnarmi come disegnare la mezzaluna?"}]},{"slug":"heart","title":"Cuore","phrases":[{"type":"👉","phrase":"Questo è a forma di cuore."},{"type":"❓","phrase":"Puoi insegnarmi come disegnare il cuore?"}]},{"slug":"rhombus","title":"Rombo","phrases":[{"type":"👉","phrase":"Questo è a forma di rombo."},{"type":"❓","phrase":"Puoi insegnarmi come disegnare il rombo?"}]},{"slug":"ring","title":"Squillare","phrases":[{"type":"👉","phrase":"Questo è a forma di anello."},{"type":"❓","phrase":"Puoi insegnarmi come disegnare l'anello?"}]},{"slug":"semicircle","title":"Semicerchio","phrases":[{"type":"👉","phrase":"Questo è a forma di semicerchio."},{"type":"❓","phrase":"Puoi insegnarmi come disegnare un semicerchio?"}]},{"slug":"trapezoid","title":"trapezio","phrases":[{"type":"👉","phrase":"Questa è a forma di trapezio."},{"type":"❓","phrase":"Puoi insegnarmi come disegnare il trapezio?"}]},{"slug":"cube","title":"Cubo","phrases":[{"type":"👉","phrase":"Questo è a forma di cubo."},{"type":"❓","phrase":"Puoi insegnarmi come disegnare un cubo?"}]},{"slug":"cylinder","title":"Cilindro","phrases":[{"type":"👉","phrase":"Questo è a forma di cilindro."},{"type":"❓","phrase":"Puoi insegnarmi come disegnare un cilindro?"}]}]