[{"slug":"chips","title":"Patatine fritte","phrases":[{"type":"❤️","phrase":"Mi piace mangiare patatine."},{"type":"🙋","phrase":"Voglio mangiare patatine."},{"type":"🤢","phrase":"Mangiare troppe patatine fa male."}]},{"slug":"donut","title":"Ciambella","phrases":[{"type":"❤️","phrase":"Mi piace mangiare la ciambella."},{"type":"🙋","phrase":"Voglio mangiare la ciambella."},{"type":"🤢","phrase":"Mangiare troppa ciambella fa male."}]},{"slug":"taco","title":"Taco","phrases":[{"type":"❤️","phrase":"Mi piace mangiare tacos."},{"type":"🙋","phrase":"Voglio mangiare il taco."},{"type":"🤢","phrase":"Mangiare troppi tacos è un male per me."}]},{"slug":"peanuts","title":"Arachidi","phrases":[{"type":"❤️","phrase":"Mi piace mangiare le arachidi."},{"type":"🙋","phrase":"Voglio mangiare noccioline."},{"type":"🤢","phrase":"Mangiare troppe noccioline fa male."}]},{"slug":"croissant","title":"Brioche","phrases":[{"type":"❤️","phrase":"Mi piace mangiare il cornetto."},{"type":"🙋","phrase":"Voglio mangiare un cornetto."},{"type":"🤢","phrase":"Mangiare troppo cornetto fa male."}]},{"slug":"cookie","title":"biscotto","phrases":[{"type":"❤️","phrase":"Mi piace mangiare i biscotti."},{"type":"🙋","phrase":"Voglio mangiare i biscotti."},{"type":"🤢","phrase":"Mangiare troppi biscotti fa male a me."}]},{"slug":"burrito","title":"Burrito","phrases":[{"type":"❤️","phrase":"Mi piace mangiare il burrito."},{"type":"🙋","phrase":"Voglio mangiare il burrito."},{"type":"🤢","phrase":"Mangiare troppi burritos è un male per me."}]},{"slug":"ramen","title":"Ramen","phrases":[{"type":"❤️","phrase":"Mi piace mangiare il ramen."},{"type":"🙋","phrase":"Voglio mangiare ramen."},{"type":"🤢","phrase":"Mangiare troppo ramen è un male per me."}]},{"slug":"sushi","title":"Sushi","phrases":[{"type":"❤️","phrase":"Mi piace mangiare il sushi."},{"type":"🙋","phrase":"Voglio mangiare sushi"},{"type":"🤢","phrase":"Mangiare troppo sushi fa male a me."}]},{"slug":"chocolate","title":"Cioccolato","phrases":[{"type":"❤️","phrase":"Mi piace mangiare il cioccolato."},{"type":"🙋","phrase":"Voglio mangiare cioccolato."},{"type":"🤢","phrase":"Mangiare troppo cioccolato fa male a me."}]},{"slug":"apple-pie","title":"torta di mele","phrases":[{"type":"❤️","phrase":"Mi piace mangiare la torta di mele."},{"type":"🙋","phrase":"Voglio mangiare la torta di mele."},{"type":"🤢","phrase":"Mangiare troppa torta di mele fa male."}]},{"slug":"muffin","title":"Focaccina","phrases":[{"type":"❤️","phrase":"Mi piace mangiare il muffin."},{"type":"🙋","phrase":"Voglio mangiare muffin."},{"type":"🤢","phrase":"Mangiare troppo muffin è male per me."}]},{"slug":"pudding","title":"Budino","phrases":[{"type":"❤️","phrase":"Mi piace mangiare il budino."},{"type":"🙋","phrase":"Voglio mangiare budino."},{"type":"🤢","phrase":"Mangiare troppo budino fa male."}]},{"slug":"macaron","title":"Macaron","phrases":[{"type":"❤️","phrase":"Mi piace mangiare il macaron."},{"type":"🙋","phrase":"Voglio mangiare macaron."},{"type":"🤢","phrase":"Mangiare troppo macaron è un male per me."}]},{"slug":"crepe","title":"crespo","phrases":[{"type":"❤️","phrase":"Mi piace mangiare crepe."},{"type":"🙋","phrase":"Voglio mangiare crepe."},{"type":"🤢","phrase":"Mangiare troppe crepes è un male per me."}]},{"slug":"pizza","title":"Pizza","phrases":[{"type":"❤️","phrase":"Mi piace mangiare la pizza."},{"type":"🙋","phrase":"Voglio mangiare pizza."},{"type":"🤢","phrase":"Mangiare troppa pizza fa male."}]},{"slug":"skewer","title":"Spiedo","phrases":[{"type":"❤️","phrase":"Mi piace mangiare lo spiedino."},{"type":"🙋","phrase":"Voglio mangiare uno spiedino."},{"type":"🤢","phrase":"Mangiare troppi spiedini fa male."}]},{"slug":"fast-food","title":"Fast food","phrases":[{"type":"❤️","phrase":"Mi piace mangiare fast food."},{"type":"🙋","phrase":"Voglio mangiare fast food."},{"type":"🤢","phrase":"Mangiare troppo fast food fa male a me."}]}]