[{"slug":"basketball","title":"Pallacanestro","phrases":[{"type":"❤️","phrase":"Mi piace giocare a basket."},{"type":"🙋","phrase":"Vuoi giocare a basket?"}]},{"slug":"boxing","title":"Boxe","phrases":[{"type":"❤️","phrase":"Mi piace la boxe."},{"type":"🙋","phrase":"Vuoi mettere insieme?"}]},{"slug":"tennis","title":"Tennis","phrases":[{"type":"❤️","phrase":"Mi piace giocare a tennis."},{"type":"🙋","phrase":"Vuoi giocare a tennis?"}]},{"slug":"golf","title":"Golf","phrases":[{"type":"❤️","phrase":"Mi piace giocare a golf."},{"type":"🙋","phrase":"Vuoi giocare a golf?"}]},{"slug":"hockey","title":"Hockey","phrases":[{"type":"❤️","phrase":"Mi piace giocare a hockey."},{"type":"🙋","phrase":"Vuoi giocare a hockey?"}]},{"slug":"swimming","title":"Nuoto","phrases":[{"type":"❤️","phrase":"Mi piace nuotare."},{"type":"🙋","phrase":"Vuoi nuotare?"}]},{"slug":"baseball","title":"Baseball","phrases":[{"type":"❤️","phrase":"Mi piace giocare a baseball."},{"type":"🙋","phrase":"Vuoi giocare a baseball?"}]},{"slug":"american-football","title":"Football americano","phrases":[{"type":"❤️","phrase":"Mi piace giocare a football americano."},{"type":"🙋","phrase":"Vuoi giocare a football americano?"}]},{"slug":"cricket","title":"Cricket","phrases":[{"type":"❤️","phrase":"Mi piace il cricket."},{"type":"🙋","phrase":"Vuoi giocare a cricket?"}]},{"slug":"racing","title":"Da corsa","phrases":[{"type":"❤️","phrase":"Mi piace correre."},{"type":"🙋","phrase":"Vuoi correre insieme?"}]},{"slug":"skiing","title":"Sciare","phrases":[{"type":"❤️","phrase":"Mi piace sciare."},{"type":"🙋","phrase":"Vuoi sciare?"}]},{"slug":"volleyball","title":"Pallavolo","phrases":[{"type":"❤️","phrase":"Mi piace giocare a pallavolo."},{"type":"🙋","phrase":"Vuoi giocare a pallavolo?"}]},{"slug":"fencing","title":"Scherma","phrases":[{"type":"❤️","phrase":"Mi piace la scherma."}]},{"slug":"referee","title":"Arbitro","phrases":[{"type":"🏁","phrase":"Posso essere l'arbitro?"}]},{"slug":"coach","title":"Allenatore","phrases":[{"type":"🏁","phrase":"Posso essere il tuo allenatore?"}]},{"slug":"kendo","title":"Kendo","phrases":[]},{"slug":"table-tennis","title":"Tennis da tavolo","phrases":[{"type":"❤️","phrase":"Mi piace giocare a ping-pong."},{"type":"🙋","phrase":"Vuoi giocare a ping-pong?"}]},{"slug":"medal","title":"Medaglia","phrases":[{"type":"😎","phrase":"Ho una medaglia."}]},{"slug":"podium","title":"Podio","phrases":[]}]