[{"slug":"doll","title":"Bambola","phrases":[{"type":"❤️","phrase":"Mi piacciono le bambole."},{"type":"☝️","phrase":"Posso giocare con le mie bambole?"},{"type":"🙋","phrase":"Voglio una bambola come regalo."}]},{"slug":"teddy-bear","title":"orsacchiotto di peluche","phrases":[{"type":"❤️","phrase":"Mi piacciono gli orsacchiotti."},{"type":"☝️","phrase":"Posso giocare con il mio orsacchiotto?"},{"type":"🙋","phrase":"Voglio un orsacchiotto come regalo."}]},{"slug":"blocks","title":"blocchi","phrases":[{"type":"❤️","phrase":"Mi piacciono i blocchi."},{"type":"☝️","phrase":"Posso giocare con i miei blocchi?"},{"type":"🙋","phrase":"Voglio un blocco come regalo."}]},{"slug":"spinner","title":"Spinner","phrases":[{"type":"❤️","phrase":"Mi piace il filatore."},{"type":"☝️","phrase":"Posso giocare con il mio spinner?"},{"type":"🙋","phrase":"Voglio un filatore come regalo."}]},{"slug":"nutcracker","title":"Schiaccianoci","phrases":[{"type":"❤️","phrase":"Mi piacciono gli schiaccianoci."},{"type":"☝️","phrase":"Posso giocare con le mie schiaccianoci?"},{"type":"🙋","phrase":"Voglio uno schiaccianoci come regalo."}]},{"slug":"video-games","title":"Videogiochi","phrases":[{"type":"❤️","phrase":"Mi piacciono i videogiochi."},{"type":"☝️","phrase":"Possiamo giocare ai videogiochi insieme?"},{"type":"🙋","phrase":"Voglio i videogiochi come regalo."}]},{"slug":"cards","title":"Carte","phrases":[{"type":"❤️","phrase":"Mi piace giocare a carte."},{"type":"☝️","phrase":"Posso giocare con le mie carte?"},{"type":"🙋","phrase":"Voglio giocare a carte come regalo."}]},{"slug":"toy-car","title":"Macchina giocattolo","phrases":[{"type":"❤️","phrase":"Mi piacciono le macchinine."},{"type":"☝️","phrase":"Posso giocare con la mia macchinina?"},{"type":"🙋","phrase":"Voglio una macchinina come regalo."}]},{"slug":"sword","title":"Spada","phrases":[{"type":"❤️","phrase":"Mi piacciono le spade giocattolo."},{"type":"☝️","phrase":"Posso giocare con la mia spada giocattolo?"},{"type":"🙋","phrase":"Voglio una spada come regalo."}]},{"slug":"yo-yo","title":"Iò-iò","phrases":[{"type":"❤️","phrase":"Mi piace giocare con yo-yo."},{"type":"☝️","phrase":"Posso giocare con il mio yo-yo?"},{"type":"🙋","phrase":"Voglio un yo-yo come regalo."}]},{"slug":"slingshot","title":"Fionda","phrases":[{"type":"❤️","phrase":"Mi piacciono le fionde."},{"type":"☝️","phrase":"Posso giocare con la mia fionda?"},{"type":"🙋","phrase":"Voglio una fionda come regalo."}]},{"slug":"water-gun","title":"Pistola ad acqua","phrases":[{"type":"❤️","phrase":"Mi piace la pistola ad acqua."},{"type":"☝️","phrase":"Posso giocare con la mia pistola ad acqua?"},{"type":"🙋","phrase":"Voglio una pistola ad acqua come regalo."}]},{"slug":"doll-house","title":"Casa delle bambole","phrases":[{"type":"❤️","phrase":"Mi piace giocare con la casa delle bambole."},{"type":"☝️","phrase":"Posso giocare con la mia casa delle bambole?"},{"type":"🙋","phrase":"Voglio una casa delle bambole come regalo."}]},{"slug":"viewer","title":"Spettatore","phrases":[{"type":"❤️","phrase":"Mi piace giocare con lo spettatore."},{"type":"🙋","phrase":"Voglio uno spettatore come regalo."}]},{"slug":"board-game","title":"Gioco da tavolo","phrases":[{"type":"❤️","phrase":"Mi piacciono i giochi da tavolo."},{"type":"☝️","phrase":"Possiamo giocare a giochi da tavolo?"},{"type":"🙋","phrase":"Voglio un gioco da tavolo come regalo."}]},{"slug":"rubiks-cube","title":"Cubo di Rubik","phrases":[{"type":"❤️","phrase":"Mi piace risolvere il cubo di Rubik."},{"type":"☝️","phrase":"Posso provare a risolvere il cubo del mio rubik?"},{"type":"🙋","phrase":"Voglio un cubo di rubik come regalo."}]},{"slug":"puzzle","title":"Puzzle","phrases":[{"type":"❤️","phrase":"Mi piacciono i puzzle."},{"type":"☝️","phrase":"Posso risolvere enigmi?"},{"type":"🙋","phrase":"Voglio puzzle come regalo."}]},{"slug":"remote-control-car","title":"Auto telecomando","phrases":[{"type":"❤️","phrase":"Mi piace la mia macchina del telecomando."},{"type":"☝️","phrase":"Posso giocare con la mia macchina telecomandata"},{"type":"🙋","phrase":"Voglio una macchina telecomando come regalo."}]},{"slug":"rocking-horse","title":"Cavallo a dondolo","phrases":[{"type":"❤️","phrase":"Mi piace il mio cavallo a dondolo."},{"type":"☝️","phrase":"Posso giocare con il cavallo a dondolo?"}]},{"slug":"scooter","title":"Scooter","phrases":[{"type":"❤️","phrase":"Mi piace il mio scooter."},{"type":"🙋","phrase":"Voglio uno scooter come regalo."}]},{"slug":"pyramid","title":"Piramide","phrases":[{"type":"❤️","phrase":"Mi piacciono le piramidi."},{"type":"🙋","phrase":"Voglio una piramide come regalo."}]},{"slug":"cart","title":"Carrello","phrases":[{"type":"❤️","phrase":"Mi piace il mio carrello dei giocattoli."},{"type":"🙋","phrase":"Potete aiutarmi a mettere in ordine i miei giocattoli?"}]},{"slug":"aeroplane","title":"Aereo","phrases":[{"type":"❤️","phrase":"Mi piacciono gli aeroplani."},{"type":"☝️","phrase":"Posso giocare con il mio aereo?"},{"type":"🙋","phrase":"Voglio un aeroplano come regalo."}]},{"slug":"sand-bucket","title":"Secchio di sabbia","phrases":[{"type":"❤️","phrase":"Mi piacciono i secchi di sabbia."},{"type":"☝️","phrase":"Posso costruire un castello con il mio secchio di sabbia?"}]}]