[{"slug":"train","title":"Treno","phrases":[{"type":"🙋","phrase":"Voglio prendere il treno."},{"type":"❤️","phrase":"Mi piacciono i treni."}]},{"slug":"car","title":"Auto","phrases":[{"type":"🙋","phrase":"Voglio guidare una macchina."},{"type":"❤️","phrase":"Mi piacciono le macchine."}]},{"slug":"bicycle","title":"Bicicletta","phrases":[{"type":"🙋","phrase":"Voglio andare in bicicletta."},{"type":"❤️","phrase":"Mi piace la bicicletta"}]},{"slug":"motorcycle","title":"Motociclo","phrases":[{"type":"🙋","phrase":"Voglio andare in moto."},{"type":"❤️","phrase":"Mi piace la moto."}]},{"slug":"skateboard","title":"Skateboard","phrases":[{"type":"🙋","phrase":"Voglio pattinare."},{"type":"❤️","phrase":"Mi piace lo skateboard."}]},{"slug":"food-truck","title":"Traghetto","phrases":[{"type":"🙋","phrase":"Voglio prendere il traghetto."},{"type":"🧑‍🤝‍🧑","phrase":"Il traghetto è affollato."}]},{"slug":"boat","title":"Barca","phrases":[{"type":"🙋","phrase":"Voglio andare in barca."},{"type":"🧑‍🤝‍🧑","phrase":"La barca è affollata."}]},{"slug":"ship","title":"Nave","phrases":[{"type":"🙋","phrase":"Voglio salire a bordo di una nave."},{"type":"🧑‍🤝‍🧑","phrase":"La nave è affollata."}]},{"slug":"bus","title":"Autobus","phrases":[{"type":"🙋","phrase":"Voglio prendere l'autobus."},{"type":"🧑‍🤝‍🧑","phrase":"L'autobus è affollato."}]},{"slug":"minibus","title":"pulmino","phrases":[{"type":"🙋","phrase":"Voglio prendere il minibus."},{"type":"🧑‍🤝‍🧑","phrase":"Il minibus è affollato."}]},{"slug":"wheelchair","title":"sedia a rotelle","phrases":[{"type":"♿","phrase":"Sto usando una sedia a rotelle."},{"type":"👨‍🦽","phrase":"Sta usando una sedia a rotelle."},{"type":"🙋","phrase":"Potete aiutarmi a usare la mia sedia a rotelle."},{"type":"🖐️","phrase":"Mi puoi spingere?"}]},{"slug":"taxi","title":"Taxi","phrases":[{"type":"🙋","phrase":"Voglio prendere il taxi."}]},{"slug":"airplane","title":"Aereo","phrases":[{"type":"🙋","phrase":"Voglio volare su un aereo."},{"type":"❤️","phrase":"Mi piacciono gli aeroplani."},{"type":"🧑‍🤝‍🧑","phrase":"L'aereo è affollato."}]},{"slug":"van","title":"furgone","phrases":[{"type":"🙋","phrase":"Voglio guidare su un furgone."}]},{"slug":"hot-air-balloon","title":"Baloon ad aria calda","phrases":[{"type":"🙋","phrase":"Voglio volare su un baloon ad aria calda."},{"type":"❤️","phrase":"Mi piace il baloon ad aria calda."}]},{"slug":"fire-truck","title":"Camion dei pompieri","phrases":[{"type":"🚨","phrase":"Sirena del camion dei pompieri."}]},{"slug":"police-car","title":"Auto della polizia","phrases":[{"type":"🚨","phrase":"Sirena di auto della polizia."},{"type":"❤️","phrase":"Mi piacciono le macchine della polizia."}]},{"slug":"ambulance","title":"Ambulanza","phrases":[{"type":"🚨","phrase":"Sirena dell'ambulanza."}]},{"slug":"stretcher","title":"Barella","phrases":[{"type":"🙋","phrase":"Potete aiutarmi con la mia barella?"}]},{"slug":"helicopter","title":"Elicottero","phrases":[{"type":"🙋","phrase":"Voglio volare su un elicottero."}]},{"slug":"trailer","title":"trailer","phrases":[{"type":"🙋","phrase":"Voglio guidare in un trailer."}]},{"slug":"spaceship","title":"Navicella spaziale","phrases":[{"type":"❤️","phrase":"Mi piacciono le astronavi."},{"type":"🌌","phrase":"Voglio viaggiare nello spazio."},{"type":"👽","phrase":"Voglio vedere gli alieni."},{"type":"👩‍🚀","phrase":"Voglio andare su Marte."},{"type":"🚀","phrase":"Puoi portarmi su Marte Elon Musk?"}]}]