[{"slug":"luggage","title":"Bagaglio","phrases":[]},{"slug":"swimming","title":"Nuoto","phrases":[]},{"slug":"passport","title":"Passaporto","phrases":[]},{"slug":"tent","title":"Tenda","phrases":[]},{"slug":"backpacking","title":"zaino in spalla","phrases":[]},{"slug":"beach-chair","title":"sedia da spiaggia","phrases":[]},{"slug":"room-service","title":"Servizio in camera","phrases":[]},{"slug":"waiting-area","title":"Sala d'attesa","phrases":[]},{"slug":"electric-socket","title":"Presa di corrente elettrica","phrases":[]},{"slug":"bag","title":"Sacchetto","phrases":[]},{"slug":"boarding-pass","title":"Carta d'imbarco","phrases":[]},{"slug":"gps","title":"GPS","phrases":[]},{"slug":"mountain","title":"Montagna","phrases":[]},{"slug":"camera","title":"telecamera","phrases":[]},{"slug":"hotel","title":"Hotel","phrases":[]},{"slug":"bed","title":"Letto","phrases":[]},{"slug":"hotel-key","title":"Chiave dell'hotel","phrases":[]},{"slug":"bonfire","title":"Falò","phrases":[]},{"slug":"snorkling","title":"Snorkling","phrases":[]},{"slug":"action-camera","title":"Macchina fotografica di azione","phrases":[]}]