[{"slug":"cucumber","title":"Cetriolo","phrases":[{"type":"❤️","phrase":"Mi piace mangiare il cetriolo."},{"type":"🙋","phrase":"Voglio mangiare un cetriolo."},{"type":"❌","phrase":"Non mi piace il cetriolo."}]},{"slug":"onion","title":"Cipolla","phrases":[{"type":"❤️","phrase":"Mi piace mangiare la cipolla."},{"type":"🙋","phrase":"Voglio mangiare una cipolla."},{"type":"❌","phrase":"Non mi piace la cipolla."},{"type":"❌","phrase":"Non mi piace l'odore della cipolla."}]},{"slug":"garlic","title":"aglio","phrases":[{"type":"❤️","phrase":"Mi piace mangiare l'aglio."},{"type":"🙋","phrase":"Voglio mangiare un aglio."},{"type":"❌","phrase":"Non mi piace l'aglio."},{"type":"❌","phrase":"Non mi piace l'odore dell'aglio."}]},{"slug":"carrot","title":"Carota","phrases":[{"type":"❤️","phrase":"Mi piace mangiare la carota."},{"type":"🙋","phrase":"Voglio mangiare una carota."},{"type":"❌","phrase":"Non mi piacciono le carote."}]},{"slug":"cabbage","title":"Cavolo","phrases":[{"type":"❤️","phrase":"Mi piace mangiare il cavolo."},{"type":"🙋","phrase":"Voglio mangiare un cavolo."},{"type":"❌","phrase":"Non mi piace il cavolo."}]},{"slug":"tomato","title":"Pomodoro","phrases":[{"type":"❤️","phrase":"Mi piace mangiare il pomodoro."},{"type":"🙋","phrase":"Voglio mangiare un pomodoro"},{"type":"❌","phrase":"Non mi piace il pomodoro."},{"type":"❤️","phrase":"Mi piace avere una zuppa di pomodoro."}]},{"slug":"eggplant","title":"Melanzana","phrases":[{"type":"❤️","phrase":"Mi piace mangiare le melanzane."},{"type":"🙋","phrase":"Voglio mangiare una melanzana."},{"type":"❌","phrase":"Non mi piacciono le melanzane."}]},{"slug":"mushroom","title":"Fungo","phrases":[{"type":"❤️","phrase":"Mi piace mangiare i funghi."},{"type":"🙋","phrase":"Voglio mangiare un fungo"},{"type":"❌","phrase":"Non mi piacciono i funghi."},{"type":"❤️","phrase":"Mi piace avere una zuppa di funghi."}]},{"slug":"pepper","title":"Pepe","phrases":[{"type":"❤️","phrase":"Mi piace mangiare il pepe."},{"type":"🙋","phrase":"Voglio mangiare un peperone"},{"type":"❌","phrase":"Non mi piace il pepe."}]},{"slug":"corn","title":"Mais","phrases":[{"type":"❤️","phrase":"Mi piace mangiare mais."},{"type":"🙋","phrase":"Voglio mangiare un mais."},{"type":"❌","phrase":"Non mi piace il mais."},{"type":"❤️","phrase":"Mi piace fare una zuppa di mais."}]},{"slug":"broccoli","title":"broccoli","phrases":[{"type":"❤️","phrase":"Mi piace mangiare i broccoli."},{"type":"🙋","phrase":"Voglio mangiare un broccolo."},{"type":"❌","phrase":"Non mi piacciono i broccoli."}]},{"slug":"celery","title":"Sedano","phrases":[{"type":"❤️","phrase":"Mi piace mangiare il sedano."},{"type":"🙋","phrase":"Voglio mangiare un sedano."},{"type":"❌","phrase":"Non mi piace il sedano."}]},{"slug":"chili","title":"chili","phrases":[{"type":"❤️","phrase":"Mi piace mangiare il peperoncino."},{"type":"🙋","phrase":"Voglio mangiare un peperoncino."},{"type":"❌","phrase":"Non mi piace il peperoncino."}]},{"slug":"potato","title":"Patata","phrases":[{"type":"❤️","phrase":"Mi piace mangiare la patata."},{"type":"🙋","phrase":"Voglio mangiare una patata"},{"type":"❌","phrase":"Non mi piacciono le patate."},{"type":"❤️","phrase":"Mi piace mangiare patatine fritte."}]},{"slug":"asparagus","title":"Asparago","phrases":[{"type":"❤️","phrase":"Mi piace mangiare gli asparagi."},{"type":"🙋","phrase":"Voglio mangiare un asparago."},{"type":"❌","phrase":"Non mi piacciono gli asparagi."}]},{"slug":"cauliflower","title":"Cavolfiore","phrases":[{"type":"❤️","phrase":"Mi piace mangiare il cavolfiore."},{"type":"🙋","phrase":"Voglio mangiare un cavolfiore."},{"type":"❌","phrase":"Non mi piace il cavolfiore."}]},{"slug":"pumpkin","title":"Zucca","phrases":[{"type":"❤️","phrase":"Mi piace mangiare la zucca."},{"type":"🙋","phrase":"Voglio mangiare una zucca"},{"type":"❌","phrase":"Non mi piace la zucca."},{"type":"❤️","phrase":"Mi piace avere una zuppa di zucca."}]},{"slug":"beetroot","title":"Barbabietola","phrases":[{"type":"❤️","phrase":"Mi piace mangiare la barbabietola."},{"type":"🙋","phrase":"Voglio mangiare una barbabietola."},{"type":"❌","phrase":"Non mi piace la barbabietola."}]},{"slug":"bean","title":"Fagiolo","phrases":[{"type":"❤️","phrase":"Mi piace mangiare i fagioli."},{"type":"🙋","phrase":"Voglio mangiare un fagiolo."},{"type":"❌","phrase":"Non mi piace il fagiolo."}]},{"slug":"lettuce","title":"Lattuga","phrases":[{"type":"❤️","phrase":"Mi piace mangiare la lattuga."},{"type":"🙋","phrase":"Voglio mangiare una lattuga."},{"type":"❌","phrase":"Non mi piace la lattuga."},{"type":"❤️","phrase":"Mi piace che la mia insalata abbia più lattuga."}]},{"slug":"radish","title":"Ravanello","phrases":[{"type":"❤️","phrase":"Mi piace mangiare il ravanello."},{"type":"🙋","phrase":"Voglio mangiare un ravanello."},{"type":"❌","phrase":"Non mi piace il ravanello."}]},{"slug":"bok-choy","title":"Bok Choy","phrases":[{"type":"❤️","phrase":"Mi piace mangiare il bok choy."},{"type":"🙋","phrase":"Voglio mangiare un cavolo cinese."},{"type":"❌","phrase":"Non mi piace il bok choy."}]},{"slug":"leek","title":"Porro","phrases":[{"type":"❤️","phrase":"Mi piace mangiare i porri."},{"type":"🙋","phrase":"Voglio mangiare un porro."},{"type":"❌","phrase":"Non mi piace il porro."}]},{"slug":"peas","title":"Piselli","phrases":[{"type":"❤️","phrase":"Mi piace mangiare i piselli."},{"type":"🙋","phrase":"Voglio mangiare un pisello."},{"type":"❌","phrase":"Non mi piacciono i piselli."}]},{"slug":"ginger","title":"Zenzero","phrases":[{"type":"❤️","phrase":"Mi piace mangiare lo zenzero."},{"type":"🙋","phrase":"Voglio mangiare uno zenzero."},{"type":"❌","phrase":"Non mi piace lo zenzero."}]},{"slug":"sweet-potato","title":"Patata dolce","phrases":[{"type":"❤️","phrase":"Mi piace mangiare la patata dolce."},{"type":"🙋","phrase":"Voglio mangiare una patata dolce."},{"type":"❌","phrase":"Non mi piace la patata dolce."},{"type":"❤️","phrase":"Mi piace mangiare la patata dolce fritta."}]},{"slug":"olives","title":"Olive","phrases":[{"type":"❤️","phrase":"Mi piace mangiare le olive."},{"type":"🙋","phrase":"Voglio mangiare delle olive."},{"type":"❌","phrase":"Non mi piacciono le olive."},{"type":"❤️","phrase":"Mi piacciono le olive nella mia pizza."}]}]