[{"slug":"walking","title":"Το περπάτημα","phrases":[{"type":"❤️","phrase":"Μου αρέσει να περπατώ"},{"type":"❌","phrase":"Δεν μου αρέσει το περπάτημα"},{"type":"🙋","phrase":"Θέλετε να περπατήσετε μαζί;"}]},{"slug":"running","title":"Τρέξιμο","phrases":[{"type":"❤️","phrase":"Μου αρέσει το τρέξιμο."},{"type":"❌","phrase":"Δεν μου αρέσει να τρέχω."},{"type":"🙋","phrase":"Θέλεις να τρέξεις;"}]},{"slug":"talking","title":"Ομιλία","phrases":[{"type":"❤️","phrase":"Μου αρέσει να μιλάω."},{"type":"❌","phrase":"Δεν μου αρέσει να μιλάω."},{"type":"🙋","phrase":"Θες να μιλησουμε?"}]},{"slug":"reading","title":"ΑΝΑΓΝΩΣΗ","phrases":[{"type":"❤️","phrase":"Μου αρεσει να διαβαζω."},{"type":"❌","phrase":"Δεν μου αρέσει να διαβάζω."},{"type":"🙋","phrase":"Θέλετε να διαβάσετε μαζί;"}]},{"slug":"football","title":"Ποδόσφαιρο","phrases":[{"type":"❤️","phrase":"Μου αρέσει να παίζω ποδόσφαιρο."},{"type":"❌","phrase":"Δεν μου αρέσει να παίζω ποδόσφαιρο."},{"type":"🙋","phrase":"Θέλετε να παίξετε ποδόσφαιρο;"}]},{"slug":"basketball","title":"Μπάσκετ","phrases":[{"type":"❤️","phrase":"Μου αρέσει να παίζω μπάσκετ."},{"type":"❌","phrase":"Δεν μου αρέσει να παίζω μπάσκετ."},{"type":"🙋","phrase":"Θέλετε να παίξετε μπάσκετ;"}]},{"slug":"swimming","title":"Κολύμπι","phrases":[{"type":"❤️","phrase":"Μου αρέσει να κολυμπάω."},{"type":"❌","phrase":"Δεν μου αρέσει το κολύμπι."},{"type":"🙋","phrase":"Θέλετε να πάτε για κολύμπι;"}]},{"slug":"painting","title":"Ζωγραφική","phrases":[{"type":"❤️","phrase":"Μου αρέσει η ζωγραφική."},{"type":"❌","phrase":"Δεν μου αρέσει η ζωγραφική."},{"type":"🙋","phrase":"Θέλετε να βάψετε μαζί;"}]},{"slug":"drawing","title":"Σχέδιο","phrases":[{"type":"❤️","phrase":"Μου αρέσει να ζωγραφίζω."},{"type":"❌","phrase":"Δεν μου αρέσει το σχέδιο."},{"type":"🙋","phrase":"Θέλετε να σχεδιάσετε μαζί;"}]},{"slug":"cycling","title":"Ποδηλασία","phrases":[{"type":"❤️","phrase":"Μου αρέσει η ποδηλασία."},{"type":"❌","phrase":"Δεν μου αρέσει το ποδήλατο."},{"type":"🙋","phrase":"Θέλετε να πάτε ποδηλασία;"}]},{"slug":"skating","title":"Πατινάζ","phrases":[{"type":"❤️","phrase":"Μου αρέσει το πατινάζ."},{"type":"❌","phrase":"Δεν μου αρέσει το πατινάζ."},{"type":"🙋","phrase":"Θέλετε να κάνετε πατινάζ;"}]},{"slug":"sightseeing","title":"Περιοδεία εις αξιοθέατα μέρη","phrases":[{"type":"❤️","phrase":"Μου αρέσει τα αξιοθέατα."},{"type":"❌","phrase":"Δεν μου αρέσει τα αξιοθέατα."},{"type":"🙋","phrase":"Θέλετε να πάτε για αξιοθέατα;"}]},{"slug":"video-games","title":"Βιντεοπαιχνίδια","phrases":[{"type":"❤️","phrase":"Μου αρέσει να παίζω βιντεοπαιχνίδια."},{"type":"❌","phrase":"Δεν μου αρέσει να παίζω βιντεοπαιχνίδια."},{"type":"🙋","phrase":"Θέλετε να παίξετε παιχνίδια;"}]},{"slug":"tidying","title":"Τακτοποίηση","phrases":[{"type":"❤️","phrase":"Μου αρέσει να τακτοποιώ το δωμάτιό μου."},{"type":"❌","phrase":"Δεν μου αρέσει να τακτοποιώ το δωμάτιό μου."},{"type":"🙋","phrase":"Μπορείτε να με βοηθήσετε να τακτοποιήσετε το δωμάτιό μου;"}]},{"slug":"toys","title":"Παιχνίδια","phrases":[{"type":"❤️","phrase":"Μου αρέσουν τα παιχνίδια."},{"type":"❌","phrase":"Δεν μου αρέσουν τα παιχνίδια."},{"type":"🙋","phrase":"Θέλετε να παίξετε με τα παιχνίδια μου;"}]},{"slug":"puzzle","title":"Παζλ","phrases":[{"type":"❤️","phrase":"Μου αρέσει η επίλυση παζλ."},{"type":"❌","phrase":"Δεν μου αρέσει η επίλυση παζλ."},{"type":"🙋","phrase":"Θέλετε να λύσετε παζλ μαζί μου;"}]},{"slug":"comics","title":"Ιστορία σε εικόνες","phrases":[{"type":"❤️","phrase":"Μου αρέσει να διαβάζω κόμικς."},{"type":"❌","phrase":"Δεν μου αρέσει να διαβάζω κόμικς."},{"type":"🙋","phrase":"Θέλετε να διαβάσετε κόμικς;"}]},{"slug":"chess","title":"Σκάκι","phrases":[{"type":"❤️","phrase":"Μου αρέσει να παίζω σκάκι."},{"type":"❌","phrase":"Δεν μου αρέσει να παίζω σκάκι."},{"type":"🙋","phrase":"Θέλετε να παίξετε σκάκι μαζί μου;"}]},{"slug":"using-leeloo","title":"Χρησιμοποιώντας το Leeloo","phrases":[{"type":"❤️","phrase":"Μου αρέσει να χρησιμοποιώ το leeloo."},{"type":"❌","phrase":"Δεν μου αρέσει να χρησιμοποιώ το leeloo."},{"type":"🙋","phrase":"Μπορείτε να αλλάξετε πακέτα καρτών στο leeloo;"}]},{"slug":"texting","title":"Γράφοντας","phrases":[{"type":"❤️","phrase":"Μου αρέσει να στέλνω μηνύματα."},{"type":"❌","phrase":"Δεν μου αρέσει να στέλνω μηνύματα."}]},{"slug":"knitting","title":"Πλέξιμο","phrases":[{"type":"❤️","phrase":"Μου αρέσει το πλέξιμο."},{"type":"❌","phrase":"Δεν μου αρέσει το πλέξιμο."},{"type":"🙋","phrase":"Θέλω να μάθω πώς να πλέκω."}]},{"slug":"bowling","title":"Μπόουλινγκ","phrases":[{"type":"❤️","phrase":"Μου αρέσει το μπόουλινγκ."},{"type":"❌","phrase":"Δεν μου αρέσει το μπόουλινγκ."},{"type":"🙋","phrase":"Θέλετε να παίξετε μπόουλινγκ μαζί μου;"}]},{"slug":"watching-tv","title":"Βλέπω τηλεόραση","phrases":[{"type":"❤️","phrase":"Μου αρέσει να παρακολουθώ τηλεόραση."},{"type":"❌","phrase":"Δεν μου αρέσει να βλέπω τηλεόραση."},{"type":"🙋","phrase":"Θέλετε να παρακολουθήσετε τηλεόραση;"}]},{"slug":"fishing","title":"Αλιεία","phrases":[{"type":"❤️","phrase":"Μου αρέσει το ψάρεμα."},{"type":"❌","phrase":"Δεν μου αρέσει το ψάρεμα."},{"type":"🙋","phrase":"Θέλετε να πάτε για ψάρεμα;"}]},{"slug":"exercising","title":"Άσκηση","phrases":[{"type":"❤️","phrase":"Μου αρέσει η άσκηση."},{"type":"❌","phrase":"Δεν μου αρέσει η άσκηση."},{"type":"🙋","phrase":"Θέλετε να ασκηθείτε μαζί μου;"}]},{"slug":"tennis","title":"Τένις","phrases":[{"type":"❤️","phrase":"Μου αρέσει να παίζω τένις."},{"type":"❌","phrase":"Δεν μου αρέσει να παίζω τένις."},{"type":"🙋","phrase":"Θέλετε να παίξετε τένις μαζί μου;"}]}]