[{"slug":"cat","title":"Γάτα","phrases":[{"type":"❤️","phrase":"Μου αρέσουν οι γάτες."},{"type":"👀","phrase":"Είδα μια γάτα."},{"type":"🔊","phrase":"Τι θόρυβο κάνει μια γάτα;"},{"type":"🐈","phrase":"Μπορούμε να πάρουμε μια γάτα ως κατοικίδιο;"}]},{"slug":"dog","title":"Σκύλος","phrases":[{"type":"❤️","phrase":"Μου αρέσει ο σκύλος."},{"type":"👀","phrase":"Είδα ένα σκυλί."},{"type":"🔊","phrase":"Τι θόρυβο κάνει ένας σκύλος;"},{"type":"🐕","phrase":"Μπορούμε να πάρουμε ένα σκυλί ως κατοικίδιο;"}]},{"slug":"fish","title":"Ψάρι","phrases":[{"type":"❤️","phrase":"Μου αρέσει το ψάρι."},{"type":"👀","phrase":"Είδα ένα ψάρι."},{"type":"🔊","phrase":"Τι θόρυβο κάνει ένα ψάρι;"},{"type":"🐠","phrase":"Μπορούμε να πάρουμε ένα ψάρι ως κατοικίδιο;"}]},{"slug":"rabbit","title":"Κουνέλι","phrases":[{"type":"❤️","phrase":"Μου αρέσουν τα κουνέλια."},{"type":"👀","phrase":"Είδα ένα κουνέλι."},{"type":"🔊","phrase":"Τι θόρυβο κάνει ένα κουνέλι;"},{"type":"🐇","phrase":"Μπορούμε να πάρουμε ένα κουνέλι ως κατοικίδιο;"}]},{"slug":"butterfly","title":"Πεταλούδα","phrases":[{"type":"❤️","phrase":"Μου αρέσουν οι πεταλούδες."},{"type":"👀","phrase":"Είδα μια πεταλούδα."},{"type":"🔊","phrase":"Τι θόρυβο κάνει μια πεταλούδα;"}]},{"slug":"kangaroo","title":"Καγκουρώ","phrases":[{"type":"❤️","phrase":"Μου αρέσουν τα καγκουρό."},{"type":"👀","phrase":"Είδα ένα καγκουρό."},{"type":"🔊","phrase":"Τι θόρυβο κάνει ένα καγκουρό;"}]},{"slug":"turtle","title":"Χελώνα","phrases":[{"type":"❤️","phrase":"Μου αρέσουν οι χελώνες."},{"type":"👀","phrase":"Είδα μια χελώνα."},{"type":"🔊","phrase":"Τι θόρυβο κάνει μια χελώνα;"}]},{"slug":"giraffe","title":"Καμηλοπάρδαλη","phrases":[{"type":"❤️","phrase":"Μου αρέσουν οι καμηλοπάρδαλες."},{"type":"👀","phrase":"Είδα μια καμηλοπάρδαλη."},{"type":"🔊","phrase":"Τι θόρυβο κάνει μια καμηλοπάρδαλη;"}]},{"slug":"frog","title":"Βάτραχος","phrases":[{"type":"❤️","phrase":"Μου αρέσουν οι βάτραχοι."},{"type":"👀","phrase":"Είδα έναν βάτραχο."},{"type":"🔊","phrase":"Τι θόρυβο κάνει ένας βάτραχος;"}]},{"slug":"swan","title":"κύκνος","phrases":[{"type":"❤️","phrase":"Μου αρέσουν οι κύκνοι."},{"type":"👀","phrase":"Είδα έναν κύκνο."},{"type":"🔊","phrase":"Τι θόρυβο κάνει ένας κύκνος;"}]},{"slug":"spider","title":"Αράχνη","phrases":[{"type":"❤️","phrase":"Μου αρέσουν οι αράχνες."},{"type":"👀","phrase":"Είδα μια αράχνη."},{"type":"🔊","phrase":"Τι θόρυβο κάνει μια αράχνη;"}]},{"slug":"cow","title":"Αγελάδα","phrases":[{"type":"❤️","phrase":"Μου αρέσουν οι αγελάδες."},{"type":"👀","phrase":"Είδα μια αγελάδα."},{"type":"🔊","phrase":"Τι θόρυβο κάνει μια αγελάδα;"}]},{"slug":"duck","title":"Πάπια","phrases":[{"type":"❤️","phrase":"Μου αρέσουν οι πάπιες."},{"type":"👀","phrase":"Είδα μια πάπια."},{"type":"🔊","phrase":"Τι θόρυβο κάνει μια πάπια;"}]},{"slug":"horse","title":"Αλογο","phrases":[{"type":"❤️","phrase":"Μου αρέσουν τα άλογα."},{"type":"👀","phrase":"Είδα ένα άλογο."},{"type":"🔊","phrase":"Τι θόρυβο κάνει ένα άλογο;"}]},{"slug":"chicken","title":"Κοτόπουλο","phrases":[{"type":"❤️","phrase":"Μου αρέσουν τα κοτόπουλα."},{"type":"👀","phrase":"Είδα ένα κοτόπουλο."},{"type":"🔊","phrase":"Τι θόρυβο κάνει ένα κοτόπουλο;"}]},{"slug":"bee","title":"Μέλισσα","phrases":[{"type":"❤️","phrase":"Μου αρέσουν οι μέλισσες."},{"type":"👀","phrase":"Είδα μια μέλισσα."},{"type":"🔊","phrase":"Τι θόρυβο κάνει μια μέλισσα;"}]},{"slug":"pig","title":"Χοίρος","phrases":[{"type":"❤️","phrase":"Μου αρέσουν οι χοίροι."},{"type":"👀","phrase":"Είδα ένα γουρούνι."},{"type":"🔊","phrase":"Τι θόρυβο κάνει ένας χοίρος;"}]},{"slug":"dove","title":"Περιστέρι","phrases":[{"type":"❤️","phrase":"Μου αρέσουν τα περιστέρια."},{"type":"👀","phrase":"Είδα ένα περιστέρι."},{"type":"🔊","phrase":"Τι θόρυβο κάνει ένα περιστέρι;"}]},{"slug":"crab","title":"Κάβουρας","phrases":[{"type":"❤️","phrase":"Μου αρέσουν τα καβούρια."},{"type":"👀","phrase":"Είδα ένα καβούρι."},{"type":"🔊","phrase":"Τι θόρυβο κάνει ένα καβούρι;"}]},{"slug":"penguin","title":"πιγκουίνος","phrases":[{"type":"❤️","phrase":"Μου αρέσουν οι πιγκουίνοι."},{"type":"👀","phrase":"Είδα έναν πιγκουίνο."},{"type":"🔊","phrase":"Τι θόρυβο κάνει ένας πιγκουίνος;"}]},{"slug":"elephant","title":"Ελέφαντας","phrases":[{"type":"❤️","phrase":"Μου αρέσουν οι ελέφαντες."},{"type":"👀","phrase":"Είδα έναν ελέφαντα."},{"type":"🔊","phrase":"Τι θόρυβο κάνει ένας ελέφαντας;"}]},{"slug":"zebra","title":"Ζέβρα","phrases":[{"type":"❤️","phrase":"Μου αρέσουν τα ζέβρα."},{"type":"👀","phrase":"Είδα μια ζέβρα."},{"type":"🔊","phrase":"Τι θόρυβο κάνει μια ζέβρα;"}]},{"slug":"panda","title":"Αρκτοειδές ζώο της ασίας","phrases":[{"type":"❤️","phrase":"Μου αρέσουν τα pandas."},{"type":"👀","phrase":"Είδα ένα panda."},{"type":"🔊","phrase":"Τι θόρυβο κάνει ένα panda;"}]},{"slug":"monkey","title":"Πίθηκος","phrases":[{"type":"❤️","phrase":"Μου αρέσουν οι πίθηκοι."},{"type":"👀","phrase":"Είδα μια μαϊμού."},{"type":"🔊","phrase":"Τι θόρυβο κάνει μια μαϊμού;"}]},{"slug":"camel","title":"Καμήλα","phrases":[{"type":"❤️","phrase":"Μου αρέσουν οι καμήλες."},{"type":"👀","phrase":"Είδα μια καμήλα."},{"type":"🔊","phrase":"Τι θόρυβο κάνει μια καμήλα;"}]},{"slug":"mouse","title":"Ποντίκι","phrases":[{"type":"❤️","phrase":"Μου αρέσουν τα ποντίκια."},{"type":"👀","phrase":"Είδα ένα ποντίκι."},{"type":"🔊","phrase":"Τι θόρυβο κάνει ένα ποντίκι;"}]},{"slug":"tiger","title":"Τίγρη","phrases":[{"type":"❤️","phrase":"Μου αρέσουν οι τίγρεις."},{"type":"👀","phrase":"Είδα μια τίγρη."},{"type":"🔊","phrase":"Τι θόρυβο κάνει μια τίγρη;"}]},{"slug":"jellyfish","title":"Μέδουσα","phrases":[{"type":"❤️","phrase":"Μου αρέσουν οι μέδουσες."},{"type":"👀","phrase":"Είδα μια μέδουσα."},{"type":"🔊","phrase":"Τι θόρυβο κάνει μια μέδουσα;"}]},{"slug":"crocodile","title":"Κροκόδειλος","phrases":[{"type":"❤️","phrase":"Μου αρέσουν οι κροκόδειλοι."},{"type":"👀","phrase":"Είδα έναν κροκόδειλο."},{"type":"🔊","phrase":"Τι θόρυβο κάνει ένας κροκόδειλος;"}]},{"slug":"koala","title":"Δενδρόβιο ζώο της αυστραλίας","phrases":[{"type":"❤️","phrase":"Μου αρέσουν τα κοάλα."},{"type":"👀","phrase":"Είδα ένα κοάλα."},{"type":"🔊","phrase":"Τι θόρυβο κάνει ένα κοάλα;"}]},{"slug":"ostrich","title":"Στρουθοκάμηλος","phrases":[{"type":"❤️","phrase":"Μου αρέσουν οι στρουθοκάμηλοι."},{"type":"👀","phrase":"Είδα μια στρουθοκάμηλο."},{"type":"🔊","phrase":"Τι θόρυβο κάνει μια στρουθοκάμηλος;"}]},{"slug":"racoon","title":"Ρακούν","phrases":[{"type":"❤️","phrase":"Μου αρέσουν τα ρακούν."},{"type":"👀","phrase":"Είδα ένα ρακούν."},{"type":"🔊","phrase":"Τι θόρυβο κάνει ένας ρακούν;"}]},{"slug":"bat","title":"Νυχτερίδα","phrases":[{"type":"❤️","phrase":"Μου αρέσουν τα νυχτερίδες."},{"type":"👀","phrase":"Είδα ένα ρόπαλο."},{"type":"🔊","phrase":"Τι θόρυβο κάνει ένα ρόπαλο;"}]},{"slug":"eagle","title":"Αετός","phrases":[{"type":"❤️","phrase":"Μου αρέσουν οι αετοί."},{"type":"👀","phrase":"Είδα έναν αετό."},{"type":"🔊","phrase":"Τι θόρυβο κάνει ένας αετός;"}]},{"slug":"hippopotamus","title":"Ιπποπόταμος","phrases":[{"type":"❤️","phrase":"Μου αρέσει ο ιπποπόταμος."},{"type":"👀","phrase":"Είδα έναν ιπποπόταμο."},{"type":"🔊","phrase":"Τι θόρυβο κάνει ένας ιπποπόταμος;"}]},{"slug":"seal","title":"Σφραγίδα","phrases":[{"type":"❤️","phrase":"Μου αρέσουν οι σφραγίδες."},{"type":"👀","phrase":"Είδα μια σφραγίδα."},{"type":"🔊","phrase":"Τι θόρυβο κάνει μια σφραγίδα;"}]},{"slug":"walrus","title":"Θαλάσσιος ίππος","phrases":[{"type":"❤️","phrase":"Μου αρέσουν οι ίπποι."},{"type":"👀","phrase":"Είδα ένα θαλάσσιο ίππο."},{"type":"🔊","phrase":"Τι θόρυβο κάνει ένα θαλάσσιο ίππο;"}]},{"slug":"seahorse","title":"Ιππόκαμπος","phrases":[{"type":"❤️","phrase":"Μου αρέσουν οι ιππόκαμποι."},{"type":"👀","phrase":"Είδα έναν ιππόκαμπο."},{"type":"🔊","phrase":"Τι θόρυβο κάνει ένας ιππόκαμπος;"}]},{"slug":"bull","title":"Ταύρος","phrases":[{"type":"❤️","phrase":"Μου αρέσουν οι ταύροι."},{"type":"👀","phrase":"Είδα ένα ταύρο."},{"type":"🔊","phrase":"Τι θόρυβο κάνει ένας ταύρος;"}]},{"slug":"pelican","title":"Πελεκάνος","phrases":[{"type":"❤️","phrase":"Μου αρέσουν οι πελεκάνοι."},{"type":"👀","phrase":"Είδα έναν πελεκάνο."},{"type":"🔊","phrase":"Τι θόρυβο κάνει ένας πελεκάνος;"}]},{"slug":"beaver","title":"κάστορας","phrases":[{"type":"❤️","phrase":"Μου αρέσουν οι κάστορες."},{"type":"👀","phrase":"Είδα ένα κάστορα."},{"type":"🔊","phrase":"Τι θόρυβο κάνει ένας κάστορας;"}]},{"slug":"goldfish","title":"Χρυσόψαρο","phrases":[{"type":"❤️","phrase":"Μου αρέσουν τα χρυσόψαρα."},{"type":"👀","phrase":"Είδα ένα χρυσόψαρο."},{"type":"🔊","phrase":"Τι θόρυβο κάνει ένα χρυσόψαρο;"},{"type":"🐠","phrase":"Μπορούμε να πάρουμε ένα χρυσόψαρο ως κατοικίδιο;"}]},{"slug":"rhinoceros","title":"Ρινόκερως","phrases":[{"type":"❤️","phrase":"Μου αρέσει ο ρινόκερος."},{"type":"👀","phrase":"Είδα έναν ρινόκερο."},{"type":"🔊","phrase":"Τι θόρυβο κάνει ένας ρινόκερος;"}]},{"slug":"snake","title":"Φίδι","phrases":[{"type":"❤️","phrase":"Μου αρέσουν τα φίδια."},{"type":"👀","phrase":"Είδα ένα φίδι."},{"type":"🔊","phrase":"Τι θόρυβο κάνει ένα φίδι;"}]},{"slug":"lion","title":"λιοντάρι","phrases":[{"type":"❤️","phrase":"Μου αρέσουν τα λιοντάρια."},{"type":"👀","phrase":"Είδα ένα λιοντάρι."},{"type":"🔊","phrase":"Τι θόρυβο κάνει ένα λιοντάρι;"}]},{"slug":"squid","title":"Καλαμάρι","phrases":[{"type":"❤️","phrase":"Μου αρέσουν τα καλαμάρια."},{"type":"👀","phrase":"Είδα ένα καλαμάρι."},{"type":"🔊","phrase":"Τι θόρυβο κάνει ένα καλαμάρι;"}]},{"slug":"whale","title":"Φάλαινα","phrases":[{"type":"❤️","phrase":"Μου αρέσουν οι φάλαινες."},{"type":"👀","phrase":"Είδα μια φάλαινα."},{"type":"🔊","phrase":"Τι θόρυβο κάνει μια φάλαινα;"}]},{"slug":"beetle","title":"Σκαθάρι","phrases":[{"type":"❤️","phrase":"Μου αρέσουν τα σκαθάρια."},{"type":"👀","phrase":"Είδα ένα σκαθάρι."},{"type":"🔊","phrase":"Τι θόρυβο κάνει ένας σκαθάρι;"}]},{"slug":"dolphin","title":"Δελφίνι","phrases":[{"type":"❤️","phrase":"Μου αρέσουν τα δελφίνια."},{"type":"👀","phrase":"Είδα ένα δελφίνι."},{"type":"🔊","phrase":"Τι θόρυβο κάνει ένα δελφίνι;"}]},{"slug":"starfish","title":"Αστερίας","phrases":[{"type":"❤️","phrase":"Μου αρέσουν οι αστερίες."},{"type":"👀","phrase":"Είδα έναν αστερία."},{"type":"🔊","phrase":"Τι θόρυβο κάνει ένας αστερίας;"}]},{"slug":"parakeet","title":"Είδος παπαγάλου","phrases":[{"type":"❤️","phrase":"Μου αρέσουν τα parakeets."},{"type":"👀","phrase":"Είδα ένα parakeet."},{"type":"🔊","phrase":"Τι θόρυβο κάνει ένα parakeet;"}]},{"slug":"owl","title":"Κουκουβάγια","phrases":[{"type":"❤️","phrase":"Μου αρέσουν οι κουκουβάγιες."},{"type":"👀","phrase":"Είδα μια κουκουβάγια."},{"type":"🔊","phrase":"Τι θόρυβο κάνει μια κουκουβάγια;"}]},{"slug":"sheep","title":"Πρόβατο","phrases":[{"type":"❤️","phrase":"Μου αρέσουν τα πρόβατα."},{"type":"👀","phrase":"Είδα ένα πρόβατο."},{"type":"🔊","phrase":"Τι θόρυβο κάνει ένα πρόβατο;"}]}]