[{"slug":"pants","title":"Παντελόνι","phrases":[{"type":"🧼","phrase":"Το παντελόνι μου είναι βρώμικο."},{"type":"🙋","phrase":"Μπορείς να με βοηθήσεις να φορέσω το παντελόνι μου;"}]},{"slug":"shirt","title":"Πουκάμισο","phrases":[{"type":"🧼","phrase":"Το πουκάμισό μου είναι βρώμικο."},{"type":"🙋","phrase":"Μπορείς να με βοηθήσεις να φορέσω το πουκάμισό μου;"}]},{"slug":"skirt","title":"Φούστα","phrases":[{"type":"🧼","phrase":"Η φούστα μου είναι βρώμικη."},{"type":"🙋","phrase":"Μπορείτε να με βοηθήσετε να φορέσω τη φούστα μου;"}]},{"slug":"panty","title":"Κιλότα","phrases":[{"type":"🧼","phrase":"Τα εσώρουχα μου είναι βρώμικα."},{"type":"🙋","phrase":"Μπορείτε να με βοηθήσετε να φορέσω το εσώρουχό μου;"}]},{"slug":"jacket","title":"Σακάκι","phrases":[{"type":"🧼","phrase":"Το σακάκι μου είναι βρώμικο."},{"type":"🙋","phrase":"Μπορείς να με βοηθήσεις να φορέσω το σακάκι μου;"}]},{"slug":"tie","title":"Γραβάτα","phrases":[{"type":"❤️","phrase":"Μου αρέσει να φοράω γραβάτα."},{"type":"🙋","phrase":"Μπορείς να με βοηθήσεις να δέσω τη γραβάτα μου;"}]},{"slug":"baseball-cap","title":"Καπέλο μπέιζμπολ","phrases":[{"type":"❤️","phrase":"Μου αρέσει να φοράω καπέλο του μπέιζμπολ."},{"type":"❓","phrase":"Ποιο καπέλο του μπέιζμπολ πρέπει να φοράω;"}]},{"slug":"dress","title":"Φόρεμα","phrases":[{"type":"🧼","phrase":"Το φόρεμά μου είναι βρώμικο."},{"type":"🙋","phrase":"Μπορείς να με βοηθήσεις να φορέσω το φόρεμά μου;"}]},{"slug":"shoes","title":"Παπούτσια","phrases":[{"type":"🧼","phrase":"Τα παπούτσια μου είναι βρώμικα."},{"type":"🙋","phrase":"Μπορείς να με βοηθήσεις να φορέσω τα παπούτσια μου;"}]},{"slug":"boots","title":"Μπότες","phrases":[{"type":"🧼","phrase":"Οι μπότες μου είναι βρώμικες."},{"type":"🙋","phrase":"Μπορείτε να με βοηθήσετε να φορέσω τις μπότες μου;"}]},{"slug":"sneakers","title":"Αθλητικά","phrases":[{"type":"🎈","phrase":"Θέλω να φορέσω τα πάνινα παπούτσια μου."},{"type":"🙋","phrase":"Μπορείς να με βοηθήσεις να φορέσω τα πάνινα παπούτσια μου;"}]},{"slug":"slippers","title":"Παντούφλες","phrases":[{"type":"🎈","phrase":"Θέλω να φορέσω τις παντόφλες μου."},{"type":"🙋","phrase":"Μπορείτε να με βοηθήσετε να φορέσω τις παντόφλες μου;"}]},{"slug":"belt","title":"Ζώνη","phrases":[{"type":"❤️","phrase":"Μου αρέσει να φοράω ζώνη."},{"type":"🙋","phrase":"Μπορείτε να με βοηθήσετε να φορέσω τη ζώνη μου;"}]},{"slug":"socks","title":"Κάλτσες","phrases":[{"type":"🧼","phrase":"Οι κάλτσες μου είναι βρώμικες."},{"type":"🙋","phrase":"Μπορείτε να με βοηθήσετε να φορέσω τις κάλτσες μου;"}]},{"slug":"swimsuit","title":"Μαγιό","phrases":[{"type":"❤️","phrase":"Θέλω να φορέσω το μαγιό μου."},{"type":"🙋","phrase":"Μπορείτε να με βοηθήσετε να φορέσω το μαγιό μου;"}]},{"slug":"sweater","title":"Πουλόβερ","phrases":[{"type":"🧼","phrase":"Το πουλόβερ μου είναι βρώμικο."},{"type":"🙋","phrase":"Μπορείτε να με βοηθήσετε να φορέσω το πουλόβερ μου;"}]},{"slug":"scarf","title":"Κασκόλ","phrases":[{"type":"❤️","phrase":"Μου αρέσει να φοράω κασκόλ."},{"type":"🙋","phrase":"Μπορείς να με βοηθήσεις να φορέσω το μαντήλι μου;"}]},{"slug":"denim-shorts","title":"Τζιν σορτς","phrases":[{"type":"🧼","phrase":"Τα τζιν σορτς μου είναι βρώμικα."},{"type":"🙋","phrase":"Μπορείτε να με βοηθήσετε να φορέσω τα τζιν σορτς μου;"}]},{"slug":"hoodies","title":"Φούτερ","phrases":[{"type":"❤️","phrase":"Μου αρέσει να φοράω φούτερ."},{"type":"🙋","phrase":"Μπορείτε να με βοηθήσετε να φορέσω το hoodie μου;"}]},{"slug":"swimming-shorts","title":"Σορτς κολύμβησης","phrases":[{"type":"🧼","phrase":"Τα σορτς κολύμβησης μου είναι βρώμικα."},{"type":"🙋","phrase":"Μπορείτε να με βοηθήσετε να φορέσω τα σορτς κολύμβησης;"}]},{"slug":"bow-tie","title":"Παπιγιό","phrases":[{"type":"❤️","phrase":"Μου αρέσει να φοράω παπιγιόν."},{"type":"🙋","phrase":"Μπορείς να με βοηθήσεις να φορέσω το παπιγιόν μου;"}]},{"slug":"leather-jacket","title":"Δερμάτινο μπουφάν","phrases":[{"type":"❤️","phrase":"Μου αρέσει να φοράω δερμάτινο μπουφάν."},{"type":"🙋","phrase":"Μπορείτε να με βοηθήσετε να φορέσω το δερμάτινο μπουφάν μου;"}]},{"slug":"bathrobe","title":"Bathrope","phrases":[{"type":"❤️","phrase":"Μου αρέσει να φοράω μπουρνούζι."},{"type":"🙋","phrase":"Μπορείτε να με βοηθήσετε να φορέσω το μπουρνούζι μου;"}]},{"slug":"jumpsuit","title":"Φόρμες","phrases":[{"type":"❤️","phrase":"Μου αρέσει να φοράω φόρμα."},{"type":"🙋","phrase":"Μπορείτε να με βοηθήσετε να φορέσω τη φόρμα μου;"}]},{"slug":"fedora-hat","title":"Καπέλο Fedora","phrases":[{"type":"❤️","phrase":"Μου αρέσει να φοράω καπέλο fedora."},{"type":"🙋","phrase":"Μπορείς να με βοηθήσεις να φορέσω το καπέλο μου;"}]},{"slug":"t-shirt","title":"Κοντομάνικη μπλούζα","phrases":[{"type":"❤️","phrase":"Μου αρέσει να φοράω μπλουζάκι."},{"type":"🙋","phrase":"Μπορείτε να με βοηθήσετε να φορέσω το μπλουζάκι μου;"}]},{"slug":"sleeveless","title":"Αμάνικο","phrases":[{"type":"❤️","phrase":"Μου αρέσει να φοράω αμάνικο."},{"type":"🙋","phrase":"Μπορείς να με βοηθήσεις να φορέσω το αμάνικο μου;"}]},{"slug":"boxers","title":"Μπόξερ","phrases":[{"type":"❤️","phrase":"Μου αρέσει να φοράω μπόξερ."},{"type":"🙋","phrase":"Μπορείτε να με βοηθήσετε να φορέσω τους μπόξερ μου;"}]},{"slug":"vest","title":"Γιλέκο","phrases":[{"type":"❤️","phrase":"Μου αρέσει να φοράω γιλέκο."},{"type":"🙋","phrase":"Μπορείτε να με βοηθήσετε να φορέσω το γιλέκο μου;"}]},{"slug":"pamela-hat","title":"Καπέλο Pamela","phrases":[{"type":"❤️","phrase":"Μου αρέσει να φοράω καπέλο pamela."},{"type":"🙋","phrase":"Μπορείς να με βοηθήσεις να φορέσω το καπέλο μου;"}]},{"slug":"high-heels","title":"Ψηλοτάκουνα","phrases":[{"type":"❤️","phrase":"Μου αρέσει να φοράω ψηλά τακούνια."},{"type":"🙋","phrase":"Μπορείτε να με βοηθήσετε να φορέσω τα ψηλά τακούνια μου;"}]},{"slug":"overalls","title":"Φόρμα","phrases":[{"type":"❤️","phrase":"Μου αρέσει να φοράω φόρμες."},{"type":"🙋","phrase":"Μπορείτε να με βοηθήσετε να φορέσω τις φόρμες μου;"}]},{"slug":"kimono","title":"Κιμονό","phrases":[{"type":"❤️","phrase":"Μου αρέσει να φοράω κιμονό."},{"type":"🙋","phrase":"Μπορείτε να με βοηθήσετε να φορέσω το κιμονό μου;"}]},{"slug":"raincoat","title":"Αδιάβροχο","phrases":[{"type":"❤️","phrase":"Μου αρέσει να φοράω αδιάβροχο."},{"type":"🙋","phrase":"Μπορείς να με βοηθήσεις να φορέσω το αδιάβροχο μου;"}]},{"slug":"bandana","title":"Φουλάρι","phrases":[{"type":"❤️","phrase":"Μου αρέσει να φοράω μπαντάνα."},{"type":"🙋","phrase":"Μπορείς να με βοηθήσεις να φορέσω το μαντήλι μου;"}]},{"slug":"beret","title":"Μπερές","phrases":[{"type":"❤️","phrase":"Μου αρέσει να φοράω μπερέ."},{"type":"🙋","phrase":"Μπορείς να με βοηθήσεις να φορέσω το μπερέ μου;"}]},{"slug":"knit-hat","title":"Πλεκτό καπέλο","phrases":[{"type":"❤️","phrase":"Μου αρέσει να φοράω πλεκτό καπέλο."},{"type":"🙋","phrase":"Μπορείτε να με βοηθήσετε να φορέσω το πλεκτό καπέλο μου;"}]},{"slug":"suspenders","title":"Τιράντες","phrases":[{"type":"❤️","phrase":"Μου αρέσει να φοράω τιράντες."},{"type":"🙋","phrase":"Μπορείτε να με βοηθήσετε να φορέσω τις ζαρτιέρες μου;"}]},{"slug":"mitten","title":"Γάντι πυγμαχίας","phrases":[{"type":"❤️","phrase":"Μου αρέσει να φοράω γάντι."},{"type":"🙋","phrase":"Μπορείτε να με βοηθήσετε να φορέσω το γάντι μου;"}]},{"slug":"suit","title":"Κοστούμι","phrases":[{"type":"❤️","phrase":"Μου αρέσει να φοράω κοστούμι."},{"type":"🙋","phrase":"Μπορείς να με βοηθήσεις να φορέσω το κοστούμι μου;"}]},{"slug":"coat","title":"Παλτό","phrases":[{"type":"❤️","phrase":"Μου αρέσει να φοράω παλτό."},{"type":"🙋","phrase":"Μπορείς να με βοηθήσεις να φορέσω το παλτό μου;"}]},{"slug":"trench-coat","title":"Καμπαρντίνα","phrases":[{"type":"❤️","phrase":"Μου αρέσει να φοράω καμπαρντίνα."},{"type":"🙋","phrase":"Μπορείτε να με βοηθήσετε να φορέσω το παλτό μου;"}]}]