[{"slug":"crayons","title":"Κραγιόνια","phrases":[{"type":"❤️","phrase":"Μου αρέσουν τα κραγιόνια."},{"type":"🙋","phrase":"Μπορείς να μου δώσεις κραγιόνια;"},{"type":"🖍️","phrase":"Θέλω να σχεδιάσω χρησιμοποιώντας τα κραγιόνια μου."}]},{"slug":"red","title":"το κόκκινο","phrases":[{"type":"👉","phrase":"Είναι κόκκινο."},{"type":"💜","phrase":"Το αγαπημένο μου χρώμα είναι το κόκκινο."},{"type":"🙋","phrase":"Μπορείς να μου δώσεις κόκκινο χρώμα;"}]},{"slug":"blue","title":"Μπλε","phrases":[{"type":"👉","phrase":"Είναι μπλε."},{"type":"💜","phrase":"Το αγαπημένο μου χρώμα είναι το μπλέ."},{"type":"🙋","phrase":"Μπορείς να μου δώσεις μπλε χρώμα;"}]},{"slug":"orange","title":"Πορτοκάλι","phrases":[{"type":"👉","phrase":"Είναι πορτοκαλί χρώμα."},{"type":"💜","phrase":"Το αγαπημένο μου χρώμα είναι πορτοκαλί."},{"type":"🙋","phrase":"Μπορείτε να μου δώσετε πορτοκαλί χρώμα;"}]},{"slug":"green","title":"Πράσινος","phrases":[{"type":"👉","phrase":"Είναι πράσινο."},{"type":"💜","phrase":"Το αγαπημενο μου χρωμα ειναι το πρασινο."},{"type":"🙋","phrase":"Μπορείτε να μου δώσετε πράσινο χρώμα;"}]},{"slug":"yellow","title":"Κίτρινος","phrases":[{"type":"👉","phrase":"Είναι κίτρινο."},{"type":"💜","phrase":"Το αγαπημένο μου χρώμα είναι κίτρινο."},{"type":"🙋","phrase":"Μπορείς να μου δώσεις κίτρινο χρώμα;"}]},{"slug":"purple","title":"Μωβ","phrases":[{"type":"👉","phrase":"Είναι μωβ."},{"type":"💜","phrase":"Το αγαπημένο μου χρώμα είναι το μωβ."},{"type":"🙋","phrase":"Μπορείς να μου δώσεις μοβ χρώμα;"}]},{"slug":"pink","title":"Ροζ","phrases":[{"type":"👉","phrase":"Είναι ροζ."},{"type":"💜","phrase":"Το αγαπημένο μου χρώμα είναι το ροζ."},{"type":"🙋","phrase":"Μπορείς να μου δώσεις ροζ χρώμα;"}]},{"slug":"brown","title":"καφέ","phrases":[{"type":"👉","phrase":"Αυτό είναι καφέ."},{"type":"💜","phrase":"Το αγαπημένο μου χρώμα είναι καφέ."},{"type":"🙋","phrase":"Μπορείς να μου δώσεις καφέ χρώμα;"}]},{"slug":"black","title":"Μαύρος","phrases":[{"type":"👉","phrase":"Είναι μαύρο."},{"type":"💜","phrase":"Το αγαπημένο μου χρώμα είναι μαύρο."},{"type":"🙋","phrase":"Μπορείς να μου δώσεις μαύρο χρώμα;"}]},{"slug":"white","title":"λευκό","phrases":[{"type":"👉","phrase":"Είναι λευκό."},{"type":"💜","phrase":"Το αγαπημένο μου χρώμα είναι λευκό."},{"type":"🙋","phrase":"Μπορείτε να μου δώσετε λευκό χρώμα;"}]},{"slug":"gray","title":"Γκρί","phrases":[{"type":"👉","phrase":"Είναι γκρι."},{"type":"💜","phrase":"Το αγαπημένο μου χρώμα είναι γκρι."},{"type":"🙋","phrase":"Μπορείτε να μου δώσετε γκρι χρώμα;"}]},{"slug":"transparent","title":"Διαφανής","phrases":[{"type":"👉","phrase":"Είναι διαφανές."},{"type":"👀","phrase":"Μπορώ να δω πίσω από διαφανές χρώμα."},{"type":"🙋","phrase":"Μπορείτε να με βοηθήσετε να σβήσω;"}]},{"slug":"cyan","title":"Κυανό","phrases":[{"type":"👉","phrase":"Είναι κυανό."},{"type":"💜","phrase":"Το αγαπημένο μου χρώμα είναι κυανό."},{"type":"🙋","phrase":"Μπορείς να μου δώσεις κυανό χρώμα;"}]},{"slug":"violet","title":"Βιολέτα","phrases":[{"type":"👉","phrase":"Είναι βιολετί."},{"type":"💜","phrase":"Το αγαπημένο μου χρώμα είναι βιολετί."},{"type":"🙋","phrase":"Μπορείς να μου δώσεις βιολετί χρώμα;"}]},{"slug":"turquoise","title":"Τουρκουάζ","phrases":[{"type":"👉","phrase":"Είναι τυρκουάζ."},{"type":"💜","phrase":"Το αγαπημένο μου χρώμα είναι τυρκουάζ."},{"type":"🙋","phrase":"Μπορείτε να μου δώσετε τυρκουάζ χρώμα;"}]},{"slug":"lime","title":"Ασβεστος","phrases":[{"type":"👉","phrase":"Είναι ασβέστης."},{"type":"💜","phrase":"Το αγαπημένο μου χρώμα είναι ο ασβέστης."},{"type":"🙋","phrase":"Μπορείς να μου δώσεις ασβέστη;"}]},{"slug":"plum","title":"Δαμάσκηνο","phrases":[{"type":"👉","phrase":"Είναι δαμάσκηνο."},{"type":"💜","phrase":"Το αγαπημένο μου χρώμα είναι το δαμάσκηνο."},{"type":"🙋","phrase":"Μπορείς να μου δώσεις δαμάσκηνο;"}]},{"slug":"tan","title":"Ηλιοκαίω","phrases":[{"type":"👉","phrase":"Είναι μαύρισμα."},{"type":"💜","phrase":"Το αγαπημένο μου χρώμα είναι το μαύρο χρώμα."},{"type":"🙋","phrase":"Μπορείτε να μου δώσετε μαύρισμα χρώματος;"}]},{"slug":"avocado","title":"Αβοκάντο","phrases":[{"type":"👉","phrase":"Είναι χρώμα αβοκάντο."},{"type":"💜","phrase":"Το αγαπημένο μου χρώμα είναι το χρώμα του αβοκάντο."},{"type":"🙋","phrase":"Μπορείς να μου δώσεις χρώμα αβοκάντο;"}]},{"slug":"barbie-pink","title":"Μπάρμπι ροζ","phrases":[{"type":"👉","phrase":"Έχει ροζ χρώμα barbie."},{"type":"💜","phrase":"Το αγαπημένο μου χρώμα είναι το ροζ barbie."},{"type":"🙋","phrase":"Μπορείτε να μου δώσετε ροζ χρώμα barbie;"}]},{"slug":"blizzard-blue","title":"Μπλε χιονοθύελλα","phrases":[{"type":"👉","phrase":"Είναι μπλε χιονοθύελλα."},{"type":"💜","phrase":"Το αγαπημένο μου χρώμα είναι το μπλε χρώμα της χιονοθύελλας."},{"type":"🙋","phrase":"Μπορείτε να μου δώσετε μπλε χρώμα χιονοθύελλας;"}]}]