[{"slug":"coffee","title":"Καφές","phrases":[{"type":"❤️","phrase":"Μου αρέσει να πίνω καφέ."},{"type":"🙋","phrase":"Θέλω να πιω καφέ."}]},{"slug":"water","title":"Νερό","phrases":[{"type":"☝️","phrase":"Πρέπει να πιω νερό."},{"type":"🙋","phrase":"Θελω να πιω νερο."}]},{"slug":"juice","title":"Χυμός","phrases":[{"type":"❤️","phrase":"Μου αρέσει να πίνω χυμό."},{"type":"🙋","phrase":"Θέλω να πιώ χυμό."}]},{"slug":"tea","title":"Τσάι","phrases":[{"type":"❤️","phrase":"Μου αρέσει να πίνω τσάι."},{"type":"🙋","phrase":"Θέλω να πιω τσάι."}]},{"slug":"grape-juice","title":"Χυμός σταφύλι","phrases":[{"type":"❤️","phrase":"Μου αρέσει να πίνω χυμό σταφυλιών."},{"type":"🙋","phrase":"Θέλω να πιω χυμό σταφυλιού."}]},{"slug":"milk","title":"Γάλα","phrases":[{"type":"❤️","phrase":"Μου αρέσει να πίνω γάλα."},{"type":"🙋","phrase":"Θέλω να πιω γάλα."}]},{"slug":"milkshake","title":"Milkshake","phrases":[{"type":"❤️","phrase":"Μου αρέσει να πίνω milkshake."},{"type":"🙋","phrase":"Θέλω να πιω milkshake."}]},{"slug":"orange-juice","title":"χυμός πορτοκάλι","phrases":[{"type":"❤️","phrase":"Μου αρέσει να πίνω χυμό πορτοκάλι."},{"type":"🙋","phrase":"Θέλω να πιώ χυμό πορτοκάλι."}]},{"slug":"apple-juice","title":"χυμός μήλου","phrases":[{"type":"❤️","phrase":"Μου αρέσει να πίνω χυμό μήλου."},{"type":"🙋","phrase":"Θέλω να πιώ χυμό μήλου."}]},{"slug":"pineapple-juice","title":"Χυμός ανανά","phrases":[{"type":"❤️","phrase":"Μου αρέσει να πίνω χυμό ανανά."},{"type":"🙋","phrase":"Θέλω να πιω χυμό ανανά."}]},{"slug":"lemonade","title":"Λεμονάδα","phrases":[{"type":"❤️","phrase":"Μου αρέσει να πίνω λεμονάδα."},{"type":"🙋","phrase":"Θέλω να πιω λεμονάδα."}]},{"slug":"coke","title":"Κοκ","phrases":[{"type":"❤️","phrase":"Μου αρέσει να πίνω κοκ."},{"type":"🙋","phrase":"Θέλω να πίνω κοκ."}]},{"slug":"soda","title":"Σόδα","phrases":[{"type":"❤️","phrase":"Μου αρέσει να πίνω σόδα."},{"type":"🙋","phrase":"Θέλω να πίνω σόδα."}]},{"slug":"frappe","title":"Φραπέ","phrases":[{"type":"❤️","phrase":"Μου αρέσει να πίνω φραπέ."},{"type":"🙋","phrase":"Θέλω να πιω φραπέ."}]},{"slug":"smoothie","title":"Smoothie","phrases":[{"type":"❤️","phrase":"Μου αρέσει να πίνω smoothie."},{"type":"🙋","phrase":"Θέλω να πίνω smoothie."}]},{"slug":"iced-tea","title":"Παγωμένο τσάι","phrases":[{"type":"❤️","phrase":"Μου αρέσει να πίνω παγωμένο τσάι."},{"type":"🙋","phrase":"Θέλω να πιω παγωμένο τσάι."}]},{"slug":"hot-chocolate","title":"Ζεστή σοκολάτα","phrases":[{"type":"❤️","phrase":"Μου αρέσει να πίνω ζεστή σοκολάτα."},{"type":"🙋","phrase":"Θέλω να πίνω ζεστή σοκολάτα."}]},{"slug":"mineral-water","title":"Μεταλλικό νερό","phrases":[{"type":"❤️","phrase":"Μου αρέσει να πίνω μεταλλικό νερό."},{"type":"🙋","phrase":"Θέλω να πιω μεταλλικό νερό."}]}]