[{"slug":"cotton-candy","title":"Cotto καραμέλα","phrases":[{"type":"❤️","phrase":"Μου αρέσει να τρώω καραμέλα από βαμβάκι."}]},{"slug":"magic-hat","title":"Μαγικό καπέλο","phrases":[{"type":"❤️","phrase":"Μου αρέσει να φοράω μαγικό καπέλο."}]},{"slug":"ferris-wheel","title":"ΡΟΔΑ του λουνα παρκ","phrases":[{"type":"❤️","phrase":"Μου αρέσει να ιππεύω στη ρόδα."}]},{"slug":"bowling","title":"Μπόουλινγκ","phrases":[{"type":"❤️","phrase":"Μου αρέσει να παίζω μπόουλινγκ."}]},{"slug":"bumper-car","title":"Προφυλακτήρα αυτοκινήτου","phrases":[{"type":"❤️","phrase":"Μου αρέσει να οδηγώ στο αυτοκίνητο προφυλακτήρα."}]},{"slug":"carousel","title":"Στροβιλοδρόμιο","phrases":[{"type":"❤️","phrase":"Μου αρέσει να ιππεύω στο καρουσέλ."}]},{"slug":"balloons","title":"Μπαλόνια","phrases":[{"type":"❤️","phrase":"Μου αρέσουν τα μπαλόνια."}]},{"slug":"cups","title":"Κύπελλα","phrases":[]},{"slug":"unicycle","title":"Unicylce","phrases":[]},{"slug":"circus-tent","title":"Σκηνή τσίρκου","phrases":[]},{"slug":"food-truck","title":"Φορτηγό με τρόφιμα","phrases":[]},{"slug":"tea-cup-ride","title":"Βόλτα με φλιτζάνι τσάι","phrases":[]},{"slug":"whack-a-mole","title":"Χτυπήστε έναν τυφλοπόντικα","phrases":[]},{"slug":"food-stall","title":"Περίπτερο τροφίμων","phrases":[]},{"slug":"claw-machine","title":"Μηχανή νυχιών","phrases":[]},{"slug":"shooting-target","title":"Σκοποβολή","phrases":[]},{"slug":"teddy-bear","title":"αρκουδάκι","phrases":[]},{"slug":"fireworks","title":"Πυροτεχνήματα","phrases":[]},{"slug":"caramelized-apple","title":"Καραμελωμένο μήλο","phrases":[]},{"slug":"ring","title":"Δαχτυλίδι","phrases":[]}]