[{"slug":"happy","title":"Χαρούμενος","phrases":[{"type":"🖐️","phrase":"Είμαι χαρούμενος."},{"type":"🙋","phrase":"Αισθάνομαι ευτυχής."},{"type":"❓","phrase":"Νιώθεις χαρούμενος;"},{"type":"☝️","phrase":"Θέλω να νιώθω χαρούμενος."},{"type":"🎈","phrase":"Με κάνεις χαρούμενο."}]},{"slug":"sad","title":"Λυπημένος","phrases":[{"type":"🖐️","phrase":"Είμαι λυπημένος."},{"type":"🙋","phrase":"Αισθάνομαι λυπημένος."},{"type":"❓","phrase":"Νιώθεις λυπημένος;"},{"type":"☝️","phrase":"Δεν θέλω να νιώθω λυπημένος."},{"type":"😠","phrase":"Με κάνεις λυπημένο."}]},{"slug":"exhausted","title":"Εξαντλημένος","phrases":[{"type":"🖐️","phrase":"Είμαι εξαντλημένος."},{"type":"🙋","phrase":"Νιώθω εξαντλημένος."},{"type":"❓","phrase":"Νιώθεις εξαντλημένος;"},{"type":"☝️","phrase":"Δεν θέλω να εξαντληθώ."}]},{"slug":"relaxed","title":"Χαλαρή","phrases":[{"type":"🖐️","phrase":"Είμαι χαλαρός."},{"type":"🙋","phrase":"Νιώθω χαλαρή."},{"type":"❓","phrase":"Νιώθεις χαλαρή;"},{"type":"☝️","phrase":"Θέλω να νιώθω χαλαρή."}]},{"slug":"in-love","title":"Ερωτευμένος","phrases":[{"type":"🖐️","phrase":"Είμαι ερωτευμένος."},{"type":"🙋","phrase":"Νιώθω ερωτευμένος."},{"type":"❓","phrase":"Είσαι ερωτευμένος?"},{"type":"☝️","phrase":"Θέλω να ερωτευτώ."},{"type":"👉","phrase":"Με αγαπάς?"}]},{"slug":"stressed","title":"Τόνισε","phrases":[{"type":"🖐️","phrase":"Είμαι αγχωμένος."},{"type":"🙋","phrase":"Νιώθω άγχος."},{"type":"❓","phrase":"Νιώθεις άγχος;"},{"type":"☝️","phrase":"Δεν θέλω να νιώσω άγχος."}]},{"slug":"thankful","title":"Ευγνώμων","phrases":[{"type":"🖐️","phrase":"Είμαι ευγνώμων."},{"type":"🙋","phrase":"Νιώθω ευγνώμων."},{"type":"❓","phrase":"Νιώθεις ευγνώμων;"},{"type":"☝️","phrase":"Θέλω να αισθάνομαι ευγνώμων."}]},{"slug":"confused","title":"Ταραγμένος","phrases":[{"type":"🖐️","phrase":"Είμαι μπερδεμένος."},{"type":"🙋","phrase":"Νιώθω μπερδεμένος."},{"type":"❓","phrase":"Νιώθεις σύγχυση;"},{"type":"☝️","phrase":"Με μπερδεύεις."}]},{"slug":"joyful","title":"Χαρούμενος","phrases":[{"type":"🖐️","phrase":"Είμαι χαρούμενη."},{"type":"🙋","phrase":"Νιώθω χαρούμενη."},{"type":"❓","phrase":"Νιώθεις χαρούμενη;"},{"type":"☝️","phrase":"Θέλω να νιώθω χαρούμενη."}]},{"slug":"angry","title":"Θυμωμένος","phrases":[{"type":"🖐️","phrase":"Είμαι θυμωμένος."},{"type":"🙋","phrase":"Νιώθω θυμωμένος."},{"type":"❓","phrase":"Νιώθεις θυμωμένος;"},{"type":"☝️","phrase":"Είμαι θυμωμένος σε σένα."},{"type":"😠","phrase":"Με κάνεις θυμωμένο."}]},{"slug":"smart","title":"Εξυπνος","phrases":[{"type":"🖐️","phrase":"Είμαι έξυπνος."},{"type":"🙋","phrase":"Νιώθω έξυπνος."},{"type":"❓","phrase":"Νιώθεις έξυπνος;"},{"type":"☝️","phrase":"Είμαι έξυπνος;"},{"type":"👉","phrase":"Είσαι έξυπνος!"}]},{"slug":"afraid","title":"Φοβισμένος","phrases":[{"type":"🖐️","phrase":"Φοβάμαι."},{"type":"🙋","phrase":"Νιώθω φοβισμένος."},{"type":"❓","phrase":"Νιώθεις φοβισμένος;"},{"type":"☝️","phrase":"Δεν θέλω να φοβάμαι."},{"type":"😠","phrase":"Με τρομάζεις."}]},{"slug":"ashamed","title":"Ντροπιασμένος","phrases":[{"type":"🖐️","phrase":"Ντρέπομαι."},{"type":"🙋","phrase":"Αισθάνομαι ντροπή."},{"type":"❓","phrase":"Νιώθεις ντροπή;"},{"type":"☝️","phrase":"Δεν θέλω να νιώθω ντροπή."}]},{"slug":"shocked","title":"Σοκαρισμένος","phrases":[{"type":"🖐️","phrase":"Είμαι σοκαρισμένος."},{"type":"🙋","phrase":"Νιώθω σοκαρισμένος."},{"type":"❓","phrase":"Νιώθεις σοκαρισμένος;"},{"type":"☝️","phrase":"Με σοκαρίσατε."}]},{"slug":"sick","title":"Αρρωστος","phrases":[{"type":"🖐️","phrase":"Είμαι άρρωστος."},{"type":"🙋","phrase":"Νιώθω άρρωστος."},{"type":"❓","phrase":"Νιώθεις άρρωστος?"},{"type":"☝️","phrase":"Δεν θέλω να είμαι άρρωστος."},{"type":"🤢","phrase":"Είμαι άρρωστος από το φαγητό."}]},{"slug":"frustrated","title":"Απογοητευμένοι","phrases":[{"type":"🖐️","phrase":"Είμαι απογοητευμένος."},{"type":"🙋","phrase":"Νιώθω απογοητευμένος."},{"type":"❓","phrase":"Νιώθετε απογοητευμένοι;"},{"type":"☝️","phrase":"Δεν θέλω να νιώθω απογοητευμένος."}]},{"slug":"excited","title":"Ενθουσιασμένος","phrases":[{"type":"🖐️","phrase":"Είμαι ενθουσιασμένος."},{"type":"🙋","phrase":"Νιωθω ΕΝΘΟΥΣΙΑΣΜΕΝΟΣ."},{"type":"❓","phrase":"Νιώθεις ενθουσιασμένος;"},{"type":"☝️","phrase":"Δεν θέλω να αισθάνομαι ενθουσιασμένος."}]},{"slug":"nauseated","title":"Ναυτία","phrases":[{"type":"🖐️","phrase":"Έχω ναυτία."},{"type":"🙋","phrase":"Νιώθω ναυτία."},{"type":"❓","phrase":"Νιώθεις ναυτία;"},{"type":"☝️","phrase":"Δεν θέλω να νιώθω ναυτία."}]},{"slug":"agitated","title":"Ταραγμένος","phrases":[{"type":"🖐️","phrase":"Είμαι ταραγμένος."},{"type":"🙋","phrase":"Νιώθω ταραγμένος."},{"type":"❓","phrase":"Νιώθεις ταραγμένος;"},{"type":"☝️","phrase":"Δεν θέλω να αισθάνομαι ταραγμένος."}]}]