[{"slug":"hungry","title":"Πεινασμένος","phrases":[{"type":"‼️","phrase":"Πεινάω."},{"type":"❓","phrase":"Πεινάς?"},{"type":"🙋","phrase":"Μπορείς να με φτιάξεις φαγητό;"},{"type":"🍳","phrase":"Τι έχει για δείπνο?"}]},{"slug":"thirsty","title":"Διψασμένος","phrases":[{"type":"‼️","phrase":"Διψάω."},{"type":"🌊","phrase":"Μπορω να εχω λιγο νερο?"},{"type":"🥛","phrase":"Μπορώ να έχω ένα ποτήρι νερό?"},{"type":"🙋","phrase":"Θέλω κάτι να πιω."}]},{"slug":"cutlery","title":"Μαχαιρικά είδη","phrases":[{"type":"🙋","phrase":"Χρειάζομαι μαχαιροπίρουνα."},{"type":"🍽️","phrase":"Βοηθήστε με να χρησιμοποιήσω μαχαιροπήρουνα."},{"type":"🍴","phrase":"Χρειάζομαι ένα πιρούνι."},{"type":"🥄","phrase":"Χρειάζομαι ένα κουτάλι."},{"type":"🥢","phrase":"Χρειάζομαι τσοπ στικς."},{"type":"🔪","phrase":"Χρειάζομαι ένα μαχαίρι."},{"type":"🧻","phrase":"Χρειάζομαι μια χαρτοπετσέτα."}]},{"slug":"apple","title":"μήλο","phrases":[{"type":"❤️","phrase":"Μου αρέσει το μήλο."},{"type":"❌","phrase":"Δεν μου αρέσει το μήλο."},{"type":"🙋","phrase":"Θέλω να φάω ένα μήλο."}]},{"slug":"carrot","title":"Καρότο","phrases":[{"type":"❤️","phrase":"Μου αρέσει το καρότο."},{"type":"❌","phrase":"Δεν μου αρέσει το καρότο."},{"type":"🙋","phrase":"Θέλω να φάω ένα καρότο."}]},{"slug":"beans","title":"Φασόλια","phrases":[{"type":"❤️","phrase":"Μου αρέσουν τα φασόλια."},{"type":"❌","phrase":"Δεν μου αρέσουν τα φασόλια."},{"type":"🙋","phrase":"Θέλω να φάω φασόλια."}]},{"slug":"chicken","title":"Κοτόπουλο","phrases":[{"type":"❤️","phrase":"Μου αρέσει το κοτόπουλο."},{"type":"❌","phrase":"Δεν μου αρέσει το κοτόπουλο."},{"type":"🙋","phrase":"Θέλω να φάω κοτόπουλο."},{"type":"🍗","phrase":"Θέλω τηγανητό κοτόπουλο."},{"type":"🐣","phrase":"Θέλω βραστό κοτόπουλο."}]},{"slug":"chocolate","title":"Σοκολάτα","phrases":[{"type":"❤️","phrase":"Μου αρέσει η σοκολάτα."},{"type":"❌","phrase":"Δεν μου αρέσει η σοκολάτα."},{"type":"🙋","phrase":"Θέλω να φάω σοκολάτα."},{"type":"⚫","phrase":"Θέλω μαύρη σοκολάτα."},{"type":"⚪","phrase":"Θέλω λευκή σοκολάτα."}]},{"slug":"milk","title":"Γάλα","phrases":[{"type":"❤️","phrase":"Μου αρέσει το γάλα."},{"type":"❌","phrase":"Δεν μου αρέσει το γάλα."},{"type":"🙋","phrase":"Θέλω να πιω γάλα."},{"type":"🍳","phrase":"Μπορώ να έχω ένα ποτήρι γάλα;"}]},{"slug":"sandwich","title":"Σάντουιτς","phrases":[{"type":"❤️","phrase":"Μου αρέσει το σάντουιτς."},{"type":"❌","phrase":"Δεν μου αρέσει το σάντουιτς."},{"type":"🙋","phrase":"Θέλω να φάω ένα σάντουιτς."},{"type":"🍳","phrase":"Μπορείς να με φτιάξεις σάντουιτς;"}]},{"slug":"steak","title":"Μπριζόλα","phrases":[{"type":"❤️","phrase":"Μου αρέσει η μπριζόλα."},{"type":"❌","phrase":"Δεν μου αρέσει η μπριζόλα."},{"type":"🙋","phrase":"Θέλω να φάω μπριζόλα."},{"type":"🍳","phrase":"Μπορείτε να μαγειρέψετε μπριζόλα για μένα;"}]},{"slug":"banana","title":"Μπανάνα","phrases":[{"type":"❤️","phrase":"Μου αρέσει η μπανάνα."},{"type":"❌","phrase":"Δεν μου αρέσει η μπανάνα."},{"type":"🙋","phrase":"Θέλω να φάω μπανάνα."}]},{"slug":"pie","title":"Πίτα","phrases":[{"type":"❤️","phrase":"Μου αρέσει η πιτα."},{"type":"❌","phrase":"Δεν μου αρέσει η πίτα."},{"type":"🙋","phrase":"Θέλω να φάω πίτα."},{"type":"🍳","phrase":"Μπορείς να φτιάξεις μια πίτα για μένα;"}]},{"slug":"egg","title":"Αυγό","phrases":[{"type":"❤️","phrase":"Μου αρέσει το αυγό."},{"type":"❌","phrase":"Δεν μου αρέσει το αυγό."},{"type":"🙋","phrase":"Θέλω να φάω αυγό."},{"type":"🍳","phrase":"Θέλω τηγανητά αυγά."},{"type":"🥚","phrase":"Θέλω βραστά αυγά."}]},{"slug":"noodles","title":"Λαζάνια","phrases":[{"type":"❤️","phrase":"Μου αρέσουν τα ζυμαρικά."},{"type":"❌","phrase":"Δεν μου αρέσουν τα ζυμαρικά."},{"type":"🙋","phrase":"Θέλω να φάω χυλοπίτες."},{"type":"🍳","phrase":"Μπορείτε να μαγειρέψετε noodles για μένα;"}]},{"slug":"salt","title":"Αλας","phrases":[{"type":"🙋","phrase":"Θέλω αλάτι."},{"type":"❓","phrase":"Μπορείς να μου δώσεις το αλάτι;"},{"type":"🧂","phrase":"Το φαγητό είναι πολύ αλμυρό."},{"type":"🧂","phrase":"Το φαγητό μου χρειάζεται λίγο αλάτι."}]},{"slug":"spices","title":"Μπαχαρικά","phrases":[{"type":"❤️","phrase":"Μου αρέσει το πικάντικο φαγητό."},{"type":"❌","phrase":"Δεν μου αρέσει το πικάντικο φαγητό."},{"type":"🙋","phrase":"Θέλω πάπρικα."},{"type":"⚫","phrase":"Θέλω μαύρο πιπέρι."}]},{"slug":"pizza","title":"Πίτσα","phrases":[{"type":"❤️","phrase":"Μου αρέσει η πίτσα."},{"type":"❌","phrase":"Δεν μου αρέσει η πίτσα."},{"type":"🙋","phrase":"Θέλω να φάω πίτσα."},{"type":"🍳","phrase":"Μπορείτε να μαγειρέψετε πίτσα για μένα;"},{"type":"☝️","phrase":"Μπορούμε να παραγγείλουμε πίτσα;"}]},{"slug":"cheese","title":"Τυρί","phrases":[{"type":"❤️","phrase":"Μου αρέσει το τυρί."},{"type":"❌","phrase":"Δεν μου αρέσει το τυρί."},{"type":"🙋","phrase":"Θέλω να φάω τυρί."}]},{"slug":"fish","title":"Ψάρι","phrases":[{"type":"❤️","phrase":"Μου αρέσει το ψάρι."},{"type":"❌","phrase":"Δεν μου αρέσουν τα ψάρια."},{"type":"🙋","phrase":"Θέλω να φάω ψάρια."},{"type":"🍳","phrase":"Μπορείς να μαγειρέψεις ψάρια για μένα;"}]},{"slug":"ice-cream","title":"Παγωτό","phrases":[{"type":"❤️","phrase":"Μου αρέσει το παγωτό."},{"type":"❌","phrase":"Δεν μου αρέσει το παγωτό."},{"type":"🙋","phrase":"Θέλω να φάω παγωτό."},{"type":"☝️","phrase":"Μπορείτε να αγοράσετε παγωτό για μένα;"}]},{"slug":"tea","title":"Τσάι","phrases":[{"type":"❤️","phrase":"Μου αρέσει το τσάι."},{"type":"❌","phrase":"Δεν μου αρέσει το τσάι."},{"type":"🙋","phrase":"Θέλω να πιω τσάι."},{"type":"🍳","phrase":"Μπορείς να φτιάξεις τσάι για μένα;"}]},{"slug":"coffee","title":"Καφές","phrases":[{"type":"❤️","phrase":"Μου αρέσει ο καφές."},{"type":"❌","phrase":"Δεν μου αρέσει ο καφές."},{"type":"🙋","phrase":"Θέλω να πιω καφέ."},{"type":"🍳","phrase":"Μπορείς να φτιάξεις καφέ για μένα;"}]},{"slug":"tomato","title":"Ντομάτα","phrases":[{"type":"❤️","phrase":"Μου αρέσει η ντομάτα."},{"type":"❌","phrase":"Δεν μου αρέσει η ντομάτα."},{"type":"🙋","phrase":"Θέλω να φάω ντομάτα."}]},{"slug":"cereal","title":"Δημητριακό","phrases":[{"type":"❤️","phrase":"Μου αρέσουν τα δημητριακά."},{"type":"❌","phrase":"Δεν μου αρέσουν τα δημητριακά."},{"type":"🙋","phrase":"Θέλω να φάω δημητριακά."},{"type":"🍳","phrase":"Μπορείς να με φτιάξεις δημητριακά;"}]},{"slug":"burger","title":"Burger","phrases":[{"type":"❤️","phrase":"Μου αρέσει το μπιφτέκι."},{"type":"❌","phrase":"Δεν μου αρέσει το μπιφτέκι."},{"type":"🙋","phrase":"Θέλω να φάω μπιφτέκι."},{"type":"🍳","phrase":"Μπορείτε να μαγειρέψετε μπιφτέκι για μένα;"},{"type":"☝️","phrase":"Μπορούμε να παραγγείλουμε burger;"}]},{"slug":"french-fries","title":"τηγανιτές πατάτες","phrases":[{"type":"❤️","phrase":"Μου αρέσουν οι τηγανητές πατάτες."},{"type":"❌","phrase":"Δεν μου αρέσουν οι τηγανητές πατάτες."},{"type":"🙋","phrase":"Θέλω να φάω τηγανητές πατάτες."},{"type":"🍳","phrase":"Μπορείτε να μαγειρέψετε τηγανητές πατάτες για μένα;"},{"type":"☝️","phrase":"Μπορούμε να παραγγείλουμε τηγανητές πατάτες;"}]},{"slug":"spinach","title":"Σπανάκι","phrases":[{"type":"❤️","phrase":"Μου αρέσει το σπανάκι."},{"type":"❌","phrase":"Δεν μου αρέσει το σπανάκι."},{"type":"🙋","phrase":"Θέλω να φάω σπανάκι."}]},{"slug":"rice","title":"Ρύζι","phrases":[{"type":"❤️","phrase":"Μου αρέσει το ρύζι."},{"type":"❌","phrase":"Δεν μου αρέσει το ρύζι."},{"type":"🙋","phrase":"Θέλω να φάω ρύζι."},{"type":"🍳","phrase":"Μπορείτε να μαγειρέψετε ρύζι για μένα;"}]},{"slug":"bread","title":"Ψωμί","phrases":[{"type":"❤️","phrase":"Μου αρέσει το ψωμί."},{"type":"❌","phrase":"Δεν μου αρέσει το ψωμί."},{"type":"🙋","phrase":"Θέλω να φάω ψωμί."},{"type":"☝️","phrase":"Μπορείς να αγοράσεις λίγο ψωμί;"}]},{"slug":"pasta","title":"Ζυμαρικά","phrases":[{"type":"❤️","phrase":"Μου αρέσουν τα ζυμαρικά."},{"type":"❌","phrase":"Δεν μου αρέσουν τα ζυμαρικά."},{"type":"🙋","phrase":"Θέλω να φάω ζυμαρικά."},{"type":"🍳","phrase":"Μπορείτε να μαγειρέψετε ζυμαρικά για μένα;"}]},{"slug":"sauce","title":"Σάλτσα","phrases":[{"type":"❤️","phrase":"Μου αρέσει η σάλτσα."},{"type":"❌","phrase":"Δεν μου αρέσει η σάλτσα."},{"type":"🙋","phrase":"Θέλω κάποια σάλτσα."},{"type":"🔴","phrase":"Μπορώ να έχω κέτσαπ;"},{"type":"⚪","phrase":"Μπορώ να έχω μαγιονέζα;"},{"type":"🟡","phrase":"Μπορώ να έχω μουστάρδα;"},{"type":"🚜","phrase":"Μπορώ να έχω σάλτσα ράντσο;"}]},{"slug":"kebab","title":"Κεμπάπ","phrases":[{"type":"❤️","phrase":"Μου αρέσει το κεμπάπ."},{"type":"❌","phrase":"Δεν μου αρέσει το κεμπάπ."},{"type":"🙋","phrase":"Θέλω να φάω κεμπάπ."},{"type":"🍳","phrase":"Μπορείτε να μαγειρέψετε κεμπάπ για μένα;"},{"type":"☝️","phrase":"Μπορούμε να παραγγείλουμε κεμπάπ;"}]}]