[{"slug":"apple","title":"μήλο","phrases":[{"type":"❤️","phrase":"Μου αρέσει να τρώω μήλο."},{"type":"🙋","phrase":"Θέλω να φάω ένα μήλο."},{"type":"❌","phrase":"Δεν μου αρέσει το μήλο."}]},{"slug":"watermelon","title":"Καρπούζι","phrases":[{"type":"❤️","phrase":"Μου αρέσει να τρώω καρπούζι."},{"type":"🙋","phrase":"Θέλω να φάω ένα καρπούζι."},{"type":"❌","phrase":"Δεν μου αρέσει το καρπούζι."}]},{"slug":"orange","title":"Πορτοκάλι","phrases":[{"type":"❤️","phrase":"Μου αρέσει να τρώω πορτοκάλι."},{"type":"🙋","phrase":"Θέλω να φάω ένα πορτοκάλι."},{"type":"❌","phrase":"Δεν μου αρέσει το πορτοκάλι."}]},{"slug":"strawberry","title":"φράουλα","phrases":[{"type":"❤️","phrase":"Μου αρέσει να τρώω φράουλα."},{"type":"🙋","phrase":"Θέλω να φάω μερικές φράουλες."},{"type":"❌","phrase":"Δεν μου αρέσει η φράουλα."}]},{"slug":"grape","title":"Σταφύλι","phrases":[{"type":"❤️","phrase":"Μου αρέσει να τρώω σταφύλι."},{"type":"🙋","phrase":"Θέλω να φάω μερικά σταφύλια."},{"type":"❌","phrase":"Δεν μου αρέσει το σταφύλι."}]},{"slug":"cherry","title":"Κεράσι","phrases":[{"type":"❤️","phrase":"Μου αρέσει να τρώω κεράσι."},{"type":"🙋","phrase":"Θέλω να φάω μερικά κεράσια."},{"type":"❌","phrase":"Δεν μου αρέσει το κεράσι."}]},{"slug":"mango","title":"Μάνγκο","phrases":[{"type":"❤️","phrase":"Μου αρέσει να τρώω μάνγκο."},{"type":"🙋","phrase":"Θέλω να φάω ένα μάνγκο."},{"type":"❌","phrase":"Δεν μου αρέσει το μάνγκο."}]},{"slug":"guava","title":"Γκουάβα","phrases":[{"type":"❤️","phrase":"Μου αρέσει να τρώω γκουάβα."},{"type":"🙋","phrase":"Θέλω να φάω μια γκουάβα."},{"type":"❌","phrase":"Δεν μου αρέσει η γκουάβα."}]},{"slug":"banana","title":"Μπανάνα","phrases":[{"type":"❤️","phrase":"Μου αρέσει να τρώω μπανάνα."},{"type":"🙋","phrase":"Θέλω να φάω μπανάνα."},{"type":"❌","phrase":"Δεν μου αρέσει η μπανάνα."}]},{"slug":"pomegranate","title":"Ρόδι","phrases":[{"type":"❤️","phrase":"Μου αρέσει να τρώω ρόδι."},{"type":"🙋","phrase":"Θέλω να φάω ένα ρόδι."},{"type":"❌","phrase":"Δεν μου αρέσει το ρόδι."}]},{"slug":"raspberry","title":"Βατόμουρο","phrases":[{"type":"❤️","phrase":"Μου αρέσει να τρώω βατόμουρο."},{"type":"🙋","phrase":"Θέλω να φάω μερικά σμέουρα."},{"type":"❌","phrase":"Δεν μου αρέσει το βατόμουρο."}]},{"slug":"papaya","title":"Παπάγια","phrases":[{"type":"❤️","phrase":"Μου αρέσει να τρώω παπάγια."},{"type":"🙋","phrase":"Θέλω να φάω μια παπάγια."},{"type":"❌","phrase":"Δεν μου αρέσει η παπάγια."}]},{"slug":"kiwi","title":"Ακτινίδια","phrases":[{"type":"❤️","phrase":"Μου αρέσει να τρώω ακτινίδιο."},{"type":"🙋","phrase":"Θέλω να φάω ένα ακτινίδιο."},{"type":"❌","phrase":"Δεν μου αρέσει το ακτινίδιο."}]},{"slug":"pineapple","title":"Ανανάς","phrases":[{"type":"❤️","phrase":"Μου αρέσει να τρώω ανανά."},{"type":"🙋","phrase":"Θέλω να φάω λίγο ανανά."},{"type":"❌","phrase":"Δεν μου αρέσει ο ανανάς."}]},{"slug":"lemon","title":"Λεμόνι","phrases":[{"type":"❤️","phrase":"Μου αρέσει να τρώω λεμόνι."},{"type":"🙋","phrase":"Θέλω να φάω ένα λεμόνι."},{"type":"❌","phrase":"Δεν μου αρέσει το λεμόνι."},{"type":"🍋","phrase":"Τα λεμόνια είναι ξινά."}]},{"slug":"apricot","title":"Βερύκοκκο","phrases":[{"type":"❤️","phrase":"Μου αρέσει να τρώω βερίκοκο."},{"type":"🙋","phrase":"Θέλω να φάω ένα βερίκοκο."},{"type":"❌","phrase":"Δεν μου αρέσει το βερίκοκο."}]},{"slug":"dragon-fruit","title":"φρούτο του δράκου","phrases":[{"type":"❤️","phrase":"Μου αρέσει να τρώω φρούτα δράκου."},{"type":"🙋","phrase":"Θέλω να φάω ένα φρούτο δράκου."},{"type":"❌","phrase":"Δεν μου αρέσουν τα φρούτα του δράκου."}]},{"slug":"peach","title":"Ροδάκινο","phrases":[{"type":"❤️","phrase":"Μου αρέσει να τρώω ροδάκινο."},{"type":"🙋","phrase":"Θέλω να φάω ένα ροδάκινο."},{"type":"❌","phrase":"Δεν μου αρέσει το ροδάκινο."}]},{"slug":"avocado","title":"Αβοκάντο","phrases":[{"type":"❤️","phrase":"Μου αρέσει να τρώω αβοκάντο."},{"type":"🙋","phrase":"Θέλω να φάω ένα αβοκάντο."},{"type":"❌","phrase":"Δεν μου αρέσει το αβοκάντο."}]},{"slug":"fig","title":"Σύκο","phrases":[{"type":"❤️","phrase":"Μου αρέσει να τρώω σύκο."},{"type":"🙋","phrase":"Θέλω να φάω ένα σύκο."},{"type":"❌","phrase":"Δεν μου αρέσει το σύκο."}]},{"slug":"lychee","title":"Λυκείο","phrases":[{"type":"❤️","phrase":"Μου αρέσει να τρώω λίτσι."},{"type":"🙋","phrase":"Θέλω να φάω ένα λίτσι."},{"type":"❌","phrase":"Δεν μου αρέσει η λίτσι."}]},{"slug":"passion-fruit","title":"Φρούτο του πάθους","phrases":[{"type":"❤️","phrase":"Μου αρέσει να τρώω φρούτα του πάθους."},{"type":"🙋","phrase":"Θέλω να φάω ένα πάθος."},{"type":"❌","phrase":"Δεν μου αρέσουν τα φρούτα του πάθους."}]},{"slug":"blueberry","title":"Μυρτιλός","phrases":[{"type":"❤️","phrase":"Μου αρέσει να τρώω βατόμουρο."},{"type":"🙋","phrase":"Θέλω να φάω κάποια βατόμουρα."},{"type":"❌","phrase":"Δεν μου αρέσει το βακκίνιο."}]},{"slug":"coconut","title":"Καρύδα","phrases":[{"type":"❤️","phrase":"Μου αρέσει να τρώω καρύδα."},{"type":"🙋","phrase":"Θέλω να φάω κάποια καρύδα."},{"type":"❌","phrase":"Δεν μου αρέσει η καρύδα."}]}]