[{"slug":"gardener","title":"Κηπουρός","phrases":[]},{"slug":"sprout","title":"Βλαστάρι","phrases":[]},{"slug":"hose","title":"Μάνικα","phrases":[]},{"slug":"glove","title":"Γάντι","phrases":[]},{"slug":"flowers","title":"Λουλούδια","phrases":[]},{"slug":"seeds","title":"Σπόροι","phrases":[]},{"slug":"shovel","title":"Φτυάρι","phrases":[]},{"slug":"watering","title":"Πότισμα","phrases":[]},{"slug":"scarecrow","title":"Σκιάχτρο","phrases":[]},{"slug":"tree","title":"Δέντρο","phrases":[]},{"slug":"fertilizer","title":"Λίπασμα","phrases":[]},{"slug":"pitchfork","title":"Δίκρανο","phrases":[]},{"slug":"bucket","title":"Κάδος","phrases":[]},{"slug":"fence","title":"Φράκτης","phrases":[]},{"slug":"leaf","title":"Φύλλο","phrases":[]},{"slug":"windmill","title":"Ανεμόμυλος","phrases":[]},{"slug":"spray","title":"Σπρέι","phrases":[]},{"slug":"shears","title":"Ψαλίδι","phrases":[]},{"slug":"sprinkler","title":"Ψεκαστήρας","phrases":[]},{"slug":"tractor","title":"Τρακτέρ","phrases":[]},{"slug":"jam","title":"Μαρμελάδα","phrases":[]},{"slug":"bonsai","title":"Μπονσάι","phrases":[]},{"slug":"wheelbarrow","title":"Χειράμαξα","phrases":[]},{"slug":"birdhouse","title":"Birdhouse","phrases":[]}]