[{"slug":"mixer","title":"Αναμικτής","phrases":[{"type":"🙋","phrase":"Μπορείς να μου δείξεις πώς να χρησιμοποιώ ένα μίξερ;"},{"type":"🤞","phrase":"Δεν πρέπει να χρησιμοποιώ μίξερ χωρίς τους γονείς μου."}]},{"slug":"apron","title":"Ποδιά","phrases":[{"type":"👚","phrase":"Φοράω ποδιά ενώ μαγειρεύω."},{"type":"👚","phrase":"Η μαμά μου φοράει ποδιά ενώ μαγειρεύει."}]},{"slug":"fryer","title":"Τηγανίζων","phrases":[{"type":"🙋","phrase":"Μπορείς να μου δείξεις πώς να χρησιμοποιώ μια φριτέζα;"},{"type":"🤞","phrase":"Δεν πρέπει να χρησιμοποιώ φριτέζα χωρίς τους γονείς μου."}]},{"slug":"rolling-pin","title":"Πλάστης","phrases":[{"type":"🙋","phrase":"Μπορείτε να μου δείξετε πώς να χρησιμοποιώ έναν πλάστη;"},{"type":"💡","phrase":"Χρησιμοποιώ πλάστη για να ξεδιπλώσω τη ζύμη."}]},{"slug":"coffee-machine","title":"Μηχανή καφέ","phrases":[{"type":"🙋","phrase":"Μπορείτε να μου δείξετε πώς να χρησιμοποιήσετε μια καφετιέρα;"},{"type":"🤞","phrase":"Δεν πρέπει να χρησιμοποιώ καφετιέρα χωρίς τους γονείς μου."}]},{"slug":"fridge","title":"Ψυγείο","phrases":[{"type":"🙋","phrase":"Μπορείς να μου δείξεις πώς να χρησιμοποιώ ψυγείο;"},{"type":"💡","phrase":"Το ψυγείο διατηρεί τα τρόφιμα κρύα."}]},{"slug":"pot","title":"Δοχείο","phrases":[{"type":"🙋","phrase":"Μπορείς να μου δείξεις πώς να χρησιμοποιώ ένα ποτ;"},{"type":"🤞","phrase":"Δεν πρέπει να χρησιμοποιώ ποτ χωρίς τους γονείς μου."}]},{"slug":"toaster","title":"Φρυγανιέρα","phrases":[{"type":"🙋","phrase":"Μπορείς να μου δείξεις πώς να χρησιμοποιώ τοστιέρα;"},{"type":"🤞","phrase":"Δεν πρέπει να χρησιμοποιώ τοστιέρα χωρίς τους γονείς μου."}]},{"slug":"cutlery","title":"Μαχαιρικά είδη","phrases":[{"type":"🙋","phrase":"Μπορείς να μου δείξεις πώς να χρησιμοποιώ μαχαιροπίρουνα;"},{"type":"😋","phrase":"Μαθαίνω να τρώω με μαχαιροπίρουνα."}]},{"slug":"spatula","title":"Σπαθί","phrases":[{"type":"🙋","phrase":"Μπορείς να μου δείξεις πώς να χρησιμοποιώ μια σπάτουλα;"}]},{"slug":"oven","title":"Φούρνος","phrases":[{"type":"🙋","phrase":"Μπορείς να μου δείξεις πώς να χρησιμοποιώ φούρνο;"},{"type":"🤞","phrase":"Δεν πρέπει να χρησιμοποιώ φούρνο χωρίς τους γονείς μου."}]},{"slug":"kitchen-timer","title":"Χρονόμετρο κουζίνας","phrases":[{"type":"🙋","phrase":"Μπορείς να μου δείξεις πώς να χρησιμοποιώ χρονοδιακόπτη κουζίνας;"},{"type":"⏱️","phrase":"Ο χρονοδιακόπτης κουζίνας ακούγεται."}]},{"slug":"pizza-cutter","title":"Κόπτης πίτσας","phrases":[{"type":"🙋","phrase":"Μπορείς να μου δείξεις πώς να χρησιμοποιώ κόπτη πίτσας;"},{"type":"🤞","phrase":"Δεν πρέπει να χρησιμοποιώ κόπτη πίτσας χωρίς τους γονείς μου."}]},{"slug":"grater","title":"Τρίφτης","phrases":[{"type":"🙋","phrase":"Μπορείς να μου δείξεις πώς να χρησιμοποιώ τρίφτη;"},{"type":"🤞","phrase":"Δεν πρέπει να χρησιμοποιώ τρίφτη χωρίς τους γονείς μου."}]},{"slug":"grill","title":"ψηνω στα καρβουνα","phrases":[{"type":"🙋","phrase":"Μπορείτε να μου δείξετε πώς να χρησιμοποιήσετε τη σχάρα;"},{"type":"🤞","phrase":"Δεν πρέπει να χρησιμοποιώ ψησταριά χωρίς τους γονείς μου."}]},{"slug":"recipe-book","title":"Βιβλίο συνταγών","phrases":[{"type":"🙋","phrase":"Μπορώ να επιλέξω μια συνταγή για να μαγειρέψω;"},{"type":"🍳","phrase":"Μπορούμε να μαγειρέψουμε αυτήν τη συνταγή;"}]},{"slug":"kitchen-utensils","title":"Σκεύη κουζίνας","phrases":[{"type":"❤️","phrase":"Μου αρέσει να χρησιμοποιώ μαγειρικά σκεύη."},{"type":"🤞","phrase":"Δεν πρέπει να χρησιμοποιώ μαγειρικά σκεύη χωρίς τους γονείς μου."}]},{"slug":"stove","title":"Κουζίνα","phrases":[{"type":"🙋","phrase":"Μπορείς να μου δείξεις πώς να χρησιμοποιώ τη σόμπα;"},{"type":"🤞","phrase":"Δεν πρέπει να χρησιμοποιώ σόμπα χωρίς τους γονείς μου."}]},{"slug":"salt-and-pepper","title":"Αλατοπίπερο","phrases":[{"type":"🙋","phrase":"Μπορείτε να φέρετε αλάτι και πιπέρι;"}]},{"slug":"kitchen-board","title":"Πίνακας κουζίνας","phrases":[{"type":"🙋","phrase":"Μπορώ να γράψω στον πίνακα κουζίνας;"}]},{"slug":"scale","title":"Κλίμακα","phrases":[{"type":"🙋","phrase":"Μπορείς να μου δείξεις πώς να χρησιμοποιώ τη ζυγαριά κουζίνας;"}]},{"slug":"teapot","title":"Τσαγιέρα","phrases":[{"type":"🙋","phrase":"Μπορείς να μου δείξεις πώς να χρησιμοποιώ το τσαγιέρα;"},{"type":"🤞","phrase":"Δεν πρέπει να χρησιμοποιώ τσαγιέρα χωρίς τους γονείς μου."}]},{"slug":"microwave","title":"ΦΟΥΡΝΟΣ ΜΙΚΡΟΚΥΜΑΤΩΝ","phrases":[{"type":"🙋","phrase":"Μπορείς να μου δείξεις πώς να χρησιμοποιώ το φούρνο μικροκυμάτων;"},{"type":"🤞","phrase":"Δεν πρέπει να χρησιμοποιώ φούρνο μικροκυμάτων χωρίς τους γονείς μου."}]}]