[{"slug":"hospital-bed","title":"Κρεβάτι νοσοκομείου","phrases":[{"type":"🙋","phrase":"Μπορείτε να με βοηθήσετε με το κρεβάτι μου στο νοσοκομείο;"}]},{"slug":"weight-loss","title":"Απώλεια βάρους","phrases":[{"type":"🏋️","phrase":"Πρέπει να μετριάσω την πρόσληψη τροφής μου."},{"type":"🏃‍♀️","phrase":"Χάνω βάρος."},{"type":"🥩","phrase":"Κάνω βάρος."}]},{"slug":"exercise","title":"Ασκηση","phrases":[{"type":"🏋️","phrase":"Κάνω άσκηση."},{"type":"⏲️","phrase":"Έχω μια ρουτίνα άσκησης."}]},{"slug":"medical-history","title":"Ιατρικό ιστορικό","phrases":[{"type":"📂","phrase":"Εδώ είναι το ιατρικό μου ιστορικό."}]},{"slug":"vitamin-c","title":"Βιταμίνη C","phrases":[{"type":"🍹","phrase":"Πρέπει να πάρω βιταμίνη c."},{"type":"🍊","phrase":"Τα πορτοκάλια περιέχουν βιταμίνη c."}]},{"slug":"thermometer","title":"Θερμόμετρο","phrases":[{"type":"🤒","phrase":"Μπορείτε να μετρήσετε τον πυρετό μου;"},{"type":"🌡️","phrase":"Πώς λειτουργεί ένα θερμόμετρο;"}]},{"slug":"pills","title":"Χάπια","phrases":[{"type":"💊","phrase":"Πρέπει να πάρω τα χάπια μου."},{"type":"👉","phrase":"Πήρες τα χάπια σου;"}]},{"slug":"medical-mask","title":"Ιατρική μάσκα","phrases":[]},{"slug":"dental-care","title":"ΟΔΟΝΤΙΑΤΡΙΚΗ ΦΡΟΝΤΙΔΑ","phrases":[{"type":"🦷","phrase":"Τα δόντια μου πονάνε."},{"type":"🦷","phrase":"Βουρτσίζω τα δόντια μου."}]},{"slug":"hearing-exam","title":"Εξετάσεις ακρόασης","phrases":[{"type":"👂","phrase":"Έχω προβλήματα ακοής"},{"type":"🦻","phrase":"Θα κάνω μια εξέταση ακρόασης."}]},{"slug":"hospital","title":"Νοσοκομείο","phrases":[{"type":"🏥","phrase":"Πάω στο νοσοκομείο."},{"type":"🏥","phrase":"Είμαι στο νοσοκομείο"}]},{"slug":"stethoscope","title":"Στηθοσκόπιο","phrases":[{"type":"👨‍⚕️","phrase":"Οι γιατροί χρησιμοποιούν στηθοσκόπιο."},{"type":"🩺","phrase":"Μπορώ να έχω στηθοσκόπιο παιχνιδιών;"}]},{"slug":"ambulance","title":"Ασθενοφόρο","phrases":[{"type":"👀","phrase":"Είδα ένα ασθενοφόρο."},{"type":"👂","phrase":"Άκουσα φωνή ασθενοφόρου."}]},{"slug":"drugstore","title":"Φαρμακείο","phrases":[{"type":"🧾","phrase":"Πρέπει να συμπληρώσω τη συνταγή μου."},{"type":"➡️","phrase":"Εδώ είναι η συνταγή μου."}]},{"slug":"emergency","title":"Επείγον","phrases":[{"type":"🚨","phrase":"Έχω επείγουσα κατάσταση υγείας."},{"type":"🚑","phrase":"Πάω στο δωμάτιο έκτακτης ανάγκης."}]},{"slug":"health-insurance","title":"Ασφάλεια υγείας","phrases":[{"type":"⚕️","phrase":"Έχω ασφάλιση υγείας."},{"type":"❌","phrase":"Δεν έχω ασφάλιση υγείας."}]},{"slug":"doctor","title":"Γιατρός","phrases":[{"type":"❤️","phrase":"Μου αρέσει ο γιατρός μου."},{"type":"🤩","phrase":"Ο γιατρός με βοηθά."}]},{"slug":"nurse","title":"Νοσοκόμα","phrases":[{"type":"❤️","phrase":"Μου αρέσει η νοσοκόμα μου."},{"type":"🤩","phrase":"Η νοσοκόμα με βοηθά."}]}]