[{"slug":"one","title":"Ενας","phrases":[{"type":"➖","phrase":"Ένα έρχεται πριν από τα δύο."},{"type":"➕","phrase":"Το ένα έρχεται μετά το μηδέν."},{"type":"🙋","phrase":"Θέλω ένα."}]},{"slug":"two","title":"Δύο","phrases":[{"type":"➖","phrase":"Δύο έρχονται πριν από τις τρεις."},{"type":"➕","phrase":"Δύο έρχονται μετά από ένα."},{"type":"🙋","phrase":"Θέλω δύο."}]},{"slug":"three","title":"Τρία","phrases":[{"type":"➖","phrase":"Τρία έρχονται πριν από τα τέσσερα."},{"type":"➕","phrase":"Τρία έρχονται μετά από δύο."},{"type":"🙋","phrase":"Θέλω τρία."}]},{"slug":"four","title":"Τέσσερις","phrases":[{"type":"➖","phrase":"Τέσσερα έρχονται πριν από τα πέντε."},{"type":"➕","phrase":"Τέσσερα έρχονται μετά από τρία."},{"type":"🙋","phrase":"Θέλω τέσσερα."}]},{"slug":"five","title":"Πέντε","phrases":[{"type":"➖","phrase":"Πέντε έρχονται πριν από τις έξι."},{"type":"➕","phrase":"Πέντε έρχονται μετά από τέσσερα."},{"type":"🙋","phrase":"Θέλω πέντε."}]},{"slug":"six","title":"Εξι","phrases":[{"type":"➖","phrase":"Έξι έρχονται πριν από τις επτά."},{"type":"➕","phrase":"Έξι έρχονται μετά από πέντε."},{"type":"🙋","phrase":"Θέλω να διορθώσω."}]},{"slug":"seven","title":"Επτά","phrases":[{"type":"➖","phrase":"Επτά έρχονται πριν από τις οκτώ."},{"type":"➕","phrase":"Επτά έρχονται μετά από έξι."},{"type":"🙋","phrase":"Θέλω επτά."}]},{"slug":"eight","title":"Οκτώ","phrases":[{"type":"➖","phrase":"Οκτώ έρχεται πριν από τις εννέα."},{"type":"➕","phrase":"Οκτώ έρχεται μετά από επτά."},{"type":"🙋","phrase":"Θέλω οκτώ."}]},{"slug":"nine","title":"Εννέα","phrases":[{"type":"➖","phrase":"Εννέα έρχεται πριν από δέκα."},{"type":"➕","phrase":"Εννέα έρχεται μετά από οκτώ."},{"type":"🙋","phrase":"Θέλω εννέα."}]},{"slug":"ten","title":"Δέκα","phrases":[{"type":"➖","phrase":"Δέκα έρχονται πριν από τις έντεκα."},{"type":"➕","phrase":"Δέκα έρχονται μετά από εννέα."},{"type":"🙋","phrase":"Θέλω δέκα."}]},{"slug":"eleven","title":"Εντεκα","phrases":[{"type":"➖","phrase":"Έντεκα έρχεται πριν από δεκατρία."},{"type":"➕","phrase":"Έντεκα έρχεται μετά από δέκα."},{"type":"🙋","phrase":"Θέλω έντεκα."}]},{"slug":"twenty","title":"Είκοσι","phrases":[{"type":"🔢","phrase":"Μπορώ να μετρήσω έως και είκοσι."}]},{"slug":"thirty","title":"Τριάντα","phrases":[{"type":"🔢","phrase":"Μπορώ να μετρήσω έως και τριάντα."}]},{"slug":"forty","title":"Σαράντα","phrases":[{"type":"🔢","phrase":"Μπορώ να μετρήσω έως και σαράντα."}]},{"slug":"fifty","title":"Πενήντα","phrases":[{"type":"🔢","phrase":"Μπορώ να μετρήσω έως και πενήντα."}]},{"slug":"hundred","title":"Εκατό","phrases":[{"type":"🔢","phrase":"Μπορώ να μετρήσω έως και εκατό."}]},{"slug":"thousand","title":"Χίλια","phrases":[{"type":"🔢","phrase":"Μπορώ να μετρήσω έως και χιλιάδες."}]},{"slug":"calculator","title":"Αριθμομηχανή","phrases":[{"type":"🖩","phrase":"Θέλω να χρησιμοποιήσω μια αριθμομηχανή."},{"type":"🧮","phrase":"Μπορείτε να μου μάθετε πώς να χρησιμοποιείτε μια αριθμομηχανή;"},{"type":"🙋","phrase":"Μπορώ να φράξω την αριθμομηχανή σας;"}]}]