[{"slug":"teacher","title":"Δάσκαλος","phrases":[{"type":"❓","phrase":"Τι κάνει ένας δάσκαλος;"},{"type":"🙋","phrase":"Θέλω να γίνω δάσκαλος."}]},{"slug":"police-officer","title":"Αστυνομικός","phrases":[{"type":"❓","phrase":"Τι κάνει ένας αστυνομικός;"},{"type":"🙋","phrase":"Θέλω να γίνω αστυνομικός."}]},{"slug":"writer","title":"Συγγραφέας","phrases":[{"type":"❓","phrase":"Τι κάνει ένας συγγραφέας;"},{"type":"🙋","phrase":"Θέλω να γίνω συγγραφέας."}]},{"slug":"doctor","title":"Γιατρός","phrases":[{"type":"❓","phrase":"Τι κάνει ένας γιατρός;"},{"type":"🙋","phrase":"Θέλω να γίνω γιατρός."}]},{"slug":"detective","title":"Ντεντεκτίβ","phrases":[{"type":"❓","phrase":"Τι κάνει ένας ντετέκτιβ;"},{"type":"🙋","phrase":"Θέλω να γίνω ντετέκτιβ."}]},{"slug":"artist","title":"Καλλιτέχνης","phrases":[{"type":"❓","phrase":"Τι κάνει ένας καλλιτέχνης;"},{"type":"🙋","phrase":"Θέλω να γίνω καλλιτέχνης."}]},{"slug":"singer","title":"Τραγουδιστής","phrases":[{"type":"❓","phrase":"Τι κάνει ένας τραγουδιστής;"},{"type":"🙋","phrase":"Θέλω να γίνω τραγουδιστής."}]},{"slug":"astronaut","title":"Αστροναύτης","phrases":[{"type":"❓","phrase":"Τι κάνει ένας αστροναύτης;"},{"type":"🙋","phrase":"Θέλω να γίνω αστροναύτης."}]},{"slug":"sailor","title":"Ναύτης","phrases":[{"type":"❓","phrase":"Τι κάνει ένας ναύτης;"},{"type":"🙋","phrase":"Θέλω να γίνω ναύτης."}]},{"slug":"chef","title":"Σεφ","phrases":[{"type":"❓","phrase":"Τι κάνει ένας σεφ;"},{"type":"🙋","phrase":"Θέλω να γίνω σεφ."}]},{"slug":"farmer","title":"Αγρότης","phrases":[{"type":"❓","phrase":"Τι κάνει ένας αγρότης;"},{"type":"🙋","phrase":"Θέλω να γίνω αγρότης."}]},{"slug":"construction-worker","title":"Εργάτης οικοδομής","phrases":[{"type":"❓","phrase":"Τι κάνει ένας εργάτης οικοδομών;"},{"type":"🙋","phrase":"Θέλω να γίνω εργάτης οικοδομών."}]},{"slug":"baker","title":"Αρτοποιός","phrases":[{"type":"❓","phrase":"Τι κάνει ένας αρτοποιός;"},{"type":"🙋","phrase":"Θέλω να γίνω αρτοποιός."}]},{"slug":"lifeguard","title":"Ναυαγοσώστης","phrases":[{"type":"❓","phrase":"Τι κάνει ένας ναυαγοσώστης;"},{"type":"🙋","phrase":"Θέλω να γίνω ναυαγοσώστης."}]},{"slug":"astronomer","title":"Αστρονόμος","phrases":[{"type":"❓","phrase":"Τι κάνει ένας αστρονόμος;"},{"type":"🙋","phrase":"Θέλω να γίνω αστρονόμος."}]},{"slug":"journalist","title":"Δημοσιογράφος","phrases":[{"type":"❓","phrase":"Τι κάνει ένας δημοσιογράφος;"},{"type":"🙋","phrase":"Θέλω να γίνω δημοσιογράφος."}]},{"slug":"archeologist","title":"Αρχαιολόγος","phrases":[{"type":"❓","phrase":"Τι κάνει ένας αρχαιολόγος;"},{"type":"🙋","phrase":"Θέλω να γίνω αρχαιολόγος."}]},{"slug":"musician","title":"Μουσικός","phrases":[{"type":"❓","phrase":"Τι κάνει ένας μουσικός;"},{"type":"🙋","phrase":"Θέλω να γίνω μουσικός."}]},{"slug":"magician","title":"Μάγος","phrases":[{"type":"❓","phrase":"Τι κάνει ένας μάγος;"},{"type":"🙋","phrase":"Θέλω να γίνω μάγος."}]},{"slug":"soccer-player","title":"Ποδοσφαιριστής","phrases":[{"type":"❓","phrase":"Τι κάνει ένας ποδοσφαιριστής;"},{"type":"🙋","phrase":"Θέλω να γίνω ποδοσφαιριστής."}]},{"slug":"postwoman","title":"Ταχυδρόμος","phrases":[{"type":"❓","phrase":"Τι κάνει μια γυναίκα!"},{"type":"🙋","phrase":"Θέλω να γίνω γυναίκα."}]},{"slug":"firefighter","title":"Πυροσβέστης","phrases":[{"type":"❓","phrase":"Τι κάνει ο πυροσβέστης;"},{"type":"🙋","phrase":"Θέλω να γίνω πυροσβέστης."}]},{"slug":"scientist","title":"Επιστήμονας","phrases":[{"type":"❓","phrase":"Τι κάνει ένας επιστήμονας;"},{"type":"🙋","phrase":"Θέλω να γίνω επιστήμονας."}]},{"slug":"gardener","title":"Κηπουρός","phrases":[{"type":"❓","phrase":"Τι κάνει ένας κηπουρός;"},{"type":"🙋","phrase":"Θέλω να γίνω κηπουρός."}]},{"slug":"butcher","title":"Σφάζω","phrases":[{"type":"❓","phrase":"Τι κάνει ο χασάπης;"},{"type":"🙋","phrase":"Θέλω να γίνω κρεοπωλείο."}]},{"slug":"veterinarian","title":"Κτηνίατρος","phrases":[{"type":"❓","phrase":"Τι κάνει ένας κτηνίατρος;"},{"type":"🙋","phrase":"Θέλω να γίνω κτηνίατρος."}]},{"slug":"lumber-jack","title":"Υποδοχή ξυλείας","phrases":[{"type":"❓","phrase":"Τι κάνει η υποδοχή ξυλείας;"},{"type":"🙋","phrase":"Θέλω να γίνω γρύλος ξυλείας."}]},{"slug":"miner","title":"Μεταλλωρύχος","phrases":[{"type":"❓","phrase":"Τι κάνει ο ανθρακωρύχος;"},{"type":"🙋","phrase":"Θέλω να γίνω ανθρακωρύχος."}]},{"slug":"nun","title":"Καλόγρια","phrases":[{"type":"❓","phrase":"Τι κάνει μια καλόγρια;"},{"type":"🙋","phrase":"Θέλω να γίνω μοναχή."}]},{"slug":"fisher-woman","title":"Γυναίκα Φίσερ","phrases":[{"type":"❓","phrase":"Τι κάνει μια γυναίκα ψαράς;"},{"type":"🙋","phrase":"Θέλω να γίνω ψαράς."}]},{"slug":"hair-dresser","title":"Κομμωτής","phrases":[{"type":"❓","phrase":"Τι κάνει το κομμωτήριο;"},{"type":"🙋","phrase":"Θέλω να γίνω κομμωτήριο."}]},{"slug":"mechanic","title":"Μηχανικός","phrases":[{"type":"❓","phrase":"Τι κάνει ένας μηχανικός;"},{"type":"🙋","phrase":"Θέλω να γίνω μηχανικός."}]},{"slug":"electrician","title":"Ηλεκτρολόγος","phrases":[{"type":"❓","phrase":"Τι κάνει ένας ηλεκτρολόγος;"},{"type":"🙋","phrase":"Θέλω να γίνω ηλεκτρολόγος."}]},{"slug":"swimmer","title":"Κολυμβητής","phrases":[{"type":"❓","phrase":"Τι κάνει ο κολυμβητής;"},{"type":"🙋","phrase":"Θέλω να γίνω κολυμβητής."}]},{"slug":"photographer","title":"Φωτογράφος","phrases":[{"type":"❓","phrase":"Τι κάνει ένας φωτογράφος;"},{"type":"🙋","phrase":"Θέλω να γίνω φωτογράφος."}]},{"slug":"priest","title":"Παπάς","phrases":[{"type":"❓","phrase":"Τι κάνει ένας ιερέας;"},{"type":"🙋","phrase":"Θέλω να γίνω ιερέας."}]},{"slug":"soldier","title":"Στρατιώτης","phrases":[{"type":"❓","phrase":"Τι κάνει ένας στρατιώτης;"},{"type":"🙋","phrase":"Θέλω να γίνω στρατιώτης."}]},{"slug":"carpenter","title":"Ξυλουργός","phrases":[{"type":"❓","phrase":"Τι κάνει ένας ξυλουργός;"},{"type":"🙋","phrase":"Θέλω να γίνω ξυλουργός."}]},{"slug":"plumber","title":"Υδραυλικός","phrases":[{"type":"❓","phrase":"Τι κάνει ο υδραυλικός;"},{"type":"🙋","phrase":"Θέλω να γίνω υδραυλικός."}]},{"slug":"wall-painter","title":"Ζωγράφος τοίχου","phrases":[{"type":"❓","phrase":"Τι κάνει ένας ζωγράφος τοίχου;"},{"type":"🙋","phrase":"Θέλω να γίνω ζωγράφος τοίχου."}]},{"slug":"nurse","title":"Νοσοκόμα","phrases":[{"type":"❓","phrase":"Τι κάνει μια νοσοκόμα;"},{"type":"🙋","phrase":"Θέλω να γίνω νοσοκόμα."}]},{"slug":"judge","title":"Δικαστής","phrases":[{"type":"❓","phrase":"Τι κάνει ένας δικαστής;"},{"type":"🙋","phrase":"Θέλω να γίνω δικαστής."}]},{"slug":"waiter","title":"Σερβιτόρος","phrases":[{"type":"❓","phrase":"Τι κάνει ένας σερβιτόρος;"},{"type":"🙋","phrase":"Θέλω να γίνω σερβιτόρος."}]},{"slug":"pilot","title":"Πιλότος","phrases":[{"type":"❓","phrase":"Τι κάνει ένας πιλότος;"},{"type":"🙋","phrase":"Θέλω να γίνω πιλότος."}]},{"slug":"welder","title":"Μεταλοκολλητής","phrases":[{"type":"❓","phrase":"Τι κάνει ο οξυγονοκολλητής;"},{"type":"🙋","phrase":"Θέλω να γίνω οξυγονοκολλητής."}]},{"slug":"executive","title":"Εκτελεστικός","phrases":[{"type":"❓","phrase":"Τι κάνει ένα στέλεχος;"},{"type":"🙋","phrase":"Θέλω να γίνω στέλεχος."}]},{"slug":"hostess","title":"Οικοδέσποινα","phrases":[{"type":"❓","phrase":"Τι κάνει μια οικοδέσποινα;"},{"type":"🙋","phrase":"Θέλω να γίνω οικοδέσποινα."}]}]