[{"slug":"confetti","title":"Κομφετί","phrases":[{"type":"❤️","phrase":"Μου αρέσει το κομφετί."},{"type":"🙋","phrase":"Μπορώ να βάλω το κομφετί;"}]},{"slug":"party-blower","title":"Φυσητήρας πάρτι","phrases":[{"type":"❤️","phrase":"Μου αρέσουν οι ανεμιστήρες πάρτι."},{"type":"🔊","phrase":"Είναι ο φυσητήρας του πάρτι μου θορυβώδης;"}]},{"slug":"gift","title":"Δώρο","phrases":[{"type":"❤️","phrase":"Μου αρέσουν τα δώρα."},{"type":"🎁","phrase":"Τι μου πήρες ως δώρο;"}]},{"slug":"candle","title":"Κερί","phrases":[{"type":"❤️","phrase":"Μου αρέσουν τα κεριά πάρτι."},{"type":"🕯️","phrase":"Μπορώ να φυσήσω τα κεριά;"},{"type":"🎂","phrase":"Πόσα κεριά υπάρχουν;"}]},{"slug":"party-hat","title":"Καπέλο για πάρτι","phrases":[{"type":"❤️","phrase":"Μου αρέσει να φοράω καπέλο πάρτι."},{"type":"👚","phrase":"Θα φορέσω καπέλο για πάρτι κατά τη διάρκεια του πάρτι."}]},{"slug":"balloons","title":"Μπαλόνια","phrases":[{"type":"❤️","phrase":"Μου αρέσουν τα μπαλόνια."},{"type":"🎈","phrase":"Μπορώ να σκάσω τα μπαλόνια;"}]},{"slug":"garlands","title":"Γιρλάντες","phrases":[{"type":"❤️","phrase":"Μου αρέσουν οι γιρλάντες."},{"type":"🙋","phrase":"Θέλω να φορέσω γιρλάντες στο πάρτι μου."},{"type":"🙋","phrase":"Μπορείς να βάλεις αυτές τις γιρλάντες στο χέρι μου;"}]},{"slug":"cake","title":"Κέικ","phrases":[{"type":"❤️","phrase":"Μου αρέσει να τρώω τούρτα."},{"type":"🙋","phrase":"Μπορώ να έχω ένα κομμάτι κέικ;"}]},{"slug":"ice-cream","title":"Παγωτό","phrases":[{"type":"❤️","phrase":"Μου αρέσει να τρώω παγωτό."},{"type":"🍭","phrase":"Ποια είναι η αγαπημένη σας γεύση;"}]},{"slug":"microphone","title":"Μικρόφωνο","phrases":[{"type":"❤️","phrase":"Μου αρέσει να παίζω καραόκε."},{"type":"❤️","phrase":"Μου αρέσει να τραγουδάω."}]},{"slug":"music","title":"ΜΟΥΣΙΚΗ","phrases":[{"type":"❤️","phrase":"Μου αρέσει να παίζω μουσική."},{"type":"🎶","phrase":"Τι είδος μουσικής σου αρέσει?"}]},{"slug":"magician","title":"Μάγος","phrases":[{"type":"❤️","phrase":"Μου αρέσουν οι μάγοι."},{"type":"✨","phrase":"Θέλω να γίνω μάγος."},{"type":"🙋","phrase":"Μπορείτε να μου μάθετε μερικά μαγικά κόλπα;"}]},{"slug":"taking-photos","title":"Φωτογραφίζω","phrases":[{"type":"❤️","phrase":"Μου αρέσει να τραβάω φωτογραφίες."},{"type":"🙋","phrase":"Μπορώ να τραβήξω φωτογραφίες χρησιμοποιώντας το τηλέφωνό σας;"}]},{"slug":"invitation","title":"Πρόσκληση","phrases":[{"type":"📧","phrase":"Έλαβα πρόσκληση."},{"type":"📨","phrase":"Μπορώ να προσκαλέσω τους φίλους μου στο πάρτι;"},{"type":"📨","phrase":"Μπορώ να προσκαλέσω τους φίλους μου στο πάρτι γενεθλίων μου;"},{"type":"📨","phrase":"Μπορούμε να προσκαλέσουμε τους φίλους μου στο πάρτι της αδερφής μου;"},{"type":"📨","phrase":"Μπορούμε να προσκαλέσουμε τους φίλους μου στο πάρτι του αδερφού μου;"}]},{"slug":"candy","title":"Καραμέλα","phrases":[{"type":"❤️","phrase":"Μου αρέσουν τα γλυκά."},{"type":"🙋","phrase":"Μπορώ να φάω λίγο καραμέλα;"}]},{"slug":"popsicle","title":"παγωτό ξυλάκι","phrases":[{"type":"❤️","phrase":"Μου αρέσει το popsicle."},{"type":"🙋","phrase":"Μπορώ να φάω λίγο popsicle;"},{"type":"🙋","phrase":"Μπορούμε να φτιάξουμε κάποια σωματίδια;"},{"type":"🙋","phrase":"Θέλετε να φάτε popsicle;"}]},{"slug":"cupcake","title":"Κεκάκι","phrases":[{"type":"❤️","phrase":"Μου αρέσει το cupcake."},{"type":"🙋","phrase":"Μπορώ να φάω ένα cupcake;"}]},{"slug":"costume","title":"Ενδυμασία","phrases":[{"type":"❤️","phrase":"Μου αρέσει να φοράω φορεσιά."},{"type":"🦸","phrase":"Μπορώ να φορέσω κοστούμι αράχνη;"},{"type":"🦸‍♂️","phrase":"Μπορώ να φορέσω φορεσιά batman;"},{"type":"🦸‍♀️","phrase":"Μπορώ να φορέσω μια φοβερή φορεσιά;"}]},{"slug":"party-glasses","title":"Γυαλιά πάρτι","phrases":[{"type":"❤️","phrase":"Μου αρέσουν τα γυαλιά πάρτι."},{"type":"🙋","phrase":"Μπορώ να φορέσω γυαλιά πάρτι;"}]},{"slug":"spotlights","title":"Προβολείς","phrases":[{"type":"❤️","phrase":"Μου αρέσουν οι προβολείς."},{"type":"❌","phrase":"Δεν μου αρέσουν οι προβολείς."}]},{"slug":"marshmallow","title":"Marshmallow","phrases":[{"type":"❤️","phrase":"Μου αρέσει marshmallow."},{"type":"🔥","phrase":"Μαγειρεύω marshmallow πάνω από φωτιά στο στρατόπεδο."},{"type":"🙋","phrase":"Θέλω να φάω καραμέλες."}]},{"slug":"guacamole","title":"Γκουακαμόλη","phrases":[{"type":"❤️","phrase":"Μου αρέσει η γκουακαμόλη."},{"type":"🙋","phrase":"Μπορώ να φάω κάποια γκουακαμόλη;"},{"type":"❌","phrase":"Δεν μου αρέσει να τρώω γκουακαμόλη."}]},{"slug":"hotdog","title":"Λουκάνικο","phrases":[{"type":"❤️","phrase":"Μου αρέσει το χοτ ντογκ."},{"type":"🙋","phrase":"Μπορώ να λάβω ένα hotdog;"},{"type":"❌","phrase":"Δεν μου αρέσει να τρώω χοτ ντογκ."},{"type":"🙋","phrase":"Μπορώ να φάω μερικά χοτ ντογκ;"}]},{"slug":"bouncy-castle","title":"Bouncy κάστρο","phrases":[{"type":"❤️","phrase":"Μου αρέσει το κάστρο."},{"type":"🙋","phrase":"Θέλω να παίξω στο κάστρο."},{"type":"🙋","phrase":"Ας παίξουμε στο κάστρο."}]},{"slug":"clown","title":"Κλόουν","phrases":[{"type":"❤️","phrase":"Μου αρέσουν οι κλόουν."},{"type":"❌","phrase":"Δεν μου αρέσουν οι κλόουν."},{"type":"🙋","phrase":"Θέλω να γίνω κλόουν."}]},{"slug":"magic-hat","title":"Μαγικό καπέλο","phrases":[{"type":"❤️","phrase":"Μου αρέσουν τα μαγικά καπέλα."},{"type":"🧙‍♂️","phrase":"Είμαι μάγος!"},{"type":"🙋","phrase":"Θέλω σαν μαγεία."}]},{"slug":"dart-board","title":"Πίνακας βελών","phrases":[{"type":"❤️","phrase":"Μου αρέσει να παίζω βελάκι."},{"type":"🎯","phrase":"Το παιχνίδι με βελάκια μπορεί να είναι επικίνδυνο."}]}]