[{"slug":"mother","title":"Μητέρα","phrases":[{"type":"⁉️","phrase":"Μανούλα!"},{"type":"💘","phrase":"Αγαπώ τη μητέρα μου."},{"type":"❤️","phrase":"Μαμά σ'αγαπώ."},{"type":"☹️","phrase":"Μου λείπει η μαμά μου."},{"type":"🙏🏼","phrase":"Σας ευχαριστώ που με φροντίσατε."},{"type":"👉🏼","phrase":"Είναι η μητέρα μου."},{"type":"❓","phrase":"Μπορείς να με βοηθήσεις να βρω τη μητέρα μου;"}]},{"slug":"father","title":"Πατέρας","phrases":[{"type":"⁉️","phrase":"Πατερούλης!"},{"type":"💘","phrase":"Αγαπάω τον πατέρα μου."},{"type":"❤️","phrase":"Σε αγαπάω μπαμπά."},{"type":"☹️","phrase":"Μου λείπει ο μπαμπάς μου."},{"type":"🙏🏼","phrase":"Σας ευχαριστώ που με φροντίσατε."},{"type":"👉🏼","phrase":"Αυτός είναι ο μπαμπάς μου."},{"type":"❓","phrase":"Μπορείς να με βοηθήσεις να βρω τον πατέρα μου;"}]},{"slug":"parents","title":"Γονείς","phrases":[{"type":"💑","phrase":"Αγαπώ τους γονείς μου."},{"type":"💘","phrase":"Αγαπώ τους γονείς μου."},{"type":"☹️","phrase":"Μου λείπουν οι γονείς μου."},{"type":"👉🏼","phrase":"Αυτοί είναι οι γονείς μου."},{"type":"👨‍👩‍👧","phrase":"Οι γονείς μου με φροντίζουν."},{"type":"❓","phrase":"Μπορείτε να με βοηθήσετε να βρω τους γονείς μου;"}]},{"slug":"grandparents","title":"Παππούς και γιαγιά","phrases":[{"type":"💑","phrase":"Λατρεύω τους παππούδες μου."},{"type":"💘","phrase":"Σε αγαπώ παππούδες."},{"type":"☹️","phrase":"Μου λείπουν οι παππούδες μου."},{"type":"👉🏼","phrase":"Είναι οι παππούδες μου."},{"type":"👨‍👩‍👧","phrase":"Οι παππούδες μου με φροντίζουν."},{"type":"❓","phrase":"Μπορείς να με βοηθήσεις να βρω τους παππούδες μου;"}]},{"slug":"brother","title":"Αδελφός","phrases":[{"type":"💑","phrase":"Αγαπώ τον αδερφό μου."},{"type":"💘","phrase":"Σε αγαπώ αδερφέ."},{"type":"☹️","phrase":"Μου λείπει ο αδερφός μου."},{"type":"👉🏼","phrase":"Είναι ο αδελφός μου."},{"type":"🙎‍♂️","phrase":"Ο αδερφός μου με φροντίζει."},{"type":"❓","phrase":"Μπορείς να με βοηθήσεις να βρω τον αδερφό μου;"}]},{"slug":"sister","title":"Αδελφή","phrases":[{"type":"💑","phrase":"Αγαπώ την αδερφή μου."},{"type":"💘","phrase":"Αγαπώ την αδερφή σου."},{"type":"☹️","phrase":"Μου λειπει η αδερφη μου."},{"type":"👉🏼","phrase":"Αυτή είναι η αδερφή μου."},{"type":"🙍‍♀️","phrase":"Η αδερφή μου με φροντίζει."},{"type":"❓","phrase":"Μπορείς να με βοηθήσεις να βρω την αδερφή μου;"}]},{"slug":"uncle","title":"Θείος","phrases":[{"type":"💑","phrase":"Λατρεύω τον θείο μου."},{"type":"💘","phrase":"Σε αγαπώ θείε."},{"type":"☹️","phrase":"Μου λείπει ο θείος μου."},{"type":"👉🏼","phrase":"Αυτός είναι ο θείος μου."},{"type":"❓","phrase":"Μπορείς να με βοηθήσεις να βρω τον θείο μου;"}]},{"slug":"aunt","title":"Θεία","phrases":[{"type":"💑","phrase":"Λατρεύω τη θεία μου."},{"type":"💘","phrase":"Σε αγαπώ θεία."},{"type":"☹️","phrase":"Μου λείπει η θεία μου."},{"type":"👉🏼","phrase":"Είναι η θεία μου."},{"type":"❓","phrase":"Μπορείς να με βοηθήσεις να βρω τη θεία μου;"}]},{"slug":"teacher","title":"Δάσκαλος","phrases":[{"type":"💑","phrase":"Λατρεύω τον δάσκαλό μου."},{"type":"💘","phrase":"Σ 'αγαπώ δασκάλα."},{"type":"💔","phrase":"Δεν μου αρέσει ο δάσκαλός μου."},{"type":"☹️","phrase":"Μου λείπει ο δάσκαλός μου."},{"type":"🙏🏼","phrase":"Ευχαριστώ για το μάθημα."}]},{"slug":"therapist","title":"Θεραπευτής","phrases":[{"type":"💑","phrase":"Λατρεύω τον θεραπευτή μου."},{"type":"💘","phrase":"Σε αγαπώ θεραπευτή."},{"type":"💔","phrase":"Δεν μου αρέσει ο θεραπευτής μου."},{"type":"☹️","phrase":"Μου λείπει ο θεραπευτής μου."},{"type":"🙏🏼","phrase":"Ευχαριστώ για τη συνεδρία."}]},{"slug":"doctor","title":"Γιατρός","phrases":[{"type":"💑","phrase":"Λατρεύω τον γιατρό μου."},{"type":"💘","phrase":"Σ 'αγαπώ γιατρό."},{"type":"💔","phrase":"Δεν μου αρέσει ο γιατρός μου."},{"type":"☹️","phrase":"Μου λείπει ο γιατρός μου."},{"type":"🙏🏼","phrase":"Σας ευχαριστώ που με θεραπεύσατε."}]},{"slug":"friends","title":"Οι φιλοι","phrases":[{"type":"💑","phrase":"Αγαπώ τους φίλους μου."},{"type":"❓","phrase":"Θέλεις να γίνεις φίλος μου?"},{"type":"💔","phrase":"Δεν μου αρέσουν οι φίλοι μου."},{"type":"☹️","phrase":"Μου λείπουν οι φίλοι μου."},{"type":"👉🏼","phrase":"Είναι οι φίλοι μου."},{"type":"🙏🏼","phrase":"Σας ευχαριστώ που παίξατε μαζί μου."}]},{"slug":"cousins","title":"Ξαδερφια","phrases":[{"type":"💑","phrase":"Λατρεύω τα ξαδέρφια μου."},{"type":"❌","phrase":"Δεν έχω ξαδέλφια."},{"type":"☹️","phrase":"Μου λείπουν τα ξαδέρφια μου."},{"type":"👉🏼","phrase":"Αυτοί είναι τα ξαδέρφια μου."}]},{"slug":"grandmother","title":"Γιαγιά","phrases":[{"type":"💑","phrase":"Λατρεύω τη γιαγιά μου."},{"type":"💘","phrase":"Αγαπώ την γιαγιά σου."},{"type":"☹️","phrase":"Μου λείπει η γιαγιά μου."},{"type":"👉🏼","phrase":"Είναι η γιαγιά μου."}]},{"slug":"grandfather","title":"Παππούς","phrases":[{"type":"💑","phrase":"Λατρεύω τον παππού μου."},{"type":"💘","phrase":"Σε αγαπώ παππού."},{"type":"☹️","phrase":"Μου λείπει ο παππούς μου."},{"type":"👉🏼","phrase":"Αυτός είναι ο παππούς μου."}]},{"slug":"stepfather","title":"Πατριός","phrases":[{"type":"💑","phrase":"Λατρεύω τον πατριό μου."},{"type":"👉🏼","phrase":"Είναι ο πατέρας μου."},{"type":"☹️","phrase":"Μου λείπει ο πατέρας μου."},{"type":"👉🏼","phrase":"Είναι ο πατέρας μου."}]},{"slug":"stepmother","title":"Μητριά","phrases":[{"type":"💑","phrase":"Λατρεύω τη μητριά μου."},{"type":"👉🏼","phrase":"Είναι η μητριά μου."},{"type":"☹️","phrase":"Μου λείπει η μητριά μου."},{"type":"👉🏼","phrase":"Είναι η μητριά μου."}]},{"slug":"stepsister","title":"Θετή αδερφή","phrases":[{"type":"💑","phrase":"Λατρεύω τον αδερφό μου."},{"type":"👉🏼","phrase":"Είναι η αδερφή μου."},{"type":"☹️","phrase":"Μου λείπει ο αδερφός μου."},{"type":"👉🏼","phrase":"Είναι η αδερφή μου."}]},{"slug":"stepbrother","title":"Ετεροθαλης αδερφος","phrases":[{"type":"💑","phrase":"Λατρεύω τον πατριό μου."},{"type":"👉🏼","phrase":"Είναι ο πατέρας μου."},{"type":"☹️","phrase":"Μου λείπει ο πατέρας μου."},{"type":"👉🏼","phrase":"Είναι ο πατέρας μου."}]},{"slug":"half-brother","title":"Ετεροθαλής αδελφός","phrases":[{"type":"💑","phrase":"Αγαπώ τον αδερφό μου."},{"type":"👉🏼","phrase":"Είναι ο μισός αδερφός μου."},{"type":"☹️","phrase":"Μου λείπει ο μισός αδερφός μου."},{"type":"👉🏼","phrase":"Είναι ο μισός αδερφός μου."}]},{"slug":"half-sister","title":"Ετεροθαλής αδελφή","phrases":[{"type":"💑","phrase":"Λατρεύω τη μισή αδερφή μου."},{"type":"👉🏼","phrase":"Είναι η μισή αδερφή μου."},{"type":"☹️","phrase":"Μου λείπει η μισή αδερφή μου."},{"type":"👉🏼","phrase":"Είναι η μισή αδερφή μου."}]}]