[{"slug":"captain","title":"Καπετάνιος","phrases":[]},{"slug":"pirate-crew","title":"Πειρατικό πλήρωμα","phrases":[]},{"slug":"treasure","title":"Θησαυρός","phrases":[]},{"slug":"hook","title":"Αγκιστρο","phrases":[]},{"slug":"compass","title":"Πυξίδα","phrases":[]},{"slug":"pirate-ship","title":"Πειρατικό καράβι","phrases":[]},{"slug":"pirate-gun","title":"Πειρατικό όπλο","phrases":[]},{"slug":"pirate-sword","title":"Πειρατικό σπαθί","phrases":[]},{"slug":"barrel","title":"Βαρέλι","phrases":[]},{"slug":"pirate-flag","title":"Πειρατική σημαία","phrases":[]},{"slug":"treasure-map","title":"ΧΑΡΤΗΣ ΘΗΣΑΥΡΟΥ","phrases":[]},{"slug":"spyglass","title":"Spyglass","phrases":[]},{"slug":"cannon","title":"Κανόνι","phrases":[]},{"slug":"helm","title":"Τιμόνι","phrases":[]},{"slug":"lighthouse","title":"Φάρος","phrases":[]},{"slug":"anchor","title":"Αγκυρα","phrases":[]},{"slug":"bomb","title":"Βόμβα","phrases":[]},{"slug":"coin","title":"Νόμισμα","phrases":[]},{"slug":"candle","title":"Κερί","phrases":[]},{"slug":"knife","title":"Μαχαίρι","phrases":[]}]