[{"slug":"park","title":"Πάρκο","phrases":[{"type":"🙋","phrase":"Θέλω να πάω στο πάρκο."},{"type":"☝️","phrase":"Μπορείς να με πάρεις στο πάρκο;"},{"type":"💡","phrase":"Μπορώ να παίξω στο πάρκο."}]},{"slug":"mall","title":"Εμπορικό κέντρο","phrases":[{"type":"🙋","phrase":"Θέλω να πάω στο εμπορικό κέντρο."},{"type":"☝️","phrase":"Μπορείτε να με πάρετε στο εμπορικό κέντρο;"},{"type":"💡","phrase":"Μπορώ να ψωνίσω στο εμπορικό κέντρο."}]},{"slug":"restaurant","title":"Εστιατόριο","phrases":[{"type":"🙋","phrase":"Θέλω να πάω στο εστιατόριο."},{"type":"☝️","phrase":"Μπορείτε να με πάρετε στο εστιατόριο;"},{"type":"💡","phrase":"Μπορώ να φάω ένα γεύμα στο εστιατόριο."}]},{"slug":"cinema","title":"Κινηματογράφος","phrases":[{"type":"🙋","phrase":"Θέλω να πάω στον κινηματογράφο."},{"type":"☝️","phrase":"Μπορείτε να με πάρετε στον κινηματογράφο;"},{"type":"💡","phrase":"Μπορώ να παρακολουθήσω μια ταινία στον κινηματογράφο."}]},{"slug":"school","title":"Σχολείο","phrases":[{"type":"🙋","phrase":"Θέλω να πάω στο σχολείο."},{"type":"☝️","phrase":"Μπορείτε να με πάρετε στο σχολείο;"},{"type":"💡","phrase":"Μπορώ να μάθω στο σχολείο."}]},{"slug":"library","title":"Βιβλιοθήκη","phrases":[{"type":"🙋","phrase":"Θέλω να πάω στη βιβλιοθήκη."},{"type":"☝️","phrase":"Μπορείτε να με πάρετε στη βιβλιοθήκη;"},{"type":"💡","phrase":"Μπορώ να σπουδάσω στη βιβλιοθήκη."}]},{"slug":"fair","title":"Εκθεση","phrases":[{"type":"🙋","phrase":"Θέλω να πάω στην έκθεση."},{"type":"☝️","phrase":"Μπορείς να με πάρεις στο δίκαιο;"},{"type":"💡","phrase":"Μπορώ να διασκεδάσω στην έκθεση."}]},{"slug":"drugstore","title":"Φαρμακείο","phrases":[{"type":"🙋","phrase":"Θέλω να πάω σε φαρμακείο."},{"type":"☝️","phrase":"Μπορείτε να με πάρετε στο φαρμακείο;"},{"type":"💡","phrase":"Μπορώ να αγοράσω το φάρμακό μου στο φαρμακείο."}]},{"slug":"hospital","title":"Νοσοκομείο","phrases":[{"type":"🙋","phrase":"Θέλω να πάω στο νοσοκομείο."},{"type":"☝️","phrase":"Μπορείτε να με πάρετε στο νοσοκομείο;"},{"type":"💡","phrase":"Άρρωστοι μπορούν να πάνε στο νοσοκομείο."}]},{"slug":"amusement-park","title":"Λούνα παρκ","phrases":[{"type":"🙋","phrase":"Θέλω να πάω σε λούνα παρκ."},{"type":"☝️","phrase":"Μπορείτε να με πάρετε στο λούνα παρκ;"},{"type":"💡","phrase":"Μπορώ να διασκεδάσω στο λούνα παρκ."}]},{"slug":"dormitory","title":"Υπνωτήριο","phrases":[{"type":"🙋","phrase":"Θέλω να πάω σε κοιτώνα."},{"type":"☝️","phrase":"Μπορείτε να με πάρετε σε κοιτώνα;"},{"type":"💡","phrase":"Μπορώ να μείνω σε κοιτώνα."}]},{"slug":"laundry-place","title":"Χώρος πλυντηρίου","phrases":[{"type":"🙋","phrase":"Θέλω να πάω στο πλυντήριο."},{"type":"☝️","phrase":"Μπορείτε να με πάρετε στο πλυντήριο;"},{"type":"💡","phrase":"Μπορώ να καθαρίσω τα ρούχα μου στο πλυντήριο."}]},{"slug":"barber-shop","title":"ΚΟΥΡΕΙΟ","phrases":[{"type":"🙋","phrase":"Θέλω να πάω στο κουρείο."},{"type":"☝️","phrase":"Μπορείτε να με πάρετε στο κουρείο;"},{"type":"💡","phrase":"Μπορώ να κάνω κούρεμα στο κουρείο."}]},{"slug":"hotel","title":"Ξενοδοχειο","phrases":[{"type":"🙋","phrase":"Θέλω να πάω στο ξενοδοχείο."},{"type":"☝️","phrase":"Μπορείτε να με πάρετε στο ξενοδοχείο;"},{"type":"💡","phrase":"Μπορώ να μείνω σε ένα ξενοδοχείο."}]},{"slug":"kindergarten","title":"Νηπιαγωγείο","phrases":[{"type":"🙋","phrase":"Θέλω να πάω στο νηπιαγωγείο."},{"type":"☝️","phrase":"Μπορείτε να με πάρετε στο νηπιαγωγείο;"}]},{"slug":"parking-lot","title":"Παρκινγκ","phrases":[{"type":"🙋","phrase":"Θέλω να πάω στο πάρκινγκ."},{"type":"☝️","phrase":"Μπορείτε να με πάρετε στο πάρκινγκ;"}]},{"slug":"elevator","title":"Ανελκυστήρας","phrases":[{"type":"🙋","phrase":"Θέλω να χρησιμοποιήσω το ασανσέρ."},{"type":"💗","phrase":"Μου αρέσει να χρησιμοποιώ το ασανσέρ;"},{"type":"💡","phrase":"Μπορώ να πάω στον επάνω όροφο χρησιμοποιώντας ασανσέρ."}]},{"slug":"bank","title":"Τράπεζα","phrases":[{"type":"🙋","phrase":"Θέλω να πάω στην τράπεζα."},{"type":"☝️","phrase":"Μπορείτε να με πάρετε στην τράπεζα;"},{"type":"💡","phrase":"Μπορώ να κάνω ανάληψη χρημάτων στην τράπεζα."}]},{"slug":"skycraper","title":"Skycraper","phrases":[{"type":"🙋","phrase":"Θέλω να πάω στο skycraper."},{"type":"☝️","phrase":"Μπορείτε να με πάρετε στο skycraper;"}]},{"slug":"stadium","title":"Στάδιο","phrases":[{"type":"🙋","phrase":"Θέλω να πάω στο γήπεδο."},{"type":"☝️","phrase":"Μπορείτε να με πάρετε στο γήπεδο;"}]},{"slug":"cruise-ship","title":"Κρουαζιερόπλοιο","phrases":[{"type":"🙋","phrase":"Θέλω να επιβιβαστώ σε κρουαζιερόπλοιο."},{"type":"☝️","phrase":"Μπορείτε να με πάρετε στο κρουαζιερόπλοιο;"}]},{"slug":"forest","title":"Δάσος","phrases":[{"type":"🙋","phrase":"Θέλω να πάω στο δάσος."},{"type":"☝️","phrase":"Μπορείτε να με πάρετε στο δάσος;"}]},{"slug":"tent","title":"Σκηνή","phrases":[{"type":"🙋","phrase":"Θέλω να πάω στη σκηνή."},{"type":"☝️","phrase":"Μπορούμε να μείνουμε σε σκηνή;"}]},{"slug":"beach","title":"Παραλία","phrases":[{"type":"🙋","phrase":"Θέλω να πάω στην παραλία."},{"type":"☝️","phrase":"Μπορείς να με πάρεις στην παραλία;"},{"type":"💡","phrase":"Μπορώ να κάνω ηλιοθεραπεία στην παραλία."}]}]