[{"slug":"protective-mask","title":"Προστατευτική μάσκα","phrases":[{"type":"🛡️","phrase":"Χρησιμοποιώ προστατευτική μάσκα."},{"type":"😷","phrase":"Δεν μπορώ να βγω έξω χωρίς προστατευτική μάσκα."}]},{"slug":"stay-home","title":"Μείνε σπίτι","phrases":[{"type":"🏠","phrase":"Πρέπει να μείνεις σπίτι."},{"type":"🏡","phrase":"Μένω στο σπίτι."}]},{"slug":"toilet-paper","title":"Χαρτί υγείας","phrases":[]},{"slug":"sprayer","title":"Ψεκαστήρας","phrases":[]},{"slug":"disinfectant","title":"Απολυμαντικό","phrases":[{"type":"🧼","phrase":"Χρησιμοποιώ απολυμαντικό."},{"type":"🙋","phrase":"Μπορείτε να με βοηθήσετε να χρησιμοποιήσω απολυμαντικό;"}]},{"slug":"coughing","title":"Βήχα","phrases":[{"type":"🤒","phrase":"Βήχα."},{"type":"🏥","phrase":"Ο βήχας είναι ένα σύμπτωμα για τον ιό."}]},{"slug":"medical-assistance","title":"Ιατρική βοήθεια","phrases":[{"type":"⚕️","phrase":"Χρειάζομαι ιατρική βοήθεια."},{"type":"❓","phrase":"Χρειάζεστε ιατρική βοήθεια;"}]},{"slug":"hand-sanitizer","title":"Απολυμαντικό χεριών","phrases":[{"type":"🚰","phrase":"Χρησιμοποιώ απολυμαντικό χεριών."},{"type":"🙋","phrase":"Μπορείτε να με βοηθήσετε να χρησιμοποιήσω απολυμαντικό χεριών;"}]},{"slug":"gloves","title":"Γάντια","phrases":[{"type":"🧤","phrase":"Χρησιμοποιώ γάντια."},{"type":"🙋","phrase":"Μπορείτε να με βοηθήσετε να φορέσω τα γάντια μου;"}]},{"slug":"social-distancing","title":"Κοινωνική αποστασιοποίηση","phrases":[{"type":"🖐️","phrase":"Ασκώ κοινωνικές αποστάσεις."},{"type":"📏","phrase":"Πρέπει να διατηρήσουμε την απόσταση μεταξύ μας."}]},{"slug":"mouth-mask","title":"Στοματική μάσκα","phrases":[{"type":"😷","phrase":"Χρησιμοποιώ μάσκα στόματος."},{"type":"🏡","phrase":"Δεν μπορώ να βγω χωρίς μάσκα στόματος."}]},{"slug":"pandemic","title":"Πανδημία","phrases":[{"type":"🌐","phrase":"Τι είναι η πανδημία;"},{"type":"⏱️","phrase":"Πότε θα τελειώσει η πανδημία;"},{"type":"⌚","phrase":"Υπάρχει μια πανδημία."}]},{"slug":"working-at-home","title":"Εργασία στο σπίτι","phrases":[{"type":"🏠","phrase":"Δουλεύω στο σπίτι."},{"type":"👪","phrase":"Οι γονείς μου εργάζονται στο σπίτι."}]},{"slug":"wet-wipes","title":"Υγρά μαντηλάκια","phrases":[{"type":"🤧","phrase":"Χρειάζομαι βρεγμένα μαντηλάκια."}]},{"slug":"quarantine","title":"Καραντίνα","phrases":[{"type":"🔲","phrase":"Τι είναι η καραντίνα;"},{"type":"🙋","phrase":"Είμαι σε καραντίνα."}]},{"slug":"first-aid-kit","title":"Κουτί πρώτων βοηθειών","phrases":[{"type":"❓","phrase":"Πού είναι το κουτί πρώτων βοηθειών;"},{"type":"🙋","phrase":"Μπορείτε να με βοηθήσετε να χρησιμοποιήσω το κουτί πρώτων βοηθειών;"}]},{"slug":"fitness","title":"Καταλληλότητα","phrases":[{"type":"🤸","phrase":"Μου αρέσει να κάνω γυμναστική."},{"type":"🤼","phrase":"Μου αρέσει να κάνω γυμναστική."}]},{"slug":"e-learning","title":"Ηλεκτρονική μάθηση","phrases":[{"type":"💻","phrase":"Μαθαίνω από το σπίτι."},{"type":"📱","phrase":"Χρησιμοποιώ εφαρμογές e-learning."}]},{"slug":"virus","title":"Ιός","phrases":[{"type":"🦠","phrase":"Τι είναι ο ιός;"},{"type":"💉","phrase":"Ποια είναι τα συμπτώματα του ιού;"}]},{"slug":"cleaning","title":"Καθάρισμα","phrases":[{"type":"🧼","phrase":"Καθαρίζω το δωμάτιό μου."},{"type":"🔲","phrase":"Η διατήρηση του δωματίου σας καθαρή είναι σημαντική."}]}]