[{"slug":"desk","title":"Γραφείο","phrases":[{"type":"🙋","phrase":"Μπορώ να χρησιμοποιήσω αυτό το γραφείο;"},{"type":"❓","phrase":"Ποιο γραφείο είναι δικό μου;"},{"type":"🥛","phrase":"Χύθηκα στο γραφείο μου."},{"type":"❌","phrase":"Μην ξύνετε το γραφείο σας."}]},{"slug":"chair","title":"Καρέκλα","phrases":[{"type":"🙋","phrase":"Μπορώ να καθίσω μαζί σου;"},{"type":"❓","phrase":"Ποια καρέκλα είναι δική μου;"},{"type":"☝️","phrase":"Έχει ληφθεί αυτή η καρέκλα;"},{"type":"🥛","phrase":"Χύθηκα στην καρέκλα μου."}]},{"slug":"book","title":"Βιβλίο","phrases":[{"type":"📙","phrase":"Βιβλίο"},{"type":"📒","phrase":"ΤΕΤΡΑΔΙΟ ΕΡΓΑΣΙΩΝ"},{"type":"📚","phrase":"Διαβάζοντας ένα βιβλίο."},{"type":"😇","phrase":"Μπορώ να δανειστώ το βιβλίο σας;"},{"type":"📃","phrase":"Σε ποια σελίδα είμαστε;"},{"type":"☝️","phrase":"Αναστρέψτε τη σελίδα."},{"type":"😱","phrase":"Έχασα το βιβλίο μου."}]},{"slug":"notebook","title":"Σημειωματάριο","phrases":[{"type":"📝","phrase":"Κρατάω σημειώσεις."},{"type":"🖐️","phrase":"Παίρνω σημειώσεις."},{"type":"😱","phrase":"Έχασα το σημειωματάριό μου."}]},{"slug":"backpack","title":"ΣΑΚΙΔΙΟ ΠΛΑΤΗΣ","phrases":[{"type":"👜","phrase":"Μεταφέροντας το σακίδιο μου."},{"type":"💡","phrase":"Βάζοντας τα βιβλία μου στο σακίδιο μου."},{"type":"🙋","phrase":"Χρειάζομαι ένα νέο σακίδιο."},{"type":"🙏🏼","phrase":"Σας ευχαριστώ που μεταφέρατε το σακίδιο μου."},{"type":"😱","phrase":"Έχασα το σακίδιο μου."},{"type":"⚖️","phrase":"Το σακίδιο μου είναι βαρύ."}]},{"slug":"blackboard","title":"Μαυροπίνακας","phrases":[{"type":"👀","phrase":"Κοιτάξτε τον πίνακα."},{"type":"🧽","phrase":"Καθαρισμός του μαυροπίνακα."},{"type":"🧮","phrase":"Επίλυση του προβλήματος στον πίνακα."},{"type":"📝","phrase":"Σημείωση στον πίνακα."},{"type":"🖊️","phrase":"Δώσε μου κιμωλία."}]},{"slug":"teacher","title":"Δάσκαλος","phrases":[{"type":"🤔","phrase":"Δεν καταλαβαίνω αυτό το μέρος."},{"type":"🔁","phrase":"Μπορείτε να επαναλάβετε το τελευταίο μέρος;"},{"type":"🚻","phrase":"Μπορώ να πάω στην τουαλέτα?"},{"type":"❓","phrase":"Ποιο θέμα;"},{"type":"😀","phrase":"Μου αρέσει αυτό το θέμα."},{"type":"😔","phrase":"Δεν μου αρέσει αυτό το θέμα."},{"type":"🙏🏼","phrase":"Ευχαριστώ για το μάθημα."}]},{"slug":"school-bus","title":"Σχολικό λεωφορείο","phrases":[{"type":"⌛","phrase":"Το σχολικό λεωφορείο έρχεται."},{"type":"❓","phrase":"Μπορώ να καθίσω δίπλα σου;"},{"type":"🙏🏼","phrase":"Ευχαριστώ οδηγό λεωφορείου!"},{"type":"⏱️","phrase":"Το σχολικό λεωφορείο ήταν αργά."}]},{"slug":"pencil","title":"Μολύβι","phrases":[{"type":"✏️","phrase":"Γράφω."},{"type":"🎓","phrase":"Μαθαίνω να γράφω."},{"type":"🙋","phrase":"Χρειάζομαι ένα νέο μολύβι."},{"type":"😇","phrase":"Μπορώ να δανειστώ το μολύβι σου?"},{"type":"😱","phrase":"Έχασα το μολύβι μου."}]},{"slug":"eraser","title":"Γόμα","phrases":[{"type":"🧽","phrase":"Διαγράφω."},{"type":"🙋","phrase":"Χρειάζομαι μια νέα γόμα."},{"type":"😇","phrase":"Μπορώ να δανειστώ τη γόμα σας;"},{"type":"😱","phrase":"Έχασα τη γόμα μου."}]},{"slug":"ruler","title":"Κυβερνήτης","phrases":[{"type":"📏","phrase":"Μετρούν."},{"type":"🙋","phrase":"Χρειάζομαι ένα νέο χάρακα."},{"type":"😇","phrase":"Μπορώ να δανειστώ τον κυβερνήτη σας;"},{"type":"😱","phrase":"Έχασα τον χάρακα μου."}]},{"slug":"sharpener","title":"Ξύστρα","phrases":[{"type":"🔪","phrase":"Ακονίζω το μολύβι μου."},{"type":"🙋","phrase":"Χρειάζομαι ένα νέο ξύστρα."},{"type":"😇","phrase":"Μπορώ να δανειστώ το ξύστρα σου;"},{"type":"😱","phrase":"Έχασα το ξύστρα μου."}]},{"slug":"mathematics","title":"Μαθηματικά","phrases":[{"type":"❤️","phrase":"Μου αρέσουν τα μαθηματικά."},{"type":"🙋","phrase":"Θέλω να σπουδάσω μαθηματικά."},{"type":"❌","phrase":"Δεν μου αρέσουν τα μαθηματικά."},{"type":"⌚","phrase":"Πότε είναι η τάξη των μαθηματικών;"},{"type":"☝️","phrase":"Μπορείς να με βοηθήσεις με τα μαθηματικά μου;"}]},{"slug":"literature","title":"Βιβλιογραφία","phrases":[{"type":"❤️","phrase":"Μου αρέσει η λογοτεχνία."},{"type":"🙋","phrase":"Θέλω να σπουδάσω λογοτεχνία."},{"type":"❌","phrase":"Δεν μου αρέσει η λογοτεχνία."},{"type":"⌚","phrase":"Πότε είναι το μάθημα λογοτεχνίας;"},{"type":"☝️","phrase":"Μπορείτε να με βοηθήσετε με τη δουλειά της βιβλιογραφίας μου;"}]},{"slug":"science","title":"Επιστήμη","phrases":[{"type":"❤️","phrase":"Μου αρέσει η επιστήμη."},{"type":"🙋","phrase":"Θέλω να σπουδάσω επιστήμη."},{"type":"❌","phrase":"Δεν μου αρέσει η επιστήμη."},{"type":"⌚","phrase":"Πότε είναι το μάθημα της επιστήμης;"},{"type":"☝️","phrase":"Μπορείτε να με βοηθήσετε με την εργασία μου στην επιστήμη;"}]},{"slug":"art-class","title":"Μάθημα τέχνης","phrases":[{"type":"❤️","phrase":"Μου αρέσει το μάθημα τέχνης."},{"type":"🙋","phrase":"Θέλω να εξασκήσω τις δεξιότητες τέχνης."},{"type":"❌","phrase":"Δεν μου αρέσει το μάθημα τέχνης."},{"type":"⌚","phrase":"Πότε είναι το μάθημα τέχνης;"},{"type":"☝️","phrase":"Μπορείτε να με βοηθήσετε με την εργασία μου στην τάξη;"}]},{"slug":"music-class","title":"Τάξη μουσικής","phrases":[{"type":"❤️","phrase":"Μου αρέσει το μάθημα μουσικής."},{"type":"🙋","phrase":"Θέλω να εξασκήσω μουσικές δεξιότητες."},{"type":"❌","phrase":"Δεν μου αρέσει το μάθημα μουσικής."},{"type":"⌚","phrase":"Πότε είναι το μάθημα μουσικής;"},{"type":"☝️","phrase":"Μπορείτε να με βοηθήσετε με την εργασία μου στο μάθημα μουσικής;"}]},{"slug":"geography","title":"Γεωγραφία","phrases":[{"type":"❤️","phrase":"Μου αρέσει η γεωγραφία."},{"type":"🙋","phrase":"Θέλω να σπουδάσω γεωγραφία."},{"type":"❌","phrase":"Δεν μου αρέσει η γεωγραφία."},{"type":"⌚","phrase":"Πότε είναι η γεωγραφία;"},{"type":"☝️","phrase":"Μπορείτε να με βοηθήσετε με την εργασία μου στη γεωγραφία;"}]},{"slug":"telescope","title":"Τηλεσκόπιο","phrases":[{"type":"🌎","phrase":"Χρησιμοποιώ το τηλεσκόπιο."},{"type":"🙋","phrase":"Θέλω να χρησιμοποιήσω το τηλεσκόπιο."},{"type":"🌟","phrase":"Θέλω να κοιτάξω τα αστέρια."}]},{"slug":"glue","title":"Κόλλα","phrases":[{"type":"👌","phrase":"Χρησιμοποιώ κόλλα."},{"type":"🙋","phrase":"Χρειάζομαι μια νέα κόλλα."},{"type":"😇","phrase":"Μπορώ να δανειστώ την κόλλα σας;"},{"type":"😱","phrase":"Έχασα την κόλλα μου."}]}]