[{"slug":"circle","title":"Κύκλος","phrases":[{"type":"👉","phrase":"Αυτό είναι σε σχήμα κύκλου."},{"type":"❓","phrase":"Μπορείτε να μου μάθετε πώς να σχεδιάζω κύκλο;"}]},{"slug":"triangle","title":"Τρίγωνο","phrases":[{"type":"👉","phrase":"Έχει σχήμα τριγώνου."},{"type":"❓","phrase":"Μπορείτε να μου μάθετε πώς να σχεδιάζω τρίγωνο;"}]},{"slug":"square","title":"τετράγωνο","phrases":[{"type":"👉","phrase":"Αυτό είναι τετράγωνο."},{"type":"❓","phrase":"Μπορείτε να μου μάθετε πώς να σχεδιάζω τετράγωνο;"}]},{"slug":"rectangle","title":"Ορθογώνιο παραλληλόγραμμο","phrases":[{"type":"👉","phrase":"Έχει σχήμα ορθογωνίου."},{"type":"❓","phrase":"Μπορείτε να μου μάθετε πώς να σχεδιάζω ορθογώνιο;"}]},{"slug":"star","title":"Αστέρι","phrases":[{"type":"👉","phrase":"Αυτό έχει σχήμα αστεριού."},{"type":"❓","phrase":"Μπορείτε να μου μάθετε πώς να σχεδιάζω αστέρι;"}]},{"slug":"pentagon","title":"Πεντάγωνο","phrases":[{"type":"👉","phrase":"Έχει σχήμα πενταγώνου."},{"type":"❓","phrase":"Μπορείτε να μου μάθετε πώς να σχεδιάζω το πεντάγωνο;"}]},{"slug":"hexagon","title":"Εξάγωνο","phrases":[{"type":"👉","phrase":"Έχει σχήμα εξαγώνου."},{"type":"❓","phrase":"Μπορείτε να μου μάθετε πώς να σχεδιάζω εξάγωνο;"}]},{"slug":"cross","title":"Διασχίζω","phrases":[{"type":"👉","phrase":"Αυτό είναι σταυροειδές."},{"type":"❓","phrase":"Μπορείτε να μου μάθετε πώς να σχεδιάζω σταυρό;"}]},{"slug":"ellipse","title":"Ελλειψη","phrases":[{"type":"👉","phrase":"Έχει σχήμα έλλειψης."},{"type":"❓","phrase":"Μπορείτε να μου μάθετε πώς να σχεδιάζω έλλειψη;"}]},{"slug":"arrow","title":"Βέλος","phrases":[{"type":"👉","phrase":"Αυτό έχει σχήμα βέλους."},{"type":"❓","phrase":"Μπορείτε να μου μάθετε πώς να σχεδιάζω βέλος;"}]},{"slug":"crescent","title":"Ημισέληνος","phrases":[{"type":"👉","phrase":"Έχει σχήμα ημισελήνου."},{"type":"❓","phrase":"Μπορείτε να μου μάθετε πώς να ζωγραφίζω ημισέληνο;"}]},{"slug":"heart","title":"Καρδιά","phrases":[{"type":"👉","phrase":"Αυτό είναι σε σχήμα καρδιάς."},{"type":"❓","phrase":"Μπορείτε να μου μάθετε πώς να σχεδιάζω καρδιά;"}]},{"slug":"rhombus","title":"Ρόμβος","phrases":[{"type":"👉","phrase":"Έχει σχήμα ρόμβου."},{"type":"❓","phrase":"Μπορείτε να μου μάθετε πώς να σχεδιάζω ρόμβους;"}]},{"slug":"ring","title":"Δαχτυλίδι","phrases":[{"type":"👉","phrase":"Αυτό είναι δαχτυλίδι."},{"type":"❓","phrase":"Μπορείτε να μου μάθετε πώς να σχεδιάζω δαχτυλίδι;"}]},{"slug":"semicircle","title":"Ημικύκλιο","phrases":[{"type":"👉","phrase":"Έχει σχήμα ημικυκλίου."},{"type":"❓","phrase":"Μπορείτε να μου μάθετε πώς να σχεδιάζω ημικύκλιο;"}]},{"slug":"trapezoid","title":"Τραπεζοειδές","phrases":[{"type":"👉","phrase":"Έχει σχήμα τραπεζοειδούς."},{"type":"❓","phrase":"Μπορείτε να μου μάθετε πώς να σχεδιάζω τραπεζοειδές;"}]},{"slug":"cube","title":"Κύβος","phrases":[{"type":"👉","phrase":"Είναι σε σχήμα κύβου."},{"type":"❓","phrase":"Μπορείτε να μου μάθετε πώς να σχεδιάζω κύβο;"}]},{"slug":"cylinder","title":"Κύλινδρος","phrases":[{"type":"👉","phrase":"Αυτό έχει σχήμα κυλίνδρου."},{"type":"❓","phrase":"Μπορείτε να μου μάθετε πώς να σχεδιάζω κύλινδρο;"}]}]