[{"slug":"chips","title":"Μάρκες","phrases":[{"type":"❤️","phrase":"Μου αρέσει να τρώω μάρκες."},{"type":"🙋","phrase":"Θέλω να φάω μάρκες."},{"type":"🤢","phrase":"Το να τρώω πάρα πολλές μάρκες είναι κακό για μένα."}]},{"slug":"donut","title":"Ντόνατ","phrases":[{"type":"❤️","phrase":"Μου αρέσει να τρώω ντόνατ."},{"type":"🙋","phrase":"Θέλω να φάω ντόνατ."},{"type":"🤢","phrase":"Το να τρώω πολύ ντόνατ είναι κακό για μένα."}]},{"slug":"taco","title":"Τάκο","phrases":[{"type":"❤️","phrase":"Μου αρέσει να τρώω τάκο."},{"type":"🙋","phrase":"Θέλω να φάω taco."},{"type":"🤢","phrase":"Η κατανάλωση πάρα πολύ tacos είναι κακό για μένα."}]},{"slug":"peanuts","title":"Φιστίκια","phrases":[{"type":"❤️","phrase":"Μου αρέσει να τρώω φιστίκια."},{"type":"🙋","phrase":"Θέλω να φάω φιστίκια."},{"type":"🤢","phrase":"Το να τρώω υπερβολικά φιστίκια είναι κακό για μένα."}]},{"slug":"croissant","title":"Κρουασάν","phrases":[{"type":"❤️","phrase":"Μου αρέσει να τρώω κρουασάν."},{"type":"🙋","phrase":"Θέλω να φάω κρουασάν."},{"type":"🤢","phrase":"Το να τρώω πολύ κρουασάν είναι κακό για μένα."}]},{"slug":"cookie","title":"Κουλουράκι","phrases":[{"type":"❤️","phrase":"Μου αρέσει να τρώω μπισκότο."},{"type":"🙋","phrase":"Θέλω να φάω μπισκότο."},{"type":"🤢","phrase":"Το να τρώω πάρα πολλά μπισκότα είναι κακό για μένα."}]},{"slug":"burrito","title":"Μπουρίτο","phrases":[{"type":"❤️","phrase":"Μου αρέσει να τρώω burrito."},{"type":"🙋","phrase":"Θέλω να φάω burrito."},{"type":"🤢","phrase":"Το να τρώω υπερβολικά burritos είναι κακό για μένα."}]},{"slug":"ramen","title":"Ράμεν","phrases":[{"type":"❤️","phrase":"Μου αρέσει να τρώω ramen."},{"type":"🙋","phrase":"Θέλω να φάω ramen."},{"type":"🤢","phrase":"Το να τρώω πάρα πολύ ramen είναι κακό για μένα."}]},{"slug":"sushi","title":"Σούσι","phrases":[{"type":"❤️","phrase":"Μου αρέσει να τρώω σούσι."},{"type":"🙋","phrase":"Θέλω να φάω σούσι."},{"type":"🤢","phrase":"Το να τρώω πολύ σούσι είναι κακό για μένα."}]},{"slug":"chocolate","title":"Σοκολάτα","phrases":[{"type":"❤️","phrase":"Μου αρέσει να τρώω σοκολάτα."},{"type":"🙋","phrase":"Θέλω να φάω σοκολάτα."},{"type":"🤢","phrase":"Η κατανάλωση υπερβολικής σοκολάτας είναι κακό για μένα."}]},{"slug":"apple-pie","title":"μηλόπιτα","phrases":[{"type":"❤️","phrase":"Μου αρέσει να τρώω μηλόπιτα."},{"type":"🙋","phrase":"Θέλω να φάω μηλόπιτα."},{"type":"🤢","phrase":"Το να τρώω πάρα πολύ μηλόπιτα είναι κακό για μένα."}]},{"slug":"muffin","title":"Τηγανίτα","phrases":[{"type":"❤️","phrase":"Μου αρέσει να τρώω μάφιν."},{"type":"🙋","phrase":"Θέλω να φάω μάφιν."},{"type":"🤢","phrase":"Η κατανάλωση πάρα πολύ muffins είναι κακό για μένα."}]},{"slug":"pudding","title":"Πουτίγκα","phrases":[{"type":"❤️","phrase":"Μου αρέσει να τρώω πουτίγκα."},{"type":"🙋","phrase":"Θέλω να φάω πουτίγκα."},{"type":"🤢","phrase":"Το να τρώω πολύ πουτίγκα είναι κακό για μένα."}]},{"slug":"macaron","title":"Μάκαρον","phrases":[{"type":"❤️","phrase":"Μου αρέσει να τρώω μακαρόν."},{"type":"🙋","phrase":"Θέλω να φάω macaron."},{"type":"🤢","phrase":"Το να τρώω πάρα πολύ macaron είναι κακό για μένα."}]},{"slug":"crepe","title":"Κρεπ","phrases":[{"type":"❤️","phrase":"Μου αρέσει να τρώω κρέπα."},{"type":"🙋","phrase":"Θέλω να φάω κρέπα."},{"type":"🤢","phrase":"Το να τρώω πάρα πολύ κρέπες είναι κακό για μένα."}]},{"slug":"pizza","title":"Πίτσα","phrases":[{"type":"❤️","phrase":"Μου αρέσει να τρώω πίτσα."},{"type":"🙋","phrase":"Θέλω να φάω πίτσα."},{"type":"🤢","phrase":"Το να τρώω πάρα πολύ πίτσα είναι κακό για μένα."}]},{"slug":"skewer","title":"Σουβλάκι","phrases":[{"type":"❤️","phrase":"Μου αρέσει να τρώω σουβλάκι."},{"type":"🙋","phrase":"Θέλω να φάω σουβλάκι."},{"type":"🤢","phrase":"Το να τρώω πολύ σουβλάκια είναι κακό για μένα."}]},{"slug":"fast-food","title":"Γρήγορο φαγητό","phrases":[{"type":"❤️","phrase":"Μου αρέσει να τρώω fast food."},{"type":"🙋","phrase":"Θέλω να φάω fast food."},{"type":"🤢","phrase":"Το να τρώω πάρα πολύ γρήγορο φαγητό είναι κακό για μένα."}]}]