[{"slug":"basketball","title":"Μπάσκετ","phrases":[{"type":"❤️","phrase":"Μου αρέσει να παίζω μπάσκετ."},{"type":"🙋","phrase":"Θέλετε να παίξετε μπάσκετ;"}]},{"slug":"boxing","title":"Πυγμαχία","phrases":[{"type":"❤️","phrase":"Μου αρέσει η πυγμαχία."},{"type":"🙋","phrase":"Θέλετε να παίξετε μαζί;"}]},{"slug":"tennis","title":"Τένις","phrases":[{"type":"❤️","phrase":"Μου αρέσει να παίζω τένις."},{"type":"🙋","phrase":"Θέλετε να παίξετε τένις;"}]},{"slug":"golf","title":"Γκολφ","phrases":[{"type":"❤️","phrase":"Μου αρέσει να παίζω γκολφ."},{"type":"🙋","phrase":"Θέλετε να παίξετε γκολφ;"}]},{"slug":"hockey","title":"Χακί","phrases":[{"type":"❤️","phrase":"Μου αρέσει να παίζω χόκεϊ."},{"type":"🙋","phrase":"Θέλετε να παίξετε χόκεϊ;"}]},{"slug":"swimming","title":"Κολύμπι","phrases":[{"type":"❤️","phrase":"Μου αρέσει να κολυμπάω."},{"type":"🙋","phrase":"Θέλετε να κολυμπήσετε;"}]},{"slug":"baseball","title":"Μπέιζμπολ","phrases":[{"type":"❤️","phrase":"Μου αρέσει να παίζω μπέιζμπολ."},{"type":"🙋","phrase":"Θέλετε να παίξετε μπέιζμπολ;"}]},{"slug":"american-football","title":"Αμερικάνικο ποδόσφαιρο","phrases":[{"type":"❤️","phrase":"Μου αρέσει να παίζω αμερικανικό ποδόσφαιρο."},{"type":"🙋","phrase":"Θέλετε να παίξετε αμερικανικό ποδόσφαιρο;"}]},{"slug":"cricket","title":"Κρίκετ","phrases":[{"type":"❤️","phrase":"Μου αρέσει το κρίκετ."},{"type":"🙋","phrase":"Θέλετε να παίξετε κρίκετ;"}]},{"slug":"racing","title":"Ιπποδρομίες","phrases":[{"type":"❤️","phrase":"Μου αρέσουν οι αγώνες."},{"type":"🙋","phrase":"Θέλετε να αγωνιστείτε μαζί;"}]},{"slug":"skiing","title":"Χιονοδρόμια","phrases":[{"type":"❤️","phrase":"Μου αρέσει το σκι."},{"type":"🙋","phrase":"Θέλετε να κάνετε σκι;"}]},{"slug":"volleyball","title":"Βόλεϊ","phrases":[{"type":"❤️","phrase":"Μου αρέσει να παίζω βόλεϊ."},{"type":"🙋","phrase":"Θέλετε να παίξετε βόλεϊ;"}]},{"slug":"fencing","title":"Ξιφασκία","phrases":[{"type":"❤️","phrase":"Μου αρέσει η περίφραξη."}]},{"slug":"referee","title":"Διαιτητής","phrases":[{"type":"🏁","phrase":"Μπορώ να γίνω διαιτητής;"}]},{"slug":"coach","title":"Προπονητής","phrases":[{"type":"🏁","phrase":"Μπορώ να γίνω προπονητής σας;"}]},{"slug":"kendo","title":"Κέντο","phrases":[]},{"slug":"table-tennis","title":"Πινγκ πονγκ","phrases":[{"type":"❤️","phrase":"Μου αρέσει να παίζω πινγκ-πονγκ."},{"type":"🙋","phrase":"Θέλετε να παίξετε πινγκ-πονγκ;"}]},{"slug":"medal","title":"Μετάλλιο","phrases":[{"type":"😎","phrase":"Έχω ένα μετάλλιο."}]},{"slug":"podium","title":"Εξέδρα","phrases":[]}]