[{"slug":"doll","title":"Κούκλα","phrases":[{"type":"❤️","phrase":"Μου αρέσουν οι κούκλες."},{"type":"☝️","phrase":"Μπορώ να παίξω με τις κούκλες μου;"},{"type":"🙋","phrase":"Θέλω μια κούκλα ως δώρο."}]},{"slug":"teddy-bear","title":"αρκουδάκι","phrases":[{"type":"❤️","phrase":"Μου αρέσουν τα αρκουδάκια."},{"type":"☝️","phrase":"Μπορώ να παίξω με το αρκουδάκι μου;"},{"type":"🙋","phrase":"Θέλω ένα αρκουδάκι ως δώρο."}]},{"slug":"blocks","title":"Μπλοκ","phrases":[{"type":"❤️","phrase":"Μου αρέσουν τα μπλοκ."},{"type":"☝️","phrase":"Μπορώ να παίξω με τα μπλοκ μου;"},{"type":"🙋","phrase":"Θέλω μπλοκ ως παρόν."}]},{"slug":"spinner","title":"Κλώστης","phrases":[{"type":"❤️","phrase":"Μου αρέσει ο κλώστης."},{"type":"☝️","phrase":"Μπορώ να παίξω με τον κλώστη μου;"},{"type":"🙋","phrase":"Θέλω έναν κλώστη ως παρόν."}]},{"slug":"nutcracker","title":"Καρυοθραύστης","phrases":[{"type":"❤️","phrase":"Μου αρέσουν οι καρυοθραύστες."},{"type":"☝️","phrase":"Μπορώ να παίξω με το καρυοθραύστη μου;"},{"type":"🙋","phrase":"Θέλω ένα καρυοθραύστη ως παρόν."}]},{"slug":"video-games","title":"Βιντεοπαιχνίδια","phrases":[{"type":"❤️","phrase":"Μου αρεσουν τα βιντεοπαιχνιδια."},{"type":"☝️","phrase":"Μπορούμε να παίξουμε βιντεοπαιχνίδια μαζί;"},{"type":"🙋","phrase":"Θέλω βιντεοπαιχνίδια ως παρόν."}]},{"slug":"cards","title":"Καρτέλλες","phrases":[{"type":"❤️","phrase":"Μου αρέσουν τα τραπουλόχαρτα."},{"type":"☝️","phrase":"Μπορώ να παίξω με τις κάρτες μου;"},{"type":"🙋","phrase":"Θέλω να παίζω χαρτιά ως παρόν."}]},{"slug":"toy-car","title":"Αυτοκινητάκι","phrases":[{"type":"❤️","phrase":"Μου αρέσουν τα αυτοκινητάκια."},{"type":"☝️","phrase":"Μπορώ να παίξω με το παιχνίδι μου;"},{"type":"🙋","phrase":"Θέλω ένα παιχνίδι ως παρόν."}]},{"slug":"sword","title":"Σπαθί","phrases":[{"type":"❤️","phrase":"Μου αρέσουν τα σπαθιά παιχνιδιών."},{"type":"☝️","phrase":"Μπορώ να παίξω με το σπαθί μου;"},{"type":"🙋","phrase":"Θέλω ένα σπαθί ως παρόν."}]},{"slug":"yo-yo","title":"Γιογιό","phrases":[{"type":"❤️","phrase":"Μου αρέσει να παίζω με το yo-yo."},{"type":"☝️","phrase":"Μπορώ να παίξω με το yo-yo;"},{"type":"🙋","phrase":"Θέλω ένα yo-yo ως παρόν."}]},{"slug":"slingshot","title":"Διχαλωτή σφενδόνη","phrases":[{"type":"❤️","phrase":"Μου αρέσουν οι σφεντόνες."},{"type":"☝️","phrase":"Μπορώ να παίξω με το σφεντόνα μου;"},{"type":"🙋","phrase":"Θέλω ένα σφεντόνα ως παρόν."}]},{"slug":"water-gun","title":"Νεροπίστολο","phrases":[{"type":"❤️","phrase":"Μου αρέσει το νεροπίστολο."},{"type":"☝️","phrase":"Μπορώ να παίξω με το πιστόλι μου;"},{"type":"🙋","phrase":"Θέλω ένα όπλο νερού ως παρόν."}]},{"slug":"doll-house","title":"Κούκλα","phrases":[{"type":"❤️","phrase":"Μου αρέσει να παίζω με κουκλόσπιτο."},{"type":"☝️","phrase":"Μπορώ να παίξω με το κούκλα μου;"},{"type":"🙋","phrase":"Θέλω ένα κουκλόσπιτο ως παρόν."}]},{"slug":"viewer","title":"Θεατής","phrases":[{"type":"❤️","phrase":"Μου αρέσει να παίζω με θεατή."},{"type":"🙋","phrase":"Θέλω έναν θεατή ως παρόν."}]},{"slug":"board-game","title":"Επιτραπέζιο παιχνίδι","phrases":[{"type":"❤️","phrase":"Μου αρέσουν τα επιτραπέζια παιχνίδια."},{"type":"☝️","phrase":"Μπορούμε να παίξουμε επιτραπέζια παιχνίδια;"},{"type":"🙋","phrase":"Θέλω ένα επιτραπέζιο παιχνίδι ως παρόν."}]},{"slug":"rubiks-cube","title":"Ο κύβος του Ρούμπικ","phrases":[{"type":"❤️","phrase":"Μου αρέσει να λύνω τον κύβο του Ρούμπικ."},{"type":"☝️","phrase":"Μπορώ να προσπαθήσω να λύσω τον κύβο του ρουμπίκ μου;"},{"type":"🙋","phrase":"Θέλω έναν κύβο rubik ως παρόν."}]},{"slug":"puzzle","title":"Παζλ","phrases":[{"type":"❤️","phrase":"Μου αρέσουν τα παζλ."},{"type":"☝️","phrase":"Μπορώ να λύσω παζλ;"},{"type":"🙋","phrase":"Θέλω παζλ ως παρόν."}]},{"slug":"remote-control-car","title":"τηλεκατευθυνομενο αυτοκινητο","phrases":[{"type":"❤️","phrase":"Μου αρέσει το τηλεχειριστήριο μου."},{"type":"☝️","phrase":"Μπορώ να παίξω με το τηλεχειριστήριο μου"},{"type":"🙋","phrase":"Θέλω ένα τηλεχειριστήριο ως παρόν."}]},{"slug":"rocking-horse","title":"Άλογο λικνίσματος","phrases":[{"type":"❤️","phrase":"Μου αρέσει το κουνιστό άλογό μου."},{"type":"☝️","phrase":"Μπορώ να παίξω με το άλογο λικνίσματος;"}]},{"slug":"scooter","title":"Σκούτερ","phrases":[{"type":"❤️","phrase":"Μου αρέσει το σκούτερ μου."},{"type":"🙋","phrase":"Θέλω ένα σκούτερ ως παρόν."}]},{"slug":"pyramid","title":"Πυραμίδα","phrases":[{"type":"❤️","phrase":"Μου αρέσουν οι πυραμίδες."},{"type":"🙋","phrase":"Θέλω μια πυραμίδα ως παρούσα."}]},{"slug":"cart","title":"Καροτσάκι","phrases":[{"type":"❤️","phrase":"Μου αρέσει το καλάθι παιχνιδιών μου."},{"type":"🙋","phrase":"Μπορείς να με βοηθήσεις να τακτοποιήσω τα παιχνίδια μου;"}]},{"slug":"aeroplane","title":"Αεροπλάνο","phrases":[{"type":"❤️","phrase":"Μου αρέσουν τα αεροπλάνα."},{"type":"☝️","phrase":"Μπορώ να παίξω με το αεροπλάνο μου;"},{"type":"🙋","phrase":"Θέλω ένα αεροπλάνο ως παρόν."}]},{"slug":"sand-bucket","title":"Κάδος άμμου","phrases":[{"type":"❤️","phrase":"Μου αρέσουν οι κάδοι άμμου."},{"type":"☝️","phrase":"Μπορώ να φτιάξω κάστρο με τον κάδο μου;"}]}]