[{"slug":"train","title":"Τρένο","phrases":[{"type":"🙋","phrase":"Θέλω να πάρω το τρένο."},{"type":"❤️","phrase":"Μου αρέσουν τα τρένα."}]},{"slug":"car","title":"Αυτοκίνητο","phrases":[{"type":"🙋","phrase":"Θέλω να οδηγήσω ένα αυτοκίνητο."},{"type":"❤️","phrase":"Μου αρέσουν τα αυτοκίνητα."}]},{"slug":"bicycle","title":"Ποδήλατο","phrases":[{"type":"🙋","phrase":"Θέλω να κάνω ποδήλατο."},{"type":"❤️","phrase":"Μου αρέσει το ποδήλατο."}]},{"slug":"motorcycle","title":"Μοτοσυκλέτα","phrases":[{"type":"🙋","phrase":"Θέλω να οδηγήσω μοτοσικλέτα."},{"type":"❤️","phrase":"Μου αρέσει η μοτοσικλέτα."}]},{"slug":"skateboard","title":"Σκέιτμπορντ","phrases":[{"type":"🙋","phrase":"Θέλω να κάνω πατινάζ."},{"type":"❤️","phrase":"Μου αρέσει το skateboard."}]},{"slug":"food-truck","title":"Πορθμείο","phrases":[{"type":"🙋","phrase":"Θέλω να πάρω το πλοίο."},{"type":"🧑‍🤝‍🧑","phrase":"Το πλοίο είναι γεμάτο."}]},{"slug":"boat","title":"Σκάφος","phrases":[{"type":"🙋","phrase":"Θέλω να κάνω καράβι."},{"type":"🧑‍🤝‍🧑","phrase":"Το σκάφος είναι γεμάτο."}]},{"slug":"ship","title":"Πλοίο","phrases":[{"type":"🙋","phrase":"Θέλω να επιβιβαστώ σε πλοίο."},{"type":"🧑‍🤝‍🧑","phrase":"Το πλοίο είναι γεμάτο."}]},{"slug":"bus","title":"Λεωφορείο","phrases":[{"type":"🙋","phrase":"Θέλω να πάρω το λεωφορείο."},{"type":"🧑‍🤝‍🧑","phrase":"Το λεωφορείο είναι γεμάτο."}]},{"slug":"minibus","title":"Μικρό λεωφορείο","phrases":[{"type":"🙋","phrase":"Θέλω να πάρω το μίνι λεωφορείο."},{"type":"🧑‍🤝‍🧑","phrase":"Το μίνι λεωφορείο είναι γεμάτο."}]},{"slug":"wheelchair","title":"ΑΝΑΠΗΡΙΚΟ ΚΑΡΟΤΣΑΚΙ","phrases":[{"type":"♿","phrase":"Χρησιμοποιώ αναπηρική καρέκλα."},{"type":"👨‍🦽","phrase":"Χρησιμοποιεί αναπηρική καρέκλα."},{"type":"🙋","phrase":"Μπορείτε να με βοηθήσετε να χρησιμοποιήσω την αναπηρική καρέκλα μου."},{"type":"🖐️","phrase":"Μπορείς να με πιέσεις;"}]},{"slug":"taxi","title":"Ταξί","phrases":[{"type":"🙋","phrase":"Θέλω να πάρω το ταξί."}]},{"slug":"airplane","title":"Αεροπλάνο","phrases":[{"type":"🙋","phrase":"Θέλω να πετάξω με αεροπλάνο."},{"type":"❤️","phrase":"Μου αρέσουν τα αεροπλάνα."},{"type":"🧑‍🤝‍🧑","phrase":"Το αεροπλάνο είναι γεμάτο."}]},{"slug":"van","title":"Βαν","phrases":[{"type":"🙋","phrase":"Θέλω να οδηγήσω με βαν."}]},{"slug":"hot-air-balloon","title":"Μπαλόνι ζεστού αέρα","phrases":[{"type":"🙋","phrase":"Θέλω να πετάξω με μπαλόνι ζεστού αέρα."},{"type":"❤️","phrase":"Μου αρέσει baloon ζεστού αέρα."}]},{"slug":"fire-truck","title":"Πυροσβεστικό όχημα","phrases":[{"type":"🚨","phrase":"Σειρήνα πυροσβεστικού οχήματος."}]},{"slug":"police-car","title":"Αυτοκίνητο αστυνομίας","phrases":[{"type":"🚨","phrase":"Σειρήνα αυτοκινήτου της αστυνομίας."},{"type":"❤️","phrase":"Μου αρέσουν τα αυτοκίνητα της αστυνομίας."}]},{"slug":"ambulance","title":"Ασθενοφόρο","phrases":[{"type":"🚨","phrase":"Σειρήνα ασθενοφόρων."}]},{"slug":"stretcher","title":"Φορείο","phrases":[{"type":"🙋","phrase":"Μπορείτε να με βοηθήσετε με το φορείο μου;"}]},{"slug":"helicopter","title":"Ελικόπτερο","phrases":[{"type":"🙋","phrase":"Θέλω να πετάξω με ελικόπτερο."}]},{"slug":"trailer","title":"Τροχόσπιτο","phrases":[{"type":"🙋","phrase":"Θέλω να οδηγήσω με τρέιλερ."}]},{"slug":"spaceship","title":"ΔΙΑΣΤΗΜΟΠΛΟΙΟ","phrases":[{"type":"❤️","phrase":"Μου αρέσουν τα διαστημόπλοια."},{"type":"🌌","phrase":"Θέλω να ταξιδέψω στο διάστημα."},{"type":"👽","phrase":"Θέλω να δω εξωγήινους."},{"type":"👩‍🚀","phrase":"Θέλω να πάω στον Άρη."},{"type":"🚀","phrase":"Μπορείτε να με πάρετε στο Άλεν Μόσκ;"}]}]