[{"slug":"luggage","title":"Αποσκευές","phrases":[]},{"slug":"swimming","title":"Κολύμπι","phrases":[]},{"slug":"passport","title":"Διαβατήριο","phrases":[]},{"slug":"tent","title":"Σκηνή","phrases":[]},{"slug":"backpacking","title":"Σακίδιο πλάτης","phrases":[]},{"slug":"beach-chair","title":"καρέκλα παραλίας","phrases":[]},{"slug":"room-service","title":"Υπηρεσία δωματίου","phrases":[]},{"slug":"waiting-area","title":"Χώρος αναμονής","phrases":[]},{"slug":"electric-socket","title":"Ηλεκτρική πρίζα","phrases":[]},{"slug":"bag","title":"Τσάντα","phrases":[]},{"slug":"boarding-pass","title":"Κάρτα επιβίβασης","phrases":[]},{"slug":"gps","title":"Gps","phrases":[]},{"slug":"mountain","title":"Βουνό","phrases":[]},{"slug":"camera","title":"ΦΩΤΟΓΡΑΦΙΚΗ ΜΗΧΑΝΗ","phrases":[]},{"slug":"hotel","title":"Ξενοδοχειο","phrases":[]},{"slug":"bed","title":"Κρεβάτι","phrases":[]},{"slug":"hotel-key","title":"Κλειδί ξενοδοχείου","phrases":[]},{"slug":"bonfire","title":"Φωτιά για γιορτή","phrases":[]},{"slug":"snorkling","title":"Ψαροντούφεκο","phrases":[]},{"slug":"action-camera","title":"Κάμερα δράσης","phrases":[]}]