[{"slug":"cucumber","title":"Αγγούρι","phrases":[{"type":"❤️","phrase":"Μου αρέσει να τρώω αγγούρι."},{"type":"🙋","phrase":"Θέλω να φάω ένα αγγούρι."},{"type":"❌","phrase":"Δεν μου αρέσει το αγγούρι."}]},{"slug":"onion","title":"Κρεμμύδι","phrases":[{"type":"❤️","phrase":"Μου αρέσει να τρώω κρεμμύδι."},{"type":"🙋","phrase":"Θέλω να φάω ένα κρεμμύδι."},{"type":"❌","phrase":"Δεν μου αρέσει το κρεμμύδι."},{"type":"❌","phrase":"Δεν μου αρέσει η μυρωδιά του κρεμμυδιού."}]},{"slug":"garlic","title":"Σκόρδο","phrases":[{"type":"❤️","phrase":"Μου αρέσει να τρώω σκόρδο."},{"type":"🙋","phrase":"Θέλω να φάω ένα σκόρδο."},{"type":"❌","phrase":"Δεν μου αρέσει το σκόρδο."},{"type":"❌","phrase":"Δεν μου αρέσει η μυρωδιά του σκόρδου."}]},{"slug":"carrot","title":"Καρότο","phrases":[{"type":"❤️","phrase":"Μου αρέσει να τρώω καρότο."},{"type":"🙋","phrase":"Θέλω να φάω ένα καρότο."},{"type":"❌","phrase":"Δεν μου αρέσουν τα καρότα."}]},{"slug":"cabbage","title":"Λάχανο","phrases":[{"type":"❤️","phrase":"Μου αρέσει να τρώω λάχανο."},{"type":"🙋","phrase":"Θέλω να φάω ένα λάχανο."},{"type":"❌","phrase":"Δεν μου αρέσει το λάχανο."}]},{"slug":"tomato","title":"Ντομάτα","phrases":[{"type":"❤️","phrase":"Μου αρέσει να τρώω ντομάτα."},{"type":"🙋","phrase":"Θέλω να φάω μια ντομάτα."},{"type":"❌","phrase":"Δεν μου αρέσει η ντομάτα."},{"type":"❤️","phrase":"Μου αρέσει να έχω μια ντοματόσουπα."}]},{"slug":"eggplant","title":"Μελιτζάνα","phrases":[{"type":"❤️","phrase":"Μου αρέσει να τρώω μελιτζάνα."},{"type":"🙋","phrase":"Θέλω να φάω μια μελιτζάνα."},{"type":"❌","phrase":"Δεν μου αρέσει η μελιτζάνα."}]},{"slug":"mushroom","title":"Μανιτάρι","phrases":[{"type":"❤️","phrase":"Μου αρέσει να τρώω μανιτάρια."},{"type":"🙋","phrase":"Θέλω να φάω ένα μανιτάρι."},{"type":"❌","phrase":"Δεν μου αρέσει το μανιτάρι."},{"type":"❤️","phrase":"Μου αρέσει να έχω μανιτάρια σούπα."}]},{"slug":"pepper","title":"Πιπέρι","phrases":[{"type":"❤️","phrase":"Μου αρέσει να τρώω πιπέρι."},{"type":"🙋","phrase":"Θέλω να φάω ένα πιπέρι."},{"type":"❌","phrase":"Δεν μου αρέσει το πιπέρι."}]},{"slug":"corn","title":"Καλαμπόκι","phrases":[{"type":"❤️","phrase":"Μου αρέσει να τρώω καλαμπόκι."},{"type":"🙋","phrase":"Θέλω να φάω ένα καλαμπόκι."},{"type":"❌","phrase":"Δεν μου αρέσει το καλαμπόκι."},{"type":"❤️","phrase":"Μου αρέσει να έχω καλαμπόκι."}]},{"slug":"broccoli","title":"Μπρόκολο","phrases":[{"type":"❤️","phrase":"Μου αρέσει να τρώω μπρόκολο."},{"type":"🙋","phrase":"Θέλω να φάω ένα μπρόκολο."},{"type":"❌","phrase":"Δεν μου αρέσει το μπρόκολο."}]},{"slug":"celery","title":"Σέλινο","phrases":[{"type":"❤️","phrase":"Μου αρέσει να τρώω σέλινο."},{"type":"🙋","phrase":"Θέλω να φάω ένα σέλινο."},{"type":"❌","phrase":"Δεν μου αρέσει το σέλινο."}]},{"slug":"chili","title":"Κοκκινοπίπερο","phrases":[{"type":"❤️","phrase":"Μου αρέσει να τρώω τσίλι."},{"type":"🙋","phrase":"Θέλω να φάω ένα τσίλι."},{"type":"❌","phrase":"Δεν μου αρέσει το τσίλι."}]},{"slug":"potato","title":"Πατάτα","phrases":[{"type":"❤️","phrase":"Μου αρέσει να τρώω πατάτες."},{"type":"🙋","phrase":"Θέλω να φάω μια πατάτα."},{"type":"❌","phrase":"Δεν μου αρέσει η πατάτα."},{"type":"❤️","phrase":"Μου αρέσει να τρώω πατάτες πατάτες."}]},{"slug":"asparagus","title":"Σπαράγγι","phrases":[{"type":"❤️","phrase":"Μου αρέσει να τρώω σπαράγγια."},{"type":"🙋","phrase":"Θέλω να φάω σπαράγγια."},{"type":"❌","phrase":"Δεν μου αρέσουν τα σπαράγγια."}]},{"slug":"cauliflower","title":"Κουνουπίδι","phrases":[{"type":"❤️","phrase":"Μου αρέσει να τρώω κουνουπίδι."},{"type":"🙋","phrase":"Θέλω να φάω ένα κουνουπίδι."},{"type":"❌","phrase":"Δεν μου αρέσει το κουνουπίδι."}]},{"slug":"pumpkin","title":"Κολοκύθι","phrases":[{"type":"❤️","phrase":"Μου αρέσει να τρώω κολοκύθα."},{"type":"🙋","phrase":"Θέλω να φάω μια κολοκύθα."},{"type":"❌","phrase":"Δεν μου αρέσει η κολοκύθα."},{"type":"❤️","phrase":"Μου αρέσει να έχω κολοκύθα σούπα."}]},{"slug":"beetroot","title":"Παντζάρι","phrases":[{"type":"❤️","phrase":"Μου αρέσει να τρώω παντζάρια."},{"type":"🙋","phrase":"Θέλω να φάω ένα παντζάρι."},{"type":"❌","phrase":"Δεν μου αρέσουν τα παντζάρια."}]},{"slug":"bean","title":"Φασόλι","phrases":[{"type":"❤️","phrase":"Μου αρέσει να τρώω φασόλια."},{"type":"🙋","phrase":"Θέλω να φάω ένα φασόλι."},{"type":"❌","phrase":"Δεν μου αρέσει το φασόλι."}]},{"slug":"lettuce","title":"Μαρούλι","phrases":[{"type":"❤️","phrase":"Μου αρέσει να τρώω μαρούλι."},{"type":"🙋","phrase":"Θέλω να φάω ένα μαρούλι."},{"type":"❌","phrase":"Δεν μου αρέσει το μαρούλι."},{"type":"❤️","phrase":"Μου αρέσει η σαλάτα μου να έχει περισσότερο μαρούλι."}]},{"slug":"radish","title":"Ραπανάκι","phrases":[{"type":"❤️","phrase":"Μου αρέσει να τρώω ραπανάκι."},{"type":"🙋","phrase":"Θέλω να φάω ένα ραπανάκι."},{"type":"❌","phrase":"Δεν μου αρέσει το ραπανάκι."}]},{"slug":"bok-choy","title":"Μποκ Τσόι","phrases":[{"type":"❤️","phrase":"Μου αρέσει να τρώω bok choy."},{"type":"🙋","phrase":"Θέλω να φάω ένα bok choy."},{"type":"❌","phrase":"Δεν μου αρέσει το bok choy."}]},{"slug":"leek","title":"Πράσο","phrases":[{"type":"❤️","phrase":"Μου αρέσει να τρώω πράσα."},{"type":"🙋","phrase":"Θέλω να φάω ένα πράσο."},{"type":"❌","phrase":"Δεν μου αρέσει το πράσο."}]},{"slug":"peas","title":"Αρακάς","phrases":[{"type":"❤️","phrase":"Μου αρέσει να τρώω μπιζέλια."},{"type":"🙋","phrase":"Θέλω να φάω μπιζέλια."},{"type":"❌","phrase":"Δεν μου αρέσουν τα μπιζέλια."}]},{"slug":"ginger","title":"Τζίντζερ","phrases":[{"type":"❤️","phrase":"Μου αρέσει να τρώω τζίντζερ."},{"type":"🙋","phrase":"Θέλω να φάω ένα τζίντζερ."},{"type":"❌","phrase":"Δεν μου αρέσει το τζίντζερ."}]},{"slug":"sweet-potato","title":"Γλυκοπατάτα","phrases":[{"type":"❤️","phrase":"Μου αρέσει να τρώω γλυκοπατάτα."},{"type":"🙋","phrase":"Θέλω να φάω μια γλυκιά πατάτα."},{"type":"❌","phrase":"Δεν μου αρέσει η γλυκοπατάτα."},{"type":"❤️","phrase":"Μου αρέσει να τρώω τηγανητή γλυκοπατάτα."}]},{"slug":"olives","title":"Ελιές","phrases":[{"type":"❤️","phrase":"Μου αρέσει να τρώω ελιές."},{"type":"🙋","phrase":"Θέλω να φάω ελιές."},{"type":"❌","phrase":"Δεν μου αρέσουν οι ελιές."},{"type":"❤️","phrase":"Μου αρέσουν οι ελιές στην πίτσα μου."}]}]