[{"slug":"walking","title":"Naglalakad","phrases":[{"type":"❤️","phrase":"mahilig akong maglakad"},{"type":"❌","phrase":"Ayaw ko ng maglakad"},{"type":"🙋","phrase":"Gusto mo bang maglakad nang magkasama?"}]},{"slug":"running","title":"Tumatakbo","phrases":[{"type":"❤️","phrase":"Para akong tumatakbo."},{"type":"❌","phrase":"Ayaw kong tumakbo."},{"type":"🙋","phrase":"Gusto mo bang tumakbo?"}]},{"slug":"talking","title":"Nakikipag-usap","phrases":[{"type":"❤️","phrase":"Gusto kong magsalita."},{"type":"❌","phrase":"Ayaw kong magsalita."},{"type":"🙋","phrase":"Gusto mo ba akong makausap?"}]},{"slug":"reading","title":"Pagbasa","phrases":[{"type":"❤️","phrase":"Gusto kong magbasa."},{"type":"❌","phrase":"Ayaw kong magbasa"},{"type":"🙋","phrase":"Nais mo bang basahin nang magkasama?"}]},{"slug":"football","title":"Football","phrases":[{"type":"❤️","phrase":"Gusto ko maglaro ng football."},{"type":"❌","phrase":"Hindi ko gusto maglaro ng football."},{"type":"🙋","phrase":"Gusto mo bang maglaro ng football?"}]},{"slug":"basketball","title":"Basketball","phrases":[{"type":"❤️","phrase":"Gusto ko maglaro ng basketball."},{"type":"❌","phrase":"Hindi ko gusto maglaro ng basketball."},{"type":"🙋","phrase":"Gusto mo bang maglaro ng basketball?"}]},{"slug":"swimming","title":"Paglangoy","phrases":[{"type":"❤️","phrase":"Gusto ko lumangoy."},{"type":"❌","phrase":"Hindi ko gusto ang paglangoy."},{"type":"🙋","phrase":"Gusto mo bang mag-swimming?"}]},{"slug":"painting","title":"Pagpipinta","phrases":[{"type":"❤️","phrase":"Gusto kong magpinta."},{"type":"❌","phrase":"Hindi ko gusto ang pagpipinta."},{"type":"🙋","phrase":"Nais mo bang magpinta nang magkasama?"}]},{"slug":"drawing","title":"Pagguhit","phrases":[{"type":"❤️","phrase":"Mahilig ako magdrawing."},{"type":"❌","phrase":"Hindi ko gusto ang pagguhit."},{"type":"🙋","phrase":"Nais mo bang gumuhit?"}]},{"slug":"cycling","title":"Pagbibisikleta","phrases":[{"type":"❤️","phrase":"Gusto ko ang pagbibisikleta."},{"type":"❌","phrase":"Hindi ko gusto ang pagbibisikleta."},{"type":"🙋","phrase":"Gusto mo bang mag-cycling?"}]},{"slug":"skating","title":"Skating","phrases":[{"type":"❤️","phrase":"Gusto ko ng skating."},{"type":"❌","phrase":"Hindi ko gusto ang skate."},{"type":"🙋","phrase":"Gusto mo bang mag-skate?"}]},{"slug":"sightseeing","title":"Paglilibot","phrases":[{"type":"❤️","phrase":"Gusto ko ang pamamasyal."},{"type":"❌","phrase":"Hindi ko gusto ang pamamasyal."},{"type":"🙋","phrase":"Nais mo bang pumunta para sa paglalakbay?"}]},{"slug":"video-games","title":"Mga larong video","phrases":[{"type":"❤️","phrase":"Gusto ko maglaro ng mga video game."},{"type":"❌","phrase":"Hindi ko gusto ang paglalaro ng mga video game."},{"type":"🙋","phrase":"Nais mo bang maglaro?"}]},{"slug":"tidying","title":"Tidying","phrases":[{"type":"❤️","phrase":"Gusto kong mag-tid ang aking silid."},{"type":"❌","phrase":"Hindi ko gusto ang pag-tid sa aking silid."},{"type":"🙋","phrase":"Maaari mo bang tulungan akong maglinis ng aking silid?"}]},{"slug":"toys","title":"Mga Laruan","phrases":[{"type":"❤️","phrase":"Gusto ko ng mga laruan."},{"type":"❌","phrase":"Hindi ko gusto ang mga laruan."},{"type":"🙋","phrase":"Gusto mo bang makipaglaro sa mga laruan ko?"}]},{"slug":"puzzle","title":"Palaisipan","phrases":[{"type":"❤️","phrase":"Gusto kong malutas ang puzzle."},{"type":"❌","phrase":"Hindi ko gusto ang paglutas ng puzzle."},{"type":"🙋","phrase":"Nais mo bang malutas ang mga puzzle sa akin?"}]},{"slug":"comics","title":"Komiks","phrases":[{"type":"❤️","phrase":"Gusto kong magbasa ng mga komiks."},{"type":"❌","phrase":"Hindi ko gusto ang pagbabasa ng mga komiks."},{"type":"🙋","phrase":"Nais mo bang magbasa ng mga komiks?"}]},{"slug":"chess","title":"Chess","phrases":[{"type":"❤️","phrase":"Gusto ko maglaro ng chess."},{"type":"❌","phrase":"Hindi ako mahilig maglaro ng chess."},{"type":"🙋","phrase":"Gusto mo bang maglaro ng chess sa akin?"}]},{"slug":"using-leeloo","title":"Gamit ang Leeloo","phrases":[{"type":"❤️","phrase":"Gusto kong gumamit ng leeloo."},{"type":"❌","phrase":"Hindi ko gusto ang paggamit ng leeloo."},{"type":"🙋","phrase":"Maaari mong baguhin ang mga pack ng card sa leeloo?"}]},{"slug":"texting","title":"Pag-text","phrases":[{"type":"❤️","phrase":"Gusto ko magtext."},{"type":"❌","phrase":"Hindi ko gusto ang pag-text."}]},{"slug":"knitting","title":"Pagniniting","phrases":[{"type":"❤️","phrase":"Gusto ko ang pagniniting."},{"type":"❌","phrase":"Hindi ko gusto ang pagniniting."},{"type":"🙋","phrase":"Gusto kong malaman kung paano mangunot."}]},{"slug":"bowling","title":"Bowling","phrases":[{"type":"❤️","phrase":"Para akong bowling."},{"type":"❌","phrase":"Hindi ko gusto ang bowling."},{"type":"🙋","phrase":"Gusto mo bang maglaro ng bowling sa akin?"}]},{"slug":"watching-tv","title":"Nanonood ng TV","phrases":[{"type":"❤️","phrase":"Gusto ko ang panonood ng telebisyon."},{"type":"❌","phrase":"Hindi ko gusto ang panonood sa tv."},{"type":"🙋","phrase":"Gusto mo bang manood ng tv?"}]},{"slug":"fishing","title":"Pangingisda","phrases":[{"type":"❤️","phrase":"Gusto ko pangingisda."},{"type":"❌","phrase":"Hindi ko gusto ang pangingisda."},{"type":"🙋","phrase":"Gusto mo bang mangisda?"}]},{"slug":"exercising","title":"Pagsasanay","phrases":[{"type":"❤️","phrase":"Gusto ko mag-ehersisyo."},{"type":"❌","phrase":"Ayaw kong mag-ehersisyo."},{"type":"🙋","phrase":"Gusto mo bang mag-ehersisyo sa akin?"}]},{"slug":"tennis","title":"Tennis","phrases":[{"type":"❤️","phrase":"Para akong naglalaro ng tennis."},{"type":"❌","phrase":"Hindi ako mahilig maglaro ng tennis."},{"type":"🙋","phrase":"Gusto mo bang maglaro ng tennis sa akin?"}]}]