[{"slug":"cat","title":"Cat","phrases":[{"type":"❤️","phrase":"Gusto ko ng mga pusa."},{"type":"👀","phrase":"May nakita akong pusa."},{"type":"🔊","phrase":"Anong ingay ang ginagawa ng isang pusa?"},{"type":"🐈","phrase":"Maaari ba tayong makakuha ng isang pusa bilang alagang hayop?"}]},{"slug":"dog","title":"Aso","phrases":[{"type":"❤️","phrase":"Gusto ko ng aso."},{"type":"👀","phrase":"May nakita akong aso."},{"type":"🔊","phrase":"Anong ingay ang ginagawa ng isang aso?"},{"type":"🐕","phrase":"Maaari ba tayong makakuha ng isang aso bilang alagang hayop?"}]},{"slug":"fish","title":"Isda","phrases":[{"type":"❤️","phrase":"Gusto ko ng isda."},{"type":"👀","phrase":"May nakita akong isda."},{"type":"🔊","phrase":"Anong ingay ang ginagawa ng isang isda?"},{"type":"🐠","phrase":"Maaari ba tayong makakuha ng isang isda bilang alagang hayop?"}]},{"slug":"rabbit","title":"Kuneho","phrases":[{"type":"❤️","phrase":"Gusto ko ng mga kuneho."},{"type":"👀","phrase":"Nakita ko ang isang kuneho."},{"type":"🔊","phrase":"Anong ingay ang ginagawa ng isang kuneho?"},{"type":"🐇","phrase":"Maaari ba tayong makakuha ng isang kuneho bilang pet?"}]},{"slug":"butterfly","title":"Butterfly","phrases":[{"type":"❤️","phrase":"Gusto ko ng butterflies."},{"type":"👀","phrase":"Nakakita ako ng butterfly."},{"type":"🔊","phrase":"Anong ingay ang ginagawa ng isang butterfly?"}]},{"slug":"kangaroo","title":"Kangaroo","phrases":[{"type":"❤️","phrase":"Gusto ko ng mga kangaro."},{"type":"👀","phrase":"Nakita ko ang isang kangaroo."},{"type":"🔊","phrase":"Anong ingay ang ginagawa ng isang kangaroo?"}]},{"slug":"turtle","title":"Pagong","phrases":[{"type":"❤️","phrase":"Mahilig ako sa pagong."},{"type":"👀","phrase":"Nakita ko ang isang pagong."},{"type":"🔊","phrase":"Anong ingay ang ginagawa ng isang pagong?"}]},{"slug":"giraffe","title":"Giraffe","phrases":[{"type":"❤️","phrase":"Gusto ko ng mga giraffes."},{"type":"👀","phrase":"Nakita ko ang isang dyirap."},{"type":"🔊","phrase":"Anong ingay ang ginagawa ng isang dyirap?"}]},{"slug":"frog","title":"Palaka","phrases":[{"type":"❤️","phrase":"Gusto ko ng mga palaka."},{"type":"👀","phrase":"Nakita ko ang isang palaka."},{"type":"🔊","phrase":"Anong ingay ang ginagawa ng isang palaka?"}]},{"slug":"swan","title":"Swan","phrases":[{"type":"❤️","phrase":"Gusto ko swans."},{"type":"👀","phrase":"Nakita ko ang isang swan."},{"type":"🔊","phrase":"Anong ingay ang ginagawa ng isang swan?"}]},{"slug":"spider","title":"Spider","phrases":[{"type":"❤️","phrase":"Gusto ko ng mga spider."},{"type":"👀","phrase":"Nakita ko ang isang spider."},{"type":"🔊","phrase":"Anong ingay ang ginagawa ng isang spider?"}]},{"slug":"cow","title":"Baka","phrases":[{"type":"❤️","phrase":"Gusto ko ng mga baka."},{"type":"👀","phrase":"Nakita ko ang isang baka."},{"type":"🔊","phrase":"Anong ingay ang ginagawa ng isang baka?"}]},{"slug":"duck","title":"Itik","phrases":[{"type":"❤️","phrase":"Gusto ko ng mga pato."},{"type":"👀","phrase":"Nakita ko ang isang pato."},{"type":"🔊","phrase":"Anong ingay ang ginagawa ng isang pato?"}]},{"slug":"horse","title":"Kabayo","phrases":[{"type":"❤️","phrase":"Gusto ko ng kabayo."},{"type":"👀","phrase":"May nakita akong kabayo."},{"type":"🔊","phrase":"Anong ingay ang ginagawa ng isang kabayo?"}]},{"slug":"chicken","title":"Manok","phrases":[{"type":"❤️","phrase":"Gusto ko ng manok."},{"type":"👀","phrase":"May nakita akong manok."},{"type":"🔊","phrase":"Anong ingay ang ginagawa ng isang manok?"}]},{"slug":"bee","title":"Bee","phrases":[{"type":"❤️","phrase":"Gusto ko ng mga bubuyog."},{"type":"👀","phrase":"Nakita ko ang isang bubuyog."},{"type":"🔊","phrase":"Anong ingay ang ginagawa ng isang bubuyog?"}]},{"slug":"pig","title":"Baboy","phrases":[{"type":"❤️","phrase":"Gusto ko ng baboy."},{"type":"👀","phrase":"Nakita ko ang isang baboy."},{"type":"🔊","phrase":"Anong ingay ang ginagawa ng isang baboy?"}]},{"slug":"dove","title":"Dove","phrases":[{"type":"❤️","phrase":"Gusto ko ng mga kalapati."},{"type":"👀","phrase":"Nakita ko ang kalapati."},{"type":"🔊","phrase":"Anong ingay ang ginagawa ng isang kalapati?"}]},{"slug":"crab","title":"Crab","phrases":[{"type":"❤️","phrase":"Gusto ko ng mga crab."},{"type":"👀","phrase":"Nakita ko ang isang alimango."},{"type":"🔊","phrase":"Anong ingay ang ginagawa ng isang alimango?"}]},{"slug":"penguin","title":"Penguin","phrases":[{"type":"❤️","phrase":"Gusto ko ng mga penguin."},{"type":"👀","phrase":"Nakita ko ang isang penguin."},{"type":"🔊","phrase":"Anong ingay ang ginagawa ng isang penguin?"}]},{"slug":"elephant","title":"Elephant","phrases":[{"type":"❤️","phrase":"Gusto ko ng mga elepante."},{"type":"👀","phrase":"Nakita ko ang isang elepante."},{"type":"🔊","phrase":"Anong ingay ang ginagawa ng isang elepante?"}]},{"slug":"zebra","title":"Zebra","phrases":[{"type":"❤️","phrase":"Gusto ko ng mga zebras."},{"type":"👀","phrase":"Nakita ko ang isang zebra."},{"type":"🔊","phrase":"Anong ingay ang ginagawa ng isang zebra?"}]},{"slug":"panda","title":"Panda","phrases":[{"type":"❤️","phrase":"Gusto ko ng mga pandas."},{"type":"👀","phrase":"Nakita ko ang isang panda."},{"type":"🔊","phrase":"Anong ingay ang ginagawa ng isang panda?"}]},{"slug":"monkey","title":"Unggoy","phrases":[{"type":"❤️","phrase":"Gusto ko ng mga unggoy."},{"type":"👀","phrase":"Nakita ko ang unggoy."},{"type":"🔊","phrase":"Anong ingay ang ginagawa ng unggoy?"}]},{"slug":"camel","title":"Kamelyo","phrases":[{"type":"❤️","phrase":"Gusto ko ng mga kamelyo."},{"type":"👀","phrase":"Nakita ko ang isang kamelyo."},{"type":"🔊","phrase":"Anong ingay ang ginagawa ng isang kamelyo?"}]},{"slug":"mouse","title":"Mouse","phrases":[{"type":"❤️","phrase":"Gusto ko ng mga daga."},{"type":"👀","phrase":"Nakita ko ang isang daga."},{"type":"🔊","phrase":"Anong ingay ang ginagawa ng isang mouse?"}]},{"slug":"tiger","title":"Tigre","phrases":[{"type":"❤️","phrase":"Gusto ko ng tigre."},{"type":"👀","phrase":"Nakita ko ang isang tigre."},{"type":"🔊","phrase":"Anong ingay ang ginagawa ng isang tigre?"}]},{"slug":"jellyfish","title":"Dikya","phrases":[{"type":"❤️","phrase":"Gusto ko ng mga jellyfishes."},{"type":"👀","phrase":"Nakita ko ang isang dikya."},{"type":"🔊","phrase":"Anong ingay ang ginagawa ng isang dikya?"}]},{"slug":"crocodile","title":"Buwaya","phrases":[{"type":"❤️","phrase":"Gusto ko ng mga buwaya."},{"type":"👀","phrase":"Nakita ko ang isang buwaya."},{"type":"🔊","phrase":"Anong ingay ang ginagawa ng isang buwaya?"}]},{"slug":"koala","title":"Koala","phrases":[{"type":"❤️","phrase":"Gusto ko ko."},{"type":"👀","phrase":"Nakita ko ang isang koala."},{"type":"🔊","phrase":"Anong ingay ang ginagawa ng isang koala?"}]},{"slug":"ostrich","title":"Ostrich","phrases":[{"type":"❤️","phrase":"Gusto ko ng mga ostriches."},{"type":"👀","phrase":"Nakita ko ang isang ostrich."},{"type":"🔊","phrase":"Anong ingay ang ginagawa ng isang ostrik?"}]},{"slug":"racoon","title":"Racoon","phrases":[{"type":"❤️","phrase":"Gusto ko ng mga racon."},{"type":"👀","phrase":"Nakita ko ang isang lahi."},{"type":"🔊","phrase":"Anong ingay ang ginagawa ng isang lahi?"}]},{"slug":"bat","title":"Bat","phrases":[{"type":"❤️","phrase":"Gusto ko ng mga paniki."},{"type":"👀","phrase":"Nakita ko ang isang paniki."},{"type":"🔊","phrase":"Anong ingay ang ginagawa ng isang bat?"}]},{"slug":"eagle","title":"Eagle","phrases":[{"type":"❤️","phrase":"Gusto ko ng mga agila."},{"type":"👀","phrase":"Nakita ko ang isang agila."},{"type":"🔊","phrase":"Anong ingay ang ginagawa ng isang agila?"}]},{"slug":"hippopotamus","title":"Hippopotamus","phrases":[{"type":"❤️","phrase":"Gusto ko ng hippopotamus."},{"type":"👀","phrase":"Nakita ko ang isang hippopotamus."},{"type":"🔊","phrase":"Anong ingay ang ginagawa ng isang hippopotamus?"}]},{"slug":"seal","title":"Selyo","phrases":[{"type":"❤️","phrase":"Gusto ko ng mga seal."},{"type":"👀","phrase":"Nakita ko ang isang selyo."},{"type":"🔊","phrase":"Anong ingay ang ginagawa ng isang selyo?"}]},{"slug":"walrus","title":"Walrus","phrases":[{"type":"❤️","phrase":"Gusto ko ng mga walrus."},{"type":"👀","phrase":"Nakita ko ang isang walrus."},{"type":"🔊","phrase":"Anong ingay ang ginagawa ng isang walrus?"}]},{"slug":"seahorse","title":"Seahorse","phrases":[{"type":"❤️","phrase":"Gusto ko ng seahorses."},{"type":"👀","phrase":"Nakita ko ang isang seahorse."},{"type":"🔊","phrase":"Anong ingay ang ginagawa ng isang seahorse?"}]},{"slug":"bull","title":"Bull","phrases":[{"type":"❤️","phrase":"Gusto ko ng mga toro."},{"type":"👀","phrase":"Nakita ko ang isang toro."},{"type":"🔊","phrase":"Anong ingay ang ginagawa ng isang toro?"}]},{"slug":"pelican","title":"Pelican","phrases":[{"type":"❤️","phrase":"Gusto ko ng mga pelicans."},{"type":"👀","phrase":"Nakita ko ang isang pelican."},{"type":"🔊","phrase":"Anong ingay ang ginagawa ng isang pelican?"}]},{"slug":"beaver","title":"Beaver","phrases":[{"type":"❤️","phrase":"Gusto ko ng mga beaver."},{"type":"👀","phrase":"Nakita ko ang isang beaver."},{"type":"🔊","phrase":"Anong ingay ang ginagawa ng isang beaver?"}]},{"slug":"goldfish","title":"Goldfish","phrases":[{"type":"❤️","phrase":"Gusto ko ng mga ginto."},{"type":"👀","phrase":"Nakita ko ang isang goldpis."},{"type":"🔊","phrase":"Anong ingay ang ginagawa ng isang goldpis?"},{"type":"🐠","phrase":"Maaari ba tayong makakuha ng isang goldpis bilang alagang hayop?"}]},{"slug":"rhinoceros","title":"Mga rhino","phrases":[{"type":"❤️","phrase":"Gusto ko ng mga rhinoceros."},{"type":"👀","phrase":"Nakita ko ang isang rhinoceros."},{"type":"🔊","phrase":"Anong ingay ang ginagawa ng isang rhinoceros?"}]},{"slug":"snake","title":"Ahas","phrases":[{"type":"❤️","phrase":"Gusto ko ng mga ahas."},{"type":"👀","phrase":"May nakita akong ahas."},{"type":"🔊","phrase":"Anong ingay ang ginagawa ng isang ahas?"}]},{"slug":"lion","title":"Leon","phrases":[{"type":"❤️","phrase":"Gusto ko ng leon."},{"type":"👀","phrase":"May nakita akong leon."},{"type":"🔊","phrase":"Anong ingay ang ginagawa ng isang leon?"}]},{"slug":"squid","title":"Pusit","phrases":[{"type":"❤️","phrase":"Gusto ko ng mga squid."},{"type":"👀","phrase":"Nakita ko ang isang pusit."},{"type":"🔊","phrase":"Anong ingay ang ginagawa ng isang pusit?"}]},{"slug":"whale","title":"Balyena","phrases":[{"type":"❤️","phrase":"Gusto ko ng mga balyena."},{"type":"👀","phrase":"Nakita ko ang isang balyena."},{"type":"🔊","phrase":"Anong ingay ang ginagawa ng isang balyena?"}]},{"slug":"beetle","title":"Beetle","phrases":[{"type":"❤️","phrase":"Gusto ko ng mga beetles."},{"type":"👀","phrase":"Nakita ko ang isang salagubang."},{"type":"🔊","phrase":"Anong ingay ang ginagawa ng isang salagubang?"}]},{"slug":"dolphin","title":"Dolphin","phrases":[{"type":"❤️","phrase":"Gusto ko ng mga dolphin."},{"type":"👀","phrase":"Nakita ko ang isang dolphin."},{"type":"🔊","phrase":"Anong ingay ang ginagawa ng isang dolphin?"}]},{"slug":"starfish","title":"Starfish","phrases":[{"type":"❤️","phrase":"Gusto ko ng mga gutom."},{"type":"👀","phrase":"Nakita ko ang isang starfish."},{"type":"🔊","phrase":"Anong ingay ang ginagawa ng isang isdang bituin?"}]},{"slug":"parakeet","title":"Parakeet","phrases":[{"type":"❤️","phrase":"Gusto ko ng mga parakeet."},{"type":"👀","phrase":"Nakita ko ang isang parakeet."},{"type":"🔊","phrase":"Anong ingay ang ginagawa ng isang parakeet?"}]},{"slug":"owl","title":"Owl","phrases":[{"type":"❤️","phrase":"Gusto ko ng mga kuwago."},{"type":"👀","phrase":"Nakita ko ang isang kuwago."},{"type":"🔊","phrase":"Anong ingay ang ginagawa ng isang kuwago?"}]},{"slug":"sheep","title":"Tupa","phrases":[{"type":"❤️","phrase":"Gusto ko ng mga tupa."},{"type":"👀","phrase":"May nakita akong tupa."},{"type":"🔊","phrase":"Anong ingay ang ginagawa ng isang tupa?"}]}]