[{"slug":"pants","title":"Pantalon","phrases":[{"type":"🧼","phrase":"Marumi ang pantalon ko."},{"type":"🙋","phrase":"Maaari mo bang tulungan akong magsuot ng aking pantalon?"}]},{"slug":"shirt","title":"Shirt","phrases":[{"type":"🧼","phrase":"Marumi ang shirt ko."},{"type":"🙋","phrase":"Maaari mo ba akong tulungan na magsuot ng shirt?"}]},{"slug":"skirt","title":"Skirt","phrases":[{"type":"🧼","phrase":"Marumi ang palda ko."},{"type":"🙋","phrase":"Maaari mo bang tulungan akong magsuot ng palda?"}]},{"slug":"panty","title":"Panty","phrases":[{"type":"🧼","phrase":"Marumi ang damit na panloob ko."},{"type":"🙋","phrase":"Maaari mo bang tulungan akong magsuot ng panty ko?"}]},{"slug":"jacket","title":"Jacket","phrases":[{"type":"🧼","phrase":"Marumi ang jacket ko."},{"type":"🙋","phrase":"Maaari mo bang tulungan akong magsuot ng aking dyaket?"}]},{"slug":"tie","title":"Itali","phrases":[{"type":"❤️","phrase":"Gusto kong magsuot ng kurbatang."},{"type":"🙋","phrase":"Maaari mo bang tulungan akong itali ang aking itali?"}]},{"slug":"baseball-cap","title":"Baseball cap","phrases":[{"type":"❤️","phrase":"Gusto kong magsuot ng baseball cap."},{"type":"❓","phrase":"Aling baseball cap ang dapat kong isuot?"}]},{"slug":"dress","title":"Damit","phrases":[{"type":"🧼","phrase":"Marumi ang damit ko."},{"type":"🙋","phrase":"Maaari mo bang tulungan akong magsuot ng aking damit?"}]},{"slug":"shoes","title":"Sapatos","phrases":[{"type":"🧼","phrase":"Marumi ang sapatos ko."},{"type":"🙋","phrase":"Maaari mo bang tulungan akong magsuot ng aking sapatos?"}]},{"slug":"boots","title":"Mga Boots","phrases":[{"type":"🧼","phrase":"Marumi ang aking bota."},{"type":"🙋","phrase":"Maaari mo bang tulungan akong magsuot ng aking bota?"}]},{"slug":"sneakers","title":"Mga sneaker","phrases":[{"type":"🎈","phrase":"Gusto kong magsuot ng mga sneaker ko."},{"type":"🙋","phrase":"Maaari mo bang tulungan akong magsuot ng aking mga sneaker?"}]},{"slug":"slippers","title":"Tsinelas","phrases":[{"type":"🎈","phrase":"Gusto kong magsuot ng tsinelas ko."},{"type":"🙋","phrase":"Maaari mo bang tulungan akong magsuot ng aking tsinelas?"}]},{"slug":"belt","title":"Belt","phrases":[{"type":"❤️","phrase":"Para akong may suot na sinturon."},{"type":"🙋","phrase":"Maaari mo bang tulungan akong magsuot ng sinturon?"}]},{"slug":"socks","title":"Mga medyas","phrases":[{"type":"🧼","phrase":"Marumi ang aking medyas."},{"type":"🙋","phrase":"Maaari mo bang tulungan akong magsuot ng medyas?"}]},{"slug":"swimsuit","title":"Swimsuit","phrases":[{"type":"❤️","phrase":"Gusto kong magsuot ng swimsuit ko."},{"type":"🙋","phrase":"Maaari mo bang tulungan akong magsuot ng aking swimsuit?"}]},{"slug":"sweater","title":"Panglamig","phrases":[{"type":"🧼","phrase":"Marumi ang aking panglamig."},{"type":"🙋","phrase":"Maaari mo bang tulungan akong magsuot ng aking panglamig?"}]},{"slug":"scarf","title":"Scarf","phrases":[{"type":"❤️","phrase":"Gusto kong magsuot ng scarf."},{"type":"🙋","phrase":"Maaari mo bang tulungan akong magsuot ng scarf ko?"}]},{"slug":"denim-shorts","title":"Maong shorts","phrases":[{"type":"🧼","phrase":"Marumi ang mga shim shorts ko."},{"type":"🙋","phrase":"Maaari mo bang tulungan akong magsuot ng aking shim shorts?"}]},{"slug":"hoodies","title":"Hoodies","phrases":[{"type":"❤️","phrase":"Gusto kong magsuot ng hoodies."},{"type":"🙋","phrase":"Maaari mo bang tulungan akong magsuot ng aking hoodie?"}]},{"slug":"swimming-shorts","title":"Pag-swimming shorts","phrases":[{"type":"🧼","phrase":"Marumi ang aking shorts sa paglangoy."},{"type":"🙋","phrase":"Maaari mo bang tulungan akong magsuot ng aking shorts sa paglangoy?"}]},{"slug":"bow-tie","title":"Bow tie","phrases":[{"type":"❤️","phrase":"Gusto kong magsuot ng bow tie."},{"type":"🙋","phrase":"Maaari mo bang tulungan akong isusuot ang aking bow tie?"}]},{"slug":"leather-jacket","title":"Mga dyaket ng katad","phrases":[{"type":"❤️","phrase":"Gusto kong magsuot ng leather jacket."},{"type":"🙋","phrase":"Maaari mo bang tulungan akong magsuot ng aking katad na jacket?"}]},{"slug":"bathrobe","title":"Bathrope","phrases":[{"type":"❤️","phrase":"Para akong may suot na banyo."},{"type":"🙋","phrase":"Maaari mo bang tulungan akong magsuot ng aking banyo?"}]},{"slug":"jumpsuit","title":"Jumpsuit","phrases":[{"type":"❤️","phrase":"Gusto kong magsuot ng jumpsuit."},{"type":"🙋","phrase":"Maaari mo bang tulungan akong magsuot ng aking jumpsuit?"}]},{"slug":"fedora-hat","title":"Sumbrero ng Fedora","phrases":[{"type":"❤️","phrase":"Gusto kong magsuot ng sumbrero na fedora."},{"type":"🙋","phrase":"Maaari mo bang tulungan akong magsuot ng aking sumbrero na fedora?"}]},{"slug":"t-shirt","title":"T-shirt","phrases":[{"type":"❤️","phrase":"Gusto kong magsuot ng t-shirt."},{"type":"🙋","phrase":"Maaari mo bang tulungan akong magsuot ng t-shirt?"}]},{"slug":"sleeveless","title":"Walang suot","phrases":[{"type":"❤️","phrase":"Para akong may suot na walang manggas."},{"type":"🙋","phrase":"Maaari mo bang tulungan akong magsuot ng aking manggas?"}]},{"slug":"boxers","title":"Mga Boxer","phrases":[{"type":"❤️","phrase":"Para akong may suot na boksingero."},{"type":"🙋","phrase":"Maaari mo bang tulungan akong magsuot ng aking mga boksingero?"}]},{"slug":"vest","title":"Vest","phrases":[{"type":"❤️","phrase":"Gusto kong magsuot ng vest."},{"type":"🙋","phrase":"Maaari mo bang tulungan akong magsuot ng aking vest?"}]},{"slug":"pamela-hat","title":"Pamela sumbrero","phrases":[{"type":"❤️","phrase":"Gusto kong magsuot ng pamela hat."},{"type":"🙋","phrase":"Maaari mo bang tulungan akong magsuot ng aking pamela hat?"}]},{"slug":"high-heels","title":"Mataas na Takong","phrases":[{"type":"❤️","phrase":"Para akong may suot na mataas na takong."},{"type":"🙋","phrase":"Maaari mo bang tulungan akong magsuot ng aking mataas na takong?"}]},{"slug":"overalls","title":"Mga oberols","phrases":[{"type":"❤️","phrase":"Gusto kong magsuot ng mga ober."},{"type":"🙋","phrase":"Maaari mo bang tulungan akong magsuot ng aking mga oberols?"}]},{"slug":"kimono","title":"Kimono","phrases":[{"type":"❤️","phrase":"Gusto kong magsuot ng kimono."},{"type":"🙋","phrase":"Maaari mo bang tulungan akong magsuot ng aking kimono?"}]},{"slug":"raincoat","title":"Raincoat","phrases":[{"type":"❤️","phrase":"Gusto kong magsuot ng kapote."},{"type":"🙋","phrase":"Maaari mo bang tulungan akong magsuot ng aking kapote?"}]},{"slug":"bandana","title":"Bandana","phrases":[{"type":"❤️","phrase":"Gusto kong magsuot ng bandana."},{"type":"🙋","phrase":"Maaari mo bang tulungan akong magsuot ng aking bandana?"}]},{"slug":"beret","title":"Beret","phrases":[{"type":"❤️","phrase":"Gusto kong magsuot ng beret."},{"type":"🙋","phrase":"Maaari mo bang tulungan akong magsuot ng aking beret?"}]},{"slug":"knit-hat","title":"Kumunot na sumbrero","phrases":[{"type":"❤️","phrase":"Gusto kong magsuot ng niniting na sumbrero."},{"type":"🙋","phrase":"Maaari mo bang tulungan akong magsuot ng aking niniting sumbrero?"}]},{"slug":"suspenders","title":"Mga suspendido","phrases":[{"type":"❤️","phrase":"Para akong may suot na suspenders."},{"type":"🙋","phrase":"Maaari mo bang tulungan akong magsuot ng aking mga suspendido?"}]},{"slug":"mitten","title":"Mitten","phrases":[{"type":"❤️","phrase":"Gusto kong magsuot ng kutsilyo."},{"type":"🙋","phrase":"Maaari mo bang tulungan akong magsuot ng aking kuting?"}]},{"slug":"suit","title":"Suit","phrases":[{"type":"❤️","phrase":"Gusto kong magsuot ng suit."},{"type":"🙋","phrase":"Maaari mo bang tulungan akong magsuot ng suit?"}]},{"slug":"coat","title":"Coat","phrases":[{"type":"❤️","phrase":"Gusto kong magsuot ng amerikana."},{"type":"🙋","phrase":"Maaari mo bang tulungan akong magsuot ng aking amerikana?"}]},{"slug":"trench-coat","title":"Trench coat","phrases":[{"type":"❤️","phrase":"Para akong may suot na trench coat."},{"type":"🙋","phrase":"Maaari mo bang tulungan akong magsuot ng aking trench coat?"}]}]