[{"slug":"crayons","title":"Mga krayola","phrases":[{"type":"❤️","phrase":"Gusto ko ng mga krayola."},{"type":"🙋","phrase":"Maaari mo bang bigyan ako ng krayola?"},{"type":"🖍️","phrase":"Nais kong gumuhit gamit ang aking mga krayola."}]},{"slug":"red","title":"Pula","phrases":[{"type":"👉","phrase":"Pula ito."},{"type":"💜","phrase":"Ang aking paboritong kulay ay pula."},{"type":"🙋","phrase":"Maaari mo bang bigyan ako ng pulang pintura?"}]},{"slug":"blue","title":"Bughaw","phrases":[{"type":"👉","phrase":"Ito ay asul."},{"type":"💜","phrase":"Ang paborito kong kulay ay asul."},{"type":"🙋","phrase":"Maaari mo bang bigyan ako ng asul na pintura?"}]},{"slug":"orange","title":"Orange","phrases":[{"type":"👉","phrase":"Ito ay kulay kahel."},{"type":"💜","phrase":"Ang aking paboritong kulay ay orange."},{"type":"🙋","phrase":"Maaari mo bang bigyan ako ng orange na pintura?"}]},{"slug":"green","title":"Berde","phrases":[{"type":"👉","phrase":"Ito ay berde."},{"type":"💜","phrase":"Ang aking paboritong kulay ay berde."},{"type":"🙋","phrase":"Maaari mo bang bigyan ako ng berdeng pintura?"}]},{"slug":"yellow","title":"Dilaw","phrases":[{"type":"👉","phrase":"Ito ay dilaw."},{"type":"💜","phrase":"Ang aking paboritong kulay ay dilaw."},{"type":"🙋","phrase":"Maaari mo bang bigyan ako ng dilaw na pintura?"}]},{"slug":"purple","title":"Lila","phrases":[{"type":"👉","phrase":"Ito ay lilang."},{"type":"💜","phrase":"Ang aking paboritong kulay ay lilang."},{"type":"🙋","phrase":"Maaari mo bang bigyan ako ng lilang pintura?"}]},{"slug":"pink","title":"Rosas","phrases":[{"type":"👉","phrase":"Ito ay kulay rosas."},{"type":"💜","phrase":"Kulay rosas ang aking paboritong kulay."},{"type":"🙋","phrase":"Maaari mo bang bigyan ako ng kulay-rosas na pintura?"}]},{"slug":"brown","title":"Kayumanggi","phrases":[{"type":"👉","phrase":"Ito ay kayumanggi."},{"type":"💜","phrase":"Ang paborito kong kulay ay kayumanggi."},{"type":"🙋","phrase":"Maaari mo bang bigyan ako ng brown pintura?"}]},{"slug":"black","title":"Itim","phrases":[{"type":"👉","phrase":"Itim."},{"type":"💜","phrase":"Itim ang paborito kong kulay."},{"type":"🙋","phrase":"Maaari mo bang bigyan ako ng itim na pintura?"}]},{"slug":"white","title":"Puti","phrases":[{"type":"👉","phrase":"Puti ito."},{"type":"💜","phrase":"Puti ang aking paboritong kulay."},{"type":"🙋","phrase":"Maaari mo bang bigyan ako ng puting pintura?"}]},{"slug":"gray","title":"kulay-abo","phrases":[{"type":"👉","phrase":"Ito ay kulay-abo."},{"type":"💜","phrase":"Ang aking paboritong kulay ay kulay abo."},{"type":"🙋","phrase":"Maaari mo bang bigyan ako ng kulay-abo na pintura?"}]},{"slug":"transparent","title":"Transparent","phrases":[{"type":"👉","phrase":"Ito ay malinaw."},{"type":"👀","phrase":"Nakikita ko sa likod ng transparent na kulay."},{"type":"🙋","phrase":"Maaari mo bang tulungan akong burahin?"}]},{"slug":"cyan","title":"Cyan","phrases":[{"type":"👉","phrase":"Ito ay cyan."},{"type":"💜","phrase":"Ang paborito kong kulay ay cyan."},{"type":"🙋","phrase":"Maaari mo bang bigyan ako ng cyan pintura?"}]},{"slug":"violet","title":"Lila","phrases":[{"type":"👉","phrase":"Ito ay violet."},{"type":"💜","phrase":"Ang aking paboritong kulay ay kulay-lila."},{"type":"🙋","phrase":"Maaari mo bang bigyan ako ng pintura ng violet?"}]},{"slug":"turquoise","title":"Turkesa","phrases":[{"type":"👉","phrase":"Ito ay turkesa."},{"type":"💜","phrase":"Ang aking paboritong kulay ay turquose."},{"type":"🙋","phrase":"Maaari mo bang bigyan ako ng pintura ng turquose?"}]},{"slug":"lime","title":"Lime","phrases":[{"type":"👉","phrase":"Ito ay dayap."},{"type":"💜","phrase":"Ang paborito kong kulay ay dayap."},{"type":"🙋","phrase":"Maaari mo bang bigyan ako ng pintura ng dayap?"}]},{"slug":"plum","title":"Plum","phrases":[{"type":"👉","phrase":"Ito ay plum."},{"type":"💜","phrase":"Ang aking paboritong kulay ay plum."},{"type":"🙋","phrase":"Maaari mo bang bigyan ako ng plum pintura?"}]},{"slug":"tan","title":"kulay-balat","phrases":[{"type":"👉","phrase":"Ito ay kulay tan."},{"type":"💜","phrase":"Ang paborito kong kulay ay kulay tan."},{"type":"🙋","phrase":"Maaari mo bang bigyan ako ng kulay ng kulay ng tan?"}]},{"slug":"avocado","title":"Avocado","phrases":[{"type":"👉","phrase":"Ito ay kulay abukado."},{"type":"💜","phrase":"Ang aking paboritong kulay ay kulay abukado."},{"type":"🙋","phrase":"Maaari mo bang bigyan ako ng pintura ng kulay ng abukado?"}]},{"slug":"barbie-pink","title":"Rosas na rosas","phrases":[{"type":"👉","phrase":"Ito ay kulay barbie pink."},{"type":"💜","phrase":"Ang aking paboritong kulay ay barbie pink."},{"type":"🙋","phrase":"Maaari mo bang bigyan ako ng barbie pink na pintura?"}]},{"slug":"blizzard-blue","title":"Asul na blizzard","phrases":[{"type":"👉","phrase":"Ito ay kulay rosas na kulay asul."},{"type":"💜","phrase":"Ang paborito kong kulay ay kulay rosas na kulay asul na kulay."},{"type":"🙋","phrase":"Maaari mo bang bigyan ako ng blizzard asul na pintura?"}]}]