[{"slug":"coffee","title":"Kape","phrases":[{"type":"❤️","phrase":"Gusto kong uminom ng kape."},{"type":"🙋","phrase":"Gusto kong uminom ng kape."}]},{"slug":"water","title":"Tubig","phrases":[{"type":"☝️","phrase":"Kailangan kong uminom ng tubig."},{"type":"🙋","phrase":"Gusto kong uminom ng tubig."}]},{"slug":"juice","title":"Juice","phrases":[{"type":"❤️","phrase":"Gusto kong uminom ng juice."},{"type":"🙋","phrase":"Gusto kong uminom ng juice."}]},{"slug":"tea","title":"Tsaa","phrases":[{"type":"❤️","phrase":"Gusto kong uminom ng tsaa."},{"type":"🙋","phrase":"Gusto kong uminom ng tsaa."}]},{"slug":"grape-juice","title":"Katas ng ubas","phrases":[{"type":"❤️","phrase":"Gusto kong uminom ng juice ng ubas."},{"type":"🙋","phrase":"Gusto kong uminom ng juice ng ubas."}]},{"slug":"milk","title":"Gatas","phrases":[{"type":"❤️","phrase":"Gusto kong uminom ng gatas."},{"type":"🙋","phrase":"Gusto kong uminom ng gatas."}]},{"slug":"milkshake","title":"Milkshake","phrases":[{"type":"❤️","phrase":"Gusto kong uminom ng milkshake."},{"type":"🙋","phrase":"Gusto kong uminom ng milkshake."}]},{"slug":"orange-juice","title":"Orange juice","phrases":[{"type":"❤️","phrase":"Gusto kong uminom ng orange juice."},{"type":"🙋","phrase":"Gusto kong uminom ng orange juice."}]},{"slug":"apple-juice","title":"Apple juice","phrases":[{"type":"❤️","phrase":"Gusto kong uminom ng juice ng mansanas."},{"type":"🙋","phrase":"Gusto kong uminom ng juice ng mansanas."}]},{"slug":"pineapple-juice","title":"Mga Juice ng Pinya","phrases":[{"type":"❤️","phrase":"Gusto kong uminom ng pineapple juice."},{"type":"🙋","phrase":"Gusto kong uminom ng pineapple juice."}]},{"slug":"lemonade","title":"Lemonade","phrases":[{"type":"❤️","phrase":"Gusto kong uminom ng limonada."},{"type":"🙋","phrase":"Gusto kong uminom ng limonada."}]},{"slug":"coke","title":"Coke","phrases":[{"type":"❤️","phrase":"Gusto ko uminom ng coke."},{"type":"🙋","phrase":"Gusto kong uminom ng coke."}]},{"slug":"soda","title":"Soda","phrases":[{"type":"❤️","phrase":"Gusto kong uminom ng soda."},{"type":"🙋","phrase":"Gusto kong uminom ng soda."}]},{"slug":"frappe","title":"Frappe","phrases":[{"type":"❤️","phrase":"Gusto kong uminom ng frappe."},{"type":"🙋","phrase":"Gusto kong uminom ng frappe."}]},{"slug":"smoothie","title":"Makinis","phrases":[{"type":"❤️","phrase":"Gusto ko uminom ng smoothie."},{"type":"🙋","phrase":"Gusto kong uminom ng smoothie."}]},{"slug":"iced-tea","title":"Iced tea","phrases":[{"type":"❤️","phrase":"Gusto ko uminom ng iced tea."},{"type":"🙋","phrase":"Gusto kong uminom ng iced tea."}]},{"slug":"hot-chocolate","title":"Mainit na tsokolate","phrases":[{"type":"❤️","phrase":"Gusto kong uminom ng mainit na tsokolate."},{"type":"🙋","phrase":"Gusto kong uminom ng mainit na tsokolate."}]},{"slug":"mineral-water","title":"Mineral na tubig","phrases":[{"type":"❤️","phrase":"Gusto kong uminom ng mineral na tubig."},{"type":"🙋","phrase":"Gusto kong uminom ng mineral na tubig."}]}]