[{"slug":"cotton-candy","title":"Cotto kendi","phrases":[{"type":"❤️","phrase":"Gusto ko kumain ng cotton candy."}]},{"slug":"magic-hat","title":"Sombrero sumbrero","phrases":[{"type":"❤️","phrase":"Gusto kong magsuot ng magic sumbrero."}]},{"slug":"ferris-wheel","title":"Gulong ng Ferris","phrases":[{"type":"❤️","phrase":"Gusto ko sumakay sa ferris wheel."}]},{"slug":"bowling","title":"Bowling","phrases":[{"type":"❤️","phrase":"Para akong naglalaro ng bowling."}]},{"slug":"bumper-car","title":"Bumagsak na kotse","phrases":[{"type":"❤️","phrase":"Gusto ko sumakay sa bumper na kotse."}]},{"slug":"carousel","title":"Carousel","phrases":[{"type":"❤️","phrase":"Gusto ko sumakay sa carousel."}]},{"slug":"balloons","title":"Mga Lobo","phrases":[{"type":"❤️","phrase":"Gusto ko ng mga lobo."}]},{"slug":"cups","title":"Mga Cup","phrases":[]},{"slug":"unicycle","title":"Unicylce","phrases":[]},{"slug":"circus-tent","title":"Tolda ng sirko","phrases":[]},{"slug":"food-truck","title":"Trak ng pagkain","phrases":[]},{"slug":"tea-cup-ride","title":"Pagsakay sa tasa ng tsaa","phrases":[]},{"slug":"whack-a-mole","title":"Sumakay ng isang nunal","phrases":[]},{"slug":"food-stall","title":"Pagkain ng pagkain","phrases":[]},{"slug":"claw-machine","title":"Claw machine","phrases":[]},{"slug":"shooting-target","title":"Target ng pagbaril","phrases":[]},{"slug":"teddy-bear","title":"Teddy bear","phrases":[]},{"slug":"fireworks","title":"Mga Paputok","phrases":[]},{"slug":"caramelized-apple","title":"Caramelized apple","phrases":[]},{"slug":"ring","title":"Tumunog","phrases":[]}]