[{"slug":"happy","title":"Masaya","phrases":[{"type":"🖐️","phrase":"Masaya ako."},{"type":"🙋","phrase":"Masaya ako."},{"type":"❓","phrase":"Masaya ka ba?"},{"type":"☝️","phrase":"Gusto kong makaramdam ng kasiyahan."},{"type":"🎈","phrase":"Pinapasaya mo ako."}]},{"slug":"sad","title":"Malungkot","phrases":[{"type":"🖐️","phrase":"Malungkot ako."},{"type":"🙋","phrase":"Nakaramdam ako ng lungkot."},{"type":"❓","phrase":"Nalulungkot ka ba?"},{"type":"☝️","phrase":"Ayokong makaramdam ng lungkot."},{"type":"😠","phrase":"Ginagawa mo akong malungkot."}]},{"slug":"exhausted","title":"Napapaso","phrases":[{"type":"🖐️","phrase":"Pagod na ako."},{"type":"🙋","phrase":"Nakakapagod na ako."},{"type":"❓","phrase":"Nakakapagod ka ba?"},{"type":"☝️","phrase":"Ayaw kong pagod."}]},{"slug":"relaxed","title":"Nakakarelaks","phrases":[{"type":"🖐️","phrase":"Ako ay payapa."},{"type":"🙋","phrase":"Nakakarelax ako."},{"type":"❓","phrase":"Nagpapahinga ka ba?"},{"type":"☝️","phrase":"Gusto kong makaramdam ng lundo."}]},{"slug":"in-love","title":"Umiibig","phrases":[{"type":"🖐️","phrase":"In love ako."},{"type":"🙋","phrase":"Umiibig ako."},{"type":"❓","phrase":"Umiibig ka ba?"},{"type":"☝️","phrase":"Nais kong umibig."},{"type":"👉","phrase":"Mahal mo ba ako?"}]},{"slug":"stressed","title":"Na-stress","phrases":[{"type":"🖐️","phrase":"Nai-stress ako."},{"type":"🙋","phrase":"Nakaramdam ako ng stress."},{"type":"❓","phrase":"Pakiramdam mo ba ay nai-stress?"},{"type":"☝️","phrase":"Ayokong makaramdam ng pagkabalisa."}]},{"slug":"thankful","title":"Mapagpasalamat","phrases":[{"type":"🖐️","phrase":"Nagpapasalamat ako."},{"type":"🙋","phrase":"Pakiramdam ko ay nagpapasalamat ako."},{"type":"❓","phrase":"Nagpapasalamat ka ba?"},{"type":"☝️","phrase":"Gusto kong makaramdam ng pasasalamat."}]},{"slug":"confused","title":"Nalilito","phrases":[{"type":"🖐️","phrase":"Nalilito ako."},{"type":"🙋","phrase":"Para akong naguguluhan."},{"type":"❓","phrase":"Pakiramdam mo ay nalilito ka?"},{"type":"☝️","phrase":"Nalilito mo ako."}]},{"slug":"joyful","title":"Masaya","phrases":[{"type":"🖐️","phrase":"Masaya ako."},{"type":"🙋","phrase":"Nakakatuwa ang pakiramdam ko."},{"type":"❓","phrase":"Masaya ba ang pakiramdam mo?"},{"type":"☝️","phrase":"Gusto kong makaramdam ng kasiyahan."}]},{"slug":"angry","title":"Galit","phrases":[{"type":"🖐️","phrase":"Galit ako."},{"type":"🙋","phrase":"Nagagalit ako."},{"type":"❓","phrase":"Galit ka ba?"},{"type":"☝️","phrase":"Galit ako sayo."},{"type":"😠","phrase":"Ginagalit mo ako."}]},{"slug":"smart","title":"Matalino","phrases":[{"type":"🖐️","phrase":"Matalino ako."},{"type":"🙋","phrase":"Pakiramdam ko ay matalino."},{"type":"❓","phrase":"Masarap ba ang pakiramdam mo?"},{"type":"☝️","phrase":"Matalino ba ako?"},{"type":"👉","phrase":"Ikaw ay matalino!"}]},{"slug":"afraid","title":"Takot","phrases":[{"type":"🖐️","phrase":"Takot ako."},{"type":"🙋","phrase":"Ramdam ko ang takot."},{"type":"❓","phrase":"Nararamdaman mo ba ang takot?"},{"type":"☝️","phrase":"Ayokong makaramdam ng takot."},{"type":"😠","phrase":"Tinatakot mo ako."}]},{"slug":"ashamed","title":"Nahihiya","phrases":[{"type":"🖐️","phrase":"Ako ay nahihiya."},{"type":"🙋","phrase":"Nahihiya ako."},{"type":"❓","phrase":"Nahihiya ka ba?"},{"type":"☝️","phrase":"Ayokong makaramdam ng hiya."}]},{"slug":"shocked","title":"Nagulat","phrases":[{"type":"🖐️","phrase":"Nagulat ako."},{"type":"🙋","phrase":"Nakaramdam ako ng pagkabigla."},{"type":"❓","phrase":"Nakakagulat ka ba?"},{"type":"☝️","phrase":"Nabigla mo ako."}]},{"slug":"sick","title":"May sakit","phrases":[{"type":"🖐️","phrase":"May sakit ako."},{"type":"🙋","phrase":"May sakit ako."},{"type":"❓","phrase":"May sakit ka ba?"},{"type":"☝️","phrase":"Ayokong magkasakit."},{"type":"🤢","phrase":"May sakit ako sa pagkain."}]},{"slug":"frustrated","title":"Galit","phrases":[{"type":"🖐️","phrase":"Nabigo ako."},{"type":"🙋","phrase":"Nakaramdam ako ng pagkabigo."},{"type":"❓","phrase":"Nakaramdam ka ba ng pagkabigo?"},{"type":"☝️","phrase":"Ayokong makaramdam ng pagkabigo."}]},{"slug":"excited","title":"Nakakatuwa","phrases":[{"type":"🖐️","phrase":"Excited ako."},{"type":"🙋","phrase":"Nakakatuwa ang pakiramdam ko."},{"type":"❓","phrase":"Nagpaparamdam ka ba?"},{"type":"☝️","phrase":"Ayokong makaramdam ako ng excited."}]},{"slug":"nauseated","title":"Nakabuga","phrases":[{"type":"🖐️","phrase":"Nasusuka ako."},{"type":"🙋","phrase":"Naiinis ako."},{"type":"❓","phrase":"Nakaramdam ka ba ng pagkahilo?"},{"type":"☝️","phrase":"Ayokong makaramdam ng pagduduwal."}]},{"slug":"agitated","title":"Nakakainis","phrases":[{"type":"🖐️","phrase":"Naiinis ako."},{"type":"🙋","phrase":"Nakaramdam ako ng gulo."},{"type":"❓","phrase":"Nahihirapan ka ba?"},{"type":"☝️","phrase":"Ayokong makaramdam ng gulo."}]}]