[{"slug":"hungry","title":"Gutom","phrases":[{"type":"‼️","phrase":"Gutom na ako."},{"type":"❓","phrase":"Nagugutom ka ba?"},{"type":"🙋","phrase":"Maaari mo ba akong gawing pagkain?"},{"type":"🍳","phrase":"Ano ang para sa hapunan?"}]},{"slug":"thirsty","title":"Nauhaw","phrases":[{"type":"‼️","phrase":"Uhaw ako."},{"type":"🌊","phrase":"Maaari ba akong magkaroon ng tubig?"},{"type":"🥛","phrase":"Maaari ba akong magkaroon ng isang basong tubig?"},{"type":"🙋","phrase":"Gusto kong uminom."}]},{"slug":"cutlery","title":"Cutlery","phrases":[{"type":"🙋","phrase":"Kailangan ko ng kubyertos."},{"type":"🍽️","phrase":"Tulungan mo akong gumamit ng cutlery."},{"type":"🍴","phrase":"Kailangan ko ng tinidor."},{"type":"🥄","phrase":"Kailangan ko ng kutsara."},{"type":"🥢","phrase":"Kailangan ko ng mga chopstick."},{"type":"🔪","phrase":"Kailangan ko ng kutsilyo."},{"type":"🧻","phrase":"Kailangan ko ng isang napkin."}]},{"slug":"apple","title":"Apple","phrases":[{"type":"❤️","phrase":"Gusto ko ng mansanas."},{"type":"❌","phrase":"Hindi ko gusto ang mansanas."},{"type":"🙋","phrase":"Gusto kong kumain ng mansanas."}]},{"slug":"carrot","title":"Karot","phrases":[{"type":"❤️","phrase":"Gusto ko ng karot."},{"type":"❌","phrase":"Hindi ko gusto ang karot."},{"type":"🙋","phrase":"Gusto kong kumain ng isang karot."}]},{"slug":"beans","title":"Mga Beans","phrases":[{"type":"❤️","phrase":"Gusto ko ng beans."},{"type":"❌","phrase":"Ayaw ko ng beans."},{"type":"🙋","phrase":"Gusto kong kumain ng beans."}]},{"slug":"chicken","title":"Manok","phrases":[{"type":"❤️","phrase":"Gusto ko ng manok."},{"type":"❌","phrase":"Hindi ko gusto ang manok."},{"type":"🙋","phrase":"Gusto kong kumain ng manok."},{"type":"🍗","phrase":"Gusto ko ng fried chicken."},{"type":"🐣","phrase":"Gusto ko ng pinakuluang manok."}]},{"slug":"chocolate","title":"Tsokolate","phrases":[{"type":"❤️","phrase":"Gusto ko ng tsokolate."},{"type":"❌","phrase":"Hindi ko gusto ang tsokolate."},{"type":"🙋","phrase":"Gusto kong kumain ng tsokolate."},{"type":"⚫","phrase":"Gusto ko ng madilim na tsokolate."},{"type":"⚪","phrase":"Gusto ko ng puting tsokolate."}]},{"slug":"milk","title":"Gatas","phrases":[{"type":"❤️","phrase":"Gusto ko ng gatas."},{"type":"❌","phrase":"Hindi ko gusto ang gatas."},{"type":"🙋","phrase":"Gusto kong uminom ng gatas."},{"type":"🍳","phrase":"Maaari ba akong magkaroon ng isang baso ng gatas?"}]},{"slug":"sandwich","title":"Sandwich","phrases":[{"type":"❤️","phrase":"Gusto ko ng sandwich."},{"type":"❌","phrase":"Ayaw ko ng sandwich."},{"type":"🙋","phrase":"Gusto kong kumain ng sandwich."},{"type":"🍳","phrase":"Maaari mo ba akong gawing sandwich?"}]},{"slug":"steak","title":"Steak","phrases":[{"type":"❤️","phrase":"Gusto ko ng steak."},{"type":"❌","phrase":"Hindi ko gusto ang steak."},{"type":"🙋","phrase":"Gusto kong kumain ng steak."},{"type":"🍳","phrase":"Maaari kang magluto ng steak para sa akin?"}]},{"slug":"banana","title":"Saging","phrases":[{"type":"❤️","phrase":"Gusto ko ng saging."},{"type":"❌","phrase":"Hindi ko gusto ang saging."},{"type":"🙋","phrase":"Gusto kong kumain ng saging."}]},{"slug":"pie","title":"Pie","phrases":[{"type":"❤️","phrase":"Gusto ko ng pie."},{"type":"❌","phrase":"Hindi ko gusto ang pie."},{"type":"🙋","phrase":"Gusto kong kumain ng pie."},{"type":"🍳","phrase":"Maaari ka bang maghurno ng pie para sa akin?"}]},{"slug":"egg","title":"Itlog","phrases":[{"type":"❤️","phrase":"Gusto ko ng itlog."},{"type":"❌","phrase":"Ayaw ko ng itlog."},{"type":"🙋","phrase":"Gusto kong kumain ng itlog."},{"type":"🍳","phrase":"Gusto ko ng mga piniritong itlog."},{"type":"🥚","phrase":"Gusto ko ng mga pinakuluang itlog."}]},{"slug":"noodles","title":"Mga bihon","phrases":[{"type":"❤️","phrase":"Gusto ko ng pansit."},{"type":"❌","phrase":"Hindi ko gusto ang mga pansit."},{"type":"🙋","phrase":"Gusto kong kumain ng pansit."},{"type":"🍳","phrase":"Maaari kang magluto ng pansit para sa akin?"}]},{"slug":"salt","title":"Asin","phrases":[{"type":"🙋","phrase":"Gusto ko ng asin."},{"type":"❓","phrase":"Maaari mo bang ipasa sa akin ang asin?"},{"type":"🧂","phrase":"Maalat ang pagkain."},{"type":"🧂","phrase":"Ang aking pagkain ay nangangailangan ng kaunting asin."}]},{"slug":"spices","title":"Mga pampalasa","phrases":[{"type":"❤️","phrase":"Gusto ko ng maanghang na pagkain."},{"type":"❌","phrase":"Hindi ko gusto ang maanghang na pagkain."},{"type":"🙋","phrase":"Gusto ko ng paprika."},{"type":"⚫","phrase":"Gusto ko ng black pepper."}]},{"slug":"pizza","title":"Pizza","phrases":[{"type":"❤️","phrase":"Gusto ko ng pizza."},{"type":"❌","phrase":"Hindi ko gusto ang pizza."},{"type":"🙋","phrase":"Gusto kong kumain ng pizza."},{"type":"🍳","phrase":"Maaari kang magluto ng pizza para sa akin?"},{"type":"☝️","phrase":"Maaari ba tayong mag-order ng pizza?"}]},{"slug":"cheese","title":"Keso","phrases":[{"type":"❤️","phrase":"Gusto ko ang keso."},{"type":"❌","phrase":"Hindi ko gusto ang keso."},{"type":"🙋","phrase":"Gusto kong kumain ng keso."}]},{"slug":"fish","title":"Isda","phrases":[{"type":"❤️","phrase":"Gusto ko ng isda."},{"type":"❌","phrase":"Ayaw ko ng isda."},{"type":"🙋","phrase":"Gusto kong kumain ng isda."},{"type":"🍳","phrase":"Maaari kang magluto ng isda para sa akin?"}]},{"slug":"ice-cream","title":"Sorbetes","phrases":[{"type":"❤️","phrase":"Gusto ko ng ice cream."},{"type":"❌","phrase":"Hindi ko gusto ang sorbetes."},{"type":"🙋","phrase":"Gusto kong kumain ng sorbetes."},{"type":"☝️","phrase":"Maaari kang bumili ng sorbetes para sa akin?"}]},{"slug":"tea","title":"Tsaa","phrases":[{"type":"❤️","phrase":"Gusto ko nang tsaa."},{"type":"❌","phrase":"Ayaw ko ng tsaa."},{"type":"🙋","phrase":"Gusto kong uminom ng tsaa."},{"type":"🍳","phrase":"Maaari kang gumawa ng tsaa para sa akin?"}]},{"slug":"coffee","title":"Kape","phrases":[{"type":"❤️","phrase":"Gusto ko ng kape."},{"type":"❌","phrase":"Ayaw ko ng kape."},{"type":"🙋","phrase":"Gusto kong uminom ng kape."},{"type":"🍳","phrase":"Maaari kang gumawa ng kape para sa akin?"}]},{"slug":"tomato","title":"Tomato","phrases":[{"type":"❤️","phrase":"Gusto ko ng kamatis."},{"type":"❌","phrase":"Hindi ko gusto ang kamatis."},{"type":"🙋","phrase":"Gusto kong kumain ng kamatis."}]},{"slug":"cereal","title":"Sereal","phrases":[{"type":"❤️","phrase":"Gusto ko ng cereal."},{"type":"❌","phrase":"Hindi ko gusto ang cereal."},{"type":"🙋","phrase":"Gusto kong kumain ng cereal."},{"type":"🍳","phrase":"Maaari mo ba akong gawing cereal?"}]},{"slug":"burger","title":"Burger","phrases":[{"type":"❤️","phrase":"Gusto ko ng burger."},{"type":"❌","phrase":"Ayaw ko ng burger."},{"type":"🙋","phrase":"Gusto kong kumain ng burger."},{"type":"🍳","phrase":"Maaari kang magluto ng burger para sa akin?"},{"type":"☝️","phrase":"Maaari ba tayong mag-order ng burger?"}]},{"slug":"french-fries","title":"French fries","phrases":[{"type":"❤️","phrase":"Gusto ko ng french fries."},{"type":"❌","phrase":"Hindi ko gusto ang mga french fries."},{"type":"🙋","phrase":"Gusto kong kumain ng pranses na fries."},{"type":"🍳","phrase":"Maaari kang magluto ng french fries para sa akin?"},{"type":"☝️","phrase":"Maaari ba tayong mag-order ng french fries?"}]},{"slug":"spinach","title":"Spinach","phrases":[{"type":"❤️","phrase":"Gusto ko ng spinach."},{"type":"❌","phrase":"Hindi ko gusto ang spinach."},{"type":"🙋","phrase":"Gusto kong kumain ng spinach."}]},{"slug":"rice","title":"Rice","phrases":[{"type":"❤️","phrase":"Mahilig ako sa kanin."},{"type":"❌","phrase":"Hindi ko gusto ang bigas."},{"type":"🙋","phrase":"Gusto kong kumain ng kanin."},{"type":"🍳","phrase":"Maaari kang magluto ng bigas para sa akin?"}]},{"slug":"bread","title":"Tinapay","phrases":[{"type":"❤️","phrase":"Gusto ko ng tinapay."},{"type":"❌","phrase":"Hindi ko gusto ang tinapay."},{"type":"🙋","phrase":"Gusto kong kumain ng tinapay."},{"type":"☝️","phrase":"Maaari kang bumili ng ilang tinapay?"}]},{"slug":"pasta","title":"Pasta","phrases":[{"type":"❤️","phrase":"Gusto ko ng pasta."},{"type":"❌","phrase":"Hindi ko gusto ang pasta."},{"type":"🙋","phrase":"Gusto kong kumain ng pasta."},{"type":"🍳","phrase":"Maaari kang magluto ng pasta para sa akin?"}]},{"slug":"sauce","title":"Sarsa","phrases":[{"type":"❤️","phrase":"Gusto ko ng sarsa."},{"type":"❌","phrase":"Hindi ko gusto ang sarsa."},{"type":"🙋","phrase":"Gusto ko ng sarsa."},{"type":"🔴","phrase":"Maaari ba akong magkaroon ng ketchup?"},{"type":"⚪","phrase":"Maaari ba akong magkaroon ng mayonesa?"},{"type":"🟡","phrase":"Maaari ba akong magkaroon ng mustasa?"},{"type":"🚜","phrase":"Maaari ba akong magkaroon ng sarsa?"}]},{"slug":"kebab","title":"Kebab","phrases":[{"type":"❤️","phrase":"Gusto ko ng kebab."},{"type":"❌","phrase":"Hindi ko gusto ang kebab."},{"type":"🙋","phrase":"Gusto kong kumain ng kebab."},{"type":"🍳","phrase":"Maaari kang magluto ng kebab para sa akin?"},{"type":"☝️","phrase":"Maaari ba tayong mag-order ng kebab?"}]}]