[{"slug":"apple","title":"Apple","phrases":[{"type":"❤️","phrase":"Gusto ko kumain ng mansanas."},{"type":"🙋","phrase":"Gusto kong kumain ng mansanas."},{"type":"❌","phrase":"Hindi ko gusto ang mansanas."}]},{"slug":"watermelon","title":"Pakwan","phrases":[{"type":"❤️","phrase":"Gusto ko kumain ng pakwan."},{"type":"🙋","phrase":"Gusto kong kumain ng pakwan."},{"type":"❌","phrase":"Hindi ko gusto ang pakwan."}]},{"slug":"orange","title":"Orange","phrases":[{"type":"❤️","phrase":"Gusto ko kumain ng orange."},{"type":"🙋","phrase":"Gusto kong kumain ng orange."},{"type":"❌","phrase":"Ayaw ko ng orange."}]},{"slug":"strawberry","title":"Strawberry","phrases":[{"type":"❤️","phrase":"Gusto ko kumain ng strawberry."},{"type":"🙋","phrase":"Gusto kong kumain ng ilang mga strawberry."},{"type":"❌","phrase":"Ayaw ko ng strawberry."}]},{"slug":"grape","title":"Ubas","phrases":[{"type":"❤️","phrase":"Gusto ko kumain ng ubas."},{"type":"🙋","phrase":"Gusto kong kumain ng ilang mga ubas."},{"type":"❌","phrase":"Hindi ko gusto ang ubas."}]},{"slug":"cherry","title":"Si Cherry","phrases":[{"type":"❤️","phrase":"Gusto ko kumain ng cherry."},{"type":"🙋","phrase":"Gusto kong kumain ng ilang mga cherry."},{"type":"❌","phrase":"Ayaw ko ng cherry."}]},{"slug":"mango","title":"Mango","phrases":[{"type":"❤️","phrase":"Gusto ko kumain ng mangga."},{"type":"🙋","phrase":"Gusto kong kumain ng mangga."},{"type":"❌","phrase":"Hindi ko gusto ang mangga."}]},{"slug":"guava","title":"Bayabas","phrases":[{"type":"❤️","phrase":"Gusto ko kumain ng bayabas."},{"type":"🙋","phrase":"Gusto kong kumain ng bayabas."},{"type":"❌","phrase":"Hindi ko gusto ang bayabas."}]},{"slug":"banana","title":"Saging","phrases":[{"type":"❤️","phrase":"Gusto ko kumain ng saging."},{"type":"🙋","phrase":"Gusto kong kumain ng saging."},{"type":"❌","phrase":"Hindi ko gusto ang saging."}]},{"slug":"pomegranate","title":"Pinahusay","phrases":[{"type":"❤️","phrase":"Gusto kong kumain ng granada."},{"type":"🙋","phrase":"Gusto kong kumain ng isang granada."},{"type":"❌","phrase":"Hindi ko gusto ang granada."}]},{"slug":"raspberry","title":"Prambuwesas","phrases":[{"type":"❤️","phrase":"Gusto ko kumain ng raspberry."},{"type":"🙋","phrase":"Gusto kong kumain ng ilang mga raspberry."},{"type":"❌","phrase":"Hindi ko gusto ang raspberry."}]},{"slug":"papaya","title":"Papaya","phrases":[{"type":"❤️","phrase":"Gusto ko kumain ng papaya."},{"type":"🙋","phrase":"Gusto kong kumain ng papaya."},{"type":"❌","phrase":"Hindi ko gusto ang papaya."}]},{"slug":"kiwi","title":"Kiwi","phrases":[{"type":"❤️","phrase":"Gusto ko kumain ng kiwi."},{"type":"🙋","phrase":"Gusto kong kumain ng kiwi."},{"type":"❌","phrase":"Hindi ko gusto ang kiwi."}]},{"slug":"pineapple","title":"Pinya","phrases":[{"type":"❤️","phrase":"Gusto ko kumain ng pinya."},{"type":"🙋","phrase":"Gusto kong kumain ng ilang pinya."},{"type":"❌","phrase":"Hindi ko gusto ang pinya."}]},{"slug":"lemon","title":"Lemon","phrases":[{"type":"❤️","phrase":"Gusto ko kumain ng limon."},{"type":"🙋","phrase":"Gusto kong kumain ng lemon."},{"type":"❌","phrase":"Ayaw ko ng lemon."},{"type":"🍋","phrase":"Ang mga limon ay maasim."}]},{"slug":"apricot","title":"Aprikot","phrases":[{"type":"❤️","phrase":"Gusto ko kumain ng aprikot."},{"type":"🙋","phrase":"Gusto kong kumain ng aprikot."},{"type":"❌","phrase":"Hindi ko gusto ang aprikot."}]},{"slug":"dragon-fruit","title":"Prutas ng dragon","phrases":[{"type":"❤️","phrase":"Gusto ko kumain ng prutas ng dragon."},{"type":"🙋","phrase":"Gusto kong kumain ng dragon fruit."},{"type":"❌","phrase":"Hindi ko gusto ang prutas ng dragon."}]},{"slug":"peach","title":"Peach","phrases":[{"type":"❤️","phrase":"Para akong kumakain ng peach."},{"type":"🙋","phrase":"Gusto kong kumain ng peach."},{"type":"❌","phrase":"Hindi ko gusto ang melokoton."}]},{"slug":"avocado","title":"Avocado","phrases":[{"type":"❤️","phrase":"Gusto ko kumain ng abukado."},{"type":"🙋","phrase":"Gusto kong kumain ng isang abukado."},{"type":"❌","phrase":"Hindi ko gusto ang abukado."}]},{"slug":"fig","title":"Fig","phrases":[{"type":"❤️","phrase":"Gusto ko kumain ng igos."},{"type":"🙋","phrase":"Gusto kong kumain ng isang igos."},{"type":"❌","phrase":"Hindi ko gusto ang igos."}]},{"slug":"lychee","title":"Lychee","phrases":[{"type":"❤️","phrase":"Para akong kumakain ng lychee."},{"type":"🙋","phrase":"Gusto kong kumain ng isang lychee."},{"type":"❌","phrase":"Ayaw ko ng lychee."}]},{"slug":"passion-fruit","title":"Passion fruit","phrases":[{"type":"❤️","phrase":"Gusto kong kumain ng masarap na prutas."},{"type":"🙋","phrase":"Nais kong kumain ng isang masarap na prutas."},{"type":"❌","phrase":"Hindi ko gusto ang fruit fruit."}]},{"slug":"blueberry","title":"Blueberry","phrases":[{"type":"❤️","phrase":"Gusto ko kumain ng blueberry."},{"type":"🙋","phrase":"Gusto kong kumain ng ilang mga blueberry."},{"type":"❌","phrase":"Hindi ko gusto ang blueberry."}]},{"slug":"coconut","title":"Coconut","phrases":[{"type":"❤️","phrase":"Gusto kong kumain ng niyog."},{"type":"🙋","phrase":"Gusto kong kumain ng ilang niyog."},{"type":"❌","phrase":"Hindi ko gusto ang niyog."}]}]