[{"slug":"gardener","title":"Hardinero","phrases":[]},{"slug":"sprout","title":"Pag-usbong","phrases":[]},{"slug":"hose","title":"Pag-hos","phrases":[]},{"slug":"glove","title":"Glove","phrases":[]},{"slug":"flowers","title":"Mga Bulaklak","phrases":[]},{"slug":"seeds","title":"Mga Binhi","phrases":[]},{"slug":"shovel","title":"Shovel","phrases":[]},{"slug":"watering","title":"Pagtubig","phrases":[]},{"slug":"scarecrow","title":"Panitik","phrases":[]},{"slug":"tree","title":"Puno","phrases":[]},{"slug":"fertilizer","title":"Pataba","phrases":[]},{"slug":"pitchfork","title":"Pitchfork","phrases":[]},{"slug":"bucket","title":"Balde","phrases":[]},{"slug":"fence","title":"Bakod","phrases":[]},{"slug":"leaf","title":"Mga dahon","phrases":[]},{"slug":"windmill","title":"Windmill","phrases":[]},{"slug":"spray","title":"Wisik","phrases":[]},{"slug":"shears","title":"Magugupit","phrases":[]},{"slug":"sprinkler","title":"Sprinkler","phrases":[]},{"slug":"tractor","title":"Traktor","phrases":[]},{"slug":"jam","title":"Jam","phrases":[]},{"slug":"bonsai","title":"Bonsai","phrases":[]},{"slug":"wheelbarrow","title":"Wheelbarrow","phrases":[]},{"slug":"birdhouse","title":"Birdhouse","phrases":[]}]