[{"slug":"mixer","title":"Paghalu-halo","phrases":[{"type":"🙋","phrase":"Maaari mo bang ipakita sa akin kung paano gumamit ng isang panghalo?"},{"type":"🤞","phrase":"Hindi ako dapat gumamit ng panghalo nang wala ang aking mga magulang."}]},{"slug":"apron","title":"Apron","phrases":[{"type":"👚","phrase":"Nagsuot ako ng apron habang nagluluto."},{"type":"👚","phrase":"Ang aking ina ay may suot na apron habang nagluluto."}]},{"slug":"fryer","title":"Fryer","phrases":[{"type":"🙋","phrase":"Maaari mo bang ipakita sa akin kung paano gumamit ng isang magprito?"},{"type":"🤞","phrase":"Hindi ako dapat gumamit ng pritong wala nang aking mga magulang."}]},{"slug":"rolling-pin","title":"Rolling pin","phrases":[{"type":"🙋","phrase":"Maaari mo bang ipakita sa akin kung paano gumamit ng isang rolling pin?"},{"type":"💡","phrase":"Gumagamit ako ng rolling pin upang i-roll out ang kuwarta."}]},{"slug":"coffee-machine","title":"Makinang pang-kape","phrases":[{"type":"🙋","phrase":"Maaari mo bang ipakita sa akin kung paano gumamit ng isang makina ng kape?"},{"type":"🤞","phrase":"Hindi ako dapat gumamit ng kape ng kape nang wala ang aking mga magulang."}]},{"slug":"fridge","title":"Palamigin","phrases":[{"type":"🙋","phrase":"Maaari mo bang ipakita sa akin kung paano gumamit ng isang refrigerator?"},{"type":"💡","phrase":"Pinapanatili ng fridge ang mga pagkaing malamig."}]},{"slug":"pot","title":"Pot","phrases":[{"type":"🙋","phrase":"Maaari mo bang ipakita sa akin kung paano gumamit ng palayok?"},{"type":"🤞","phrase":"Hindi ako dapat gumamit ng palayok kung wala ang aking mga magulang."}]},{"slug":"toaster","title":"Toaster","phrases":[{"type":"🙋","phrase":"Maaari mo bang ipakita sa akin kung paano gumamit ng isang toaster?"},{"type":"🤞","phrase":"Hindi ako dapat gumamit ng toaster nang wala ang aking mga magulang."}]},{"slug":"cutlery","title":"Cutlery","phrases":[{"type":"🙋","phrase":"Maaari mo bang ipakita sa akin kung paano gumamit ng cutlery?"},{"type":"😋","phrase":"Natuto akong kumain kasama ang cutlery."}]},{"slug":"spatula","title":"Spatula","phrases":[{"type":"🙋","phrase":"Maaari mo bang ipakita sa akin kung paano gumamit ng isang spatula?"}]},{"slug":"oven","title":"Oven","phrases":[{"type":"🙋","phrase":"Maaari mo bang ipakita sa akin kung paano gamitin ang oven?"},{"type":"🤞","phrase":"Hindi ako dapat gumamit ng oven kung wala ang aking mga magulang."}]},{"slug":"kitchen-timer","title":"Taymer ng kusina","phrases":[{"type":"🙋","phrase":"Maaari mo bang ipakita sa akin kung paano gamitin ang timer ng kusina?"},{"type":"⏱️","phrase":"Ang timer ng kusina ay umiyak."}]},{"slug":"pizza-cutter","title":"Pamutol ng pizza","phrases":[{"type":"🙋","phrase":"Maaari mo bang ipakita sa akin kung paano gamitin ang pamutol ng pizza?"},{"type":"🤞","phrase":"Hindi ko dapat gamitin ang pamutol ng pizza nang wala ang aking mga magulang."}]},{"slug":"grater","title":"Grater","phrases":[{"type":"🙋","phrase":"Maaari mo bang ipakita sa akin kung paano gumamit ng isang kudkuran?"},{"type":"🤞","phrase":"Hindi ako dapat gumamit ng kudkuran nang wala ang aking mga magulang."}]},{"slug":"grill","title":"Ihawan","phrases":[{"type":"🙋","phrase":"Maaari mo bang ipakita sa akin kung paano gamitin ang grill?"},{"type":"🤞","phrase":"Hindi ako dapat gumamit ng grill kung wala ang aking mga magulang."}]},{"slug":"recipe-book","title":"Recipe libro","phrases":[{"type":"🙋","phrase":"Maaari ba akong pumili ng isang recipe na lutuin?"},{"type":"🍳","phrase":"Maaari ba nating lutuin ang resipe na ito?"}]},{"slug":"kitchen-utensils","title":"Mga gamit sa kusina","phrases":[{"type":"❤️","phrase":"Gusto kong gumamit ng mga gamit sa kusina."},{"type":"🤞","phrase":"Hindi ako dapat gumamit ng mga gamit sa kusina nang wala ang aking mga magulang."}]},{"slug":"stove","title":"Stove","phrases":[{"type":"🙋","phrase":"Maaari mo bang ipakita sa akin kung paano gamitin ang kalan?"},{"type":"🤞","phrase":"Hindi ako dapat gumamit ng kalan kung wala ang aking mga magulang."}]},{"slug":"salt-and-pepper","title":"Asin at paminta","phrases":[{"type":"🙋","phrase":"Maaari kang magdala ng asin at paminta?"}]},{"slug":"kitchen-board","title":"Kusina board","phrases":[{"type":"🙋","phrase":"Maaari ba akong magsulat sa board ng kusina?"}]},{"slug":"scale","title":"Scale","phrases":[{"type":"🙋","phrase":"Maaari mo bang ipakita sa akin kung paano gamitin ang scale ng kusina?"}]},{"slug":"teapot","title":"Teapot","phrases":[{"type":"🙋","phrase":"Maaari mo bang ipakita sa akin kung paano gamitin ang teapot?"},{"type":"🤞","phrase":"Hindi ko dapat gamitin ang teapot kung wala ang aking mga magulang."}]},{"slug":"microwave","title":"Microwave","phrases":[{"type":"🙋","phrase":"Maaari mo bang ipakita sa akin kung paano gamitin ang microwave?"},{"type":"🤞","phrase":"Hindi ako dapat gumamit ng microwave nang wala ang aking mga magulang."}]}]