[{"slug":"hospital-bed","title":"Kama ng ospital","phrases":[{"type":"🙋","phrase":"Maaari mo bang tulungan ako sa kama sa ospital?"}]},{"slug":"weight-loss","title":"Pagbaba ng timbang","phrases":[{"type":"🏋️","phrase":"Kailangan kong pag-moderate ang aking paggamit ng pagkain."},{"type":"🏃‍♀️","phrase":"Nawawalan ako ng timbang."},{"type":"🥩","phrase":"Nakakakuha ako ng timbang."}]},{"slug":"exercise","title":"Mag-ehersisyo","phrases":[{"type":"🏋️","phrase":"Nag-ehersisyo ako."},{"type":"⏲️","phrase":"Mayroon akong ehersisyo na gawain."}]},{"slug":"medical-history","title":"Kasaysayan ng medikal","phrases":[{"type":"📂","phrase":"Narito ang aking kasaysayan ng medikal."}]},{"slug":"vitamin-c","title":"Bitamina C","phrases":[{"type":"🍹","phrase":"Kailangan kong uminom ng bitamina c."},{"type":"🍊","phrase":"Ang mga dalandan ay naglalaman ng bitamina c."}]},{"slug":"thermometer","title":"Thermometer","phrases":[{"type":"🤒","phrase":"Masusukat mo ba ang aking lagnat?"},{"type":"🌡️","phrase":"Paano gumagana ang isang thermometer?"}]},{"slug":"pills","title":"Mga tabletas","phrases":[{"type":"💊","phrase":"Kailangan kong kunin ang aking mga tabletas."},{"type":"👉","phrase":"Kinuha mo ba ang iyong mga tabletas?"}]},{"slug":"medical-mask","title":"Medical mask","phrases":[]},{"slug":"dental-care","title":"Pangangalaga sa ngipin","phrases":[{"type":"🦷","phrase":"Masakit ang ngipin ko."},{"type":"🦷","phrase":"Ako'y nagsisipilyo."}]},{"slug":"hearing-exam","title":"Ang pagsusulit sa pandinig","phrases":[{"type":"👂","phrase":"Mayroon akong mga problema sa pagdinig."},{"type":"🦻","phrase":"Magkakaroon ako ng pagsusulit sa pagdinig."}]},{"slug":"hospital","title":"Ospital","phrases":[{"type":"🏥","phrase":"Pupunta ako sa ospital."},{"type":"🏥","phrase":"Nasa ospital ako."}]},{"slug":"stethoscope","title":"Stethoscope","phrases":[{"type":"👨‍⚕️","phrase":"Gumagamit ang mga doktor ng stethoscope."},{"type":"🩺","phrase":"Maaari ba akong magkaroon ng laruang stethoscope?"}]},{"slug":"ambulance","title":"Ambulansya","phrases":[{"type":"👀","phrase":"Nakita ko ang isang ambulansya."},{"type":"👂","phrase":"Narinig ko ang isang boses ng ambulansya."}]},{"slug":"drugstore","title":"Gamot sa gamot","phrases":[{"type":"🧾","phrase":"Kailangan kong punan ang reseta ko."},{"type":"➡️","phrase":"Narito ang aking reseta."}]},{"slug":"emergency","title":"Emergency","phrases":[{"type":"🚨","phrase":"Mayroon akong emergency emergency."},{"type":"🚑","phrase":"Pupunta ako sa emergency room."}]},{"slug":"health-insurance","title":"Seguro sa kalusugan","phrases":[{"type":"⚕️","phrase":"Mayroon akong seguro sa kalusugan."},{"type":"❌","phrase":"Wala akong seguro sa kalusugan."}]},{"slug":"doctor","title":"Doktor","phrases":[{"type":"❤️","phrase":"Gusto ko ang aking doktor."},{"type":"🤩","phrase":"Tinutulungan ako ng doktor."}]},{"slug":"nurse","title":"Nars","phrases":[{"type":"❤️","phrase":"Gusto ko yung nurse ko."},{"type":"🤩","phrase":"Tinulungan ako ni Nurse."}]}]