[{"slug":"one","title":"Isa","phrases":[{"type":"➖","phrase":"May darating bago dalawa."},{"type":"➕","phrase":"Ang isa ay darating pagkatapos ng zero."},{"type":"🙋","phrase":"Gusto ko ng isa."}]},{"slug":"two","title":"Dalawa","phrases":[{"type":"➖","phrase":"Dalawa ang dumating bago tatlo."},{"type":"➕","phrase":"Dalawa ang dumating pagkatapos ng isa."},{"type":"🙋","phrase":"Gusto ko dalawa."}]},{"slug":"three","title":"Tatlo","phrases":[{"type":"➖","phrase":"Ang tatlo ay bago ang apat."},{"type":"➕","phrase":"Dumating ang tatlo pagkatapos ng dalawa."},{"type":"🙋","phrase":"Gusto ko tatlo."}]},{"slug":"four","title":"Apat","phrases":[{"type":"➖","phrase":"Apat ang dumating bago ang lima."},{"type":"➕","phrase":"Apat ang dumating pagkatapos ng tatlo."},{"type":"🙋","phrase":"Gusto ko ng apat."}]},{"slug":"five","title":"Limang","phrases":[{"type":"➖","phrase":"Limang dumating bago anim."},{"type":"➕","phrase":"Limang dumating pagkatapos ng apat."},{"type":"🙋","phrase":"Gusto ko ng lima."}]},{"slug":"six","title":"Anim","phrases":[{"type":"➖","phrase":"Anim ay bago ang pitong."},{"type":"➕","phrase":"Anim ang dumating pagkatapos ng lima."},{"type":"🙋","phrase":"Gusto kong ayusin."}]},{"slug":"seven","title":"Pito","phrases":[{"type":"➖","phrase":"Dumating ang pitong bago ang walong."},{"type":"➕","phrase":"Pitong darating pagkatapos ng anim."},{"type":"🙋","phrase":"Gusto ko ng pito."}]},{"slug":"eight","title":"Walo","phrases":[{"type":"➖","phrase":"Walong darating bago siyam."},{"type":"➕","phrase":"Walong darating pagkatapos ng pito."},{"type":"🙋","phrase":"Gusto ko ng walo."}]},{"slug":"nine","title":"Siyam","phrases":[{"type":"➖","phrase":"Siyam ang dumating bago sampu."},{"type":"➕","phrase":"Siyam ang dumating pagkatapos ng walong."},{"type":"🙋","phrase":"Gusto ko ng siyam."}]},{"slug":"ten","title":"Sampu","phrases":[{"type":"➖","phrase":"Sampu ang dumating bago labing isa."},{"type":"➕","phrase":"Sampu ang dumating pagkatapos ng siyam."},{"type":"🙋","phrase":"Gusto ko ng sampu."}]},{"slug":"eleven","title":"Eleven","phrases":[{"type":"➖","phrase":"Ang labing-isa ay dumating bago labintatlo."},{"type":"➕","phrase":"Dumating ang labing-isa pagkatapos ng sampu."},{"type":"🙋","phrase":"Gusto ko ng labing isa."}]},{"slug":"twenty","title":"Dalawampu","phrases":[{"type":"🔢","phrase":"Maaari akong mabilang hanggang dalawampu."}]},{"slug":"thirty","title":"Tatlumpung","phrases":[{"type":"🔢","phrase":"Maaari akong mabilang hanggang tatlumpu."}]},{"slug":"forty","title":"Apatnapu","phrases":[{"type":"🔢","phrase":"Maaari akong mabilang hanggang sa apatnapu."}]},{"slug":"fifty","title":"Limampu","phrases":[{"type":"🔢","phrase":"Maaari akong magbilang ng hanggang limampung."}]},{"slug":"hundred","title":"Daan","phrases":[{"type":"🔢","phrase":"Maaari akong mabilang hanggang sa daan."}]},{"slug":"thousand","title":"Libo","phrases":[{"type":"🔢","phrase":"Maaari akong magbilang ng hanggang libo."}]},{"slug":"calculator","title":"Calculator","phrases":[{"type":"🖩","phrase":"Gusto kong gumamit ng calculator."},{"type":"🧮","phrase":"Maaari mo bang turuan kung paano gumamit ng calculator?"},{"type":"🙋","phrase":"Maaari ko bang hadlangan ang iyong calculator?"}]}]