[{"slug":"teacher","title":"Guro","phrases":[{"type":"❓","phrase":"Ano ang ginagawa ng isang guro?"},{"type":"🙋","phrase":"Nais kong maging isang guro."}]},{"slug":"police-officer","title":"Opisyal ng pulisya","phrases":[{"type":"❓","phrase":"Ano ang ginagawa ng isang pulis?"},{"type":"🙋","phrase":"Nais kong maging isang pulis."}]},{"slug":"writer","title":"Magsusulat","phrases":[{"type":"❓","phrase":"Ano ang ginagawa ng isang manunulat?"},{"type":"🙋","phrase":"Nais kong maging isang manunulat."}]},{"slug":"doctor","title":"Doktor","phrases":[{"type":"❓","phrase":"Ano ang ginagawa ng isang doktor?"},{"type":"🙋","phrase":"Gusto ko na maging isang doktor."}]},{"slug":"detective","title":"Tiktik","phrases":[{"type":"❓","phrase":"Ano ang ginagawa ng isang tiktik?"},{"type":"🙋","phrase":"Nais kong maging isang tiktik."}]},{"slug":"artist","title":"Artist","phrases":[{"type":"❓","phrase":"Ano ang ginagawa ng isang artista?"},{"type":"🙋","phrase":"Nais kong maging isang artista."}]},{"slug":"singer","title":"Mang-aawit","phrases":[{"type":"❓","phrase":"Ano ang ginagawa ng isang mang-aawit?"},{"type":"🙋","phrase":"Nais kong maging isang mang-aawit."}]},{"slug":"astronaut","title":"Astronaut","phrases":[{"type":"❓","phrase":"Ano ang ginagawa ng isang astronaut?"},{"type":"🙋","phrase":"Nais kong maging isang astronaut."}]},{"slug":"sailor","title":"Sailor","phrases":[{"type":"❓","phrase":"Ano ang ginagawa ng isang marino?"},{"type":"🙋","phrase":"Nais kong maging marino."}]},{"slug":"chef","title":"Si Chef","phrases":[{"type":"❓","phrase":"Ano ang ginagawa ng isang chef?"},{"type":"🙋","phrase":"Gusto kong maging chef."}]},{"slug":"farmer","title":"Magsasaka","phrases":[{"type":"❓","phrase":"Ano ang ginagawa ng isang magsasaka?"},{"type":"🙋","phrase":"Nais kong maging isang magsasaka."}]},{"slug":"construction-worker","title":"Trabahador sa konstruksyon","phrases":[{"type":"❓","phrase":"Ano ang ginagawa ng isang manggagawa sa konstruksyon?"},{"type":"🙋","phrase":"Nais kong maging isang manggagawa sa konstruksyon."}]},{"slug":"baker","title":"Panaderya","phrases":[{"type":"❓","phrase":"Ano ang ginagawa ng isang panadero?"},{"type":"🙋","phrase":"Nais kong maging isang panadero."}]},{"slug":"lifeguard","title":"Lifeguard","phrases":[{"type":"❓","phrase":"Ano ang ginagawa ng isang tagapagligtas?"},{"type":"🙋","phrase":"Nais kong maging isang tagapag-alaga."}]},{"slug":"astronomer","title":"Astronomer","phrases":[{"type":"❓","phrase":"Ano ang ginagawa ng isang astronomo?"},{"type":"🙋","phrase":"Nais kong maging isang astronomo."}]},{"slug":"journalist","title":"Mamamahayag","phrases":[{"type":"❓","phrase":"Ano ang ginagawa ng isang mamamahayag?"},{"type":"🙋","phrase":"Nais kong maging isang mamamahayag."}]},{"slug":"archeologist","title":"Arkeologo","phrases":[{"type":"❓","phrase":"Ano ang ginagawa ng isang arkeologo?"},{"type":"🙋","phrase":"Nais kong maging isang arkeologo."}]},{"slug":"musician","title":"Musician","phrases":[{"type":"❓","phrase":"Ano ang ginagawa ng isang musikero?"},{"type":"🙋","phrase":"Nais kong maging isang musikero."}]},{"slug":"magician","title":"Magician","phrases":[{"type":"❓","phrase":"Ano ang ginagawa ng isang salamangkero?"},{"type":"🙋","phrase":"Nais kong maging isang salamangkero."}]},{"slug":"soccer-player","title":"Manlalaro ng soccer","phrases":[{"type":"❓","phrase":"Ano ang ginagawa ng isang manlalaro ng soccer?"},{"type":"🙋","phrase":"Nais kong maging isang manlalaro ng soccer."}]},{"slug":"postwoman","title":"Postwoman","phrases":[{"type":"❓","phrase":"Ano ang ginagawa ng isang postwoman?"},{"type":"🙋","phrase":"Nais kong maging isang postwoman."}]},{"slug":"firefighter","title":"Bumbero","phrases":[{"type":"❓","phrase":"Ano ang ginagawa ng isang bombero?"},{"type":"🙋","phrase":"Nais kong maging isang bumbero."}]},{"slug":"scientist","title":"Siyentipiko","phrases":[{"type":"❓","phrase":"Ano ang ginagawa ng isang siyentipiko?"},{"type":"🙋","phrase":"Nais kong maging isang siyentipiko."}]},{"slug":"gardener","title":"Hardinero","phrases":[{"type":"❓","phrase":"Ano ang ginagawa ng isang hardinero?"},{"type":"🙋","phrase":"Nais kong maging isang hardinero."}]},{"slug":"butcher","title":"Kumakatay","phrases":[{"type":"❓","phrase":"Ano ang ginagawa ng isang mangangaso?"},{"type":"🙋","phrase":"Nais kong maging isang butil."}]},{"slug":"veterinarian","title":"Beterinaryo","phrases":[{"type":"❓","phrase":"Ano ang ginagawa ng isang beterinaryo?"},{"type":"🙋","phrase":"Nais kong maging isang beterinaryo."}]},{"slug":"lumber-jack","title":"Lumber jack","phrases":[{"type":"❓","phrase":"Ano ang ginagawa ng isang lumber jack?"},{"type":"🙋","phrase":"Nais kong maging isang lumber jack."}]},{"slug":"miner","title":"Minero","phrases":[{"type":"❓","phrase":"Ano ang ginagawa ng isang minero?"},{"type":"🙋","phrase":"Nais kong maging isang minero."}]},{"slug":"nun","title":"Nun","phrases":[{"type":"❓","phrase":"Ano ang ginagawa ng isang madre?"},{"type":"🙋","phrase":"Nais kong maging madre."}]},{"slug":"fisher-woman","title":"Babae na pangisda","phrases":[{"type":"❓","phrase":"Ano ang ginagawa ng isang mangingisda?"},{"type":"🙋","phrase":"Nais kong maging isang babaeng mangingisda."}]},{"slug":"hair-dresser","title":"Tagapag-ayos ng buhok","phrases":[{"type":"❓","phrase":"Ano ang ginagawa ng hair-dresser?"},{"type":"🙋","phrase":"Nais kong maging isang hair dresser."}]},{"slug":"mechanic","title":"Mekaniko","phrases":[{"type":"❓","phrase":"Ano ang ginagawa ng isang mekaniko?"},{"type":"🙋","phrase":"Nais kong maging isang mekaniko."}]},{"slug":"electrician","title":"Elektriko","phrases":[{"type":"❓","phrase":"Ano ang ginagawa ng isang elektrisyan?"},{"type":"🙋","phrase":"Nais kong maging isang elektrisista."}]},{"slug":"swimmer","title":"Lumangoy","phrases":[{"type":"❓","phrase":"Ano ang ginagawa ng isang manlalangoy?"},{"type":"🙋","phrase":"Nais kong maging isang manlalangoy."}]},{"slug":"photographer","title":"Photographer","phrases":[{"type":"❓","phrase":"Ano ang ginagawa ng isang litratista?"},{"type":"🙋","phrase":"Nais kong maging isang litratista."}]},{"slug":"priest","title":"Pari","phrases":[{"type":"❓","phrase":"Ano ang ginagawa ng isang pari?"},{"type":"🙋","phrase":"Nais kong maging pari."}]},{"slug":"soldier","title":"Kawal","phrases":[{"type":"❓","phrase":"Ano ang ginagawa ng isang sundalo?"},{"type":"🙋","phrase":"Nais kong maging isang sundalo."}]},{"slug":"carpenter","title":"Karpintero","phrases":[{"type":"❓","phrase":"Ano ang ginagawa ng isang karpintero?"},{"type":"🙋","phrase":"Nais kong maging isang karpintero."}]},{"slug":"plumber","title":"Plumber","phrases":[{"type":"❓","phrase":"Ano ang ginagawa ng isang tubero?"},{"type":"🙋","phrase":"Nais kong maging isang tubero."}]},{"slug":"wall-painter","title":"Pintor ng pader","phrases":[{"type":"❓","phrase":"Ano ang ginagawa ng isang pintor ng pader?"},{"type":"🙋","phrase":"Gusto kong maging pintor sa dingding."}]},{"slug":"nurse","title":"Nars","phrases":[{"type":"❓","phrase":"Ano ang ginagawa ng isang nars?"},{"type":"🙋","phrase":"Gusto kong maging nars."}]},{"slug":"judge","title":"Hukom","phrases":[{"type":"❓","phrase":"Ano ang ginagawa ng isang hukom?"},{"type":"🙋","phrase":"Nais kong maging hukom."}]},{"slug":"waiter","title":"Weyter","phrases":[{"type":"❓","phrase":"Ano ang ginagawa ng isang waiter?"},{"type":"🙋","phrase":"Nais kong maging isang weyter."}]},{"slug":"pilot","title":"Pilot","phrases":[{"type":"❓","phrase":"Ano ang ginagawa ng isang piloto?"},{"type":"🙋","phrase":"Nais kong maging isang piloto."}]},{"slug":"welder","title":"Welder","phrases":[{"type":"❓","phrase":"Ano ang ginagawa ng isang welder?"},{"type":"🙋","phrase":"Nais kong maging isang welder."}]},{"slug":"executive","title":"Tagapagpaganap","phrases":[{"type":"❓","phrase":"Ano ang ginagawa ng isang ehekutibo?"},{"type":"🙋","phrase":"Gusto kong maging executive."}]},{"slug":"hostess","title":"Hostess","phrases":[{"type":"❓","phrase":"Ano ang ginagawa ng isang hostess?"},{"type":"🙋","phrase":"Nais kong maging isang hostess."}]}]