[{"slug":"confetti","title":"Confetti","phrases":[{"type":"❤️","phrase":"Gusto ko ng confetti."},{"type":"🙋","phrase":"Maaari ko bang pop ang confetti?"}]},{"slug":"party-blower","title":"Ang blower ng partido","phrases":[{"type":"❤️","phrase":"Gusto ko ang mga blower ng party."},{"type":"🔊","phrase":"Maingay ba ang blower ng aking partido?"}]},{"slug":"gift","title":"Regalo","phrases":[{"type":"❤️","phrase":"Gusto ko ng mga regalo."},{"type":"🎁","phrase":"Ano ang nakuha mo sa akin bilang isang regalo?"}]},{"slug":"candle","title":"Kandila","phrases":[{"type":"❤️","phrase":"Gusto ko ng mga kandila ng party."},{"type":"🕯️","phrase":"Maaari ba akong pumutok ng mga kandila?"},{"type":"🎂","phrase":"Ilan ang mga kandila?"}]},{"slug":"party-hat","title":"Party sumbrero","phrases":[{"type":"❤️","phrase":"Gusto kong magsuot ng party na sumbrero."},{"type":"👚","phrase":"Magsusuot ako ng isang sumbrero sa partido sa panahon ng pagdiriwang."}]},{"slug":"balloons","title":"Mga Lobo","phrases":[{"type":"❤️","phrase":"Gusto ko ng mga lobo."},{"type":"🎈","phrase":"Maaari ba akong mag-pop ng mga lobo?"}]},{"slug":"garlands","title":"Garlands","phrases":[{"type":"❤️","phrase":"Gusto ko ng mga garland."},{"type":"🙋","phrase":"Gusto kong magsuot ng garland sa aking partido."},{"type":"🙋","phrase":"Maaari mong ilagay ang mga garland na ito sa aking braso?"}]},{"slug":"cake","title":"Cake","phrases":[{"type":"❤️","phrase":"Gusto ko kumain ng cake."},{"type":"🙋","phrase":"Maaari ba akong magkaroon ng isang hiwa ng cake?"}]},{"slug":"ice-cream","title":"Sorbetes","phrases":[{"type":"❤️","phrase":"Gusto ko kumain ng sorbetes."},{"type":"🍭","phrase":"Ano ang iyong paboritong lasa?"}]},{"slug":"microphone","title":"Mikropono","phrases":[{"type":"❤️","phrase":"Gusto ko maglaro ng karaoke."},{"type":"❤️","phrase":"Gusto ko ang kumanta."}]},{"slug":"music","title":"Music","phrases":[{"type":"❤️","phrase":"Gusto kong maglaro ng musika."},{"type":"🎶","phrase":"Anong klaseng musika ang gusto mo?"}]},{"slug":"magician","title":"Magician","phrases":[{"type":"❤️","phrase":"Gusto ko ng mga salamangkero."},{"type":"✨","phrase":"Nais kong maging isang salamangkero."},{"type":"🙋","phrase":"Maaari mo bang ituro sa akin ang ilang mga magic trick?"}]},{"slug":"taking-photos","title":"Pagkuha ng mga larawan","phrases":[{"type":"❤️","phrase":"Gusto kong kumuha ng litrato."},{"type":"🙋","phrase":"Maaari ba akong kumuha ng mga larawan gamit ang iyong telepono?"}]},{"slug":"invitation","title":"Imbitasyon","phrases":[{"type":"📧","phrase":"Nakakuha ako ng isang paanyaya."},{"type":"📨","phrase":"Maaari ba akong anyayahan ang aking mga kaibigan sa pista?"},{"type":"📨","phrase":"Maaari ba akong mag-imbita ng aking mga kaibigan sa aking kaarawan ng kaarawan?"},{"type":"📨","phrase":"Maaari ba nating anyayahan ang aking mga kaibigan sa pista ng aking kapatid?"},{"type":"📨","phrase":"Maaari ba nating anyayahan ang aking mga kaibigan sa pagdiriwang ng aking kapatid?"}]},{"slug":"candy","title":"Kendi","phrases":[{"type":"❤️","phrase":"Gusto ko ng kendi."},{"type":"🙋","phrase":"Maaari ba akong kumain ng ilang kendi?"}]},{"slug":"popsicle","title":"Popsicle","phrases":[{"type":"❤️","phrase":"Gusto ko ng popsicle."},{"type":"🙋","phrase":"Maaari ba akong kumain ng ilang mga popsicle?"},{"type":"🙋","phrase":"Maaari ba tayong gumawa ng ilang mga popsicles?"},{"type":"🙋","phrase":"Gusto mo kumain ng popsicle?"}]},{"slug":"cupcake","title":"Cupcake","phrases":[{"type":"❤️","phrase":"Gusto ko ng cupcake."},{"type":"🙋","phrase":"Maaari ba akong kumain ng cupcake?"}]},{"slug":"costume","title":"Kasuutan","phrases":[{"type":"❤️","phrase":"Gusto kong magsuot ng costume."},{"type":"🦸","phrase":"Maaari ba akong magsuot ng spider-man costume?"},{"type":"🦸‍♂️","phrase":"Maaari ba akong magsuot ng kasuutan ng batman?"},{"type":"🦸‍♀️","phrase":"Maaari ba akong magsuot ng isang kamangha-manghang kasuutan ng babae?"}]},{"slug":"party-glasses","title":"Mga baso ng party","phrases":[{"type":"❤️","phrase":"Gusto ko ng baso ng party."},{"type":"🙋","phrase":"Maaari ba akong magsuot ng baso ng pista?"}]},{"slug":"spotlights","title":"Mga Spotlight","phrases":[{"type":"❤️","phrase":"Gusto ko ng mga spotlight."},{"type":"❌","phrase":"Hindi ko gusto ang mga spotlight."}]},{"slug":"marshmallow","title":"Marshmallow","phrases":[{"type":"❤️","phrase":"Gusto ko ng marshmallow."},{"type":"🔥","phrase":"Nagluto ako ng marshmallow sa ibabaw ng apoy sa kampo."},{"type":"🙋","phrase":"Gusto kong kumain ng mga marshmallows."}]},{"slug":"guacamole","title":"Guacamole","phrases":[{"type":"❤️","phrase":"Gusto ko ng guacamole."},{"type":"🙋","phrase":"Maaari ba akong kumain ng ilang guacamole?"},{"type":"❌","phrase":"Ayokong kumain ng guacamole."}]},{"slug":"hotdog","title":"Hot dog","phrases":[{"type":"❤️","phrase":"Gusto ko ng hotdog."},{"type":"🙋","phrase":"Maaari ba akong makakuha ng isang hotdog?"},{"type":"❌","phrase":"Ayaw kong kumain ng mga hotdog."},{"type":"🙋","phrase":"Maaari ba akong kumain ng ilang mga hotdog?"}]},{"slug":"bouncy-castle","title":"Kastilyo ng Bouncy","phrases":[{"type":"❤️","phrase":"Gusto ko ng kastilyo ng bouncy."},{"type":"🙋","phrase":"Nais kong maglaro sa kastilyo ng bouncy."},{"type":"🙋","phrase":"Maglaro tayo sa kastilyo ng bouncy."}]},{"slug":"clown","title":"Clown","phrases":[{"type":"❤️","phrase":"Gusto ko ng clowns."},{"type":"❌","phrase":"Hindi ko gusto ang clowns."},{"type":"🙋","phrase":"Gusto kong maging clown."}]},{"slug":"magic-hat","title":"Sombrero sumbrero","phrases":[{"type":"❤️","phrase":"Gusto ko ng mga magic hats."},{"type":"🧙‍♂️","phrase":"Wizard ako!"},{"type":"🙋","phrase":"Gusto ko ng mahika."}]},{"slug":"dart-board","title":"Dart board","phrases":[{"type":"❤️","phrase":"Gusto kong maglaro ng dart."},{"type":"🎯","phrase":"Ang paglalaro ng dart ay maaaring mapanganib."}]}]