[{"slug":"mother","title":"Ina","phrases":[{"type":"⁉️","phrase":"Mommy!"},{"type":"💘","phrase":"Mahal ko ang aking ina."},{"type":"❤️","phrase":"Mahal kita inay."},{"type":"☹️","phrase":"Namimiss ko si mama."},{"type":"🙏🏼","phrase":"Salamat sa pag-aalaga sa akin."},{"type":"👉🏼","phrase":"Siya ang nanay ko."},{"type":"❓","phrase":"Maaari mo bang tulungan akong mahanap ang aking ina?"}]},{"slug":"father","title":"Ama","phrases":[{"type":"⁉️","phrase":"Tatay!"},{"type":"💘","phrase":"Mahal ko ang aking ama."},{"type":"❤️","phrase":"Mahal kita tatay."},{"type":"☹️","phrase":"Nangungulila ako sa tatay ko."},{"type":"🙏🏼","phrase":"Salamat sa pag-aalaga sa akin."},{"type":"👉🏼","phrase":"Siya ang tatay ko."},{"type":"❓","phrase":"Maaari mo bang tulungan akong mahanap ang aking ama?"}]},{"slug":"parents","title":"Mga magulang","phrases":[{"type":"💑","phrase":"Mahal ko ang aking mga magulang."},{"type":"💘","phrase":"Mahal ko ang aking mga magulang."},{"type":"☹️","phrase":"Namimiss ko ang aking mga magulang."},{"type":"👉🏼","phrase":"Sila ang aking mga magulang."},{"type":"👨‍👩‍👧","phrase":"Inaalagaan ako ng aking mga magulang."},{"type":"❓","phrase":"Maaari mo bang tulungan akong mahahanap ang aking mga magulang?"}]},{"slug":"grandparents","title":"Mga lolo at lola","phrases":[{"type":"💑","phrase":"Mahal ko ang aking mga lola."},{"type":"💘","phrase":"Mahal kita lola."},{"type":"☹️","phrase":"Namiss ko ang aking mga lola."},{"type":"👉🏼","phrase":"Sila ang aking mga lola."},{"type":"👨‍👩‍👧","phrase":"Inaalagaan ako ng aking mga lola."},{"type":"❓","phrase":"Maaari mo bang tulungan akong mahanap ang aking mga lola?"}]},{"slug":"brother","title":"Kapatid","phrases":[{"type":"💑","phrase":"Mahal ko ang kapatid ko."},{"type":"💘","phrase":"Mahal kita kuya."},{"type":"☹️","phrase":"Namiss ko ang kapatid ko."},{"type":"👉🏼","phrase":"Sya ang aking kapatid na lalaki."},{"type":"🙎‍♂️","phrase":"Inaalagaan ako ng aking kapatid."},{"type":"❓","phrase":"Maaari mo bang tulungan akong mahanap ang aking kapatid?"}]},{"slug":"sister","title":"Kapatid na babae","phrases":[{"type":"💑","phrase":"Mahal ko ang aking kapatid."},{"type":"💘","phrase":"Mahal kita kapatid."},{"type":"☹️","phrase":"Namimiss ko ang aking kapatid."},{"type":"👉🏼","phrase":"Siya ang aking kapatid na babae."},{"type":"🙍‍♀️","phrase":"Inaalagaan ako ng kapatid ko."},{"type":"❓","phrase":"Maaari mo bang tulungan akong mahanap ang aking kapatid na babae?"}]},{"slug":"uncle","title":"Tiyuhin","phrases":[{"type":"💑","phrase":"Mahal ko ang tiyuhin ko."},{"type":"💘","phrase":"Mahal kita tiyo."},{"type":"☹️","phrase":"Namiss ko ang tiyuhin ko."},{"type":"👉🏼","phrase":"Siya ang aking tiyuhin."},{"type":"❓","phrase":"Maaari mo bang tulungan akong mahanap ang aking tiyuhin?"}]},{"slug":"aunt","title":"Tiya","phrases":[{"type":"💑","phrase":"Mahal ko ang tiyahin ko."},{"type":"💘","phrase":"Mahal kita tita."},{"type":"☹️","phrase":"Namiss ko ang tiyahin ko."},{"type":"👉🏼","phrase":"Siya ang aking tiyahin."},{"type":"❓","phrase":"Maaari mo bang tulungan akong mahanap ang aking tiyahin?"}]},{"slug":"teacher","title":"Guro","phrases":[{"type":"💑","phrase":"Mahal ko ang aking guro."},{"type":"💘","phrase":"Mahal kita guro."},{"type":"💔","phrase":"Hindi ko gusto ang aking guro."},{"type":"☹️","phrase":"Namimiss ko ang aking guro."},{"type":"🙏🏼","phrase":"Salamat sa aralin."}]},{"slug":"therapist","title":"Therapist","phrases":[{"type":"💑","phrase":"Mahal ko ang aking therapist."},{"type":"💘","phrase":"Mahal kita therapist."},{"type":"💔","phrase":"Hindi ko gusto ang aking therapist."},{"type":"☹️","phrase":"Namimiss ko ang aking therapist."},{"type":"🙏🏼","phrase":"Salamat sa session."}]},{"slug":"doctor","title":"Doktor","phrases":[{"type":"💑","phrase":"Mahal ko ang aking doktor."},{"type":"💘","phrase":"Mahal kita doktor."},{"type":"💔","phrase":"Hindi ko gusto ang aking doktor."},{"type":"☹️","phrase":"Namimiss ko ang aking doktor."},{"type":"🙏🏼","phrase":"Salamat sa pagagaling mo sa akin."}]},{"slug":"friends","title":"Mga Kaibigan","phrases":[{"type":"💑","phrase":"Mahal ko ang aking mga kaibigan."},{"type":"❓","phrase":"Gusto mo bang maging kaibigan ko?"},{"type":"💔","phrase":"Hindi ko gusto ang aking mga kaibigan."},{"type":"☹️","phrase":"Namimiss ko ang aking mga kaibigan."},{"type":"👉🏼","phrase":"Kaibigan ko sila."},{"type":"🙏🏼","phrase":"Salamat sa paglalaro mo sa akin."}]},{"slug":"cousins","title":"Mga cousins","phrases":[{"type":"💑","phrase":"Mahal ko ang mga pinsan ko."},{"type":"❌","phrase":"Wala akong mga pinsan."},{"type":"☹️","phrase":"Namimiss ko ang mga pinsan ko."},{"type":"👉🏼","phrase":"Mga pinsan ko sila."}]},{"slug":"grandmother","title":"Lola","phrases":[{"type":"💑","phrase":"Mahal ko ang lola ko."},{"type":"💘","phrase":"Mahal kita lola."},{"type":"☹️","phrase":"Namiss ko ang lola ko."},{"type":"👉🏼","phrase":"Siya ang aking lola."}]},{"slug":"grandfather","title":"Lolo","phrases":[{"type":"💑","phrase":"Mahal ko ang lolo ko."},{"type":"💘","phrase":"Mahal kita lolo."},{"type":"☹️","phrase":"Namiss ko ang aking lolo."},{"type":"👉🏼","phrase":"Siya ang aking lolo."}]},{"slug":"stepfather","title":"Si tatay","phrases":[{"type":"💑","phrase":"Mahal ko ang aking ama."},{"type":"👉🏼","phrase":"Siya ang aking ama."},{"type":"☹️","phrase":"Namiss ko ang aking ama."},{"type":"👉🏼","phrase":"Siya ang aking ama."}]},{"slug":"stepmother","title":"Ina","phrases":[{"type":"💑","phrase":"Mahal ko ang aking ina."},{"type":"👉🏼","phrase":"Siya ang aking ina."},{"type":"☹️","phrase":"Namimiss ko ang aking ina."},{"type":"👉🏼","phrase":"Siya ang aking ina."}]},{"slug":"stepsister","title":"Hakbang","phrases":[{"type":"💑","phrase":"Gustung-gusto ko ang aking hakbang."},{"type":"👉🏼","phrase":"Siya ang aking hakbang."},{"type":"☹️","phrase":"Namimiss ko ang aking stepister."},{"type":"👉🏼","phrase":"Siya ang aking hakbang."}]},{"slug":"stepbrother","title":"Stepbrother","phrases":[{"type":"💑","phrase":"Mahal ko ang aking stepbrother."},{"type":"👉🏼","phrase":"Siya ang aking stepbrother."},{"type":"☹️","phrase":"Namimiss ko ang aking stepbrother."},{"type":"👉🏼","phrase":"Siya ang aking stepbrother."}]},{"slug":"half-brother","title":"Half kapatid","phrases":[{"type":"💑","phrase":"Mahal ko ang aking kapatid sa kalahati."},{"type":"👉🏼","phrase":"Siya ang aking kapatid sa kalahati."},{"type":"☹️","phrase":"Namiss ko ang aking kapatid na lalaki sa kalahati."},{"type":"👉🏼","phrase":"Siya ang aking kapatid sa kalahati."}]},{"slug":"half-sister","title":"Kapatid sa labas","phrases":[{"type":"💑","phrase":"Mahal ko ang aking half sister."},{"type":"👉🏼","phrase":"Siya ang aking kapatid sa kalahati."},{"type":"☹️","phrase":"Namiss ko ang aking half sister."},{"type":"👉🏼","phrase":"Siya ang aking kapatid sa kalahati."}]}]