[{"slug":"captain","title":"Kapitan","phrases":[]},{"slug":"pirate-crew","title":"Crew ng Pirate","phrases":[]},{"slug":"treasure","title":"Kayamanan","phrases":[]},{"slug":"hook","title":"Hook","phrases":[]},{"slug":"compass","title":"Compass","phrases":[]},{"slug":"pirate-ship","title":"Barko ng Pirate","phrases":[]},{"slug":"pirate-gun","title":"Pirata baril","phrases":[]},{"slug":"pirate-sword","title":"Pirate sword","phrases":[]},{"slug":"barrel","title":"Barrel","phrases":[]},{"slug":"pirate-flag","title":"Bandila ng pirata","phrases":[]},{"slug":"treasure-map","title":"Mapa ng kayamanan","phrases":[]},{"slug":"spyglass","title":"Spyglass","phrases":[]},{"slug":"cannon","title":"Cannon","phrases":[]},{"slug":"helm","title":"Helm","phrases":[]},{"slug":"lighthouse","title":"Parola","phrases":[]},{"slug":"anchor","title":"Anchor","phrases":[]},{"slug":"bomb","title":"Bomba","phrases":[]},{"slug":"coin","title":"Barya","phrases":[]},{"slug":"candle","title":"Kandila","phrases":[]},{"slug":"knife","title":"Knife","phrases":[]}]