[{"slug":"park","title":"Park","phrases":[{"type":"🙋","phrase":"Gusto kong pumunta sa park."},{"type":"☝️","phrase":"Maaari mo ba akong ihatid sa park?"},{"type":"💡","phrase":"Maaari akong maglaro sa parke."}]},{"slug":"mall","title":"Mall","phrases":[{"type":"🙋","phrase":"Gusto kong pumunta sa mall."},{"type":"☝️","phrase":"Maaari mo ba akong dalhin sa mall?"},{"type":"💡","phrase":"Maaari akong mamili sa mall."}]},{"slug":"restaurant","title":"Restawran","phrases":[{"type":"🙋","phrase":"Gusto kong pumunta sa restawran."},{"type":"☝️","phrase":"Maaari mo ba akong dalhin sa restawran?"},{"type":"💡","phrase":"Makakain ako ng pagkain sa restawran."}]},{"slug":"cinema","title":"Sinehan","phrases":[{"type":"🙋","phrase":"Gusto kong pumunta sa sinehan."},{"type":"☝️","phrase":"Maaari mo ba akong dalhin sa sinehan?"},{"type":"💡","phrase":"Maaari akong manood ng sine sa sinehan."}]},{"slug":"school","title":"Paaralan","phrases":[{"type":"🙋","phrase":"Gusto kong pumasok sa paaralan."},{"type":"☝️","phrase":"Maaari mo ba akong dalhin sa paaralan?"},{"type":"💡","phrase":"Maaari akong matuto sa paaralan."}]},{"slug":"library","title":"Library","phrases":[{"type":"🙋","phrase":"Gusto kong pumunta sa library."},{"type":"☝️","phrase":"Maaari mo ba akong dalhin sa library?"},{"type":"💡","phrase":"Maaari akong mag-aral sa library."}]},{"slug":"fair","title":"Patas","phrases":[{"type":"🙋","phrase":"Gusto kong pumunta sa patas."},{"type":"☝️","phrase":"Maaari mo ba akong patasin?"},{"type":"💡","phrase":"Maaari akong magkaroon ng kasiyahan sa patas."}]},{"slug":"drugstore","title":"Gamot sa gamot","phrases":[{"type":"🙋","phrase":"Gusto kong pumunta sa botika."},{"type":"☝️","phrase":"Maaari mo ba akong dalhin sa mga botika?"},{"type":"💡","phrase":"Maaari akong bumili ng gamot sa gamot."}]},{"slug":"hospital","title":"Ospital","phrases":[{"type":"🙋","phrase":"Gusto kong pumunta sa ospital."},{"type":"☝️","phrase":"Maaari mo ba akong dalhin sa ospital?"},{"type":"💡","phrase":"Ang mga may sakit na tao ay maaaring pumunta sa ospital."}]},{"slug":"amusement-park","title":"Amusement park","phrases":[{"type":"🙋","phrase":"Gusto kong pumunta sa parke ng amusement."},{"type":"☝️","phrase":"Maaari mo ba akong dalhin sa amusement park?"},{"type":"💡","phrase":"Maaari akong magkaroon ng kasiyahan sa parke ng libangan."}]},{"slug":"dormitory","title":"Dormitoryo","phrases":[{"type":"🙋","phrase":"Gusto kong pumunta sa dormitoryo."},{"type":"☝️","phrase":"Maaari mo ba akong dalhin sa dormitoryo?"},{"type":"💡","phrase":"Maaari akong manatili sa dormitoryo."}]},{"slug":"laundry-place","title":"Lugar ng paglalaba","phrases":[{"type":"🙋","phrase":"Gusto kong pumunta sa lugar ng paglalaba."},{"type":"☝️","phrase":"Maaari mo ba akong dalhin sa labahan?"},{"type":"💡","phrase":"Maaari kong linisin ang aking labahan sa lugar ng paglalaba."}]},{"slug":"barber-shop","title":"Tindahan ng Barber","phrases":[{"type":"🙋","phrase":"Gusto kong pumunta sa barber shop."},{"type":"☝️","phrase":"Maaari mo ba akong dalhin sa barber shop?"},{"type":"💡","phrase":"Makakakuha ako ng isang gupit sa barber shop."}]},{"slug":"hotel","title":"Hotel","phrases":[{"type":"🙋","phrase":"Gusto kong pumunta sa hotel."},{"type":"☝️","phrase":"Maaari mo ba akong dalhin sa hotel?"},{"type":"💡","phrase":"Maaari akong manatili sa isang hotel."}]},{"slug":"kindergarten","title":"Kindergarten","phrases":[{"type":"🙋","phrase":"Gusto kong pumunta sa kindergarten."},{"type":"☝️","phrase":"Maaari mo ba akong dalhin sa kindergarten?"}]},{"slug":"parking-lot","title":"Paradahan","phrases":[{"type":"🙋","phrase":"Gusto kong pumunta sa parking lot."},{"type":"☝️","phrase":"Maaari mo ba akong dalhin sa parking lot?"}]},{"slug":"elevator","title":"Elevator","phrases":[{"type":"🙋","phrase":"Gusto kong gumamit ng elevator."},{"type":"💗","phrase":"Gusto ko bang gamitin ang elevator?"},{"type":"💡","phrase":"Maaari akong umakyat sa itaas gamit ang elevator."}]},{"slug":"bank","title":"bangko","phrases":[{"type":"🙋","phrase":"Gusto kong pumunta sa bangko."},{"type":"☝️","phrase":"Maaari mo ba akong dalhin sa bangko?"},{"type":"💡","phrase":"Maaari akong mag-withdraw ng pera sa bangko."}]},{"slug":"skycraper","title":"Skycraper","phrases":[{"type":"🙋","phrase":"Gusto kong pumunta sa skycraper."},{"type":"☝️","phrase":"Maaari mo ba akong dalhin sa skycraper?"}]},{"slug":"stadium","title":"Stadium","phrases":[{"type":"🙋","phrase":"Gusto kong pumunta sa istadyum."},{"type":"☝️","phrase":"Maaari mo ba akong dalhin sa stadium?"}]},{"slug":"cruise-ship","title":"Cruise ship","phrases":[{"type":"🙋","phrase":"Nais kong sumakay ng isang cruise ship."},{"type":"☝️","phrase":"Maaari mo ba akong dalhin sa cruise ship?"}]},{"slug":"forest","title":"Kagubatan","phrases":[{"type":"🙋","phrase":"Gusto kong pumunta sa kagubatan."},{"type":"☝️","phrase":"Maaari mo ba akong dalhin sa kagubatan?"}]},{"slug":"tent","title":"Tolda","phrases":[{"type":"🙋","phrase":"Gusto kong pumunta sa tent."},{"type":"☝️","phrase":"Maaari ba tayong manatili sa isang tolda?"}]},{"slug":"beach","title":"Beach","phrases":[{"type":"🙋","phrase":"Gusto kong pumunta sa beach."},{"type":"☝️","phrase":"Maaari mo ba akong dalhin sa beach?"},{"type":"💡","phrase":"Maaari akong lumubog sa beach."}]}]