[{"slug":"protective-mask","title":"Proteksiyon mask","phrases":[{"type":"🛡️","phrase":"Gumagamit ako ng proteksiyon na maskara."},{"type":"😷","phrase":"Hindi ako makakalabas nang walang proteksiyon na maskara."}]},{"slug":"stay-home","title":"Manatili sa bahay","phrases":[{"type":"🏠","phrase":"Kailangan mong manatili sa bahay."},{"type":"🏡","phrase":"Nanatili ako sa bahay."}]},{"slug":"toilet-paper","title":"Tisyu","phrases":[]},{"slug":"sprayer","title":"Sprayer","phrases":[]},{"slug":"disinfectant","title":"Disimpektante","phrases":[{"type":"🧼","phrase":"Gumagamit ako ng disimpektante."},{"type":"🙋","phrase":"Maaari mo bang tulungan akong gumamit ng disimpektante?"}]},{"slug":"coughing","title":"Pag-ubo","phrases":[{"type":"🤒","phrase":"Umiiyak ako."},{"type":"🏥","phrase":"Ang pag-ubo ay isang sintomas para sa virus."}]},{"slug":"medical-assistance","title":"Tulong sa medikal","phrases":[{"type":"⚕️","phrase":"Kailangan ko ng tulong medikal."},{"type":"❓","phrase":"Kailangan mo ba ng tulong medikal?"}]},{"slug":"hand-sanitizer","title":"Kamay sanitizer","phrases":[{"type":"🚰","phrase":"Gumagamit ako ng hand sanitizer."},{"type":"🙋","phrase":"Maaari mo bang tulungan akong gumamit ng hand sanitizer?"}]},{"slug":"gloves","title":"Mga guwantes","phrases":[{"type":"🧤","phrase":"Gumagamit ako ng guwantes."},{"type":"🙋","phrase":"Maaari mo bang tulungan akong ilagay sa aking mga guwantes?"}]},{"slug":"social-distancing","title":"Pagpapanatili ng pagitan mula sa kapwa-tao","phrases":[{"type":"🖐️","phrase":"Nagsasanay ako ng panlipunan."},{"type":"📏","phrase":"Kailangan nating mapanatili ang aming distansya sa pagitan namin."}]},{"slug":"mouth-mask","title":"Baga mask","phrases":[{"type":"😷","phrase":"Gumagamit ako ng mask ng bibig."},{"type":"🏡","phrase":"Hindi ako makakalabas nang walang maskara sa bibig."}]},{"slug":"pandemic","title":"Pandemya","phrases":[{"type":"🌐","phrase":"Ano ang isang pandemya?"},{"type":"⏱️","phrase":"Kailan magtatapos ang pandemya?"},{"type":"⌚","phrase":"Mayroong isang pandemanda na nangyayari."}]},{"slug":"working-at-home","title":"Nagtatrabaho sa bahay","phrases":[{"type":"🏠","phrase":"Nagtatrabaho ako sa bahay."},{"type":"👪","phrase":"Ang aking mga magulang ay nagtatrabaho sa bahay."}]},{"slug":"wet-wipes","title":"Basang pamunas","phrases":[{"type":"🤧","phrase":"Kailangan ko ng basang basa."}]},{"slug":"quarantine","title":"Quarantine","phrases":[{"type":"🔲","phrase":"Ano ang quarantine?"},{"type":"🙋","phrase":"Nasa quarantine ako."}]},{"slug":"first-aid-kit","title":"Kit para sa pangunang lunas","phrases":[{"type":"❓","phrase":"Nasaan ang first aid kit?"},{"type":"🙋","phrase":"Maaari mo ba akong tulungan na gamitin ang first aid kit?"}]},{"slug":"fitness","title":"Kalusugan","phrases":[{"type":"🤸","phrase":"Gusto ko gawin ang fitness."},{"type":"🤼","phrase":"Gusto ko gawin ang fitness."}]},{"slug":"e-learning","title":"Pag-aaral","phrases":[{"type":"💻","phrase":"Natuto ako mula sa bahay."},{"type":"📱","phrase":"Gumagamit ako ng mga e-learning apps."}]},{"slug":"virus","title":"Virus","phrases":[{"type":"🦠","phrase":"Ano ang isang virus?"},{"type":"💉","phrase":"Ano ang mga sintomas ng virus?"}]},{"slug":"cleaning","title":"Paglilinis","phrases":[{"type":"🧼","phrase":"Nililinis ko ang aking silid."},{"type":"🔲","phrase":"Ang pagpapanatiling malinis ng iyong silid ay mahalaga."}]}]