[{"slug":"desk","title":"Desk","phrases":[{"type":"🙋","phrase":"Maaari ko bang gamitin ang desk na ito?"},{"type":"❓","phrase":"Aling desk ang sa akin?"},{"type":"🥛","phrase":"Tumalsik ako sa desk ko."},{"type":"❌","phrase":"Huwag guritin ang iyong desk."}]},{"slug":"chair","title":"Upuan","phrases":[{"type":"🙋","phrase":"Maaari ba akong umupo sa iyo?"},{"type":"❓","phrase":"Aling upuan ang sa akin?"},{"type":"☝️","phrase":"Kinuha ang upuang ito?"},{"type":"🥛","phrase":"Dumapa ako sa aking upuan."}]},{"slug":"book","title":"Aklat","phrases":[{"type":"📙","phrase":"Teksto"},{"type":"📒","phrase":"Workbook"},{"type":"📚","phrase":"Magbasa ng aklat."},{"type":"😇","phrase":"Maaari ba akong humiram ng iyong libro?"},{"type":"📃","phrase":"Aling pahina ang nasa atin?"},{"type":"☝️","phrase":"I-flip ang pahina."},{"type":"😱","phrase":"Nawalan ako ng libro."}]},{"slug":"notebook","title":"Kuwaderno","phrases":[{"type":"📝","phrase":"Ang pagkuha ng mga tala."},{"type":"🖐️","phrase":"Kumuha ako ng mga tala."},{"type":"😱","phrase":"Nawala ang notebook ko."}]},{"slug":"backpack","title":"Backpack","phrases":[{"type":"👜","phrase":"Nagdala ng backpack ko."},{"type":"💡","phrase":"Ang paglalagay ng aking mga libro sa aking backpack."},{"type":"🙋","phrase":"Kailangan ko ng isang bagong backpack."},{"type":"🙏🏼","phrase":"Salamat sa pagdala ng aking backpack."},{"type":"😱","phrase":"Nawala ang backpack ko."},{"type":"⚖️","phrase":"Mabigat ang backpack ko."}]},{"slug":"blackboard","title":"Blackboard","phrases":[{"type":"👀","phrase":"Tignan mo ang pisara."},{"type":"🧽","phrase":"Nililinis ang blackboard."},{"type":"🧮","phrase":"Ang paglutas ng problema sa blackboard."},{"type":"📝","phrase":"Ang pagkuha ng tala sa blackboard."},{"type":"🖊️","phrase":"Bigyan mo ako ng isang tisa."}]},{"slug":"teacher","title":"Guro","phrases":[{"type":"🤔","phrase":"Hindi ko maintindihan ang bahaging ito."},{"type":"🔁","phrase":"Maaari mo bang ulitin ang huling bahagi?"},{"type":"🚻","phrase":"Maaari ba akong pumunta sa banyo?"},{"type":"❓","phrase":"Aling paksa?"},{"type":"😀","phrase":"Gusto ko ang paksang ito."},{"type":"😔","phrase":"Hindi ko gusto ang paksang ito."},{"type":"🙏🏼","phrase":"Salamat sa aralin."}]},{"slug":"school-bus","title":"Bus ng eskwelahan","phrases":[{"type":"⌛","phrase":"Paparating na ang bus bus."},{"type":"❓","phrase":"Maaari ba akong umupo sa tabi mo?"},{"type":"🙏🏼","phrase":"Salamat driver ng bus!"},{"type":"⏱️","phrase":"Ang bus sa paaralan ay huli na."}]},{"slug":"pencil","title":"Lapis","phrases":[{"type":"✏️","phrase":"Nagsusulat ako."},{"type":"🎓","phrase":"Natuto akong sumulat."},{"type":"🙋","phrase":"Kailangan ko ng isang bagong lapis."},{"type":"😇","phrase":"Maaari ba akong humiram ng iyong lapis?"},{"type":"😱","phrase":"Nawala ko ang lapis ko."}]},{"slug":"eraser","title":"Pambura","phrases":[{"type":"🧽","phrase":"Binubura ko."},{"type":"🙋","phrase":"Kailangan ko ng isang bagong pambura."},{"type":"😇","phrase":"Maaari ba akong humiram ng iyong pambura?"},{"type":"😱","phrase":"Nawala ko ang aking pambura."}]},{"slug":"ruler","title":"Tagapamahala","phrases":[{"type":"📏","phrase":"Sinusukat ko."},{"type":"🙋","phrase":"Kailangan ko ng isang bagong pinuno."},{"type":"😇","phrase":"Maaari ba akong humiram ng iyong pinuno?"},{"type":"😱","phrase":"Nawalan ako ng pinuno."}]},{"slug":"sharpener","title":"Humina","phrases":[{"type":"🔪","phrase":"Itinaas ko ang lapis ko."},{"type":"🙋","phrase":"Kailangan ko ng isang bagong pantasa."},{"type":"😇","phrase":"Maaari ba akong humiram ng iyong pantasa?"},{"type":"😱","phrase":"Nawalan ako ng pantasa."}]},{"slug":"mathematics","title":"Matematika","phrases":[{"type":"❤️","phrase":"Gusto ko ng matematika."},{"type":"🙋","phrase":"Gusto kong mag-aral ng matematika."},{"type":"❌","phrase":"Hindi ko gusto ang matematika."},{"type":"⌚","phrase":"Kailan ang klase sa matematika?"},{"type":"☝️","phrase":"Maaari mo bang tulungan ako sa aking araling-aralin sa matematika?"}]},{"slug":"literature","title":"Panitikan","phrases":[{"type":"❤️","phrase":"Gusto ko ng panitikan."},{"type":"🙋","phrase":"Gusto kong mag-aral ng panitikan."},{"type":"❌","phrase":"Hindi ko gusto ang panitikan."},{"type":"⌚","phrase":"Kailan ang klase ng panitikan?"},{"type":"☝️","phrase":"Maaari mo bang tulungan ako sa aking araling-aralin sa panitikan?"}]},{"slug":"science","title":"Science","phrases":[{"type":"❤️","phrase":"Gusto ko ng science."},{"type":"🙋","phrase":"Gusto kong mag-aral ng science."},{"type":"❌","phrase":"Hindi ko gusto ang agham."},{"type":"⌚","phrase":"Kailan ang klase sa agham?"},{"type":"☝️","phrase":"Maaari mo ba akong tulungan sa aking araling-bahay?"}]},{"slug":"art-class","title":"Klase ng sining","phrases":[{"type":"❤️","phrase":"Gusto ko ng klase ng sining."},{"type":"🙋","phrase":"Nais kong magsagawa ng kasanayan sa sining."},{"type":"❌","phrase":"Hindi ko gusto ang art class."},{"type":"⌚","phrase":"Kailan ang klase ng sining?"},{"type":"☝️","phrase":"Maaari mo ba akong tulungan sa aking araling-aralin sa araling-sining?"}]},{"slug":"music-class","title":"Klase ng musika","phrases":[{"type":"❤️","phrase":"Gusto ko ang klase ng musika."},{"type":"🙋","phrase":"Nais kong magsanay ng mga kasanayan sa musika."},{"type":"❌","phrase":"Hindi ko gusto ang klase ng musika."},{"type":"⌚","phrase":"Kailan ang klase ng musika?"},{"type":"☝️","phrase":"Maaari mo bang tulungan ako sa aking araling-aralin sa klase ng musika?"}]},{"slug":"geography","title":"Heograpiya","phrases":[{"type":"❤️","phrase":"Gusto ko ng heograpiya."},{"type":"🙋","phrase":"Gusto kong mag-aral ng heograpiya."},{"type":"❌","phrase":"Hindi ko gusto ang heograpiya."},{"type":"⌚","phrase":"Kailan ang heograpiya?"},{"type":"☝️","phrase":"Maaari mo ba akong tulungan sa aking homographic na araling-bahay?"}]},{"slug":"telescope","title":"Teleskopyo","phrases":[{"type":"🌎","phrase":"Gumagamit ako ng teleskopyo."},{"type":"🙋","phrase":"Nais kong gamitin ang teleskopyo."},{"type":"🌟","phrase":"Gusto kong tumingin sa mga bituin."}]},{"slug":"glue","title":"Pandikit","phrases":[{"type":"👌","phrase":"Gumagamit ako ng pandikit."},{"type":"🙋","phrase":"Kailangan ko ng isang bagong pandikit."},{"type":"😇","phrase":"Maaari ba akong humiram ng iyong kola?"},{"type":"😱","phrase":"Nawalan ako ng kola."}]}]