[{"slug":"circle","title":"Bilog","phrases":[{"type":"👉","phrase":"Ito ay hugis bilog."},{"type":"❓","phrase":"Maaari mo bang turuan sa akin kung paano gumuhit ng bilog?"}]},{"slug":"triangle","title":"Triangle","phrases":[{"type":"👉","phrase":"Ito ay hugis tatsulok."},{"type":"❓","phrase":"Maaari mo bang turuan sa akin kung paano gumuhit ng tatsulok?"}]},{"slug":"square","title":"Parisukat","phrases":[{"type":"👉","phrase":"Ito ay parisukat na hugis."},{"type":"❓","phrase":"Maaari mo bang turuan sa akin kung paano gumuhit ng parisukat?"}]},{"slug":"rectangle","title":"Parihaba","phrases":[{"type":"👉","phrase":"Ito ay hugis-parihaba."},{"type":"❓","phrase":"Maaari mo bang turuan sa akin kung paano gumuhit ng rektanggulo?"}]},{"slug":"star","title":"Bituin","phrases":[{"type":"👉","phrase":"Ito ay hugis bituin."},{"type":"❓","phrase":"Maaari mo bang turuan sa akin kung paano gumuhit ng bituin?"}]},{"slug":"pentagon","title":"Pentagon","phrases":[{"type":"👉","phrase":"Ito ay hugis pentagon."},{"type":"❓","phrase":"Maaari mo bang turuan kung paano gumuhit ng pentagon?"}]},{"slug":"hexagon","title":"Hexagon","phrases":[{"type":"👉","phrase":"Ito ay hugis heksagon."},{"type":"❓","phrase":"Maaari mo bang turuan kung paano gumuhit ng heksagon?"}]},{"slug":"cross","title":"Krus","phrases":[{"type":"👉","phrase":"Ito ay hugis ng krus."},{"type":"❓","phrase":"Maaari mo bang turuan kung paano gumuhit ng krus?"}]},{"slug":"ellipse","title":"Ellipse","phrases":[{"type":"👉","phrase":"Ito ay hugis ellipse."},{"type":"❓","phrase":"Maaari mo bang turuan sa akin kung paano gumuhit ng ellipse?"}]},{"slug":"arrow","title":"Palaso","phrases":[{"type":"👉","phrase":"Ito ay hugis arrow."},{"type":"❓","phrase":"Maaari mo bang turuan ako kung paano gumuhit ng arrow?"}]},{"slug":"crescent","title":"Crescent","phrases":[{"type":"👉","phrase":"Ito ay hugis-crescent."},{"type":"❓","phrase":"Maaari mo bang ituro sa akin kung paano gumuhit ng crescent?"}]},{"slug":"heart","title":"Puso","phrases":[{"type":"👉","phrase":"Ito ay hugis ng puso."},{"type":"❓","phrase":"Maaari mo bang turuan kung paano ako gumuhit ng puso?"}]},{"slug":"rhombus","title":"Rhombus","phrases":[{"type":"👉","phrase":"Ito ay hugis ng rhombus."},{"type":"❓","phrase":"Maaari mo bang turuan sa akin kung paano gumuhit ng rhombus?"}]},{"slug":"ring","title":"Tumunog","phrases":[{"type":"👉","phrase":"Ito ay hugis singsing."},{"type":"❓","phrase":"Maaari mo bang turuan kung paano gumuhit ng singsing?"}]},{"slug":"semicircle","title":"Hatinggit","phrases":[{"type":"👉","phrase":"Ito ay hugis ng semicircle."},{"type":"❓","phrase":"Maaari mo bang ituro sa akin kung paano gumuhit ng kalahating bilog?"}]},{"slug":"trapezoid","title":"Trapezoid","phrases":[{"type":"👉","phrase":"Ito ay hugis trapezoid."},{"type":"❓","phrase":"Maaari mo bang turuan kung paano gumuhit ng trapezoid?"}]},{"slug":"cube","title":"Cube","phrases":[{"type":"👉","phrase":"Ito ay hugis kubo."},{"type":"❓","phrase":"Maaari mo bang turuan sa akin kung paano gumuhit ng kubo?"}]},{"slug":"cylinder","title":"Silindro","phrases":[{"type":"👉","phrase":"Ito ay hugis silindro."},{"type":"❓","phrase":"Maaari mo bang turuan sa akin kung paano gumuhit ng silindro?"}]}]