[{"slug":"chips","title":"Mga Chip","phrases":[{"type":"❤️","phrase":"Gusto ko kumain ng chips."},{"type":"🙋","phrase":"Gusto kong kumain ng chips."},{"type":"🤢","phrase":"Ang pagkain ng sobrang chips ay masama para sa akin."}]},{"slug":"donut","title":"Donut","phrases":[{"type":"❤️","phrase":"Gusto ko kumain ng donut."},{"type":"🙋","phrase":"Gusto kong kumain ng donut."},{"type":"🤢","phrase":"Ang pagkain ng sobrang donut ay masama para sa akin."}]},{"slug":"taco","title":"Taco","phrases":[{"type":"❤️","phrase":"Gusto ko kumain ng mga tacos."},{"type":"🙋","phrase":"Gusto kong kumain ng taco."},{"type":"🤢","phrase":"Ang pagkain ng sobrang tacos ay masama para sa akin."}]},{"slug":"peanuts","title":"Mga mani","phrases":[{"type":"❤️","phrase":"Gusto ko kumain ng mga mani."},{"type":"🙋","phrase":"Gusto kong kumain ng mga mani."},{"type":"🤢","phrase":"Ang pagkain ng maraming mga mani ay masama para sa akin."}]},{"slug":"croissant","title":"Croissant","phrases":[{"type":"❤️","phrase":"Gusto ko kumain ng croissant."},{"type":"🙋","phrase":"Gusto kong kumain ng croissant."},{"type":"🤢","phrase":"Ang pagkain ng sobrang croissant ay masama sa akin."}]},{"slug":"cookie","title":"Cookie","phrases":[{"type":"❤️","phrase":"Gusto ko kumain ng cookie."},{"type":"🙋","phrase":"Gusto kong kumain ng cookie."},{"type":"🤢","phrase":"Ang pagkain ng sobrang cookies ay masama para sa akin."}]},{"slug":"burrito","title":"Burrito","phrases":[{"type":"❤️","phrase":"Gusto ko kumain ng burrito."},{"type":"🙋","phrase":"Gusto kong kumain ng burrito."},{"type":"🤢","phrase":"Ang pagkain ng sobrang burritos ay masama para sa akin."}]},{"slug":"ramen","title":"Ramen","phrases":[{"type":"❤️","phrase":"Para akong kumakain ng ramen."},{"type":"🙋","phrase":"Gusto kong kumain ng ramen."},{"type":"🤢","phrase":"Ang pagkain ng sobrang ramen ay masama para sa akin."}]},{"slug":"sushi","title":"Sushi","phrases":[{"type":"❤️","phrase":"Gusto ko kumain ng sushi."},{"type":"🙋","phrase":"Gusto kong kumain ng sushi."},{"type":"🤢","phrase":"Ang pagkain ng sobrang sushi ay masama para sa akin."}]},{"slug":"chocolate","title":"Tsokolate","phrases":[{"type":"❤️","phrase":"Gusto ko kumain ng tsokolate."},{"type":"🙋","phrase":"Gusto kong kumain ng tsokolate."},{"type":"🤢","phrase":"Ang pagkain ng sobrang tsokolate ay masama para sa akin."}]},{"slug":"apple-pie","title":"Apple pie","phrases":[{"type":"❤️","phrase":"Gusto ko kumain ng apple pie."},{"type":"🙋","phrase":"Gusto kong kumain ng apple pie."},{"type":"🤢","phrase":"Ang pagkain ng sobrang apple pie ay masama para sa akin."}]},{"slug":"muffin","title":"Muffin","phrases":[{"type":"❤️","phrase":"Gusto kong kumain ng muffin."},{"type":"🙋","phrase":"Gusto kong kumain ng muffin."},{"type":"🤢","phrase":"Ang pagkain ng sobrang muffins ay masama para sa akin."}]},{"slug":"pudding","title":"Pudding","phrases":[{"type":"❤️","phrase":"Gusto ko kumain ng puding."},{"type":"🙋","phrase":"Gusto kong kumain ng puding."},{"type":"🤢","phrase":"Ang pagkain ng sobrang puding ay masama para sa akin."}]},{"slug":"macaron","title":"Macaron","phrases":[{"type":"❤️","phrase":"Gusto ko kumain ng macaron."},{"type":"🙋","phrase":"Gusto kong kumain ng macaron."},{"type":"🤢","phrase":"Ang pagkain ng sobrang macaron ay masama para sa akin."}]},{"slug":"crepe","title":"Crepe","phrases":[{"type":"❤️","phrase":"Gusto ko kumain ng crepe."},{"type":"🙋","phrase":"Gusto kong kumain ng crepe."},{"type":"🤢","phrase":"Ang pagkain ng sobrang crepes ay masama para sa akin."}]},{"slug":"pizza","title":"Pizza","phrases":[{"type":"❤️","phrase":"Gusto ko kumain ng pizza."},{"type":"🙋","phrase":"Gusto kong kumain ng pizza."},{"type":"🤢","phrase":"Ang pagkain ng sobrang pizza ay masama para sa akin."}]},{"slug":"skewer","title":"Skewer","phrases":[{"type":"❤️","phrase":"Gusto ko kumain ng skewer."},{"type":"🙋","phrase":"Gusto kong kumain ng skewer."},{"type":"🤢","phrase":"Ang pagkain ng sobrang mga skewer ay masama para sa akin."}]},{"slug":"fast-food","title":"Mabilis na pagkain","phrases":[{"type":"❤️","phrase":"Gusto ko kumain ng mabilis na pagkain."},{"type":"🙋","phrase":"Gusto kong kumain ng mabilis na pagkain."},{"type":"🤢","phrase":"Ang pagkain ng sobrang mabilis na pagkain ay masama para sa akin."}]}]