[{"slug":"basketball","title":"Basketball","phrases":[{"type":"❤️","phrase":"Gusto ko maglaro ng basketball."},{"type":"🙋","phrase":"Gusto mo bang maglaro ng basketball?"}]},{"slug":"boxing","title":"Boksing","phrases":[{"type":"❤️","phrase":"Gusto ko ng boxing."},{"type":"🙋","phrase":"Nais mo bang magkasama?"}]},{"slug":"tennis","title":"Tennis","phrases":[{"type":"❤️","phrase":"Para akong naglalaro ng tennis."},{"type":"🙋","phrase":"Gusto mo bang maglaro ng tennis?"}]},{"slug":"golf","title":"Golf","phrases":[{"type":"❤️","phrase":"Gusto ko maglaro ng golf."},{"type":"🙋","phrase":"Gusto mo bang maglaro ng golf?"}]},{"slug":"hockey","title":"Hockey","phrases":[{"type":"❤️","phrase":"Para akong naglalaro ng hockey."},{"type":"🙋","phrase":"Gusto mo bang maglaro ng hockey?"}]},{"slug":"swimming","title":"Paglangoy","phrases":[{"type":"❤️","phrase":"Gusto ko lumangoy."},{"type":"🙋","phrase":"Gusto mo bang lumangoy?"}]},{"slug":"baseball","title":"Baseball","phrases":[{"type":"❤️","phrase":"Gusto ko maglaro ng baseball."},{"type":"🙋","phrase":"Gusto mo bang maglaro ng baseball?"}]},{"slug":"american-football","title":"American football","phrases":[{"type":"❤️","phrase":"Gusto ko maglaro ng american football."},{"type":"🙋","phrase":"Nais mo bang maglaro ng amerikanong football?"}]},{"slug":"cricket","title":"Cricket","phrases":[{"type":"❤️","phrase":"Gusto ko ng kuliglig."},{"type":"🙋","phrase":"Gusto mo bang maglaro ng kuliglig?"}]},{"slug":"racing","title":"Karera","phrases":[{"type":"❤️","phrase":"Gusto ko ng karera."},{"type":"🙋","phrase":"Nais mo bang magkasama?"}]},{"slug":"skiing","title":"Pag-ski","phrases":[{"type":"❤️","phrase":"Gusto ko ng skiing."},{"type":"🙋","phrase":"Gusto mo bang mag-ski?"}]},{"slug":"volleyball","title":"Volleyball","phrases":[{"type":"❤️","phrase":"Gusto ko maglaro ng volleyball."},{"type":"🙋","phrase":"Gusto mo bang maglaro ng volleyball?"}]},{"slug":"fencing","title":"Fencing","phrases":[{"type":"❤️","phrase":"Gusto ko ng fencing."}]},{"slug":"referee","title":"Tagahatol","phrases":[{"type":"🏁","phrase":"Maaari ba akong maging referee?"}]},{"slug":"coach","title":"Coach","phrases":[{"type":"🏁","phrase":"Maaari ba akong maging coach mo?"}]},{"slug":"kendo","title":"Kendo","phrases":[]},{"slug":"table-tennis","title":"Table ng tennis","phrases":[{"type":"❤️","phrase":"Para akong naglalaro ng table tennis."},{"type":"🙋","phrase":"Nais mo bang maglaro ng table tennis?"}]},{"slug":"medal","title":"Medalya","phrases":[{"type":"😎","phrase":"Mayroon akong medalya."}]},{"slug":"podium","title":"Podium","phrases":[]}]