[{"slug":"doll","title":"Manika","phrases":[{"type":"❤️","phrase":"Gusto ko ng mga manika."},{"type":"☝️","phrase":"Maaari ba akong maglaro kasama ang aking mga manika?"},{"type":"🙋","phrase":"Gusto ko ng isang manika na naroroon."}]},{"slug":"teddy-bear","title":"Teddy bear","phrases":[{"type":"❤️","phrase":"Gusto ko ng mga teddy bear."},{"type":"☝️","phrase":"Maaari ba akong maglaro kasama ang aking teddy-bear?"},{"type":"🙋","phrase":"Gusto ko ng isang Teddy bear bilang naroroon."}]},{"slug":"blocks","title":"Mga bloke","phrases":[{"type":"❤️","phrase":"Gusto ko ng mga bloke."},{"type":"☝️","phrase":"Maaari ba akong maglaro kasama ang aking mga bloke?"},{"type":"🙋","phrase":"Gusto ko ng isang bloke tulad ng kasalukuyan."}]},{"slug":"spinner","title":"Spinner","phrases":[{"type":"❤️","phrase":"Gusto ko ang spinner."},{"type":"☝️","phrase":"Maaari ba akong maglaro kasama ang aking spinner?"},{"type":"🙋","phrase":"Gusto ko ng isang manunulid bilang naroroon."}]},{"slug":"nutcracker","title":"Nutcracker","phrases":[{"type":"❤️","phrase":"Gusto ko ng mga nutcracker."},{"type":"☝️","phrase":"Maaari ba akong maglaro kasama ang aking nutcracker?"},{"type":"🙋","phrase":"Gusto ko ng isang nutcracker bilang naroroon."}]},{"slug":"video-games","title":"Mga larong video","phrases":[{"type":"❤️","phrase":"Gusto ko ng mga video games."},{"type":"☝️","phrase":"Maaari ba nating maglaro ng mga video game?"},{"type":"🙋","phrase":"Gusto ko ng mga video game tulad ng kasalukuyan."}]},{"slug":"cards","title":"Mga Kard","phrases":[{"type":"❤️","phrase":"Para akong naglalaro ng baraha."},{"type":"☝️","phrase":"Maaari ba akong maglaro kasama ang aking mga kard?"},{"type":"🙋","phrase":"Gusto kong maglaro ng mga kard bilang naroroon."}]},{"slug":"toy-car","title":"Laruang kotse","phrases":[{"type":"❤️","phrase":"Gusto ko ang mga laruang kotse."},{"type":"☝️","phrase":"Maaari ba akong maglaro kasama ang aking laruang kotse?"},{"type":"🙋","phrase":"Gusto ko ng isang laruang kotse tulad ng naroroon."}]},{"slug":"sword","title":"Tabak","phrases":[{"type":"❤️","phrase":"Gusto ko ang mga laruang swords."},{"type":"☝️","phrase":"Maaari ba akong maglaro kasama ang aking laruang sword?"},{"type":"🙋","phrase":"Gusto ko ng isang tabak na naroroon."}]},{"slug":"yo-yo","title":"Yo-yo","phrases":[{"type":"❤️","phrase":"Para akong naglalaro sa yo-yo."},{"type":"☝️","phrase":"Maaari ba akong maglaro kasama ang yo-yo?"},{"type":"🙋","phrase":"Gusto ko ng isang Yo-yo bilang naroroon."}]},{"slug":"slingshot","title":"Slingshot","phrases":[{"type":"❤️","phrase":"Gusto ko ng mga tirador."},{"type":"☝️","phrase":"Maaari ba akong maglaro kasama ang tirador ko?"},{"type":"🙋","phrase":"Gusto ko ng isang tirador bilang kasalukuyan."}]},{"slug":"water-gun","title":"Water gun","phrases":[{"type":"❤️","phrase":"Gusto ko ng water gun."},{"type":"☝️","phrase":"Maaari ba akong maglaro gamit ang aking baril ng tubig?"},{"type":"🙋","phrase":"Gusto ko ng isang water gun bilang naroroon."}]},{"slug":"doll-house","title":"Bahay ng manika","phrases":[{"type":"❤️","phrase":"Gusto kong maglaro kasama ang manika."},{"type":"☝️","phrase":"Maaari ba akong maglaro kasama ang aking manika?"},{"type":"🙋","phrase":"Gusto ko ng isang bahay ng manika na naroroon."}]},{"slug":"viewer","title":"Viewer","phrases":[{"type":"❤️","phrase":"Gusto ko maglaro kasama ang viewer."},{"type":"🙋","phrase":"Gusto ko ng isang manonood bilang naroroon."}]},{"slug":"board-game","title":"Laro ng Lupon","phrases":[{"type":"❤️","phrase":"Gusto ko ang mga larong board."},{"type":"☝️","phrase":"Maaari ba tayong maglaro ng board game?"},{"type":"🙋","phrase":"Gusto ko ng isang laro ng board tulad ng kasalukuyan."}]},{"slug":"rubiks-cube","title":"Kubo ni Rubik","phrases":[{"type":"❤️","phrase":"Gusto kong malutas ang kubo ni rubik."},{"type":"☝️","phrase":"Maaari ko bang subukan na malutas ang kubo ng rubik ko?"},{"type":"🙋","phrase":"Gusto ko ng kubo ng rubik na naroroon."}]},{"slug":"puzzle","title":"Palaisipan","phrases":[{"type":"❤️","phrase":"Gusto ko ng mga puzzle."},{"type":"☝️","phrase":"Maaari ba akong malutas ang mga puzzle?"},{"type":"🙋","phrase":"Gusto ko ng mga puzzle bilang kasalukuyan."}]},{"slug":"remote-control-car","title":"Remote control car","phrases":[{"type":"❤️","phrase":"Gusto ko ang aking remote control na kotse."},{"type":"☝️","phrase":"Maaari ba akong maglaro kasama ang aking remote-control-car"},{"type":"🙋","phrase":"Gusto ko ng isang remote control na kotse tulad ng kasalukuyan."}]},{"slug":"rocking-horse","title":"Nakasakay na kabayo","phrases":[{"type":"❤️","phrase":"Gusto ko ang aking rocking na kabayo."},{"type":"☝️","phrase":"Maaari ba akong maglaro kasama ang tumba-tumba ng kabayo?"}]},{"slug":"scooter","title":"Scooter","phrases":[{"type":"❤️","phrase":"Gusto ko ang aking iskuter."},{"type":"🙋","phrase":"Gusto ko ng scooter bilang naroroon."}]},{"slug":"pyramid","title":"Pyramid","phrases":[{"type":"❤️","phrase":"Gusto ko ng mga piramide."},{"type":"🙋","phrase":"Gusto ko ng isang piramide bilang kasalukuyan."}]},{"slug":"cart","title":"Cart","phrases":[{"type":"❤️","phrase":"Gusto ko ang aking cart ng laruan."},{"type":"🙋","phrase":"Maaari mo bang tulungan akong malinis ang aking mga laruan?"}]},{"slug":"aeroplane","title":"Ang eroplano","phrases":[{"type":"❤️","phrase":"Gusto ko ng mga eroplano."},{"type":"☝️","phrase":"Maaari ba akong maglaro kasama ang aking eroplano?"},{"type":"🙋","phrase":"Gusto ko ng isang eroplano bilang naroroon."}]},{"slug":"sand-bucket","title":"Balde ng buhangin","phrases":[{"type":"❤️","phrase":"Gusto ko ng mga balde ng buhangin."},{"type":"☝️","phrase":"Maaari ba akong magtayo ng kastilyo gamit ang aking buhangin?"}]}]