[{"slug":"train","title":"Tren","phrases":[{"type":"🙋","phrase":"Gusto kong sumakay sa tren."},{"type":"❤️","phrase":"Gusto ko ng mga tren."}]},{"slug":"car","title":"Kotse","phrases":[{"type":"🙋","phrase":"Gusto kong magmaneho ng kotse."},{"type":"❤️","phrase":"Gusto ko ng mga kotse."}]},{"slug":"bicycle","title":"Bisikleta","phrases":[{"type":"🙋","phrase":"Gusto kong sumakay ng bisikleta."},{"type":"❤️","phrase":"Gusto ko ng bisikleta."}]},{"slug":"motorcycle","title":"Motorsiklo","phrases":[{"type":"🙋","phrase":"Gusto kong sumakay ng motorsiklo."},{"type":"❤️","phrase":"Gusto ko ng motorsiklo"}]},{"slug":"skateboard","title":"Skateboard","phrases":[{"type":"🙋","phrase":"Gusto kong mag-skate."},{"type":"❤️","phrase":"Gusto ko ng skateboard."}]},{"slug":"food-truck","title":"Ferry","phrases":[{"type":"🙋","phrase":"Gusto kong kumuha ng ferry."},{"type":"🧑‍🤝‍🧑","phrase":"Masikip si Ferry."}]},{"slug":"boat","title":"Bangka","phrases":[{"type":"🙋","phrase":"Gusto kong sumakay ng bangka."},{"type":"🧑‍🤝‍🧑","phrase":"Masikip ang bangka."}]},{"slug":"ship","title":"Ipadala","phrases":[{"type":"🙋","phrase":"Gusto kong sumakay ng barko."},{"type":"🧑‍🤝‍🧑","phrase":"Masikip ang Ship."}]},{"slug":"bus","title":"Bus","phrases":[{"type":"🙋","phrase":"Gusto kong sumakay sa bus."},{"type":"🧑‍🤝‍🧑","phrase":"Masikip ang bus."}]},{"slug":"minibus","title":"Minibus","phrases":[{"type":"🙋","phrase":"Gusto kong kunin ang minibus."},{"type":"🧑‍🤝‍🧑","phrase":"Masikip ang Minibus."}]},{"slug":"wheelchair","title":"Wheelchair","phrases":[{"type":"♿","phrase":"Gumagamit ako ng wheelchair."},{"type":"👨‍🦽","phrase":"Gumagamit siya ng isang wheelchair."},{"type":"🙋","phrase":"Maaari mo bang tulungan akong gamitin ang aking wheelchair."},{"type":"🖐️","phrase":"Maaari mo ba akong itulak?"}]},{"slug":"taxi","title":"Taxi","phrases":[{"type":"🙋","phrase":"Gusto kong sumakay ng taxi."}]},{"slug":"airplane","title":"Ang eroplano","phrases":[{"type":"🙋","phrase":"Gusto kong lumipad sa isang eroplano."},{"type":"❤️","phrase":"Gusto ko ng mga eroplano."},{"type":"🧑‍🤝‍🧑","phrase":"Masikip ang eroplano."}]},{"slug":"van","title":"Van","phrases":[{"type":"🙋","phrase":"Gusto kong magmaneho sa isang van."}]},{"slug":"hot-air-balloon","title":"Mainit na butil ng hangin","phrases":[{"type":"🙋","phrase":"Nais kong lumipad sa isang mainit na air baloon."},{"type":"❤️","phrase":"Gusto ko ng hot air baloon."}]},{"slug":"fire-truck","title":"Trak ng bumbero","phrases":[{"type":"🚨","phrase":"Sirena ng trak ng sunog."}]},{"slug":"police-car","title":"Kotse ng pulis","phrases":[{"type":"🚨","phrase":"Sirena ng pulisya ng pulisya."},{"type":"❤️","phrase":"Gusto ko ng mga kotse ng pulisya."}]},{"slug":"ambulance","title":"Ambulansya","phrases":[{"type":"🚨","phrase":"Sirena ng ambulansya."}]},{"slug":"stretcher","title":"Stretcher","phrases":[{"type":"🙋","phrase":"Maaari mo ba akong tulungan sa aking pag-usad?"}]},{"slug":"helicopter","title":"Helicopter","phrases":[{"type":"🙋","phrase":"Gusto kong lumipad sa isang helikopter."}]},{"slug":"trailer","title":"Trailer","phrases":[{"type":"🙋","phrase":"Gusto kong magmaneho sa isang trailer."}]},{"slug":"spaceship","title":"Spaceship","phrases":[{"type":"❤️","phrase":"Gusto ko ng mga sasakyang pangalangaang."},{"type":"🌌","phrase":"Gusto kong maglakbay sa espasyo."},{"type":"👽","phrase":"Nais kong makita ang mga dayuhan."},{"type":"👩‍🚀","phrase":"Gusto kong pumunta sa mars."},{"type":"🚀","phrase":"Maaari mo ba akong dalhin sa mars Elon Musk?"}]}]