[{"slug":"luggage","title":"Maleta","phrases":[]},{"slug":"swimming","title":"Paglangoy","phrases":[]},{"slug":"passport","title":"Pasaporte","phrases":[]},{"slug":"tent","title":"Tolda","phrases":[]},{"slug":"backpacking","title":"Nag-backpack","phrases":[]},{"slug":"beach-chair","title":"Upuan ng beach","phrases":[]},{"slug":"room-service","title":"Sebisyo sa kwarto","phrases":[]},{"slug":"waiting-area","title":"Naghihintay na lugar","phrases":[]},{"slug":"electric-socket","title":"Electric socket","phrases":[]},{"slug":"bag","title":"Bag","phrases":[]},{"slug":"boarding-pass","title":"Ang boarding pass","phrases":[]},{"slug":"gps","title":"Gps","phrases":[]},{"slug":"mountain","title":"Bundok","phrases":[]},{"slug":"camera","title":"Camera","phrases":[]},{"slug":"hotel","title":"Hotel","phrases":[]},{"slug":"bed","title":"Kama","phrases":[]},{"slug":"hotel-key","title":"Susing Hotel","phrases":[]},{"slug":"bonfire","title":"Bonfire","phrases":[]},{"slug":"snorkling","title":"Snorkling","phrases":[]},{"slug":"action-camera","title":"Camera ng aksyon","phrases":[]}]