[{"slug":"cucumber","title":"Pipino","phrases":[{"type":"❤️","phrase":"Gusto ko kumain ng pipino."},{"type":"🙋","phrase":"Gusto kong kumain ng pipino."},{"type":"❌","phrase":"Hindi ko gusto ang pipino"}]},{"slug":"onion","title":"Sibuyas","phrases":[{"type":"❤️","phrase":"Gusto kong kumain ng sibuyas."},{"type":"🙋","phrase":"Gusto kong kumain ng sibuyas."},{"type":"❌","phrase":"Hindi ko gusto ang sibuyas."},{"type":"❌","phrase":"Hindi ko gusto ang amoy ng sibuyas."}]},{"slug":"garlic","title":"Bawang","phrases":[{"type":"❤️","phrase":"Gusto ko kumain ng bawang."},{"type":"🙋","phrase":"Gusto kong kumain ng bawang."},{"type":"❌","phrase":"Hindi ko gusto ang bawang."},{"type":"❌","phrase":"Hindi ko gusto ang amoy ng bawang."}]},{"slug":"carrot","title":"Karot","phrases":[{"type":"❤️","phrase":"Para akong kumakain ng karot."},{"type":"🙋","phrase":"Gusto kong kumain ng isang karot."},{"type":"❌","phrase":"Hindi ko gusto ang mga karot."}]},{"slug":"cabbage","title":"Repolyo","phrases":[{"type":"❤️","phrase":"Gusto ko kumain ng repolyo."},{"type":"🙋","phrase":"Gusto kong kumain ng isang repolyo."},{"type":"❌","phrase":"Hindi ko gusto ang repolyo."}]},{"slug":"tomato","title":"Tomato","phrases":[{"type":"❤️","phrase":"Gusto ko kumain ng kamatis."},{"type":"🙋","phrase":"Gusto kong kumain ng kamatis."},{"type":"❌","phrase":"Hindi ko gusto ang kamatis."},{"type":"❤️","phrase":"Gusto kong magkaroon ng sopas sa kamatis."}]},{"slug":"eggplant","title":"Talong","phrases":[{"type":"❤️","phrase":"Gusto ko kumain ng talong."},{"type":"🙋","phrase":"Gusto kong kumain ng talong."},{"type":"❌","phrase":"Hindi ko gusto ang talong."}]},{"slug":"mushroom","title":"Kabute","phrases":[{"type":"❤️","phrase":"Para akong kumakain ng kabute."},{"type":"🙋","phrase":"Gusto kong kumain ng kabute."},{"type":"❌","phrase":"Hindi ko gusto ang kabute."},{"type":"❤️","phrase":"Gusto kong magkaroon ng sopas ng kabute."}]},{"slug":"pepper","title":"Pepper","phrases":[{"type":"❤️","phrase":"Gusto ko kumain ng paminta."},{"type":"🙋","phrase":"Gusto kong kumain ng isang paminta."},{"type":"❌","phrase":"Ayaw ko ng paminta."}]},{"slug":"corn","title":"Mais","phrases":[{"type":"❤️","phrase":"Gusto ko kumain ng mais."},{"type":"🙋","phrase":"Gusto kong kumain ng mais."},{"type":"❌","phrase":"Hindi ko gusto ang mais."},{"type":"❤️","phrase":"Gusto kong magkaroon ng isang sopas ng mais."}]},{"slug":"broccoli","title":"Broccoli","phrases":[{"type":"❤️","phrase":"Gusto ko kumain ng brokuli."},{"type":"🙋","phrase":"Gusto kong kumain ng broccoli."},{"type":"❌","phrase":"Hindi ko gusto ang broccoli."}]},{"slug":"celery","title":"Kintsay","phrases":[{"type":"❤️","phrase":"Gusto ko kumain ng kintsay."},{"type":"🙋","phrase":"Gusto kong kumain ng kintsay."},{"type":"❌","phrase":"Hindi ko gusto ang kintsay."}]},{"slug":"chili","title":"Sili","phrases":[{"type":"❤️","phrase":"Gusto ko kumain ng sili."},{"type":"🙋","phrase":"Gusto kong kumain ng sili."},{"type":"❌","phrase":"Hindi ko gusto ang sili."}]},{"slug":"potato","title":"Patatas","phrases":[{"type":"❤️","phrase":"Gusto kong kumain ng patatas."},{"type":"🙋","phrase":"Gusto kong kumain ng patatas."},{"type":"❌","phrase":"Hindi ko gusto ang patatas."},{"type":"❤️","phrase":"Gusto kong kumain ng patatas."}]},{"slug":"asparagus","title":"Asparagus","phrases":[{"type":"❤️","phrase":"Gusto ko kumain ng asparagus."},{"type":"🙋","phrase":"Gusto kong kumain ng isang asparagus."},{"type":"❌","phrase":"Hindi ko gusto ang asparagus."}]},{"slug":"cauliflower","title":"Kuliplor","phrases":[{"type":"❤️","phrase":"Gusto ko kumain ng cauliflower."},{"type":"🙋","phrase":"Gusto kong kumain ng cauliflower."},{"type":"❌","phrase":"Hindi ko gusto ang cauliflower."}]},{"slug":"pumpkin","title":"Kalabasa","phrases":[{"type":"❤️","phrase":"Gusto ko kumain ng kalabasa."},{"type":"🙋","phrase":"Gusto kong kumain ng kalabasa."},{"type":"❌","phrase":"Hindi ko gusto ang kalabasa."},{"type":"❤️","phrase":"Gusto kong magkaroon ng isang sopas na kalabasa."}]},{"slug":"beetroot","title":"Beetroot","phrases":[{"type":"❤️","phrase":"Gusto ko kumain ng beetroot."},{"type":"🙋","phrase":"Gusto kong kumain ng isang beetroot."},{"type":"❌","phrase":"Hindi ko gusto ang beetroot."}]},{"slug":"bean","title":"Bean","phrases":[{"type":"❤️","phrase":"Gusto ko kumain ng beans."},{"type":"🙋","phrase":"Gusto kong kumain ng isang bean."},{"type":"❌","phrase":"Ayaw ko ng bean."}]},{"slug":"lettuce","title":"Lettuce","phrases":[{"type":"❤️","phrase":"Gusto ko kumain ng litsugas."},{"type":"🙋","phrase":"Gusto kong kumain ng litsugas."},{"type":"❌","phrase":"Hindi ko gusto ang litsugas."},{"type":"❤️","phrase":"Gusto ko ang aking salad na magkaroon ng higit na litsugas."}]},{"slug":"radish","title":"Radish","phrases":[{"type":"❤️","phrase":"Gusto ko kumain ng labanos."},{"type":"🙋","phrase":"Gusto kong kumain ng isang labanos."},{"type":"❌","phrase":"Hindi ko gusto ang labanos."}]},{"slug":"bok-choy","title":"Bok choy","phrases":[{"type":"❤️","phrase":"Gusto ko kumain ng bok choy."},{"type":"🙋","phrase":"Gusto kong kumain ng isang bok choy."},{"type":"❌","phrase":"Ayaw ko ng bok choy."}]},{"slug":"leek","title":"Leek","phrases":[{"type":"❤️","phrase":"Gusto ko kumain ng leeks."},{"type":"🙋","phrase":"Gusto kong kumain ng isang leek."},{"type":"❌","phrase":"Ayaw ko ng leek."}]},{"slug":"peas","title":"Mga gisantes","phrases":[{"type":"❤️","phrase":"Gusto ko kumain ng mga gisantes."},{"type":"🙋","phrase":"Gusto kong kumain ng isang gisantes."},{"type":"❌","phrase":"Hindi ko gusto ang mga gisantes."}]},{"slug":"ginger","title":"Luya","phrases":[{"type":"❤️","phrase":"Gusto ko kumain ng luya."},{"type":"🙋","phrase":"Gusto kong kumain ng luya."},{"type":"❌","phrase":"Ayaw ko ng luya."}]},{"slug":"sweet-potato","title":"Matamis na patatas","phrases":[{"type":"❤️","phrase":"Gusto ko kumain ng kamote."},{"type":"🙋","phrase":"Gusto kong kumain ng matamis na patatas."},{"type":"❌","phrase":"Hindi ko gusto ang kamote."},{"type":"❤️","phrase":"Gusto kong kumain ng pritong kamote."}]},{"slug":"olives","title":"Mga olibo","phrases":[{"type":"❤️","phrase":"Gusto ko kumain ng olibo."},{"type":"🙋","phrase":"Gusto kong kumain ng olibo."},{"type":"❌","phrase":"Ayaw ko ng olibo."},{"type":"❤️","phrase":"Gusto ko ng olibo sa aking pizza."}]}]