[{"slug":"walking","title":"Gehen","phrases":[{"type":"❤️","phrase":"ich laufe gern"},{"type":"❌","phrase":"Ich gehe nicht gern spazieren"},{"type":"🙋","phrase":"Willst du zusammen gehen?"}]},{"slug":"running","title":"Laufen","phrases":[{"type":"❤️","phrase":"Ich mag Rennen."},{"type":"❌","phrase":"Ich laufe nicht gern."},{"type":"🙋","phrase":"Willst du rennen gehen?"}]},{"slug":"talking","title":"Reden","phrases":[{"type":"❤️","phrase":"Ich rede gern."},{"type":"❌","phrase":"Ich rede nicht gern."},{"type":"🙋","phrase":"Willst du mit mir reden?"}]},{"slug":"reading","title":"lesen","phrases":[{"type":"❤️","phrase":"Ich mag es zu lesen."},{"type":"❌","phrase":"Ich lese nicht gern."},{"type":"🙋","phrase":"Möchtest du zusammen lesen?"}]},{"slug":"football","title":"Fußball","phrases":[{"type":"❤️","phrase":"Ich spiele gern Fußball."},{"type":"❌","phrase":"Ich spiele nicht gerne Fußball."},{"type":"🙋","phrase":"Möchtest du Fußball spielen?"}]},{"slug":"basketball","title":"Basketball","phrases":[{"type":"❤️","phrase":"Ich spiele gerne Basketball."},{"type":"❌","phrase":"Ich spiele nicht gerne Basketball."},{"type":"🙋","phrase":"Willst du Basketball spielen?"}]},{"slug":"swimming","title":"Schwimmen","phrases":[{"type":"❤️","phrase":"Ich gehe gerne Schwimmen."},{"type":"❌","phrase":"Ich schwimme nicht gern."},{"type":"🙋","phrase":"Möchtest du schwimmen gehen?"}]},{"slug":"painting","title":"Gemälde","phrases":[{"type":"❤️","phrase":"Ich mag malen."},{"type":"❌","phrase":"Ich male nicht gern."},{"type":"🙋","phrase":"Möchtest du zusammen malen?"}]},{"slug":"drawing","title":"Zeichnung","phrases":[{"type":"❤️","phrase":"Ich zeichne gerne."},{"type":"❌","phrase":"Ich zeichne nicht gern."},{"type":"🙋","phrase":"Möchtest du zusammen zeichnen?"}]},{"slug":"cycling","title":"Radfahren","phrases":[{"type":"❤️","phrase":"Ich mag Fahrradfahren."},{"type":"❌","phrase":"Ich fahre nicht gerne Fahrrad."},{"type":"🙋","phrase":"Möchtest du Fahrrad fahren?"}]},{"slug":"skating","title":"Skaten","phrases":[{"type":"❤️","phrase":"Ich mag skaten."},{"type":"❌","phrase":"Ich mag es nicht zu skaten."},{"type":"🙋","phrase":"Willst du skaten gehen?"}]},{"slug":"sightseeing","title":"Besichtigung","phrases":[{"type":"❤️","phrase":"Ich mag Sightseeing."},{"type":"❌","phrase":"Ich mag keine Besichtigungen."},{"type":"🙋","phrase":"Möchten Sie Sightseeing machen?"}]},{"slug":"video-games","title":"Videospiele","phrases":[{"type":"❤️","phrase":"Ich mag Videospiele spielen."},{"type":"❌","phrase":"Ich spiele keine Videospiele."},{"type":"🙋","phrase":"Möchtest du Spiele spielen?"}]},{"slug":"tidying","title":"Aufräumen","phrases":[{"type":"❤️","phrase":"Ich räume gerne mein Zimmer auf."},{"type":"❌","phrase":"Ich mag es nicht, mein Zimmer aufzuräumen."},{"type":"🙋","phrase":"Können Sie mir helfen, mein Zimmer aufzuräumen?"}]},{"slug":"toys","title":"Spielzeuge","phrases":[{"type":"❤️","phrase":"Ich mag Spielzeug."},{"type":"❌","phrase":"Ich mag kein Spielzeug."},{"type":"🙋","phrase":"Willst du mit meinen Spielsachen spielen?"}]},{"slug":"puzzle","title":"Puzzle","phrases":[{"type":"❤️","phrase":"Ich mag es, Rätsel zu lösen."},{"type":"❌","phrase":"Ich mag es nicht, Rätsel zu lösen."},{"type":"🙋","phrase":"Willst du mit mir Rätsel lösen?"}]},{"slug":"comics","title":"Comics","phrases":[{"type":"❤️","phrase":"Ich lese gerne Comics."},{"type":"❌","phrase":"Ich lese nicht gerne Comics."},{"type":"🙋","phrase":"Möchtest du Comics lesen?"}]},{"slug":"chess","title":"Schach","phrases":[{"type":"❤️","phrase":"Ich spiele gerne Schach."},{"type":"❌","phrase":"Ich spiele nicht gerne Schach."},{"type":"🙋","phrase":"Willst du mit mir Schach spielen?"}]},{"slug":"using-leeloo","title":"Mit Leeloo","phrases":[{"type":"❤️","phrase":"Ich benutze gerne Leeloo."},{"type":"❌","phrase":"Ich mag es nicht, Leeloo zu benutzen."},{"type":"🙋","phrase":"Können Sie Kartenpakete auf Leeloo wechseln?"}]},{"slug":"texting","title":"SMS","phrases":[{"type":"❤️","phrase":"Ich schreibe gerne eine SMS."},{"type":"❌","phrase":"Ich mag keine SMS."}]},{"slug":"knitting","title":"Stricken","phrases":[{"type":"❤️","phrase":"Ich stricke gerne."},{"type":"❌","phrase":"Ich stricke nicht gern."},{"type":"🙋","phrase":"Ich möchte lernen, wie man strickt."}]},{"slug":"bowling","title":"Bowling","phrases":[{"type":"❤️","phrase":"Ich mag Bowling."},{"type":"❌","phrase":"Ich mag kein Bowling."},{"type":"🙋","phrase":"Willst du mit mir Bowling spielen?"}]},{"slug":"watching-tv","title":"Fernsehen","phrases":[{"type":"❤️","phrase":"Ich schaue gerne Fernsehen."},{"type":"❌","phrase":"Ich schaue nicht gern fern."},{"type":"🙋","phrase":"Möchtest du Fernsehen?"}]},{"slug":"fishing","title":"Angeln","phrases":[{"type":"❤️","phrase":"Ich mag fischen."},{"type":"❌","phrase":"Ich fische nicht gern."},{"type":"🙋","phrase":"Möchtest du angeln gehen?"}]},{"slug":"exercising","title":"Trainieren","phrases":[{"type":"❤️","phrase":"Ich trainiere gerne."},{"type":"❌","phrase":"Ich trainiere nicht gern."},{"type":"🙋","phrase":"Willst du mit mir trainieren?"}]},{"slug":"tennis","title":"Tennis","phrases":[{"type":"❤️","phrase":"Ich mag es, Tennis zu spielen."},{"type":"❌","phrase":"Ich spiele nicht gerne Tennis."},{"type":"🙋","phrase":"Willst du mit mir Tennis spielen?"}]}]