[{"slug":"cat","title":"Katze","phrases":[{"type":"❤️","phrase":"Ich mag Katzen."},{"type":"👀","phrase":"Ich habe eine Katze gesehen."},{"type":"🔊","phrase":"Welches Geräusch macht eine Katze?"},{"type":"🐈","phrase":"Können wir eine Katze als Haustier bekommen?"}]},{"slug":"dog","title":"Hund","phrases":[{"type":"❤️","phrase":"Ich mag Hunde."},{"type":"👀","phrase":"Ich habe einen Hund gesehen."},{"type":"🔊","phrase":"Welches Geräusch macht ein Hund?"},{"type":"🐕","phrase":"Können wir einen Hund als Haustier bekommen?"}]},{"slug":"fish","title":"Fisch","phrases":[{"type":"❤️","phrase":"Ich mag Fisch."},{"type":"👀","phrase":"Ich habe einen Fisch gesehen."},{"type":"🔊","phrase":"Welches Geräusch macht ein Fisch?"},{"type":"🐠","phrase":"Können wir einen Fisch als Haustier bekommen?"}]},{"slug":"rabbit","title":"Hase","phrases":[{"type":"❤️","phrase":"Ich mag Kaninchen."},{"type":"👀","phrase":"Ich habe ein Kaninchen gesehen."},{"type":"🔊","phrase":"Welches Geräusch macht ein Kaninchen?"},{"type":"🐇","phrase":"Können wir ein Kaninchen als Haustier bekommen?"}]},{"slug":"butterfly","title":"Schmetterling","phrases":[{"type":"❤️","phrase":"Ich mag Schmetterlinge."},{"type":"👀","phrase":"Ich habe einen Schmetterling gesehen."},{"type":"🔊","phrase":"Welches Geräusch macht ein Schmetterling?"}]},{"slug":"kangaroo","title":"Känguru","phrases":[{"type":"❤️","phrase":"Ich mag Kängurus."},{"type":"👀","phrase":"Ich habe ein Känguru gesehen."},{"type":"🔊","phrase":"Welches Geräusch macht ein Känguru?"}]},{"slug":"turtle","title":"Schildkröte","phrases":[{"type":"❤️","phrase":"Ich mag Schildkröten."},{"type":"👀","phrase":"Ich habe eine Schildkröte gesehen."},{"type":"🔊","phrase":"Welches Geräusch macht eine Schildkröte?"}]},{"slug":"giraffe","title":"Giraffe","phrases":[{"type":"❤️","phrase":"Ich mag Giraffen."},{"type":"👀","phrase":"Ich habe eine Giraffe gesehen."},{"type":"🔊","phrase":"Welches Geräusch macht eine Giraffe?"}]},{"slug":"frog","title":"Frosch","phrases":[{"type":"❤️","phrase":"Ich mag Frösche."},{"type":"👀","phrase":"Ich habe einen Frosch gesehen."},{"type":"🔊","phrase":"Welches Geräusch macht ein Frosch?"}]},{"slug":"swan","title":"Schwan","phrases":[{"type":"❤️","phrase":"Ich mag Schwäne."},{"type":"👀","phrase":"Ich habe einen Schwan gesehen."},{"type":"🔊","phrase":"Welches Geräusch macht ein Schwan?"}]},{"slug":"spider","title":"Spinne","phrases":[{"type":"❤️","phrase":"Ich mag Spinnen."},{"type":"👀","phrase":"Ich habe eine Spinne gesehen."},{"type":"🔊","phrase":"Welches Geräusch macht eine Spinne?"}]},{"slug":"cow","title":"Kuh","phrases":[{"type":"❤️","phrase":"Ich mag Kühe."},{"type":"👀","phrase":"Ich habe eine Kuh gesehen."},{"type":"🔊","phrase":"Welches Geräusch macht eine Kuh?"}]},{"slug":"duck","title":"Ente","phrases":[{"type":"❤️","phrase":"Ich mag Enten."},{"type":"👀","phrase":"Ich habe eine Ente gesehen."},{"type":"🔊","phrase":"Welches Geräusch macht eine Ente?"}]},{"slug":"horse","title":"Pferd","phrases":[{"type":"❤️","phrase":"Ich mag Pferde."},{"type":"👀","phrase":"Ich habe ein Pferd gesehen."},{"type":"🔊","phrase":"Welches Geräusch macht ein Pferd?"}]},{"slug":"chicken","title":"Hähnchen","phrases":[{"type":"❤️","phrase":"Ich mag Hühner."},{"type":"👀","phrase":"Ich habe ein Huhn gesehen."},{"type":"🔊","phrase":"Welches Geräusch macht ein Huhn?"}]},{"slug":"bee","title":"Biene","phrases":[{"type":"❤️","phrase":"Ich mag Bienen."},{"type":"👀","phrase":"Ich habe eine Biene gesehen."},{"type":"🔊","phrase":"Welches Geräusch macht eine Biene?"}]},{"slug":"pig","title":"Schwein","phrases":[{"type":"❤️","phrase":"Ich mag Schweine."},{"type":"👀","phrase":"Ich habe ein Schwein gesehen."},{"type":"🔊","phrase":"Welches Geräusch macht ein Schwein?"}]},{"slug":"dove","title":"Taube","phrases":[{"type":"❤️","phrase":"Ich mag Tauben."},{"type":"👀","phrase":"Ich habe eine Taube gesehen."},{"type":"🔊","phrase":"Welches Geräusch macht eine Taube?"}]},{"slug":"crab","title":"Krabbe","phrases":[{"type":"❤️","phrase":"Ich mag Krabben."},{"type":"👀","phrase":"Ich habe eine Krabbe gesehen."},{"type":"🔊","phrase":"Welches Geräusch macht eine Krabbe?"}]},{"slug":"penguin","title":"Pinguin","phrases":[{"type":"❤️","phrase":"Ich mag Pinguine."},{"type":"👀","phrase":"Ich habe einen Pinguin gesehen."},{"type":"🔊","phrase":"Welches Geräusch macht ein Pinguin?"}]},{"slug":"elephant","title":"Elefant","phrases":[{"type":"❤️","phrase":"Ich mag Elefanten."},{"type":"👀","phrase":"Ich habe einen Elefanten gesehen."},{"type":"🔊","phrase":"Welches Geräusch macht ein Elefant?"}]},{"slug":"zebra","title":"Zebra","phrases":[{"type":"❤️","phrase":"Ich mag Zebras."},{"type":"👀","phrase":"Ich habe ein Zebra gesehen."},{"type":"🔊","phrase":"Welches Geräusch macht ein Zebra?"}]},{"slug":"panda","title":"Panda","phrases":[{"type":"❤️","phrase":"Ich mag Pandas."},{"type":"👀","phrase":"Ich habe einen Panda gesehen."},{"type":"🔊","phrase":"Welches Geräusch macht ein Panda?"}]},{"slug":"monkey","title":"Affe","phrases":[{"type":"❤️","phrase":"Ich mag Affen."},{"type":"👀","phrase":"Ich habe einen Affen gesehen."},{"type":"🔊","phrase":"Welches Geräusch macht ein Affe?"}]},{"slug":"camel","title":"Kamel","phrases":[{"type":"❤️","phrase":"Ich mag Kamele."},{"type":"👀","phrase":"Ich habe ein Kamel gesehen."},{"type":"🔊","phrase":"Welches Geräusch macht ein Kamel?"}]},{"slug":"mouse","title":"Maus","phrases":[{"type":"❤️","phrase":"Ich mag Mäuse."},{"type":"👀","phrase":"Ich habe eine Maus gesehen."},{"type":"🔊","phrase":"Welches Geräusch macht eine Maus?"}]},{"slug":"tiger","title":"Tiger","phrases":[{"type":"❤️","phrase":"Ich mag Tiger."},{"type":"👀","phrase":"Ich habe einen Tiger gesehen."},{"type":"🔊","phrase":"Welches Geräusch macht ein Tiger?"}]},{"slug":"jellyfish","title":"Qualle","phrases":[{"type":"❤️","phrase":"Ich mag Quallen."},{"type":"👀","phrase":"Ich habe eine Qualle gesehen."},{"type":"🔊","phrase":"Welches Geräusch macht eine Qualle?"}]},{"slug":"crocodile","title":"Krokodil","phrases":[{"type":"❤️","phrase":"Ich mag Krokodile."},{"type":"👀","phrase":"Ich habe ein Krokodil gesehen."},{"type":"🔊","phrase":"Welches Geräusch macht ein Krokodil?"}]},{"slug":"koala","title":"Koala","phrases":[{"type":"❤️","phrase":"Ich mag Koalas."},{"type":"👀","phrase":"Ich habe einen Koala gesehen."},{"type":"🔊","phrase":"Welches Geräusch macht ein Koala?"}]},{"slug":"ostrich","title":"Strauß","phrases":[{"type":"❤️","phrase":"Ich mag Strauße."},{"type":"👀","phrase":"Ich habe einen Strauß gesehen."},{"type":"🔊","phrase":"Welches Geräusch macht ein Strauß?"}]},{"slug":"racoon","title":"Waschbär","phrases":[{"type":"❤️","phrase":"Ich mag Waschbären."},{"type":"👀","phrase":"Ich habe einen Waschbären gesehen."},{"type":"🔊","phrase":"Welches Geräusch macht ein Waschbär?"}]},{"slug":"bat","title":"Schläger","phrases":[{"type":"❤️","phrase":"Ich mag Fledermäuse."},{"type":"👀","phrase":"Ich habe eine Fledermaus gesehen."},{"type":"🔊","phrase":"Welches Geräusch macht eine Fledermaus?"}]},{"slug":"eagle","title":"Adler","phrases":[{"type":"❤️","phrase":"Ich mag Adler."},{"type":"👀","phrase":"Ich habe einen Adler gesehen."},{"type":"🔊","phrase":"Welches Geräusch macht ein Adler?"}]},{"slug":"hippopotamus","title":"Nilpferd","phrases":[{"type":"❤️","phrase":"Ich mag Nilpferd."},{"type":"👀","phrase":"Ich habe ein Nilpferd gesehen."},{"type":"🔊","phrase":"Welches Geräusch macht ein Nilpferd?"}]},{"slug":"seal","title":"Siegel","phrases":[{"type":"❤️","phrase":"Ich mag Robben."},{"type":"👀","phrase":"Ich habe ein Siegel gesehen."},{"type":"🔊","phrase":"Welches Geräusch macht eine Dichtung?"}]},{"slug":"walrus","title":"Walross","phrases":[{"type":"❤️","phrase":"Ich mag Walrosse."},{"type":"👀","phrase":"Ich habe ein Walross gesehen."},{"type":"🔊","phrase":"Welches Geräusch macht ein Walross?"}]},{"slug":"seahorse","title":"Seepferdchen","phrases":[{"type":"❤️","phrase":"Ich mag Seepferdchen."},{"type":"👀","phrase":"Ich habe ein Seepferdchen gesehen."},{"type":"🔊","phrase":"Welches Geräusch macht ein Seepferdchen?"}]},{"slug":"bull","title":"Stier","phrases":[{"type":"❤️","phrase":"Ich mag Bullen."},{"type":"👀","phrase":"Ich habe einen Stier gesehen."},{"type":"🔊","phrase":"Welches Geräusch macht ein Bulle?"}]},{"slug":"pelican","title":"Pelikan","phrases":[{"type":"❤️","phrase":"Ich mag Pelikane."},{"type":"👀","phrase":"Ich habe einen Pelikan gesehen."},{"type":"🔊","phrase":"Welches Geräusch macht ein Pelikan?"}]},{"slug":"beaver","title":"Biber","phrases":[{"type":"❤️","phrase":"Ich mag Biber."},{"type":"👀","phrase":"Ich habe einen Biber gesehen."},{"type":"🔊","phrase":"Welches Geräusch macht ein Biber?"}]},{"slug":"goldfish","title":"Goldfisch","phrases":[{"type":"❤️","phrase":"Ich mag Goldfische."},{"type":"👀","phrase":"Ich habe einen Goldfisch gesehen."},{"type":"🔊","phrase":"Welches Geräusch macht ein Goldfisch?"},{"type":"🐠","phrase":"Können wir einen Goldfisch als Haustier bekommen?"}]},{"slug":"rhinoceros","title":"Nashorn","phrases":[{"type":"❤️","phrase":"Ich mag Nashorn."},{"type":"👀","phrase":"Ich habe ein Nashorn gesehen."},{"type":"🔊","phrase":"Welches Geräusch macht ein Nashorn?"}]},{"slug":"snake","title":"Schlange","phrases":[{"type":"❤️","phrase":"Ich mag Schlangen."},{"type":"👀","phrase":"Ich habe eine Schlange gesehen."},{"type":"🔊","phrase":"Welches Geräusch macht eine Schlange?"}]},{"slug":"lion","title":"Löwe","phrases":[{"type":"❤️","phrase":"Ich mag Löwen."},{"type":"👀","phrase":"Ich habe einen Löwen gesehen."},{"type":"🔊","phrase":"Welches Geräusch macht ein Löwe?"}]},{"slug":"squid","title":"Tintenfisch","phrases":[{"type":"❤️","phrase":"Ich mag Tintenfische."},{"type":"👀","phrase":"Ich habe einen Tintenfisch gesehen."},{"type":"🔊","phrase":"Welches Geräusch macht ein Tintenfisch?"}]},{"slug":"whale","title":"Wal","phrases":[{"type":"❤️","phrase":"Ich mag Wale."},{"type":"👀","phrase":"Ich habe einen Wal gesehen."},{"type":"🔊","phrase":"Welches Geräusch macht ein Wal?"}]},{"slug":"beetle","title":"Käfer","phrases":[{"type":"❤️","phrase":"Ich mag Käfer."},{"type":"👀","phrase":"Ich habe einen Käfer gesehen."},{"type":"🔊","phrase":"Welches Geräusch macht ein Käfer?"}]},{"slug":"dolphin","title":"Delfin","phrases":[{"type":"❤️","phrase":"Ich mag Delfine."},{"type":"👀","phrase":"Ich habe einen Delphin gesehen."},{"type":"🔊","phrase":"Welches Geräusch macht ein Delphin?"}]},{"slug":"starfish","title":"Seestern","phrases":[{"type":"❤️","phrase":"Ich mag Seesterne."},{"type":"👀","phrase":"Ich habe einen Seestern gesehen."},{"type":"🔊","phrase":"Welches Geräusch macht ein Seestern?"}]},{"slug":"parakeet","title":"Sittich","phrases":[{"type":"❤️","phrase":"Ich mag Sittiche."},{"type":"👀","phrase":"Ich habe einen Sittich gesehen."},{"type":"🔊","phrase":"Welches Geräusch macht ein Sittich?"}]},{"slug":"owl","title":"Eule","phrases":[{"type":"❤️","phrase":"Ich mag Eulen."},{"type":"👀","phrase":"Ich habe eine Eule gesehen."},{"type":"🔊","phrase":"Welches Geräusch macht eine Eule?"}]},{"slug":"sheep","title":"Schaf","phrases":[{"type":"❤️","phrase":"Ich mag Schafe."},{"type":"👀","phrase":"Ich habe ein Schaf gesehen."},{"type":"🔊","phrase":"Welches Geräusch macht ein Schaf?"}]}]