[{"slug":"pants","title":"Hose","phrases":[{"type":"🧼","phrase":"Meine Hosen sind dreckig."},{"type":"🙋","phrase":"Kannst du mir helfen, meine Hose zu tragen?"}]},{"slug":"shirt","title":"Hemd","phrases":[{"type":"🧼","phrase":"Mein Hemd ist schmutzig."},{"type":"🙋","phrase":"Kannst du mir helfen, mein Hemd zu tragen?"}]},{"slug":"skirt","title":"Rock","phrases":[{"type":"🧼","phrase":"Mein Rock ist schmutzig."},{"type":"🙋","phrase":"Kannst du mir helfen, meinen Rock zu tragen?"}]},{"slug":"panty","title":"Höschen","phrases":[{"type":"🧼","phrase":"Meine Unterwäsche ist schmutzig."},{"type":"🙋","phrase":"Kannst du mir helfen, mein Höschen zu tragen?"}]},{"slug":"jacket","title":"Jacke","phrases":[{"type":"🧼","phrase":"Meine Jacke ist schmutzig."},{"type":"🙋","phrase":"Kannst du mir helfen, meine Jacke zu tragen?"}]},{"slug":"tie","title":"Krawatte","phrases":[{"type":"❤️","phrase":"Ich trage gerne Krawatte."},{"type":"🙋","phrase":"Kannst du mir helfen, meine Krawatte zu binden?"}]},{"slug":"baseball-cap","title":"Baseball Kappe","phrases":[{"type":"❤️","phrase":"Ich trage gerne Baseballmütze."},{"type":"❓","phrase":"Welche Baseballkappe soll ich tragen?"}]},{"slug":"dress","title":"Kleid","phrases":[{"type":"🧼","phrase":"Mein Kleid ist schmutzig."},{"type":"🙋","phrase":"Kannst du mir helfen, mein Kleid zu tragen?"}]},{"slug":"shoes","title":"Schuhe","phrases":[{"type":"🧼","phrase":"Meine Schuhe sind schmutzig."},{"type":"🙋","phrase":"Kannst du mir helfen, meine Schuhe zu tragen?"}]},{"slug":"boots","title":"Stiefel","phrases":[{"type":"🧼","phrase":"Meine Stiefel sind schmutzig."},{"type":"🙋","phrase":"Kannst du mir helfen, meine Stiefel zu tragen?"}]},{"slug":"sneakers","title":"Turnschuhe","phrases":[{"type":"🎈","phrase":"Ich möchte meine Turnschuhe tragen."},{"type":"🙋","phrase":"Kannst du mir helfen, meine Turnschuhe zu tragen?"}]},{"slug":"slippers","title":"Hausschuhe","phrases":[{"type":"🎈","phrase":"Ich möchte meine Hausschuhe tragen."},{"type":"🙋","phrase":"Kannst du mir helfen, meine Hausschuhe zu tragen?"}]},{"slug":"belt","title":"Gürtel","phrases":[{"type":"❤️","phrase":"Ich trage gerne einen Gürtel."},{"type":"🙋","phrase":"Kannst du mir helfen, meinen Gürtel zu tragen?"}]},{"slug":"socks","title":"Socken","phrases":[{"type":"🧼","phrase":"Meine Socken sind schmutzig."},{"type":"🙋","phrase":"Kannst du mir helfen, meine Socken zu tragen?"}]},{"slug":"swimsuit","title":"Badeanzug","phrases":[{"type":"❤️","phrase":"Ich möchte meinen Badeanzug tragen."},{"type":"🙋","phrase":"Kannst du mir helfen, meinen Badeanzug zu tragen?"}]},{"slug":"sweater","title":"Sweatshirt","phrases":[{"type":"🧼","phrase":"Mein Pullover ist schmutzig."},{"type":"🙋","phrase":"Kannst du mir helfen, meinen Pullover zu tragen?"}]},{"slug":"scarf","title":"Schal","phrases":[{"type":"❤️","phrase":"Ich trage gerne einen Schal."},{"type":"🙋","phrase":"Kannst du mir helfen, meinen Schal zu tragen?"}]},{"slug":"denim-shorts","title":"Jeans-Shorts","phrases":[{"type":"🧼","phrase":"Meine Jeansshorts sind schmutzig."},{"type":"🙋","phrase":"Kannst du mir helfen, meine Jeansshorts zu tragen?"}]},{"slug":"hoodies","title":"Hoodies","phrases":[{"type":"❤️","phrase":"Ich trage gerne Hoodies."},{"type":"🙋","phrase":"Kannst du mir helfen, meinen Hoodie zu tragen?"}]},{"slug":"swimming-shorts","title":"Badehose","phrases":[{"type":"🧼","phrase":"Meine Badeshorts sind schmutzig."},{"type":"🙋","phrase":"Kannst du mir helfen, meine Badeshorts zu tragen?"}]},{"slug":"bow-tie","title":"Krawatte","phrases":[{"type":"❤️","phrase":"Ich trage gerne Fliege."},{"type":"🙋","phrase":"Kannst du mir helfen, meine Fliege zu tragen?"}]},{"slug":"leather-jacket","title":"Lederjacke","phrases":[{"type":"❤️","phrase":"Ich trage gerne Lederjacke."},{"type":"🙋","phrase":"Kannst du mir helfen, meine Lederjacke zu tragen?"}]},{"slug":"bathrobe","title":"Bathrope","phrases":[{"type":"❤️","phrase":"Ich trage gerne Bademantel."},{"type":"🙋","phrase":"Kannst du mir helfen, meinen Bademantel zu tragen?"}]},{"slug":"jumpsuit","title":"Overall","phrases":[{"type":"❤️","phrase":"Ich trage gerne einen Overall."},{"type":"🙋","phrase":"Kannst du mir helfen, meinen Overall zu tragen?"}]},{"slug":"fedora-hat","title":"Fedorahut","phrases":[{"type":"❤️","phrase":"Ich trage gerne Fedorahut."},{"type":"🙋","phrase":"Kannst du mir helfen, meinen Fedorahut zu tragen?"}]},{"slug":"t-shirt","title":"T-Shirt","phrases":[{"type":"❤️","phrase":"Ich trage gerne T-Shirts."},{"type":"🙋","phrase":"Kannst du mir helfen, mein T-Shirt zu tragen?"}]},{"slug":"sleeveless","title":"Ärmellos","phrases":[{"type":"❤️","phrase":"Ich trage gerne ärmellos."},{"type":"🙋","phrase":"Kannst du mir helfen, meine ärmellosen zu tragen?"}]},{"slug":"boxers","title":"Boxer","phrases":[{"type":"❤️","phrase":"Ich trage gerne Boxer."},{"type":"🙋","phrase":"Kannst du mir helfen, meine Boxer zu tragen?"}]},{"slug":"vest","title":"Weste","phrases":[{"type":"❤️","phrase":"Ich trage gerne eine Weste."},{"type":"🙋","phrase":"Kannst du mir helfen, meine Weste zu tragen?"}]},{"slug":"pamela-hat","title":"Pamela Hut","phrases":[{"type":"❤️","phrase":"Ich trage gerne einen Pamela-Hut."},{"type":"🙋","phrase":"Kannst du mir helfen, meinen Pamela-Hut zu tragen?"}]},{"slug":"high-heels","title":"High Heels","phrases":[{"type":"❤️","phrase":"Ich trage gerne High Heels."},{"type":"🙋","phrase":"Kannst du mir helfen, meine High Heels zu tragen?"}]},{"slug":"overalls","title":"Overall","phrases":[{"type":"❤️","phrase":"Ich trage gerne Overalls."},{"type":"🙋","phrase":"Kannst du mir helfen, meinen Overall zu tragen?"}]},{"slug":"kimono","title":"Kimono","phrases":[{"type":"❤️","phrase":"Ich trage gerne Kimono."},{"type":"🙋","phrase":"Kannst du mir helfen, meinen Kimono zu tragen?"}]},{"slug":"raincoat","title":"Regenjacke","phrases":[{"type":"❤️","phrase":"Ich trage gerne Regenmantel."},{"type":"🙋","phrase":"Kannst du mir helfen, meinen Regenmantel zu tragen?"}]},{"slug":"bandana","title":"Bandana","phrases":[{"type":"❤️","phrase":"Ich trage gerne Kopftuch."},{"type":"🙋","phrase":"Kannst du mir helfen, mein Kopftuch zu tragen?"}]},{"slug":"beret","title":"Baskenmütze","phrases":[{"type":"❤️","phrase":"Ich trage gerne Baskenmütze."},{"type":"🙋","phrase":"Kannst du mir helfen, meine Baskenmütze zu tragen?"}]},{"slug":"knit-hat","title":"Strickmütze","phrases":[{"type":"❤️","phrase":"Ich trage gerne Strickmütze."},{"type":"🙋","phrase":"Kannst du mir helfen, meine Strickmütze zu tragen?"}]},{"slug":"suspenders","title":"Hosenträger","phrases":[{"type":"❤️","phrase":"Ich trage gerne Hosenträger."},{"type":"🙋","phrase":"Kannst du mir helfen, meine Hosenträger zu tragen?"}]},{"slug":"mitten","title":"Fäustling","phrases":[{"type":"❤️","phrase":"Ich trage gerne Fäustlinge."},{"type":"🙋","phrase":"Kannst du mir helfen, meinen Fäustling zu tragen?"}]},{"slug":"suit","title":"Passen","phrases":[{"type":"❤️","phrase":"Ich trage gerne Anzug."},{"type":"🙋","phrase":"Kannst du mir helfen, meinen Anzug zu tragen?"}]},{"slug":"coat","title":"Mantel","phrases":[{"type":"❤️","phrase":"Ich trage gerne einen Mantel."},{"type":"🙋","phrase":"Kannst du mir helfen, meinen Mantel zu tragen?"}]},{"slug":"trench-coat","title":"Regenmantel","phrases":[{"type":"❤️","phrase":"Ich trage gerne Trenchcoat."},{"type":"🙋","phrase":"Kannst du mir helfen, meinen Trenchcoat zu tragen?"}]}]