[{"slug":"crayons","title":"Buntstifte","phrases":[{"type":"❤️","phrase":"Ich mag Buntstifte."},{"type":"🙋","phrase":"Können Sie mir Buntstifte geben?"},{"type":"🖍️","phrase":"Ich möchte mit meinen Buntstiften zeichnen."}]},{"slug":"red","title":"rot","phrases":[{"type":"👉","phrase":"Es ist rot."},{"type":"💜","phrase":"Meine Lieblingsfarbe ist Rot."},{"type":"🙋","phrase":"Kannst du mir rote Farbe geben?"}]},{"slug":"blue","title":"Blau","phrases":[{"type":"👉","phrase":"Es ist blau."},{"type":"💜","phrase":"Meine Lieblingsfarbe ist blau."},{"type":"🙋","phrase":"Kannst du mir blaue Farbe geben?"}]},{"slug":"orange","title":"Orange","phrases":[{"type":"👉","phrase":"Es ist orange Farbe."},{"type":"💜","phrase":"Meine Lieblingsfarbe ist orange."},{"type":"🙋","phrase":"Kannst du mir orange Farbe geben?"}]},{"slug":"green","title":"Grün","phrases":[{"type":"👉","phrase":"Es ist grün."},{"type":"💜","phrase":"Meine Lieblingsfarbe ist grün."},{"type":"🙋","phrase":"Kannst du mir grüne Farbe geben?"}]},{"slug":"yellow","title":"Gelb","phrases":[{"type":"👉","phrase":"Es ist gelb."},{"type":"💜","phrase":"Meine Lieblingsfarbe ist gelb."},{"type":"🙋","phrase":"Kannst du mir gelbe Farbe geben?"}]},{"slug":"purple","title":"Lila","phrases":[{"type":"👉","phrase":"Es ist lila."},{"type":"💜","phrase":"Meine Lieblingsfarbe ist Lila."},{"type":"🙋","phrase":"Kannst du mir lila Farbe geben?"}]},{"slug":"pink","title":"Rosa","phrases":[{"type":"👉","phrase":"Es ist pink."},{"type":"💜","phrase":"Meine Lieblingsfarbe ist pink."},{"type":"🙋","phrase":"Kannst du mir rosa Farbe geben?"}]},{"slug":"brown","title":"Braun","phrases":[{"type":"👉","phrase":"Es ist braun."},{"type":"💜","phrase":"Meine Lieblingsfarbe ist braun."},{"type":"🙋","phrase":"Kannst du mir braune Farbe geben?"}]},{"slug":"black","title":"Schwarz","phrases":[{"type":"👉","phrase":"Es ist schwarz."},{"type":"💜","phrase":"Meine Lieblingsfarbe ist schwarz."},{"type":"🙋","phrase":"Kannst du mir schwarze Farbe geben?"}]},{"slug":"white","title":"Weiß","phrases":[{"type":"👉","phrase":"Es ist weiss."},{"type":"💜","phrase":"Meine Lieblingsfarbe ist weiß."},{"type":"🙋","phrase":"Kannst du mir weiße Farbe geben?"}]},{"slug":"gray","title":"Grau","phrases":[{"type":"👉","phrase":"Es ist grau."},{"type":"💜","phrase":"Meine Lieblingsfarbe ist grau."},{"type":"🙋","phrase":"Kannst du mir graue Farbe geben?"}]},{"slug":"transparent","title":"Transparent","phrases":[{"type":"👉","phrase":"Es ist transparent."},{"type":"👀","phrase":"Ich kann hinter transparente Farbe sehen."},{"type":"🙋","phrase":"Kannst du mir beim Löschen helfen?"}]},{"slug":"cyan","title":"Cyan","phrases":[{"type":"👉","phrase":"Es ist Cyan."},{"type":"💜","phrase":"Meine Lieblingsfarbe ist Cyan."},{"type":"🙋","phrase":"Kannst du mir Cyanfarbe geben?"}]},{"slug":"violet","title":"Violett","phrases":[{"type":"👉","phrase":"Es ist violett."},{"type":"💜","phrase":"Meine Lieblingsfarbe ist violett."},{"type":"🙋","phrase":"Kannst du mir violette Farbe geben?"}]},{"slug":"turquoise","title":"Türkis","phrases":[{"type":"👉","phrase":"Es ist türkis."},{"type":"💜","phrase":"Meine Lieblingsfarbe ist Türkis."},{"type":"🙋","phrase":"Kannst du mir türkisfarbene Farbe geben?"}]},{"slug":"lime","title":"Limette","phrases":[{"type":"👉","phrase":"Es ist Kalk."},{"type":"💜","phrase":"Meine Lieblingsfarbe ist Limette."},{"type":"🙋","phrase":"Kannst du mir Kalkfarbe geben?"}]},{"slug":"plum","title":"Pflaume","phrases":[{"type":"👉","phrase":"Es ist Pflaume."},{"type":"💜","phrase":"Meine Lieblingsfarbe ist Pflaume."},{"type":"🙋","phrase":"Kannst du mir Pflaumenfarbe geben?"}]},{"slug":"tan","title":"Bräunen","phrases":[{"type":"👉","phrase":"Es ist braune Farbe."},{"type":"💜","phrase":"Meine Lieblingsfarbe ist braune Farbe."},{"type":"🙋","phrase":"Kannst du mir braune Farbe geben?"}]},{"slug":"avocado","title":"Avocado","phrases":[{"type":"👉","phrase":"Es ist Avocadofarbe."},{"type":"💜","phrase":"Meine Lieblingsfarbe ist Avocadofarbe."},{"type":"🙋","phrase":"Können Sie mir Avocado-Farbe geben?"}]},{"slug":"barbie-pink","title":"Barbie pink","phrases":[{"type":"👉","phrase":"Es ist barbie rosa Farbe."},{"type":"💜","phrase":"Meine Lieblingsfarbe ist Barbie Pink."},{"type":"🙋","phrase":"Kannst du mir Barbie Pink Farbe geben?"}]},{"slug":"blizzard-blue","title":"Schneesturm blau","phrases":[{"type":"👉","phrase":"Es ist schneesturmblaue Farbe."},{"type":"💜","phrase":"Meine Lieblingsfarbe ist Schneesturmblau."},{"type":"🙋","phrase":"Kannst du mir blizzardblaue Farbe geben?"}]}]