[{"slug":"coffee","title":"Kaffee","phrases":[{"type":"❤️","phrase":"Ich trinke gerne Kaffee."},{"type":"🙋","phrase":"Ich möchte Kaffee trinken."}]},{"slug":"water","title":"Wasser","phrases":[{"type":"☝️","phrase":"Ich muss Wasser trinken."},{"type":"🙋","phrase":"Ich möchte Wasser trinken."}]},{"slug":"juice","title":"Saft","phrases":[{"type":"❤️","phrase":"Ich trinke gerne Saft."},{"type":"🙋","phrase":"Ich möchte Saft trinken."}]},{"slug":"tea","title":"Tee","phrases":[{"type":"❤️","phrase":"Ich trinke gerne Tee."},{"type":"🙋","phrase":"Ich möchte Tee trinken."}]},{"slug":"grape-juice","title":"Traubensaft","phrases":[{"type":"❤️","phrase":"Ich trinke gerne Traubensaft."},{"type":"🙋","phrase":"Ich möchte Traubensaft trinken."}]},{"slug":"milk","title":"Milch","phrases":[{"type":"❤️","phrase":"Ich trinke gerne Milch."},{"type":"🙋","phrase":"Ich möchte Milch trinken."}]},{"slug":"milkshake","title":"Milchshake","phrases":[{"type":"❤️","phrase":"Ich trinke gerne Milchshake."},{"type":"🙋","phrase":"Ich möchte Milchshake trinken."}]},{"slug":"orange-juice","title":"Orangensaft","phrases":[{"type":"❤️","phrase":"Ich trinke gerne Orangensaft."},{"type":"🙋","phrase":"Ich möchte Orangensaft trinken."}]},{"slug":"apple-juice","title":"Apfelsaft","phrases":[{"type":"❤️","phrase":"Ich trinke gerne Apfelsaft."},{"type":"🙋","phrase":"Ich möchte Apfelsaft trinken."}]},{"slug":"pineapple-juice","title":"Ananassaft","phrases":[{"type":"❤️","phrase":"Ich trinke gerne Ananassaft."},{"type":"🙋","phrase":"Ich möchte Ananassaft trinken."}]},{"slug":"lemonade","title":"Limonade","phrases":[{"type":"❤️","phrase":"Ich trinke gerne Limonade."},{"type":"🙋","phrase":"Ich möchte Limonade trinken."}]},{"slug":"coke","title":"Koks","phrases":[{"type":"❤️","phrase":"Ich trinke gerne Cola."},{"type":"🙋","phrase":"Ich möchte Cola trinken."}]},{"slug":"soda","title":"Sprudel","phrases":[{"type":"❤️","phrase":"Ich trinke gerne Soda."},{"type":"🙋","phrase":"Ich möchte Soda trinken."}]},{"slug":"frappe","title":"Frappé","phrases":[{"type":"❤️","phrase":"Ich trinke gerne Frappe."},{"type":"🙋","phrase":"Ich möchte Frappe trinken."}]},{"slug":"smoothie","title":"Smoothie","phrases":[{"type":"❤️","phrase":"Ich trinke gerne Smoothie."},{"type":"🙋","phrase":"Ich möchte Smoothie trinken."}]},{"slug":"iced-tea","title":"Eistee","phrases":[{"type":"❤️","phrase":"Ich trinke gerne Eistee."},{"type":"🙋","phrase":"Ich möchte Eistee trinken."}]},{"slug":"hot-chocolate","title":"Heiße Schokolade","phrases":[{"type":"❤️","phrase":"Ich trinke gerne heiße Schokolade."},{"type":"🙋","phrase":"Ich möchte heiße Schokolade trinken."}]},{"slug":"mineral-water","title":"Mineralwasser","phrases":[{"type":"❤️","phrase":"Ich trinke gerne Mineralwasser."},{"type":"🙋","phrase":"Ich möchte Mineralwasser trinken."}]}]