[{"slug":"cotton-candy","title":"Zuckerwatte","phrases":[{"type":"❤️","phrase":"Ich esse gerne Zuckerwatte."}]},{"slug":"magic-hat","title":"Tarnkappe","phrases":[{"type":"❤️","phrase":"Ich trage gerne einen magischen Hut."}]},{"slug":"ferris-wheel","title":"Riesenrad","phrases":[{"type":"❤️","phrase":"Ich fahre gerne im Riesenrad."}]},{"slug":"bowling","title":"Bowling","phrases":[{"type":"❤️","phrase":"Ich spiele gerne Bowling."}]},{"slug":"bumper-car","title":"Autoscooter","phrases":[{"type":"❤️","phrase":"Ich fahre gerne im Autoscooter."}]},{"slug":"carousel","title":"Karussell","phrases":[{"type":"❤️","phrase":"Ich fahre gerne im Karussell."}]},{"slug":"balloons","title":"Luftballons","phrases":[{"type":"❤️","phrase":"Ich mag Luftballons."}]},{"slug":"cups","title":"Tassen","phrases":[]},{"slug":"unicycle","title":"Unicylce","phrases":[]},{"slug":"circus-tent","title":"Zirkuszelt","phrases":[]},{"slug":"food-truck","title":"Imbisswagen","phrases":[]},{"slug":"tea-cup-ride","title":"Teetasse Fahrt","phrases":[]},{"slug":"whack-a-mole","title":"Schlag einen Maulwurf","phrases":[]},{"slug":"food-stall","title":"Essensstand","phrases":[]},{"slug":"claw-machine","title":"Klauenmaschine","phrases":[]},{"slug":"shooting-target","title":"Schießziel","phrases":[]},{"slug":"teddy-bear","title":"Teddybär","phrases":[]},{"slug":"fireworks","title":"Feuerwerk","phrases":[]},{"slug":"caramelized-apple","title":"Karamellisierter Apfel","phrases":[]},{"slug":"ring","title":"Ring","phrases":[]}]