[{"slug":"happy","title":"glücklich","phrases":[{"type":"🖐️","phrase":"Ich bin froh."},{"type":"🙋","phrase":"Ich bin glücklich."},{"type":"❓","phrase":"Fühlst du dich glücklich"},{"type":"☝️","phrase":"Ich möchte glücklich sein."},{"type":"🎈","phrase":"Du machst mich glücklich."}]},{"slug":"sad","title":"Traurig","phrases":[{"type":"🖐️","phrase":"Ich bin traurig."},{"type":"🙋","phrase":"Ich bin traurig."},{"type":"❓","phrase":"Fühlst du dich traurig"},{"type":"☝️","phrase":"Ich möchte nicht traurig sein."},{"type":"😠","phrase":"Du machst mich traurig."}]},{"slug":"exhausted","title":"Erschöpft","phrases":[{"type":"🖐️","phrase":"Ich bin erschöpft."},{"type":"🙋","phrase":"Ich fühle mich erschöpft."},{"type":"❓","phrase":"Fühlst du dich erschöpft?"},{"type":"☝️","phrase":"Ich möchte nicht erschöpft sein."}]},{"slug":"relaxed","title":"Entspannt","phrases":[{"type":"🖐️","phrase":"Ich bin entspannt."},{"type":"🙋","phrase":"Ich fühle mich entspannt."},{"type":"❓","phrase":"Fühlst du dich entspannt?"},{"type":"☝️","phrase":"Ich möchte mich entspannt fühlen."}]},{"slug":"in-love","title":"Verliebt","phrases":[{"type":"🖐️","phrase":"Ich bin verliebt."},{"type":"🙋","phrase":"Ich fühle mich verliebt."},{"type":"❓","phrase":"Bist du verliebt?"},{"type":"☝️","phrase":"Ich möchte mich verlieben."},{"type":"👉","phrase":"Liebst du mich?"}]},{"slug":"stressed","title":"Betont","phrases":[{"type":"🖐️","phrase":"Ich bin gestresst."},{"type":"🙋","phrase":"Ich fühle mich gestresst."},{"type":"❓","phrase":"Fühlst du dich gestresst?"},{"type":"☝️","phrase":"Ich möchte mich nicht gestresst fühlen."}]},{"slug":"thankful","title":"Dankbar","phrases":[{"type":"🖐️","phrase":"Ich bin dankbar."},{"type":"🙋","phrase":"Ich bin dankbar."},{"type":"❓","phrase":"Fühlst du dich dankbar?"},{"type":"☝️","phrase":"Ich möchte dankbar sein."}]},{"slug":"confused","title":"Verwirrt","phrases":[{"type":"🖐️","phrase":"Ich bin verwirrt."},{"type":"🙋","phrase":"Ich bin verwirrt."},{"type":"❓","phrase":"Fühlst du dich verwirrt?"},{"type":"☝️","phrase":"Du verwirrst mich."}]},{"slug":"joyful","title":"Froh","phrases":[{"type":"🖐️","phrase":"Ich bin fröhlich."},{"type":"🙋","phrase":"Ich fühle mich fröhlich."},{"type":"❓","phrase":"Fühlst du dich fröhlich?"},{"type":"☝️","phrase":"Ich möchte mich freudig fühlen."}]},{"slug":"angry","title":"Wütend","phrases":[{"type":"🖐️","phrase":"Ich bin verärgert."},{"type":"🙋","phrase":"Ich bin wütend."},{"type":"❓","phrase":"Fühlst du dich wütend"},{"type":"☝️","phrase":"Ich bin sauer auf dich."},{"type":"😠","phrase":"Du machst mich wütend."}]},{"slug":"smart","title":"Clever","phrases":[{"type":"🖐️","phrase":"Ich bin schlau."},{"type":"🙋","phrase":"Ich fühle mich schlau."},{"type":"❓","phrase":"Fühlst du dich schlau?"},{"type":"☝️","phrase":"Bin ich schlau"},{"type":"👉","phrase":"Du bist schlau!"}]},{"slug":"afraid","title":"Angst","phrases":[{"type":"🖐️","phrase":"Ich fürchte."},{"type":"🙋","phrase":"Ich habe Angst."},{"type":"❓","phrase":"Hast du angst"},{"type":"☝️","phrase":"Ich möchte keine Angst haben."},{"type":"😠","phrase":"Du machst mir Angst."}]},{"slug":"ashamed","title":"Beschämt","phrases":[{"type":"🖐️","phrase":"Ich schäme mich."},{"type":"🙋","phrase":"Ich schäme mich."},{"type":"❓","phrase":"Schämst du dich?"},{"type":"☝️","phrase":"Ich möchte mich nicht schämen."}]},{"slug":"shocked","title":"Schockiert","phrases":[{"type":"🖐️","phrase":"Ich bin geschockt."},{"type":"🙋","phrase":"Ich bin schockiert."},{"type":"❓","phrase":"Fühlst du dich schockiert?"},{"type":"☝️","phrase":"Du hast mich schockiert."}]},{"slug":"sick","title":"Krank","phrases":[{"type":"🖐️","phrase":"Ich bin krank."},{"type":"🙋","phrase":"Mir ist schlecht."},{"type":"❓","phrase":"Fühlst du dich nicht wohl?"},{"type":"☝️","phrase":"Ich will nicht krank sein."},{"type":"🤢","phrase":"Ich habe das Essen satt."}]},{"slug":"frustrated","title":"Frustriert","phrases":[{"type":"🖐️","phrase":"Ich bin frustriert."},{"type":"🙋","phrase":"Ich bin frustriert."},{"type":"❓","phrase":"Fühlst du dich frustriert?"},{"type":"☝️","phrase":"Ich möchte nicht frustriert sein."}]},{"slug":"excited","title":"Aufgeregt","phrases":[{"type":"🖐️","phrase":"Ich bin aufgeregt."},{"type":"🙋","phrase":"Ich bin aufgeregt."},{"type":"❓","phrase":"Fühlst du dich aufgeregt?"},{"type":"☝️","phrase":"Ich möchte nicht aufgeregt sein."}]},{"slug":"nauseated","title":"Übelkeit","phrases":[{"type":"🖐️","phrase":"Mir ist übel."},{"type":"🙋","phrase":"Mir ist übel."},{"type":"❓","phrase":"Fühlst du dich übel?"},{"type":"☝️","phrase":"Ich möchte mich nicht übel fühlen."}]},{"slug":"agitated","title":"Aufgeregt","phrases":[{"type":"🖐️","phrase":"Ich bin aufgeregt."},{"type":"🙋","phrase":"Ich bin aufgeregt."},{"type":"❓","phrase":"Fühlst du dich aufgeregt?"},{"type":"☝️","phrase":"Ich möchte mich nicht aufgeregt fühlen."}]}]