[{"slug":"hungry","title":"Hungrig","phrases":[{"type":"‼️","phrase":"Ich habe Hunger."},{"type":"❓","phrase":"Bist du hungrig?"},{"type":"🙋","phrase":"Kannst du mir Essen machen?"},{"type":"🍳","phrase":"Was gibt es zum Mittagessen?"}]},{"slug":"thirsty","title":"Durstig","phrases":[{"type":"‼️","phrase":"Ich habe Durst."},{"type":"🌊","phrase":"Kann ich etwas Wasser haben?"},{"type":"🥛","phrase":"Kann ich ein Glas Wasser haben?"},{"type":"🙋","phrase":"Ich möchte etwas zu trinken."}]},{"slug":"cutlery","title":"Besteck","phrases":[{"type":"🙋","phrase":"Ich brauche Besteck."},{"type":"🍽️","phrase":"Hilf mir, Besteck zu benutzen."},{"type":"🍴","phrase":"Ich brauche eine Gabel."},{"type":"🥄","phrase":"Ich brauche einen Löffel."},{"type":"🥢","phrase":"Ich brauche Stäbchen."},{"type":"🔪","phrase":"Ich brauche ein Messer."},{"type":"🧻","phrase":"Ich brauche eine Serviette."}]},{"slug":"apple","title":"Apfel","phrases":[{"type":"❤️","phrase":"Ich mag Apple."},{"type":"❌","phrase":"Ich mag keinen Apfel."},{"type":"🙋","phrase":"Ich möchte einen Apfel zu essen."}]},{"slug":"carrot","title":"Karotte","phrases":[{"type":"❤️","phrase":"Ich mag Karotten."},{"type":"❌","phrase":"Ich mag keine Karotten."},{"type":"🙋","phrase":"Ich möchte eine Karotte essen."}]},{"slug":"beans","title":"Bohnen","phrases":[{"type":"❤️","phrase":"Ich mag Bohnen."},{"type":"❌","phrase":"Ich mag keine Bohnen."},{"type":"🙋","phrase":"Ich möchte Bohnen essen."}]},{"slug":"chicken","title":"Hähnchen","phrases":[{"type":"❤️","phrase":"Ich mag Huhn."},{"type":"❌","phrase":"Ich mag kein Huhn."},{"type":"🙋","phrase":"Ich will Huhn essen."},{"type":"🍗","phrase":"Ich möchte gebratenes Huhn."},{"type":"🐣","phrase":"Ich möchte gekochtes Huhn."}]},{"slug":"chocolate","title":"Schokolade","phrases":[{"type":"❤️","phrase":"Ich mag Schokolade."},{"type":"❌","phrase":"Ich mag keine Schokolade."},{"type":"🙋","phrase":"Ich möchte Schokolade essen."},{"type":"⚫","phrase":"Ich will dunkle Schokolade."},{"type":"⚪","phrase":"Ich will weiße Schokolade."}]},{"slug":"milk","title":"Milch","phrases":[{"type":"❤️","phrase":"Ich mag Milch."},{"type":"❌","phrase":"Ich mag keine Milch."},{"type":"🙋","phrase":"Ich möchte Milch trinken."},{"type":"🍳","phrase":"Kann ich ein Glas Milch haben?"}]},{"slug":"sandwich","title":"Sandwich","phrases":[{"type":"❤️","phrase":"Ich mag Sandwich."},{"type":"❌","phrase":"Ich mag kein Sandwich."},{"type":"🙋","phrase":"Ich möchte ein Sandwich essen."},{"type":"🍳","phrase":"Kannst du mir ein Sandwich machen?"}]},{"slug":"steak","title":"Steak","phrases":[{"type":"❤️","phrase":"Ich mag Steak."},{"type":"❌","phrase":"Ich mag kein Steak."},{"type":"🙋","phrase":"Ich möchte Steak essen."},{"type":"🍳","phrase":"Kannst du Steak für mich kochen?"}]},{"slug":"banana","title":"Banane","phrases":[{"type":"❤️","phrase":"Ich mag Bananen."},{"type":"❌","phrase":"Ich mag keine Banane."},{"type":"🙋","phrase":"Ich möchte eine Banane essen."}]},{"slug":"pie","title":"Kuchen","phrases":[{"type":"❤️","phrase":"Ich mag Kuchen."},{"type":"❌","phrase":"Ich mag keinen Kuchen."},{"type":"🙋","phrase":"Ich möchte Kuchen essen."},{"type":"🍳","phrase":"Kannst du mir einen Kuchen backen?"}]},{"slug":"egg","title":"Ei","phrases":[{"type":"❤️","phrase":"Ich mag Ei."},{"type":"❌","phrase":"Ich mag kein Ei."},{"type":"🙋","phrase":"Ich möchte Ei essen."},{"type":"🍳","phrase":"Ich möchte Spiegeleier."},{"type":"🥚","phrase":"Ich möchte gekochte Eier."}]},{"slug":"noodles","title":"Nudeln","phrases":[{"type":"❤️","phrase":"Ich mag Nudeln."},{"type":"❌","phrase":"Ich mag keine Nudeln."},{"type":"🙋","phrase":"Ich möchte Nudeln essen."},{"type":"🍳","phrase":"Kannst du Nudeln für mich kochen?"}]},{"slug":"salt","title":"Salz","phrases":[{"type":"🙋","phrase":"Ich will Salz."},{"type":"❓","phrase":"Kannst du mir das Salz geben?"},{"type":"🧂","phrase":"Das Essen ist zu salzig."},{"type":"🧂","phrase":"Mein Essen braucht etwas Salz."}]},{"slug":"spices","title":"Gewürze","phrases":[{"type":"❤️","phrase":"Ich mag scharfes Essen."},{"type":"❌","phrase":"Ich mag kein scharfes Essen."},{"type":"🙋","phrase":"Ich will Paprika."},{"type":"⚫","phrase":"Ich will schwarzen Pfeffer."}]},{"slug":"pizza","title":"Pizza","phrases":[{"type":"❤️","phrase":"Ich mag Pizza."},{"type":"❌","phrase":"Ich mag keine Pizza."},{"type":"🙋","phrase":"Ich will Pizza essen."},{"type":"🍳","phrase":"Kannst du Pizza für mich kochen?"},{"type":"☝️","phrase":"Können wir Pizza bestellen?"}]},{"slug":"cheese","title":"Käse","phrases":[{"type":"❤️","phrase":"Ich mag Käse."},{"type":"❌","phrase":"Ich mag keinen Käse."},{"type":"🙋","phrase":"Ich möchte Käse essen."}]},{"slug":"fish","title":"Fisch","phrases":[{"type":"❤️","phrase":"Ich mag Fisch."},{"type":"❌","phrase":"Ich mag keinen Fisch."},{"type":"🙋","phrase":"Ich möchte Fisch essen."},{"type":"🍳","phrase":"Kannst du mir Fisch kochen?"}]},{"slug":"ice-cream","title":"Eiscreme","phrases":[{"type":"❤️","phrase":"Ich mag Eis."},{"type":"❌","phrase":"Ich mag kein Eis."},{"type":"🙋","phrase":"Ich möchte Eis essen."},{"type":"☝️","phrase":"Kannst du mir Eis kaufen?"}]},{"slug":"tea","title":"Tee","phrases":[{"type":"❤️","phrase":"Ich mag Tee."},{"type":"❌","phrase":"Ich mag keinen Tee."},{"type":"🙋","phrase":"Ich möchte Tee trinken."},{"type":"🍳","phrase":"Kannst du mir Tee machen?"}]},{"slug":"coffee","title":"Kaffee","phrases":[{"type":"❤️","phrase":"Ich mag Kaffee."},{"type":"❌","phrase":"Ich mag keinen Kaffee."},{"type":"🙋","phrase":"Ich möchte Kaffee trinken."},{"type":"🍳","phrase":"Kannst du mir Kaffee machen?"}]},{"slug":"tomato","title":"Tomate","phrases":[{"type":"❤️","phrase":"Ich mag Tomaten."},{"type":"❌","phrase":"Ich mag keine Tomaten."},{"type":"🙋","phrase":"Ich möchte Tomate essen."}]},{"slug":"cereal","title":"Müsli","phrases":[{"type":"❤️","phrase":"Ich mag Müsli."},{"type":"❌","phrase":"Ich mag kein Müsli."},{"type":"🙋","phrase":"Ich möchte Müsli essen."},{"type":"🍳","phrase":"Kannst du mir Müsli machen?"}]},{"slug":"burger","title":"Burger","phrases":[{"type":"❤️","phrase":"Ich mag Burger."},{"type":"❌","phrase":"Ich mag keinen Burger."},{"type":"🙋","phrase":"Ich möchte Burger essen."},{"type":"🍳","phrase":"Kannst du Burger für mich kochen?"},{"type":"☝️","phrase":"Können wir Burger bestellen?"}]},{"slug":"french-fries","title":"Pommes frittes","phrases":[{"type":"❤️","phrase":"Ich mag Pommes frites."},{"type":"❌","phrase":"Ich mag keine Pommes."},{"type":"🙋","phrase":"Ich möchte Pommes essen."},{"type":"🍳","phrase":"Kannst du Pommes für mich kochen?"},{"type":"☝️","phrase":"Können wir Pommes bestellen?"}]},{"slug":"spinach","title":"Spinat","phrases":[{"type":"❤️","phrase":"Ich mag Spinat."},{"type":"❌","phrase":"Ich mag keinen Spinat."},{"type":"🙋","phrase":"Ich möchte Spinat essen."}]},{"slug":"rice","title":"Reis","phrases":[{"type":"❤️","phrase":"Ich mag Reis."},{"type":"❌","phrase":"Ich mag keinen Reis."},{"type":"🙋","phrase":"Ich will Reis essen."},{"type":"🍳","phrase":"Kannst du Reis für mich kochen?"}]},{"slug":"bread","title":"Brot","phrases":[{"type":"❤️","phrase":"Ich mag Brot."},{"type":"❌","phrase":"Ich mag kein Brot."},{"type":"🙋","phrase":"Ich möchte Brot essen."},{"type":"☝️","phrase":"Kannst du etwas Brot kaufen?"}]},{"slug":"pasta","title":"Pasta","phrases":[{"type":"❤️","phrase":"Ich mag Pasta."},{"type":"❌","phrase":"Ich mag keine Pasta."},{"type":"🙋","phrase":"Ich möchte Pasta essen."},{"type":"🍳","phrase":"Kannst du mir Nudeln kochen?"}]},{"slug":"sauce","title":"Soße","phrases":[{"type":"❤️","phrase":"Ich mag Sauce."},{"type":"❌","phrase":"Ich mag keine Sauce."},{"type":"🙋","phrase":"Ich will etwas Sauce."},{"type":"🔴","phrase":"Kann ich Ketchup haben?"},{"type":"⚪","phrase":"Kann ich Mayonnaise haben?"},{"type":"🟡","phrase":"Kann ich Senf haben?"},{"type":"🚜","phrase":"Kann ich Ranch Sauce haben?"}]},{"slug":"kebab","title":"Kebab","phrases":[{"type":"❤️","phrase":"Ich mag Kebab."},{"type":"❌","phrase":"Ich mag keinen Kebab."},{"type":"🙋","phrase":"Ich möchte Kebab essen."},{"type":"🍳","phrase":"Kannst du Kebab für mich kochen?"},{"type":"☝️","phrase":"Können wir Kebab bestellen?"}]}]