[{"slug":"apple","title":"Apfel","phrases":[{"type":"❤️","phrase":"Ich esse gerne Apfel."},{"type":"🙋","phrase":"Ich möchte einen Apfel zu essen."},{"type":"❌","phrase":"Ich mag keinen Apfel."}]},{"slug":"watermelon","title":"Wassermelone","phrases":[{"type":"❤️","phrase":"Ich esse gerne Wassermelone."},{"type":"🙋","phrase":"Ich möchte eine Wassermelone essen."},{"type":"❌","phrase":"Ich mag keine Wassermelone."}]},{"slug":"orange","title":"Orange","phrases":[{"type":"❤️","phrase":"Ich esse gerne Orange."},{"type":"🙋","phrase":"Ich möchte eine Orange essen."},{"type":"❌","phrase":"Ich mag Orange nicht."}]},{"slug":"strawberry","title":"Erdbeere","phrases":[{"type":"❤️","phrase":"Ich esse gerne Erdbeere."},{"type":"🙋","phrase":"Ich möchte ein paar Erdbeeren essen."},{"type":"❌","phrase":"Ich mag keine Erdbeere."}]},{"slug":"grape","title":"Traube","phrases":[{"type":"❤️","phrase":"Ich esse gerne Trauben."},{"type":"🙋","phrase":"Ich möchte ein paar Trauben essen."},{"type":"❌","phrase":"Ich mag keine Trauben."}]},{"slug":"cherry","title":"Kirsche","phrases":[{"type":"❤️","phrase":"Ich esse gerne Kirsche."},{"type":"🙋","phrase":"Ich möchte ein paar Kirschen essen."},{"type":"❌","phrase":"Ich mag keine Kirsche."}]},{"slug":"mango","title":"Mango","phrases":[{"type":"❤️","phrase":"Ich esse gerne Mango."},{"type":"🙋","phrase":"Ich möchte eine Mango essen."},{"type":"❌","phrase":"Mango mag ich nicht."}]},{"slug":"guava","title":"Guave","phrases":[{"type":"❤️","phrase":"Ich esse gerne Guave."},{"type":"🙋","phrase":"Ich möchte eine Guave essen."},{"type":"❌","phrase":"Ich mag keine Guave."}]},{"slug":"banana","title":"Banane","phrases":[{"type":"❤️","phrase":"Ich esse gerne Banane."},{"type":"🙋","phrase":"Ich möchte eine Banane essen."},{"type":"❌","phrase":"Ich mag keine Banane."}]},{"slug":"pomegranate","title":"Granatapfel","phrases":[{"type":"❤️","phrase":"Ich esse gerne Granatapfel."},{"type":"🙋","phrase":"Ich möchte einen Granatapfel essen."},{"type":"❌","phrase":"Granatapfel mag ich nicht."}]},{"slug":"raspberry","title":"Himbeere","phrases":[{"type":"❤️","phrase":"Ich esse gerne Himbeere."},{"type":"🙋","phrase":"Ich möchte Himbeeren essen."},{"type":"❌","phrase":"Ich mag keine Himbeere."}]},{"slug":"papaya","title":"Papaya","phrases":[{"type":"❤️","phrase":"Ich esse gerne Papaya."},{"type":"🙋","phrase":"Ich möchte eine Papaya essen."},{"type":"❌","phrase":"Ich mag keine Papaya."}]},{"slug":"kiwi","title":"Kiwi","phrases":[{"type":"❤️","phrase":"Ich esse gerne Kiwi."},{"type":"🙋","phrase":"Ich möchte eine Kiwi essen."},{"type":"❌","phrase":"Ich mag keine Kiwi."}]},{"slug":"pineapple","title":"Ananas","phrases":[{"type":"❤️","phrase":"Ich esse gerne Ananas."},{"type":"🙋","phrase":"Ich möchte etwas Ananas essen."},{"type":"❌","phrase":"Ich mag keine Ananas."}]},{"slug":"lemon","title":"Zitrone","phrases":[{"type":"❤️","phrase":"Ich esse gerne Zitrone."},{"type":"🙋","phrase":"Ich möchte eine Zitrone essen."},{"type":"❌","phrase":"Ich mag keine Zitrone."},{"type":"🍋","phrase":"Zitronen sind sauer."}]},{"slug":"apricot","title":"Aprikose","phrases":[{"type":"❤️","phrase":"Ich esse gerne Aprikosen."},{"type":"🙋","phrase":"Ich möchte eine Aprikose essen."},{"type":"❌","phrase":"Ich mag keine Aprikose."}]},{"slug":"dragon-fruit","title":"Drachenfrucht","phrases":[{"type":"❤️","phrase":"Ich esse gerne Drachenfrucht."},{"type":"🙋","phrase":"Ich möchte eine Drachenfrucht essen."},{"type":"❌","phrase":"Ich mag keine Drachenfrucht."}]},{"slug":"peach","title":"Pfirsich","phrases":[{"type":"❤️","phrase":"Ich esse gerne Pfirsich."},{"type":"🙋","phrase":"Ich möchte einen Pfirsich essen."},{"type":"❌","phrase":"Ich mag keinen Pfirsich."}]},{"slug":"avocado","title":"Avocado","phrases":[{"type":"❤️","phrase":"Ich esse gerne Avocado."},{"type":"🙋","phrase":"Ich möchte eine Avocado essen."},{"type":"❌","phrase":"Ich mag keine Avocado."}]},{"slug":"fig","title":"Feige","phrases":[{"type":"❤️","phrase":"Ich esse gerne Feigen."},{"type":"🙋","phrase":"Ich möchte eine Feige essen."},{"type":"❌","phrase":"Ich mag keine Feige."}]},{"slug":"lychee","title":"Litschi","phrases":[{"type":"❤️","phrase":"Ich esse gerne Litschi."},{"type":"🙋","phrase":"Ich möchte eine Litschi essen."},{"type":"❌","phrase":"Ich mag keine Litschi."}]},{"slug":"passion-fruit","title":"Passionsfrucht","phrases":[{"type":"❤️","phrase":"Ich esse gerne Passionsfrucht."},{"type":"🙋","phrase":"Ich möchte eine Passionsfrucht essen."},{"type":"❌","phrase":"Passionsfrucht mag ich nicht."}]},{"slug":"blueberry","title":"Blaubeere","phrases":[{"type":"❤️","phrase":"Ich esse gerne Blaubeeren."},{"type":"🙋","phrase":"Ich möchte ein paar Blaubeeren essen."},{"type":"❌","phrase":"Ich mag keine Blaubeeren."}]},{"slug":"coconut","title":"Kokosnuss","phrases":[{"type":"❤️","phrase":"Ich esse gerne Kokosnuss."},{"type":"🙋","phrase":"Ich möchte etwas Kokos essen."},{"type":"❌","phrase":"Ich mag keine Kokosnuss."}]}]