[{"slug":"gardener","title":"Gärtner","phrases":[]},{"slug":"sprout","title":"Sprießen","phrases":[]},{"slug":"hose","title":"Schlauch","phrases":[]},{"slug":"glove","title":"Handschuh","phrases":[]},{"slug":"flowers","title":"Blumen","phrases":[]},{"slug":"seeds","title":"Saat","phrases":[]},{"slug":"shovel","title":"Schaufel","phrases":[]},{"slug":"watering","title":"Bewässerung","phrases":[]},{"slug":"scarecrow","title":"Vogelscheuche","phrases":[]},{"slug":"tree","title":"Baum","phrases":[]},{"slug":"fertilizer","title":"Dünger","phrases":[]},{"slug":"pitchfork","title":"Heugabel","phrases":[]},{"slug":"bucket","title":"Eimer","phrases":[]},{"slug":"fence","title":"Zaun","phrases":[]},{"slug":"leaf","title":"Blatt","phrases":[]},{"slug":"windmill","title":"Windmühle","phrases":[]},{"slug":"spray","title":"Sprühen","phrases":[]},{"slug":"shears","title":"Schere","phrases":[]},{"slug":"sprinkler","title":"Sprinkler","phrases":[]},{"slug":"tractor","title":"Traktor","phrases":[]},{"slug":"jam","title":"Marmelade","phrases":[]},{"slug":"bonsai","title":"Bonsai","phrases":[]},{"slug":"wheelbarrow","title":"Schubkarre","phrases":[]},{"slug":"birdhouse","title":"Vogelhaus","phrases":[]}]