[{"slug":"mixer","title":"Rührgerät","phrases":[{"type":"🙋","phrase":"Können Sie mir zeigen, wie man einen Mixer benutzt?"},{"type":"🤞","phrase":"Ich sollte keinen Mixer ohne meine Eltern benutzen."}]},{"slug":"apron","title":"Schürze","phrases":[{"type":"👚","phrase":"Ich trage beim Kochen eine Schürze."},{"type":"👚","phrase":"Meine Mutter trägt beim Kochen eine Schürze."}]},{"slug":"fryer","title":"Friteuse","phrases":[{"type":"🙋","phrase":"Können Sie mir zeigen, wie man eine Friteuse benutzt?"},{"type":"🤞","phrase":"Ich sollte keine Friteuse ohne meine Eltern benutzen."}]},{"slug":"rolling-pin","title":"Nudelholz","phrases":[{"type":"🙋","phrase":"Können Sie mir zeigen, wie man einen Nudelholz benutzt?"},{"type":"💡","phrase":"Ich benutze Nudelholz, um Teig auszurollen."}]},{"slug":"coffee-machine","title":"Kaffeemaschine","phrases":[{"type":"🙋","phrase":"Können Sie mir zeigen, wie man eine Kaffeemaschine benutzt?"},{"type":"🤞","phrase":"Ich sollte keine Kaffeemaschine ohne meine Eltern benutzen."}]},{"slug":"fridge","title":"Kühlschrank","phrases":[{"type":"🙋","phrase":"Können Sie mir zeigen, wie man einen Kühlschrank benutzt?"},{"type":"💡","phrase":"Kühlschrank hält die Lebensmittel kalt."}]},{"slug":"pot","title":"Topf","phrases":[{"type":"🙋","phrase":"Können Sie mir zeigen, wie man einen Topf benutzt?"},{"type":"🤞","phrase":"Ich sollte keinen Topf ohne meine Eltern benutzen."}]},{"slug":"toaster","title":"Toaster","phrases":[{"type":"🙋","phrase":"Können Sie mir zeigen, wie man einen Toaster benutzt?"},{"type":"🤞","phrase":"Ich sollte keinen Toaster ohne meine Eltern benutzen."}]},{"slug":"cutlery","title":"Besteck","phrases":[{"type":"🙋","phrase":"Können Sie mir zeigen, wie man Besteck benutzt?"},{"type":"😋","phrase":"Ich lerne mit Besteck zu essen."}]},{"slug":"spatula","title":"Spatel","phrases":[{"type":"🙋","phrase":"Können Sie mir zeigen, wie man einen Spatel benutzt?"}]},{"slug":"oven","title":"Ofen","phrases":[{"type":"🙋","phrase":"Können Sie mir zeigen, wie man einen Ofen benutzt?"},{"type":"🤞","phrase":"Ich sollte den Ofen nicht ohne meine Eltern benutzen."}]},{"slug":"kitchen-timer","title":"Küchenuhr","phrases":[{"type":"🙋","phrase":"Können Sie mir zeigen, wie man eine Küchenuhr benutzt?"},{"type":"⏱️","phrase":"Küchentimer piept."}]},{"slug":"pizza-cutter","title":"Pizza-schneider","phrases":[{"type":"🙋","phrase":"Können Sie mir zeigen, wie man einen Pizzaschneider benutzt?"},{"type":"🤞","phrase":"Ich sollte keinen Pizzaschneider ohne meine Eltern benutzen."}]},{"slug":"grater","title":"Reibe","phrases":[{"type":"🙋","phrase":"Können Sie mir zeigen, wie man eine Reibe benutzt?"},{"type":"🤞","phrase":"Ich sollte keine Reibe ohne meine Eltern benutzen."}]},{"slug":"grill","title":"Grill","phrases":[{"type":"🙋","phrase":"Können Sie mir zeigen, wie man den Grill benutzt?"},{"type":"🤞","phrase":"Ich sollte ohne meine Eltern keinen Grill benutzen."}]},{"slug":"recipe-book","title":"Rezeptbuch","phrases":[{"type":"🙋","phrase":"Kann ich ein Rezept zum Kochen auswählen?"},{"type":"🍳","phrase":"Können wir dieses Rezept kochen?"}]},{"slug":"kitchen-utensils","title":"Küchenutensilien","phrases":[{"type":"❤️","phrase":"Ich benutze gerne Küchenutensilien."},{"type":"🤞","phrase":"Ich sollte keine Küchenutensilien ohne meine Eltern benutzen."}]},{"slug":"stove","title":"Herd","phrases":[{"type":"🙋","phrase":"Können Sie mir zeigen, wie man den Ofen benutzt?"},{"type":"🤞","phrase":"Ich sollte keinen Herd ohne meine Eltern benutzen."}]},{"slug":"salt-and-pepper","title":"Salz und Pfeffer","phrases":[{"type":"🙋","phrase":"Können Sie Salz und Pfeffer mitbringen?"}]},{"slug":"kitchen-board","title":"Küchenbrett","phrases":[{"type":"🙋","phrase":"Kann ich an die Küchenplatte schreiben?"}]},{"slug":"scale","title":"Rahmen","phrases":[{"type":"🙋","phrase":"Können Sie mir zeigen, wie man die Küchenwaage benutzt?"}]},{"slug":"teapot","title":"Teekanne","phrases":[{"type":"🙋","phrase":"Können Sie mir zeigen, wie man die Teekanne benutzt?"},{"type":"🤞","phrase":"Ich sollte keine Teekanne ohne meine Eltern benutzen."}]},{"slug":"microwave","title":"Mikrowelle","phrases":[{"type":"🙋","phrase":"Können Sie mir zeigen, wie man die Mikrowelle benutzt?"},{"type":"🤞","phrase":"Ich sollte keine Mikrowelle ohne meine Eltern benutzen."}]}]