[{"slug":"hospital-bed","title":"Krankenhausbett","phrases":[{"type":"🙋","phrase":"Können Sie mir mit meinem Krankenhausbett helfen?"}]},{"slug":"weight-loss","title":"Gewichtsverlust","phrases":[{"type":"🏋️","phrase":"Ich muss meine Nahrungsaufnahme moderieren."},{"type":"🏃‍♀️","phrase":"Ich verliere Gewicht."},{"type":"🥩","phrase":"Ich nehme zu."}]},{"slug":"exercise","title":"Übung","phrases":[{"type":"🏋️","phrase":"Ich mache Übung."},{"type":"⏲️","phrase":"Ich habe eine Übungsroutine."}]},{"slug":"medical-history","title":"Krankengeschichte","phrases":[{"type":"📂","phrase":"Hier ist meine Krankengeschichte."}]},{"slug":"vitamin-c","title":"Vitamin C","phrases":[{"type":"🍹","phrase":"Ich muss Vitamin C nehmen."},{"type":"🍊","phrase":"Orangen enthalten Vitamin C."}]},{"slug":"thermometer","title":"Thermometer","phrases":[{"type":"🤒","phrase":"Kannst du mein Fieber messen?"},{"type":"🌡️","phrase":"Wie funktioniert ein Thermometer?"}]},{"slug":"pills","title":"Pillen","phrases":[{"type":"💊","phrase":"Ich muss meine Pillen nehmen."},{"type":"👉","phrase":"Hast du deine Pillen genommen?"}]},{"slug":"medical-mask","title":"Medizinische Maske","phrases":[]},{"slug":"dental-care","title":"Zahnpflege","phrases":[{"type":"🦷","phrase":"Meine Zähne tun weh."},{"type":"🦷","phrase":"Ich putze meine Zähne."}]},{"slug":"hearing-exam","title":"Hörprüfung","phrases":[{"type":"👂","phrase":"Ich habe Hörprobleme."},{"type":"🦻","phrase":"Ich werde eine Hörprüfung haben."}]},{"slug":"hospital","title":"Krankenhaus","phrases":[{"type":"🏥","phrase":"Ich gehe ins Krankenhaus."},{"type":"🏥","phrase":"Ich bin im Krankenhaus."}]},{"slug":"stethoscope","title":"Stethoskop","phrases":[{"type":"👨‍⚕️","phrase":"Ärzte verwenden ein Stethoskop."},{"type":"🩺","phrase":"Kann ich ein Spielzeugstethoskop haben?"}]},{"slug":"ambulance","title":"Krankenwagen","phrases":[{"type":"👀","phrase":"Ich habe einen Krankenwagen gesehen."},{"type":"👂","phrase":"Ich hörte eine Krankenwagenstimme."}]},{"slug":"drugstore","title":"Drogerie","phrases":[{"type":"🧾","phrase":"Ich muss mein Rezept ausfüllen."},{"type":"➡️","phrase":"Hier ist mein Rezept."}]},{"slug":"emergency","title":"Notfall","phrases":[{"type":"🚨","phrase":"Ich habe einen gesundheitlichen Notfall."},{"type":"🚑","phrase":"Ich gehe in die Notaufnahme."}]},{"slug":"health-insurance","title":"Krankenversicherung","phrases":[{"type":"⚕️","phrase":"Ich bin krankenversichert."},{"type":"❌","phrase":"Ich bin nicht krankenversichert."}]},{"slug":"doctor","title":"Arzt","phrases":[{"type":"❤️","phrase":"Ich mag meinen Arzt."},{"type":"🤩","phrase":"Der Arzt hilft mir."}]},{"slug":"nurse","title":"Krankenschwester","phrases":[{"type":"❤️","phrase":"Ich mag meine Krankenschwester."},{"type":"🤩","phrase":"Krankenschwester hilft mir."}]}]