[{"slug":"one","title":"Eins","phrases":[{"type":"➖","phrase":"Eins kommt vor zwei."},{"type":"➕","phrase":"Eins kommt nach Null."},{"type":"🙋","phrase":"Ich will eins."}]},{"slug":"two","title":"Zwei","phrases":[{"type":"➖","phrase":"Zwei kommt vor drei."},{"type":"➕","phrase":"Zwei kommen nach einem."},{"type":"🙋","phrase":"Ich will zwei."}]},{"slug":"three","title":"Drei","phrases":[{"type":"➖","phrase":"Drei kommt vor vier."},{"type":"➕","phrase":"Drei kommt nach zwei."},{"type":"🙋","phrase":"Ich will drei."}]},{"slug":"four","title":"Vier","phrases":[{"type":"➖","phrase":"Vier kommt vor fünf."},{"type":"➕","phrase":"Vier kommt nach drei."},{"type":"🙋","phrase":"Ich will vier."}]},{"slug":"five","title":"Fünf","phrases":[{"type":"➖","phrase":"Fünf kommt vor sechs."},{"type":"➕","phrase":"Fünf kommt nach vier."},{"type":"🙋","phrase":"Ich will fünf."}]},{"slug":"six","title":"Sechs","phrases":[{"type":"➖","phrase":"Sechs kommt vor sieben."},{"type":"➕","phrase":"Sechs kommt nach fünf."},{"type":"🙋","phrase":"Ich möchte reparieren."}]},{"slug":"seven","title":"Sieben","phrases":[{"type":"➖","phrase":"Sieben kommt vor acht."},{"type":"➕","phrase":"Sieben kommt nach sechs."},{"type":"🙋","phrase":"Ich will sieben."}]},{"slug":"eight","title":"Acht","phrases":[{"type":"➖","phrase":"Acht kommt vor neun."},{"type":"➕","phrase":"Acht kommt nach sieben."},{"type":"🙋","phrase":"Ich will acht."}]},{"slug":"nine","title":"Neun","phrases":[{"type":"➖","phrase":"Neun kommt vor zehn."},{"type":"➕","phrase":"Neun kommt nach acht."},{"type":"🙋","phrase":"Ich will neun."}]},{"slug":"ten","title":"Zehn","phrases":[{"type":"➖","phrase":"Zehn kommt vor elf."},{"type":"➕","phrase":"Zehn kommt nach neun."},{"type":"🙋","phrase":"Ich will zehn."}]},{"slug":"eleven","title":"Elf","phrases":[{"type":"➖","phrase":"Elf kommt vor dreizehn."},{"type":"➕","phrase":"Elf kommt nach zehn."},{"type":"🙋","phrase":"Ich will elf."}]},{"slug":"twenty","title":"Zwanzig","phrases":[{"type":"🔢","phrase":"Ich kann bis zu zwanzig zählen."}]},{"slug":"thirty","title":"Dreißig","phrases":[{"type":"🔢","phrase":"Ich kann bis zu dreißig zählen."}]},{"slug":"forty","title":"Vierzig","phrases":[{"type":"🔢","phrase":"Ich kann bis zu vierzig zählen."}]},{"slug":"fifty","title":"Fünfzig","phrases":[{"type":"🔢","phrase":"Ich kann bis zu fünfzig zählen."}]},{"slug":"hundred","title":"Hundert","phrases":[{"type":"🔢","phrase":"Ich kann bis zu hundert zählen."}]},{"slug":"thousand","title":"Tausend","phrases":[{"type":"🔢","phrase":"Ich kann bis zu tausend zählen."}]},{"slug":"calculator","title":"Taschenrechner","phrases":[{"type":"🖩","phrase":"Ich möchte einen Taschenrechner benutzen."},{"type":"🧮","phrase":"Können Sie mir den Umgang mit einem Taschenrechner beibringen?"},{"type":"🙋","phrase":"Kann ich Ihren Taschenrechner karren?"}]}]