[{"slug":"teacher","title":"Lehrer","phrases":[{"type":"❓","phrase":"Was macht ein Lehrer?"},{"type":"🙋","phrase":"Ich möchte Lehrer werden."}]},{"slug":"police-officer","title":"Polizist","phrases":[{"type":"❓","phrase":"Was macht ein Polizist?"},{"type":"🙋","phrase":"Ich möchte Polizist werden."}]},{"slug":"writer","title":"Schriftsteller","phrases":[{"type":"❓","phrase":"Was macht ein Schriftsteller?"},{"type":"🙋","phrase":"Ich möchte Schriftsteller werden."}]},{"slug":"doctor","title":"Arzt","phrases":[{"type":"❓","phrase":"Was macht ein Arzt?"},{"type":"🙋","phrase":"Ich möchte Arzt werden."}]},{"slug":"detective","title":"Detektiv","phrases":[{"type":"❓","phrase":"Was macht ein Detektiv?"},{"type":"🙋","phrase":"Ich möchte Detektiv werden."}]},{"slug":"artist","title":"Künstler","phrases":[{"type":"❓","phrase":"Was macht ein Künstler?"},{"type":"🙋","phrase":"Ich möchte Künstler werden."}]},{"slug":"singer","title":"Sänger","phrases":[{"type":"❓","phrase":"Was macht ein Sänger?"},{"type":"🙋","phrase":"Ich möchte Sänger werden."}]},{"slug":"astronaut","title":"Astronaut","phrases":[{"type":"❓","phrase":"Was macht ein Astronaut?"},{"type":"🙋","phrase":"Ich möchte Astronaut werden."}]},{"slug":"sailor","title":"Seemann","phrases":[{"type":"❓","phrase":"Was macht ein Seemann?"},{"type":"🙋","phrase":"Ich möchte Seemann werden."}]},{"slug":"chef","title":"Koch","phrases":[{"type":"❓","phrase":"Was macht ein Koch?"},{"type":"🙋","phrase":"Ich möchte Koch werden."}]},{"slug":"farmer","title":"Farmer","phrases":[{"type":"❓","phrase":"Was macht ein Bauer?"},{"type":"🙋","phrase":"Ich möchte Bauer werden."}]},{"slug":"construction-worker","title":"Bauarbeiter","phrases":[{"type":"❓","phrase":"Was macht ein Bauarbeiter?"},{"type":"🙋","phrase":"Ich möchte Bauarbeiter werden."}]},{"slug":"baker","title":"Bäcker","phrases":[{"type":"❓","phrase":"Was macht ein Bäcker?"},{"type":"🙋","phrase":"Ich möchte Bäcker werden."}]},{"slug":"lifeguard","title":"Rettungsschwimmer","phrases":[{"type":"❓","phrase":"Was macht ein Rettungsschwimmer?"},{"type":"🙋","phrase":"Ich möchte Rettungsschwimmer werden."}]},{"slug":"astronomer","title":"Astronom","phrases":[{"type":"❓","phrase":"Was macht ein Astronom?"},{"type":"🙋","phrase":"Ich möchte Astronom werden."}]},{"slug":"journalist","title":"Journalist","phrases":[{"type":"❓","phrase":"Was macht ein Journalist?"},{"type":"🙋","phrase":"Ich möchte Journalist werden."}]},{"slug":"archeologist","title":"Archäologe","phrases":[{"type":"❓","phrase":"Was macht ein Archäologe?"},{"type":"🙋","phrase":"Ich möchte Archäologe werden."}]},{"slug":"musician","title":"Musiker","phrases":[{"type":"❓","phrase":"Was macht ein Musiker?"},{"type":"🙋","phrase":"Ich möchte Musiker werden."}]},{"slug":"magician","title":"Zauberer","phrases":[{"type":"❓","phrase":"Was macht ein Zauberer?"},{"type":"🙋","phrase":"Ich möchte Zauberer werden."}]},{"slug":"soccer-player","title":"Fußballspieler","phrases":[{"type":"❓","phrase":"Was macht ein Fußballspieler?"},{"type":"🙋","phrase":"Ich möchte Fußballspieler werden."}]},{"slug":"postwoman","title":"Postfrau","phrases":[{"type":"❓","phrase":"Was macht eine Postfrau?"},{"type":"🙋","phrase":"Ich möchte Postfrau werden."}]},{"slug":"firefighter","title":"Feuerwehrmann","phrases":[{"type":"❓","phrase":"Was macht ein Feuerwehrmann?"},{"type":"🙋","phrase":"Ich möchte Feuerwehrmann werden."}]},{"slug":"scientist","title":"Wissenschaftler","phrases":[{"type":"❓","phrase":"Was macht ein Wissenschaftler?"},{"type":"🙋","phrase":"Ich möchte Wissenschaftler werden."}]},{"slug":"gardener","title":"Gärtner","phrases":[{"type":"❓","phrase":"Was macht ein Gärtner?"},{"type":"🙋","phrase":"Ich möchte Gärtner werden."}]},{"slug":"butcher","title":"Metzger","phrases":[{"type":"❓","phrase":"Was macht ein Metzger?"},{"type":"🙋","phrase":"Ich möchte Metzger werden."}]},{"slug":"veterinarian","title":"Tierarzt","phrases":[{"type":"❓","phrase":"Was macht ein Tierarzt?"},{"type":"🙋","phrase":"Ich möchte Tierarzt werden."}]},{"slug":"lumber-jack","title":"Holzfäller","phrases":[{"type":"❓","phrase":"Was macht ein Holzfäller?"},{"type":"🙋","phrase":"Ich möchte ein Holzfäller werden."}]},{"slug":"miner","title":"Bergmann","phrases":[{"type":"❓","phrase":"Was macht ein Bergmann?"},{"type":"🙋","phrase":"Ich möchte Bergmann werden."}]},{"slug":"nun","title":"Nonne","phrases":[{"type":"❓","phrase":"Was macht eine Nonne?"},{"type":"🙋","phrase":"Ich möchte Nonne werden."}]},{"slug":"fisher-woman","title":"Fischerin","phrases":[{"type":"❓","phrase":"Was macht eine Fischerin?"},{"type":"🙋","phrase":"Ich möchte Fischerin werden."}]},{"slug":"hair-dresser","title":"Friseur","phrases":[{"type":"❓","phrase":"Was macht ein Friseur?"},{"type":"🙋","phrase":"Ich möchte Friseur werden."}]},{"slug":"mechanic","title":"Mechaniker","phrases":[{"type":"❓","phrase":"Was macht ein Mechaniker?"},{"type":"🙋","phrase":"Ich möchte Mechaniker werden."}]},{"slug":"electrician","title":"Elektriker","phrases":[{"type":"❓","phrase":"Was macht ein Elektriker?"},{"type":"🙋","phrase":"Ich möchte Elektriker werden."}]},{"slug":"swimmer","title":"Schwimmer","phrases":[{"type":"❓","phrase":"Was macht ein Schwimmer?"},{"type":"🙋","phrase":"Ich möchte Schwimmer werden."}]},{"slug":"photographer","title":"Fotograf","phrases":[{"type":"❓","phrase":"Was macht ein Fotograf?"},{"type":"🙋","phrase":"Ich möchte Fotograf werden."}]},{"slug":"priest","title":"Priester","phrases":[{"type":"❓","phrase":"Was macht ein Priester?"},{"type":"🙋","phrase":"Ich möchte Priester werden."}]},{"slug":"soldier","title":"Soldat","phrases":[{"type":"❓","phrase":"Was macht ein Soldat?"},{"type":"🙋","phrase":"Ich möchte Soldat werden."}]},{"slug":"carpenter","title":"Zimmermann","phrases":[{"type":"❓","phrase":"Was macht ein Schreiner?"},{"type":"🙋","phrase":"Ich möchte Zimmermann werden."}]},{"slug":"plumber","title":"Klempner","phrases":[{"type":"❓","phrase":"Was macht ein Klempner?"},{"type":"🙋","phrase":"Ich möchte Klempner werden."}]},{"slug":"wall-painter","title":"Wandmaler","phrases":[{"type":"❓","phrase":"Was macht ein Wandmaler?"},{"type":"🙋","phrase":"Ich möchte Wandmaler werden."}]},{"slug":"nurse","title":"Krankenschwester","phrases":[{"type":"❓","phrase":"Was macht eine Krankenschwester?"},{"type":"🙋","phrase":"Ich möchte Krankenschwester werden."}]},{"slug":"judge","title":"Richter","phrases":[{"type":"❓","phrase":"Was macht ein Richter?"},{"type":"🙋","phrase":"Ich möchte Richter werden."}]},{"slug":"waiter","title":"Bedienung","phrases":[{"type":"❓","phrase":"Was macht ein Kellner?"},{"type":"🙋","phrase":"Ich möchte Kellner werden."}]},{"slug":"pilot","title":"Pilot","phrases":[{"type":"❓","phrase":"Was macht ein Pilot?"},{"type":"🙋","phrase":"Ich möchte Pilot werden."}]},{"slug":"welder","title":"Schweißer","phrases":[{"type":"❓","phrase":"Was macht ein Schweißer?"},{"type":"🙋","phrase":"Ich möchte Schweißer werden."}]},{"slug":"executive","title":"Exekutive","phrases":[{"type":"❓","phrase":"Was macht eine Führungskraft?"},{"type":"🙋","phrase":"Ich möchte eine Führungskraft werden."}]},{"slug":"hostess","title":"Hostess","phrases":[{"type":"❓","phrase":"Was macht eine Gastgeberin?"},{"type":"🙋","phrase":"Ich möchte Gastgeberin werden."}]}]