[{"slug":"confetti","title":"Konfetti","phrases":[{"type":"❤️","phrase":"Ich mag Konfetti."},{"type":"🙋","phrase":"Kann ich das Konfetti knallen lassen?"}]},{"slug":"party-blower","title":"Partygebläse","phrases":[{"type":"❤️","phrase":"Ich mag Partygebläse."},{"type":"🔊","phrase":"Ist mein Partygebläse laut?"}]},{"slug":"gift","title":"Geschenk","phrases":[{"type":"❤️","phrase":"Ich mag Geschenke."},{"type":"🎁","phrase":"Was hast du mir geschenkt?"}]},{"slug":"candle","title":"Kerze","phrases":[{"type":"❤️","phrase":"Ich mag Partykerzen."},{"type":"🕯️","phrase":"Kann ich die Kerzen blasen?"},{"type":"🎂","phrase":"Wie viele Kerzen gibt es?"}]},{"slug":"party-hat","title":"Partyhut","phrases":[{"type":"❤️","phrase":"Ich trage gerne Partyhut."},{"type":"👚","phrase":"Ich werde während der Party einen Partyhut tragen."}]},{"slug":"balloons","title":"Luftballons","phrases":[{"type":"❤️","phrase":"Ich mag Luftballons."},{"type":"🎈","phrase":"Kann ich die Luftballons platzen lassen?"}]},{"slug":"garlands","title":"Girlanden","phrases":[{"type":"❤️","phrase":"Ich mag Girlanden."},{"type":"🙋","phrase":"Ich möchte zu meiner Party Girlanden tragen."},{"type":"🙋","phrase":"Kannst du diese Girlanden in meinen Arm stecken?"}]},{"slug":"cake","title":"Kuchen","phrases":[{"type":"❤️","phrase":"Ich esse gerne Kuchen."},{"type":"🙋","phrase":"Kann ich ein Stück Kuchen haben?"}]},{"slug":"ice-cream","title":"Eiscreme","phrases":[{"type":"❤️","phrase":"Ich esse gerne Eis."},{"type":"🍭","phrase":"Was ist dein Lieblingsgeschmack?"}]},{"slug":"microphone","title":"Mikrofon","phrases":[{"type":"❤️","phrase":"Ich spiele gerne Karaoke."},{"type":"❤️","phrase":"Ich mag es zu singen."}]},{"slug":"music","title":"Musik","phrases":[{"type":"❤️","phrase":"Ich spiele gerne Musik."},{"type":"🎶","phrase":"Welche Art von Musik haben Sie gern?"}]},{"slug":"magician","title":"Zauberer","phrases":[{"type":"❤️","phrase":"Ich mag Zauberer."},{"type":"✨","phrase":"Ich möchte ein Zauberer sein."},{"type":"🙋","phrase":"Kannst du mir ein paar Zaubertricks beibringen?"}]},{"slug":"taking-photos","title":"Aufnehmen von Fotos","phrases":[{"type":"❤️","phrase":"Ich mache gerne Fotos."},{"type":"🙋","phrase":"Kann ich mit Ihrem Handy Fotos machen?"}]},{"slug":"invitation","title":"Einladung","phrases":[{"type":"📧","phrase":"Ich habe eine Einladung bekommen."},{"type":"📨","phrase":"Kann ich meine Freunde zur Party einladen?"},{"type":"📨","phrase":"Kann ich meine Freunde zu meiner Geburtstagsfeier einladen?"},{"type":"📨","phrase":"Können wir meine Freunde zur Party meiner Schwester einladen?"},{"type":"📨","phrase":"Können wir meine Freunde zur Party meines Bruders einladen?"}]},{"slug":"candy","title":"Süßigkeiten","phrases":[{"type":"❤️","phrase":"Ich mag Süßigkeiten."},{"type":"🙋","phrase":"Kann ich Süßigkeiten essen?"}]},{"slug":"popsicle","title":"Eis am Stiel","phrases":[{"type":"❤️","phrase":"Ich mag Eis am Stiel."},{"type":"🙋","phrase":"Kann ich Eis am Stiel essen?"},{"type":"🙋","phrase":"Können wir Eis am Stiel machen?"},{"type":"🙋","phrase":"Möchten Sie Eis am Stiel essen?"}]},{"slug":"cupcake","title":"Cupcake","phrases":[{"type":"❤️","phrase":"Ich mag Cupcake."},{"type":"🙋","phrase":"Kann ich einen Cupcake essen?"}]},{"slug":"costume","title":"Kostüm","phrases":[{"type":"❤️","phrase":"Ich trage gerne Kostüme."},{"type":"🦸","phrase":"Kann ich ein Spider-Man-Kostüm tragen?"},{"type":"🦸‍♂️","phrase":"Kann ich ein Batman-Kostüm tragen?"},{"type":"🦸‍♀️","phrase":"Kann ich ein Wunderfrauenkostüm tragen?"}]},{"slug":"party-glasses","title":"Partygläser","phrases":[{"type":"❤️","phrase":"Ich mag Partybrillen."},{"type":"🙋","phrase":"Kann ich eine Partybrille tragen?"}]},{"slug":"spotlights","title":"Scheinwerfer","phrases":[{"type":"❤️","phrase":"Ich mag Scheinwerfer."},{"type":"❌","phrase":"Ich mag keine Scheinwerfer."}]},{"slug":"marshmallow","title":"Mäusespeck","phrases":[{"type":"❤️","phrase":"Ich mag Marshmallow."},{"type":"🔥","phrase":"Ich koche Marshmallow über Lagerfeuer."},{"type":"🙋","phrase":"Ich möchte Marshmallows essen."}]},{"slug":"guacamole","title":"Guacamole","phrases":[{"type":"❤️","phrase":"Ich mag Guacamole."},{"type":"🙋","phrase":"Kann ich etwas Guacamole essen?"},{"type":"❌","phrase":"Ich esse kein Guacamole."}]},{"slug":"hotdog","title":"Hotdog","phrases":[{"type":"❤️","phrase":"Ich mag Hotdog."},{"type":"🙋","phrase":"Kann ich einen Hotdog bekommen?"},{"type":"❌","phrase":"Ich esse keine Hotdogs."},{"type":"🙋","phrase":"Kann ich ein paar Hotdogs essen?"}]},{"slug":"bouncy-castle","title":"Hüpfburg","phrases":[{"type":"❤️","phrase":"Ich mag Hüpfburg."},{"type":"🙋","phrase":"Ich möchte auf der Hüpfburg spielen."},{"type":"🙋","phrase":"Lass uns auf der Hüpfburg spielen."}]},{"slug":"clown","title":"Clown","phrases":[{"type":"❤️","phrase":"Ich mag Clowns."},{"type":"❌","phrase":"Ich mag keine Clowns."},{"type":"🙋","phrase":"Ich möchte ein Clown sein."}]},{"slug":"magic-hat","title":"Tarnkappe","phrases":[{"type":"❤️","phrase":"Ich mag magische Hüte."},{"type":"🧙‍♂️","phrase":"Ich bin ein Magier!"},{"type":"🙋","phrase":"Ich will wie Magie."}]},{"slug":"dart-board","title":"Dartscheibe","phrases":[{"type":"❤️","phrase":"Ich spiele gerne Dart."},{"type":"🎯","phrase":"Dart spielen kann gefährlich sein."}]}]