[{"slug":"mother","title":"Mutter","phrases":[{"type":"⁉️","phrase":"Mama!"},{"type":"💘","phrase":"Ich liebe meine Mutter."},{"type":"❤️","phrase":"Ich liebe dich, Mami."},{"type":"☹️","phrase":"Ich vermisse meine Mutter."},{"type":"🙏🏼","phrase":"Danke, dass du dich um mich gekümmert hast."},{"type":"👉🏼","phrase":"Sie ist meine Mutter."},{"type":"❓","phrase":"Kannst du mir helfen, meine Mutter zu finden?"}]},{"slug":"father","title":"Vater","phrases":[{"type":"⁉️","phrase":"Vati!"},{"type":"💘","phrase":"Ich liebe meinen Vater."},{"type":"❤️","phrase":"Ich liebe dich Papa."},{"type":"☹️","phrase":"Ich vermisse meinen Vater."},{"type":"🙏🏼","phrase":"Danke, dass du dich um mich gekümmert hast."},{"type":"👉🏼","phrase":"Er ist mein Vater."},{"type":"❓","phrase":"Kannst du mir helfen, meinen Vater zu finden?"}]},{"slug":"parents","title":"Eltern","phrases":[{"type":"💑","phrase":"Ich liebe meine Eltern."},{"type":"💘","phrase":"Ich liebe meine Eltern."},{"type":"☹️","phrase":"Ich vermisse meine Eltern."},{"type":"👉🏼","phrase":"Sie sind meine Eltern."},{"type":"👨‍👩‍👧","phrase":"Meine Eltern kümmern sich um mich."},{"type":"❓","phrase":"Kannst du mir helfen, meine Eltern zu finden?"}]},{"slug":"grandparents","title":"Großeltern","phrases":[{"type":"💑","phrase":"Ich liebe meine Großeltern."},{"type":"💘","phrase":"Ich liebe dich Großeltern."},{"type":"☹️","phrase":"Ich vermisse meine Großeltern."},{"type":"👉🏼","phrase":"Sie sind meine Großeltern."},{"type":"👨‍👩‍👧","phrase":"Meine Großeltern kümmern sich um mich."},{"type":"❓","phrase":"Können Sie mir helfen, meine Großeltern zu finden?"}]},{"slug":"brother","title":"Bruder","phrases":[{"type":"💑","phrase":"Ich liebe meinen Bruder."},{"type":"💘","phrase":"Ich liebe dich Bruder."},{"type":"☹️","phrase":"Ich vermisse meinen Bruder."},{"type":"👉🏼","phrase":"Er ist mein Bruder."},{"type":"🙎‍♂️","phrase":"Mein Bruder kümmert sich um mich."},{"type":"❓","phrase":"Kannst du mir helfen, meinen Bruder zu finden?"}]},{"slug":"sister","title":"Schwester","phrases":[{"type":"💑","phrase":"Ich liebe meine Schwester."},{"type":"💘","phrase":"Ich liebe dich Schwester."},{"type":"☹️","phrase":"Ich vermisse meine Schwester."},{"type":"👉🏼","phrase":"Sie ist meine Schwester."},{"type":"🙍‍♀️","phrase":"Meine Schwester kümmert sich um mich."},{"type":"❓","phrase":"Kannst du mir helfen, meine Schwester zu finden?"}]},{"slug":"uncle","title":"Onkel","phrases":[{"type":"💑","phrase":"Ich liebe meinen Onkel."},{"type":"💘","phrase":"Ich liebe dich Onkel."},{"type":"☹️","phrase":"Ich vermisse meinen Onkel."},{"type":"👉🏼","phrase":"Er ist mein Onkel."},{"type":"❓","phrase":"Kannst du mir helfen, meinen Onkel zu finden?"}]},{"slug":"aunt","title":"Tante","phrases":[{"type":"💑","phrase":"Ich liebe meine Tante."},{"type":"💘","phrase":"Ich liebe dich Tante."},{"type":"☹️","phrase":"Ich vermisse meine Tante."},{"type":"👉🏼","phrase":"Sie ist meine Tante."},{"type":"❓","phrase":"Kannst du mir helfen, meine Tante zu finden?"}]},{"slug":"teacher","title":"Lehrer","phrases":[{"type":"💑","phrase":"Ich liebe meinen Lehrer."},{"type":"💘","phrase":"Ich liebe dich Lehrer."},{"type":"💔","phrase":"Ich mag meinen Lehrer nicht."},{"type":"☹️","phrase":"Ich vermisse meinen Lehrer."},{"type":"🙏🏼","phrase":"Danke für die Lektion."}]},{"slug":"therapist","title":"Therapeut","phrases":[{"type":"💑","phrase":"Ich liebe meinen Therapeuten."},{"type":"💘","phrase":"Ich liebe dich Therapeut."},{"type":"💔","phrase":"Ich mag meinen Therapeuten nicht."},{"type":"☹️","phrase":"Ich vermisse meinen Therapeuten."},{"type":"🙏🏼","phrase":"Vielen Dank für die Sitzung."}]},{"slug":"doctor","title":"Arzt","phrases":[{"type":"💑","phrase":"Ich liebe meinen Arzt."},{"type":"💘","phrase":"Ich liebe dich Doktor."},{"type":"💔","phrase":"Ich mag meinen Arzt nicht."},{"type":"☹️","phrase":"Ich vermisse meinen Arzt."},{"type":"🙏🏼","phrase":"Danke, dass du mich geheilt hast."}]},{"slug":"friends","title":"Freunde","phrases":[{"type":"💑","phrase":"Ich liebe meine Freunde."},{"type":"❓","phrase":"Willst du mein Freund sein?"},{"type":"💔","phrase":"Ich mag meine Freunde nicht."},{"type":"☹️","phrase":"Ich vermisse meine Freunde."},{"type":"👉🏼","phrase":"Sie sind meine Freunde."},{"type":"🙏🏼","phrase":"Danke, dass du mit mir gespielt hast."}]},{"slug":"cousins","title":"Cousins","phrases":[{"type":"💑","phrase":"Ich liebe meine Cousins."},{"type":"❌","phrase":"Ich habe keine Cousins."},{"type":"☹️","phrase":"Ich vermisse meine Cousins."},{"type":"👉🏼","phrase":"Sie sind meine Cousins."}]},{"slug":"grandmother","title":"Oma","phrases":[{"type":"💑","phrase":"Ich liebe meine Großmutter."},{"type":"💘","phrase":"Ich liebe dich Oma."},{"type":"☹️","phrase":"Ich vermisse meine Oma."},{"type":"👉🏼","phrase":"Sie ist meine Oma."}]},{"slug":"grandfather","title":"Großvater","phrases":[{"type":"💑","phrase":"Ich liebe meinen Großvater."},{"type":"💘","phrase":"Ich liebe dich Opa."},{"type":"☹️","phrase":"Ich vermisse meinen Opa."},{"type":"👉🏼","phrase":"Er ist mein Opa."}]},{"slug":"stepfather","title":"Stiefvater","phrases":[{"type":"💑","phrase":"Ich liebe meinen Stiefvater."},{"type":"👉🏼","phrase":"Er ist mein Stiefvater."},{"type":"☹️","phrase":"Ich vermisse meinen Stiefvater."},{"type":"👉🏼","phrase":"Er ist mein Stiefvater."}]},{"slug":"stepmother","title":"Stiefmutter","phrases":[{"type":"💑","phrase":"Ich liebe meine Stiefmutter."},{"type":"👉🏼","phrase":"Sie ist meine Stiefmutter."},{"type":"☹️","phrase":"Ich vermisse meine Stiefmutter."},{"type":"👉🏼","phrase":"Sie ist meine Stiefmutter."}]},{"slug":"stepsister","title":"Stiefschwester","phrases":[{"type":"💑","phrase":"Ich liebe meine Stiefschwester."},{"type":"👉🏼","phrase":"Sie ist meine Stiefschwester."},{"type":"☹️","phrase":"Ich vermisse meine Stiefschwester."},{"type":"👉🏼","phrase":"Sie ist meine Stiefschwester."}]},{"slug":"stepbrother","title":"Stiefbruder","phrases":[{"type":"💑","phrase":"Ich liebe meinen Stiefbruder."},{"type":"👉🏼","phrase":"Er ist mein Stiefbruder."},{"type":"☹️","phrase":"Ich vermisse meinen Stiefbruder."},{"type":"👉🏼","phrase":"Er ist mein Stiefbruder."}]},{"slug":"half-brother","title":"Halbbruder","phrases":[{"type":"💑","phrase":"Ich liebe meinen Halbbruder."},{"type":"👉🏼","phrase":"Er ist mein Halbbruder."},{"type":"☹️","phrase":"Ich vermisse meinen Halbbruder."},{"type":"👉🏼","phrase":"Er ist mein Halbbruder."}]},{"slug":"half-sister","title":"Halbschwester","phrases":[{"type":"💑","phrase":"Ich liebe meine Halbschwester."},{"type":"👉🏼","phrase":"Sie ist meine Halbschwester."},{"type":"☹️","phrase":"Ich vermisse meine Halbschwester."},{"type":"👉🏼","phrase":"Sie ist meine Halbschwester."}]}]