[{"slug":"captain","title":"Kapitän","phrases":[]},{"slug":"pirate-crew","title":"Piratencrew","phrases":[]},{"slug":"treasure","title":"Schatz","phrases":[]},{"slug":"hook","title":"Haken","phrases":[]},{"slug":"compass","title":"Kompass","phrases":[]},{"slug":"pirate-ship","title":"Piratenschiff","phrases":[]},{"slug":"pirate-gun","title":"Piratengewehr","phrases":[]},{"slug":"pirate-sword","title":"Piratenschwert","phrases":[]},{"slug":"barrel","title":"Fass","phrases":[]},{"slug":"pirate-flag","title":"Piratenflagge","phrases":[]},{"slug":"treasure-map","title":"Schatzkarte","phrases":[]},{"slug":"spyglass","title":"Fernglas","phrases":[]},{"slug":"cannon","title":"Kanone","phrases":[]},{"slug":"helm","title":"Helm","phrases":[]},{"slug":"lighthouse","title":"Leuchtturm","phrases":[]},{"slug":"anchor","title":"Anker","phrases":[]},{"slug":"bomb","title":"Bombe","phrases":[]},{"slug":"coin","title":"Münze","phrases":[]},{"slug":"candle","title":"Kerze","phrases":[]},{"slug":"knife","title":"Messer","phrases":[]}]