[{"slug":"park","title":"Park","phrases":[{"type":"🙋","phrase":"Ich möchte parken gehen."},{"type":"☝️","phrase":"Kannst du mich zum Parken bringen?"},{"type":"💡","phrase":"Ich kann im Park spielen."}]},{"slug":"mall","title":"Einkaufszentrum","phrases":[{"type":"🙋","phrase":"Ich möchte ins Einkaufszentrum gehen."},{"type":"☝️","phrase":"Kannst du mich zum Einkaufszentrum bringen?"},{"type":"💡","phrase":"Ich kann im Einkaufszentrum einkaufen."}]},{"slug":"restaurant","title":"Restaurant","phrases":[{"type":"🙋","phrase":"Ich möchte ins Restaurant gehen."},{"type":"☝️","phrase":"Kannst du mich ins Restaurant bringen?"},{"type":"💡","phrase":"Ich kann im Restaurant essen."}]},{"slug":"cinema","title":"Kino","phrases":[{"type":"🙋","phrase":"Ich möchte ins Kino gehen."},{"type":"☝️","phrase":"Kannst du mich ins Kino bringen?"},{"type":"💡","phrase":"Ich kann einen Film im Kino sehen."}]},{"slug":"school","title":"Schule","phrases":[{"type":"🙋","phrase":"Ich will zur Schule gehen."},{"type":"☝️","phrase":"Kannst du mich zur Schule bringen?"},{"type":"💡","phrase":"Ich kann in der Schule lernen."}]},{"slug":"library","title":"Bibliothek","phrases":[{"type":"🙋","phrase":"Ich möchte in die Bibliothek gehen."},{"type":"☝️","phrase":"Kannst du mich in die Bibliothek bringen?"},{"type":"💡","phrase":"Ich kann in der Bibliothek studieren."}]},{"slug":"fair","title":"Messe","phrases":[{"type":"🙋","phrase":"Ich möchte zur Messe gehen."},{"type":"☝️","phrase":"Kannst du mich zur Messe bringen?"},{"type":"💡","phrase":"Ich kann fair fair sein."}]},{"slug":"drugstore","title":"Drogerie","phrases":[{"type":"🙋","phrase":"Ich möchte in die Drogerie gehen."},{"type":"☝️","phrase":"Kannst du mich zur Drogerie bringen?"},{"type":"💡","phrase":"Ich kann meine Medizin in einer Drogerie kaufen."}]},{"slug":"hospital","title":"Krankenhaus","phrases":[{"type":"🙋","phrase":"Ich möchte ins Krankenhaus gehen."},{"type":"☝️","phrase":"Kannst du mich ins Krankenhaus bringen?"},{"type":"💡","phrase":"Kranke Menschen können ins Krankenhaus gehen."}]},{"slug":"amusement-park","title":"Vergnügungspark","phrases":[{"type":"🙋","phrase":"Ich möchte in einen Vergnügungspark gehen."},{"type":"☝️","phrase":"Kannst du mich zum Vergnügungspark bringen?"},{"type":"💡","phrase":"Ich kann Spaß im Vergnügungspark haben."}]},{"slug":"dormitory","title":"Wohnheim","phrases":[{"type":"🙋","phrase":"Ich möchte in den Schlafsaal gehen."},{"type":"☝️","phrase":"Kannst du mich in den Schlafsaal bringen?"},{"type":"💡","phrase":"Ich kann im Schlafsaal bleiben."}]},{"slug":"laundry-place","title":"Wäscherei","phrases":[{"type":"🙋","phrase":"Ich möchte zur Wäscherei gehen."},{"type":"☝️","phrase":"Kannst du mich zur Wäscherei bringen?"},{"type":"💡","phrase":"Ich kann meine Wäsche in der Wäscherei reinigen."}]},{"slug":"barber-shop","title":"Friseursalon","phrases":[{"type":"🙋","phrase":"Ich möchte zum Friseur gehen."},{"type":"☝️","phrase":"Kannst du mich zum Friseurladen bringen?"},{"type":"💡","phrase":"Ich kann einen Haarschnitt im Friseurladen bekommen."}]},{"slug":"hotel","title":"Hotel","phrases":[{"type":"🙋","phrase":"Ich möchte ins Hotel gehen."},{"type":"☝️","phrase":"Kannst du mich ins Hotel bringen?"},{"type":"💡","phrase":"Ich kann in einem Hotel übernachten."}]},{"slug":"kindergarten","title":"Kindergarten","phrases":[{"type":"🙋","phrase":"Ich möchte in den Kindergarten gehen."},{"type":"☝️","phrase":"Kannst du mich in den Kindergarten bringen?"}]},{"slug":"parking-lot","title":"Parkplatz","phrases":[{"type":"🙋","phrase":"Ich möchte zum Parkplatz gehen."},{"type":"☝️","phrase":"Kannst du mich zum Parkplatz bringen?"}]},{"slug":"elevator","title":"Aufzug","phrases":[{"type":"🙋","phrase":"Ich möchte den Aufzug benutzen."},{"type":"💗","phrase":"Ich benutze gerne den Aufzug?"},{"type":"💡","phrase":"Ich kann mit dem Aufzug nach oben gehen."}]},{"slug":"bank","title":"Bank","phrases":[{"type":"🙋","phrase":"Ich möchte zur Bank gehen."},{"type":"☝️","phrase":"Kannst du mich zur Bank bringen?"},{"type":"💡","phrase":"Ich kann Geld auf der Bank abheben."}]},{"slug":"skycraper","title":"Wolkenkratzer","phrases":[{"type":"🙋","phrase":"Ich möchte zum Wolkenkratzer gehen."},{"type":"☝️","phrase":"Kannst du mich zum Wolkenkratzer bringen?"}]},{"slug":"stadium","title":"Stadion","phrases":[{"type":"🙋","phrase":"Ich möchte ins Stadion gehen."},{"type":"☝️","phrase":"Kannst du mich ins Stadion bringen?"}]},{"slug":"cruise-ship","title":"Kreuzfahrtschiff","phrases":[{"type":"🙋","phrase":"Ich möchte an Bord eines Kreuzfahrtschiffes gehen."},{"type":"☝️","phrase":"Können Sie mich zum Kreuzfahrtschiff bringen?"}]},{"slug":"forest","title":"Wald","phrases":[{"type":"🙋","phrase":"Ich möchte in den Wald gehen."},{"type":"☝️","phrase":"Kannst du mich in den Wald bringen?"}]},{"slug":"tent","title":"Zelt","phrases":[{"type":"🙋","phrase":"Ich möchte ins Zelt gehen."},{"type":"☝️","phrase":"Können wir in einem Zelt bleiben?"}]},{"slug":"beach","title":"Strand","phrases":[{"type":"🙋","phrase":"Ich möchte zum Strand gehen."},{"type":"☝️","phrase":"Kannst du mich zum Strand bringen?"},{"type":"💡","phrase":"Ich kann mich am Strand sonnen."}]}]