[{"slug":"protective-mask","title":"Schutzmaske","phrases":[{"type":"🛡️","phrase":"Ich benutze eine Schutzmaske."},{"type":"😷","phrase":"Ich kann nicht ohne Schutzmaske ausgehen."}]},{"slug":"stay-home","title":"Zu Hause bleiben","phrases":[{"type":"🏠","phrase":"Du musst zu Hause bleiben."},{"type":"🏡","phrase":"Ich bleibe zu Hause."}]},{"slug":"toilet-paper","title":"Klopapier","phrases":[]},{"slug":"sprayer","title":"Sprühgerät","phrases":[]},{"slug":"disinfectant","title":"Desinfektionsmittel","phrases":[{"type":"🧼","phrase":"Ich benutze Desinfektionsmittel."},{"type":"🙋","phrase":"Können Sie mir helfen, Desinfektionsmittel zu verwenden?"}]},{"slug":"coughing","title":"Husten","phrases":[{"type":"🤒","phrase":"Ich huste."},{"type":"🏥","phrase":"Husten ist ein Symptom für Viren."}]},{"slug":"medical-assistance","title":"Medizinische Assistenz","phrases":[{"type":"⚕️","phrase":"Ich brauche medizinische Hilfe."},{"type":"❓","phrase":"Benötigen Sie medizinische Hilfe?"}]},{"slug":"hand-sanitizer","title":"Handdesinfektionsmittel","phrases":[{"type":"🚰","phrase":"Ich benutze Händedesinfektionsmittel."},{"type":"🙋","phrase":"Können Sie mir helfen, Händedesinfektionsmittel zu verwenden?"}]},{"slug":"gloves","title":"Handschuhe","phrases":[{"type":"🧤","phrase":"Ich benutze Handschuhe."},{"type":"🙋","phrase":"Kannst du mir helfen, meine Handschuhe anzuziehen?"}]},{"slug":"social-distancing","title":"Soziale Distanzierung","phrases":[{"type":"🖐️","phrase":"Ich übe soziale Distanzierung."},{"type":"📏","phrase":"Wir müssen Abstand zwischen uns halten."}]},{"slug":"mouth-mask","title":"Mund Maske","phrases":[{"type":"😷","phrase":"Ich benutze eine Mundmaske."},{"type":"🏡","phrase":"Ich kann nicht ohne Mundmaske ausgehen."}]},{"slug":"pandemic","title":"Pandemie","phrases":[{"type":"🌐","phrase":"Was ist eine Pandemie?"},{"type":"⏱️","phrase":"Wann endet die Pandemie?"},{"type":"⌚","phrase":"Es ist eine Pandemie im Gange."}]},{"slug":"working-at-home","title":"Zuhause arbeiten","phrases":[{"type":"🏠","phrase":"Ich arbeite zu Hause."},{"type":"👪","phrase":"Meine Eltern arbeiten zu Hause."}]},{"slug":"wet-wipes","title":"Feuchttücher","phrases":[{"type":"🤧","phrase":"Ich brauche feuchte Tücher."}]},{"slug":"quarantine","title":"Quarantäne","phrases":[{"type":"🔲","phrase":"Was ist Quarantäne?"},{"type":"🙋","phrase":"Ich bin in Quarantäne."}]},{"slug":"first-aid-kit","title":"Erste-Hilfe-Kasten","phrases":[{"type":"❓","phrase":"Wo ist das Erste-Hilfe-Set?"},{"type":"🙋","phrase":"Können Sie mir helfen, das Erste-Hilfe-Set zu verwenden?"}]},{"slug":"fitness","title":"Fitness","phrases":[{"type":"🤸","phrase":"Ich mache gerne Fitness."},{"type":"🤼","phrase":"Ich mache gerne Fitness."}]},{"slug":"e-learning","title":"E-Learning","phrases":[{"type":"💻","phrase":"Ich lerne von zu Hause aus."},{"type":"📱","phrase":"Ich verwende E-Learning-Apps."}]},{"slug":"virus","title":"Virus","phrases":[{"type":"🦠","phrase":"Was ist ein Virus?"},{"type":"💉","phrase":"Was sind die Symptome des Virus?"}]},{"slug":"cleaning","title":"Reinigung","phrases":[{"type":"🧼","phrase":"Ich räume mein Zimmer auf."},{"type":"🔲","phrase":"Es ist wichtig, dass Sie Ihr Zimmer sauber halten."}]}]