[{"slug":"desk","title":"Schreibtisch","phrases":[{"type":"🙋","phrase":"Kann ich diesen Schreibtisch benutzen?"},{"type":"❓","phrase":"Welcher Schreibtisch gehört mir?"},{"type":"🥛","phrase":"Ich verschüttete mich auf meinem Schreibtisch."},{"type":"❌","phrase":"Kratzen Sie nicht an Ihrem Schreibtisch."}]},{"slug":"chair","title":"Stuhl","phrases":[{"type":"🙋","phrase":"Kann ich mich zu Dir setzen?"},{"type":"❓","phrase":"Welcher Stuhl gehört mir?"},{"type":"☝️","phrase":"Ist dieser Stuhl besetzt?"},{"type":"🥛","phrase":"Ich verschüttete mich auf meinem Stuhl."}]},{"slug":"book","title":"Buch","phrases":[{"type":"📙","phrase":"Lehrbuch"},{"type":"📒","phrase":"Arbeitsmappe"},{"type":"📚","phrase":"Ein Buch lesen."},{"type":"😇","phrase":"Kann ich mir dein Buch ausleihen?"},{"type":"📃","phrase":"Auf welcher Seite sind wir?"},{"type":"☝️","phrase":"Blättern Sie die Seite um."},{"type":"😱","phrase":"Ich habe mein Buch verloren."}]},{"slug":"notebook","title":"Notizbuch","phrases":[{"type":"📝","phrase":"Notizen machen."},{"type":"🖐️","phrase":"Ich mache mir Notizen."},{"type":"😱","phrase":"Ich habe mein Notizbuch verloren."}]},{"slug":"backpack","title":"Rucksack","phrases":[{"type":"👜","phrase":"Ich trage meinen Rucksack."},{"type":"💡","phrase":"Ich stecke meine Bücher in meinen Rucksack."},{"type":"🙋","phrase":"Ich brauche einen neuen Rucksack."},{"type":"🙏🏼","phrase":"Danke, dass du meinen Rucksack getragen hast."},{"type":"😱","phrase":"Ich habe meinen Rucksack verloren."},{"type":"⚖️","phrase":"Mein Rucksack ist schwer."}]},{"slug":"blackboard","title":"Tafel","phrases":[{"type":"👀","phrase":"Schauen Sie an die Tafel."},{"type":"🧽","phrase":"Reinigung der Tafel."},{"type":"🧮","phrase":"Das Problem an der Tafel lösen."},{"type":"📝","phrase":"Notiz an der Tafel."},{"type":"🖊️","phrase":"Gib mir eine Kreide."}]},{"slug":"teacher","title":"Lehrer","phrases":[{"type":"🤔","phrase":"Ich verstehe diesen Teil nicht."},{"type":"🔁","phrase":"Können Sie den letzten Teil wiederholen?"},{"type":"🚻","phrase":"Kann ich auf die Toilette gehen?"},{"type":"❓","phrase":"Welches Thema?"},{"type":"😀","phrase":"Ich mag dieses Thema."},{"type":"😔","phrase":"Ich mag dieses Thema nicht."},{"type":"🙏🏼","phrase":"Danke für die Lektion."}]},{"slug":"school-bus","title":"Schulbus","phrases":[{"type":"⌛","phrase":"Der Schulbus kommt."},{"type":"❓","phrase":"Kann ich neben dir sitzen?"},{"type":"🙏🏼","phrase":"Danke Busfahrer!"},{"type":"⏱️","phrase":"Der Schulbus war spät dran."}]},{"slug":"pencil","title":"Bleistift","phrases":[{"type":"✏️","phrase":"Ich schreibe."},{"type":"🎓","phrase":"Ich lerne schreiben."},{"type":"🙋","phrase":"Ich brauche einen neuen Bleistift."},{"type":"😇","phrase":"Kann ich mir deinen Bleistift ausleihen?"},{"type":"😱","phrase":"Ich habe meinen Bleistift verloren."}]},{"slug":"eraser","title":"Radiergummi","phrases":[{"type":"🧽","phrase":"Ich lösche es gerade."},{"type":"🙋","phrase":"Ich brauche einen neuen Radiergummi."},{"type":"😇","phrase":"Kann ich deinen Radiergummi ausleihen?"},{"type":"😱","phrase":"Ich habe meinen Radiergummi verloren."}]},{"slug":"ruler","title":"Herrscher","phrases":[{"type":"📏","phrase":"Ich messe."},{"type":"🙋","phrase":"Ich brauche ein neues Lineal."},{"type":"😇","phrase":"Kann ich mir dein Lineal ausleihen?"},{"type":"😱","phrase":"Ich habe mein Lineal verloren."}]},{"slug":"sharpener","title":"Anspitzer","phrases":[{"type":"🔪","phrase":"Ich spitze meinen Bleistift."},{"type":"🙋","phrase":"Ich brauche einen neuen Anspitzer."},{"type":"😇","phrase":"Kann ich Ihren Anspitzer ausleihen?"},{"type":"😱","phrase":"Ich habe meinen Anspitzer verloren."}]},{"slug":"mathematics","title":"Mathematik","phrases":[{"type":"❤️","phrase":"Ich mag Mathematik."},{"type":"🙋","phrase":"Ich möchte Mathematik studieren."},{"type":"❌","phrase":"Ich mag keine Mathematik."},{"type":"⌚","phrase":"Wann ist Mathematikunterricht?"},{"type":"☝️","phrase":"Können Sie mir bei meinen Mathematik-Hausaufgaben helfen?"}]},{"slug":"literature","title":"Literatur","phrases":[{"type":"❤️","phrase":"Ich mag Literatur."},{"type":"🙋","phrase":"Ich möchte Literatur studieren."},{"type":"❌","phrase":"Ich mag keine Literatur."},{"type":"⌚","phrase":"Wann ist Literaturunterricht?"},{"type":"☝️","phrase":"Können Sie mir bei meinen Hausaufgaben helfen?"}]},{"slug":"science","title":"Wissenschaft","phrases":[{"type":"❤️","phrase":"Ich mag Wissenschaften."},{"type":"🙋","phrase":"Ich möchte Wissenschaft studieren."},{"type":"❌","phrase":"Ich mag keine Wissenschaft."},{"type":"⌚","phrase":"Wann ist Wissenschaftsunterricht?"},{"type":"☝️","phrase":"Können Sie mir bei meinen Hausaufgaben helfen?"}]},{"slug":"art-class","title":"Kunstunterricht","phrases":[{"type":"❤️","phrase":"Ich mag Kunstunterricht."},{"type":"🙋","phrase":"Ich möchte Kunstfertigkeiten üben."},{"type":"❌","phrase":"Ich mag keinen Kunstunterricht."},{"type":"⌚","phrase":"Wann ist Kunstunterricht?"},{"type":"☝️","phrase":"Kannst du mir bei meinen Hausaufgaben im Kunstunterricht helfen?"}]},{"slug":"music-class","title":"Musik Klasse","phrases":[{"type":"❤️","phrase":"Ich mag Musikunterricht."},{"type":"🙋","phrase":"Ich möchte musikalische Fähigkeiten üben."},{"type":"❌","phrase":"Ich mag keinen Musikunterricht."},{"type":"⌚","phrase":"Wann ist Musikunterricht?"},{"type":"☝️","phrase":"Kannst du mir bei meinen Hausaufgaben im Musikunterricht helfen?"}]},{"slug":"geography","title":"Erdkunde","phrases":[{"type":"❤️","phrase":"Ich mag Geographie."},{"type":"🙋","phrase":"Ich möchte Geographie studieren."},{"type":"❌","phrase":"Ich mag keine Geographie."},{"type":"⌚","phrase":"Wann ist Geographie?"},{"type":"☝️","phrase":"Können Sie mir bei meinen geografischen Hausaufgaben helfen?"}]},{"slug":"telescope","title":"Fernrohr","phrases":[{"type":"🌎","phrase":"Ich benutze das Teleskop."},{"type":"🙋","phrase":"Ich möchte das Teleskop benutzen."},{"type":"🌟","phrase":"Ich möchte die Sterne anschauen."}]},{"slug":"glue","title":"Kleben","phrases":[{"type":"👌","phrase":"Ich benutze Kleber."},{"type":"🙋","phrase":"Ich brauche einen neuen Kleber."},{"type":"😇","phrase":"Kann ich mir deinen Kleber ausleihen?"},{"type":"😱","phrase":"Ich habe meinen Kleber verloren."}]}]