[{"slug":"circle","title":"Kreis","phrases":[{"type":"👉","phrase":"Dies ist kreisförmig."},{"type":"❓","phrase":"Kannst du mir beibringen, wie man einen Kreis zeichnet?"}]},{"slug":"triangle","title":"Dreieck","phrases":[{"type":"👉","phrase":"Dies ist dreieckig."},{"type":"❓","phrase":"Können Sie mir beibringen, wie man ein Dreieck zeichnet?"}]},{"slug":"square","title":"Quadrat","phrases":[{"type":"👉","phrase":"Dies ist quadratisch geformt."},{"type":"❓","phrase":"Kannst du mir beibringen, wie man ein Quadrat zeichnet?"}]},{"slug":"rectangle","title":"Rechteck","phrases":[{"type":"👉","phrase":"Dies ist rechteckig."},{"type":"❓","phrase":"Können Sie mir beibringen, wie man Rechtecke zeichnet?"}]},{"slug":"star","title":"Star","phrases":[{"type":"👉","phrase":"Dies ist sternförmig."},{"type":"❓","phrase":"Kannst du mir beibringen, wie man Sterne zeichnet?"}]},{"slug":"pentagon","title":"Pentagon","phrases":[{"type":"👉","phrase":"Dies ist fünfeckig."},{"type":"❓","phrase":"Können Sie mir beibringen, wie man ein Fünfeck zeichnet?"}]},{"slug":"hexagon","title":"Hexagon","phrases":[{"type":"👉","phrase":"Dies ist sechseckig."},{"type":"❓","phrase":"Kannst du mir beibringen, wie man Sechsecke zeichnet?"}]},{"slug":"cross","title":"Kreuz","phrases":[{"type":"👉","phrase":"Dies ist kreuzförmig."},{"type":"❓","phrase":"Kannst du mir beibringen, wie man ein Kreuz zeichnet?"}]},{"slug":"ellipse","title":"Ellipse","phrases":[{"type":"👉","phrase":"Dies ist ellipsenförmig."},{"type":"❓","phrase":"Können Sie mir beibringen, wie man Ellipsen zeichnet?"}]},{"slug":"arrow","title":"Pfeil","phrases":[{"type":"👉","phrase":"Dies ist pfeilförmig."},{"type":"❓","phrase":"Kannst du mir beibringen, wie man einen Pfeil zeichnet?"}]},{"slug":"crescent","title":"Halbmond","phrases":[{"type":"👉","phrase":"Dies ist halbmondförmig."},{"type":"❓","phrase":"Kannst du mir beibringen, wie man Halbmond zeichnet?"}]},{"slug":"heart","title":"Herz","phrases":[{"type":"👉","phrase":"Das ist herzförmig."},{"type":"❓","phrase":"Kannst du mir beibringen, wie man ein Herz zeichnet?"}]},{"slug":"rhombus","title":"Rhombus","phrases":[{"type":"👉","phrase":"Dies ist rhombusförmig."},{"type":"❓","phrase":"Können Sie mir beibringen, wie man Rauten zeichnet?"}]},{"slug":"ring","title":"Ring","phrases":[{"type":"👉","phrase":"Dies ist ringförmig."},{"type":"❓","phrase":"Kannst du mir beibringen, wie man einen Ring zeichnet?"}]},{"slug":"semicircle","title":"Halbkreis","phrases":[{"type":"👉","phrase":"Dies ist halbkreisförmig."},{"type":"❓","phrase":"Können Sie mir beibringen, wie man einen Halbkreis zeichnet?"}]},{"slug":"trapezoid","title":"Trapez","phrases":[{"type":"👉","phrase":"Dies ist trapezförmig."},{"type":"❓","phrase":"Können Sie mir beibringen, wie man Trapez zeichnet?"}]},{"slug":"cube","title":"Würfel","phrases":[{"type":"👉","phrase":"Dies ist würfelförmig."},{"type":"❓","phrase":"Kannst du mir beibringen, wie man Würfel zeichnet?"}]},{"slug":"cylinder","title":"Zylinder","phrases":[{"type":"👉","phrase":"Dies ist zylinderförmig."},{"type":"❓","phrase":"Können Sie mir das Zeichnen von Zylindern beibringen?"}]}]