[{"slug":"chips","title":"Chips","phrases":[{"type":"❤️","phrase":"Ich esse gerne Pommes."},{"type":"🙋","phrase":"Ich möchte Pommes essen."},{"type":"🤢","phrase":"Zu viel Chips zu essen ist schlecht für mich."}]},{"slug":"donut","title":"Krapfen","phrases":[{"type":"❤️","phrase":"Ich esse gerne Donut."},{"type":"🙋","phrase":"Ich möchte Donut essen."},{"type":"🤢","phrase":"Zu viel Donut zu essen ist schlecht für mich."}]},{"slug":"taco","title":"Taco","phrases":[{"type":"❤️","phrase":"Ich esse gerne Tacos."},{"type":"🙋","phrase":"Ich möchte Taco essen."},{"type":"🤢","phrase":"Zu viel Tacos zu essen ist schlecht für mich."}]},{"slug":"peanuts","title":"Erdnüsse","phrases":[{"type":"❤️","phrase":"Ich esse gerne Erdnüsse."},{"type":"🙋","phrase":"Ich möchte Erdnüsse essen."},{"type":"🤢","phrase":"Zu viel Erdnüsse zu essen ist schlecht für mich."}]},{"slug":"croissant","title":"Croissant","phrases":[{"type":"❤️","phrase":"Ich esse gerne Croissants."},{"type":"🙋","phrase":"Ich möchte Croissant essen."},{"type":"🤢","phrase":"Zu viel Croissant zu essen ist schlecht für mich."}]},{"slug":"cookie","title":"Plätzchen","phrases":[{"type":"❤️","phrase":"Ich esse gerne Kekse."},{"type":"🙋","phrase":"Ich möchte einen Keks essen."},{"type":"🤢","phrase":"Zu viel Kekse zu essen ist schlecht für mich."}]},{"slug":"burrito","title":"Burrito","phrases":[{"type":"❤️","phrase":"Ich esse gerne Burrito."},{"type":"🙋","phrase":"Ich möchte Burrito essen."},{"type":"🤢","phrase":"Zu viel Burritos zu essen ist schlecht für mich."}]},{"slug":"ramen","title":"Ramen","phrases":[{"type":"❤️","phrase":"Ich esse gerne Ramen."},{"type":"🙋","phrase":"Ich möchte Ramen essen."},{"type":"🤢","phrase":"Zu viel Ramen zu essen ist schlecht für mich."}]},{"slug":"sushi","title":"Sushi","phrases":[{"type":"❤️","phrase":"Ich esse gerne Sushi."},{"type":"🙋","phrase":"Ich möchte Sushi essen."},{"type":"🤢","phrase":"Zu viel Sushi zu essen ist schlecht für mich."}]},{"slug":"chocolate","title":"Schokolade","phrases":[{"type":"❤️","phrase":"Ich esse gerne Schokolade."},{"type":"🙋","phrase":"Ich möchte Schokolade essen."},{"type":"🤢","phrase":"Zu viel Schokolade zu essen ist schlecht für mich."}]},{"slug":"apple-pie","title":"Apfelkuchen","phrases":[{"type":"❤️","phrase":"Ich esse gerne Apfelkuchen."},{"type":"🙋","phrase":"Ich möchte Apfelkuchen essen."},{"type":"🤢","phrase":"Zu viel Apfelkuchen zu essen ist schlecht für mich."}]},{"slug":"muffin","title":"Muffin","phrases":[{"type":"❤️","phrase":"Ich esse gerne Muffins."},{"type":"🙋","phrase":"Ich möchte Muffins essen."},{"type":"🤢","phrase":"Zu viel Muffins zu essen ist schlecht für mich."}]},{"slug":"pudding","title":"Pudding","phrases":[{"type":"❤️","phrase":"Ich esse gerne Pudding."},{"type":"🙋","phrase":"Ich möchte Pudding essen."},{"type":"🤢","phrase":"Zu viel Pudding zu essen ist schlecht für mich."}]},{"slug":"macaron","title":"Macaron","phrases":[{"type":"❤️","phrase":"Ich esse gerne Macaron."},{"type":"🙋","phrase":"Ich möchte Macaron essen."},{"type":"🤢","phrase":"Zu viel Macaron zu essen ist schlecht für mich."}]},{"slug":"crepe","title":"Krepp","phrases":[{"type":"❤️","phrase":"Ich esse gerne Crêpe."},{"type":"🙋","phrase":"Ich möchte Crêpe essen."},{"type":"🤢","phrase":"Zu viel Crepes zu essen ist schlecht für mich."}]},{"slug":"pizza","title":"Pizza","phrases":[{"type":"❤️","phrase":"Ich esse gerne Pizza."},{"type":"🙋","phrase":"Ich will Pizza essen."},{"type":"🤢","phrase":"Zu viel Pizza zu essen ist schlecht für mich."}]},{"slug":"skewer","title":"Spieß","phrases":[{"type":"❤️","phrase":"Ich esse gerne Spieß."},{"type":"🙋","phrase":"Ich möchte Spieß essen."},{"type":"🤢","phrase":"Zu viel Spieße zu essen ist schlecht für mich."}]},{"slug":"fast-food","title":"Fast Food","phrases":[{"type":"❤️","phrase":"Ich esse gerne Fast Food."},{"type":"🙋","phrase":"Ich möchte Fast Food essen."},{"type":"🤢","phrase":"Zu viel Fast Food zu essen ist schlecht für mich."}]}]