[{"slug":"basketball","title":"Basketball","phrases":[{"type":"❤️","phrase":"Ich spiele gerne Basketball."},{"type":"🙋","phrase":"Willst du Basketball spielen?"}]},{"slug":"boxing","title":"Boxen","phrases":[{"type":"❤️","phrase":"Ich mag boxen."},{"type":"🙋","phrase":"Willst du zusammen boxen?"}]},{"slug":"tennis","title":"Tennis","phrases":[{"type":"❤️","phrase":"Ich mag es, Tennis zu spielen."},{"type":"🙋","phrase":"Willst du Tennis spielen?"}]},{"slug":"golf","title":"Golf","phrases":[{"type":"❤️","phrase":"Ich spiele gerne Golf."},{"type":"🙋","phrase":"Möchten Sie Golf spielen?"}]},{"slug":"hockey","title":"Eishockey","phrases":[{"type":"❤️","phrase":"Ich spiele gerne Hockey."},{"type":"🙋","phrase":"Willst du Hockey spielen?"}]},{"slug":"swimming","title":"Schwimmen","phrases":[{"type":"❤️","phrase":"Ich gehe gerne Schwimmen."},{"type":"🙋","phrase":"Willst du schwimmen"}]},{"slug":"baseball","title":"Baseball","phrases":[{"type":"❤️","phrase":"Ich spiele gerne Baseball."},{"type":"🙋","phrase":"Willst du Baseball spielen?"}]},{"slug":"american-football","title":"American Football","phrases":[{"type":"❤️","phrase":"Ich spiele gerne American Football."},{"type":"🙋","phrase":"Möchten Sie American Football spielen?"}]},{"slug":"cricket","title":"Kricket","phrases":[{"type":"❤️","phrase":"Ich mag Cricket."},{"type":"🙋","phrase":"Willst du Cricket spielen?"}]},{"slug":"racing","title":"Rennen","phrases":[{"type":"❤️","phrase":"Ich mag Rennen."},{"type":"🙋","phrase":"Willst du zusammen fahren?"}]},{"slug":"skiing","title":"Skifahren","phrases":[{"type":"❤️","phrase":"Ich mag Ski fahren."},{"type":"🙋","phrase":"Möchtest du Ski fahren?"}]},{"slug":"volleyball","title":"Volleyball","phrases":[{"type":"❤️","phrase":"Ich spiele gerne Volleyball."},{"type":"🙋","phrase":"Möchtest du Volleyball spielen?"}]},{"slug":"fencing","title":"Fechten","phrases":[{"type":"❤️","phrase":"Ich mag Fechten."}]},{"slug":"referee","title":"Schiedsrichter","phrases":[{"type":"🏁","phrase":"Kann ich der Schiedsrichter sein?"}]},{"slug":"coach","title":"Trainer","phrases":[{"type":"🏁","phrase":"Kann ich dein Trainer sein?"}]},{"slug":"kendo","title":"Kendo","phrases":[]},{"slug":"table-tennis","title":"Tischtennis","phrases":[{"type":"❤️","phrase":"Ich spiele gerne Tischtennis."},{"type":"🙋","phrase":"Möchten Sie Tischtennis spielen?"}]},{"slug":"medal","title":"Medaille","phrases":[{"type":"😎","phrase":"Ich habe eine Medaille."}]},{"slug":"podium","title":"Podium","phrases":[]}]