[{"slug":"doll","title":"Puppe","phrases":[{"type":"❤️","phrase":"Ich mag Puppen."},{"type":"☝️","phrase":"Kann ich mit meinen Puppen spielen?"},{"type":"🙋","phrase":"Ich möchte eine Puppe als Geschenk."}]},{"slug":"teddy-bear","title":"Teddybär","phrases":[{"type":"❤️","phrase":"Ich mag Teddybären."},{"type":"☝️","phrase":"Kann ich mit meinem Teddybär spielen?"},{"type":"🙋","phrase":"Ich möchte einen Teddybär als Geschenk."}]},{"slug":"blocks","title":"Blöcke","phrases":[{"type":"❤️","phrase":"Ich mag Blöcke."},{"type":"☝️","phrase":"Kann ich mit meinen Blöcken spielen?"},{"type":"🙋","phrase":"Ich möchte einen Block als Geschenk."}]},{"slug":"spinner","title":"Spinner","phrases":[{"type":"❤️","phrase":"Ich mag Spinner."},{"type":"☝️","phrase":"Kann ich mit meinem Spinner spielen?"},{"type":"🙋","phrase":"Ich möchte einen Spinner als Geschenk."}]},{"slug":"nutcracker","title":"Nussknacker","phrases":[{"type":"❤️","phrase":"Ich mag Nussknacker."},{"type":"☝️","phrase":"Kann ich mit meinem Nussknacker spielen?"},{"type":"🙋","phrase":"Ich möchte einen Nussknacker als Geschenk."}]},{"slug":"video-games","title":"Videospiele","phrases":[{"type":"❤️","phrase":"Ich mag Videospiele."},{"type":"☝️","phrase":"Können wir zusammen Videospiele spielen?"},{"type":"🙋","phrase":"Ich möchte Videospiele als Geschenk."}]},{"slug":"cards","title":"Karten","phrases":[{"type":"❤️","phrase":"Ich spiele gerne Karten."},{"type":"☝️","phrase":"Kann ich mit meinen Karten spielen?"},{"type":"🙋","phrase":"Ich möchte Karten als Geschenk haben."}]},{"slug":"toy-car","title":"Spielzeugauto","phrases":[{"type":"❤️","phrase":"Ich mag Spielzeugautos."},{"type":"☝️","phrase":"Kann ich mit meinem Spielzeugauto spielen?"},{"type":"🙋","phrase":"Ich möchte ein Spielzeugauto als Geschenk."}]},{"slug":"sword","title":"Schwert","phrases":[{"type":"❤️","phrase":"Ich mag Spielzeugschwerter."},{"type":"☝️","phrase":"Kann ich mit meinem Spielzeugschwert spielen?"},{"type":"🙋","phrase":"Ich möchte ein Schwert als Geschenk."}]},{"slug":"yo-yo","title":"Jo-Jo","phrases":[{"type":"❤️","phrase":"Ich spiele gerne mit Jojo."},{"type":"☝️","phrase":"Kann ich mit meinem Jojo spielen?"},{"type":"🙋","phrase":"Ich möchte ein Jojo als Geschenk."}]},{"slug":"slingshot","title":"Schleuder","phrases":[{"type":"❤️","phrase":"Ich mag Schleudern."},{"type":"☝️","phrase":"Kann ich mit meiner Schleuder spielen?"},{"type":"🙋","phrase":"Ich möchte eine Schleuder als Geschenk."}]},{"slug":"water-gun","title":"Wasserpistole","phrases":[{"type":"❤️","phrase":"Ich mag Wasserpistole."},{"type":"☝️","phrase":"Kann ich mit meiner Wasserpistole spielen?"},{"type":"🙋","phrase":"Ich möchte eine Wasserpistole als Geschenk."}]},{"slug":"doll-house","title":"Puppenhaus","phrases":[{"type":"❤️","phrase":"Ich spiele gerne mit Puppenhaus."},{"type":"☝️","phrase":"Kann ich mit meinem Puppenhaus spielen?"},{"type":"🙋","phrase":"Ich möchte ein Puppenhaus als Geschenk."}]},{"slug":"viewer","title":"Zuschauer","phrases":[{"type":"❤️","phrase":"Ich spiele gerne mit dem Betrachter."},{"type":"🙋","phrase":"Ich möchte einen Betrachter als Geschenk."}]},{"slug":"board-game","title":"Brettspiel","phrases":[{"type":"❤️","phrase":"Ich mag Brettspiele."},{"type":"☝️","phrase":"Können wir Brettspiele spielen?"},{"type":"🙋","phrase":"Ich möchte ein Brettspiel als Geschenk."}]},{"slug":"rubiks-cube","title":"Zauberwürfel","phrases":[{"type":"❤️","phrase":"Ich mag es, Rubiks Würfel zu lösen."},{"type":"☝️","phrase":"Kann ich versuchen, den Zauberwürfel zu lösen?"},{"type":"🙋","phrase":"Ich möchte einen Zauberwürfel als Geschenk."}]},{"slug":"puzzle","title":"Puzzle","phrases":[{"type":"❤️","phrase":"Ich mag Rätsel."},{"type":"☝️","phrase":"Kann ich Rätsel lösen?"},{"type":"🙋","phrase":"Ich möchte Rätsel als Geschenk."}]},{"slug":"remote-control-car","title":"Ferngesteuertes Auto","phrases":[{"type":"❤️","phrase":"Ich mag mein ferngesteuertes Auto."},{"type":"☝️","phrase":"Kann ich mit meiner Fernbedienung spielen?"},{"type":"🙋","phrase":"Ich möchte ein ferngesteuertes Auto als Geschenk."}]},{"slug":"rocking-horse","title":"Schaukelpferd","phrases":[{"type":"❤️","phrase":"Ich mag mein Schaukelpferd."},{"type":"☝️","phrase":"Kann ich mit dem Schaukelpferd spielen?"}]},{"slug":"scooter","title":"Roller","phrases":[{"type":"❤️","phrase":"Ich mag meinen Roller."},{"type":"🙋","phrase":"Ich möchte einen Roller als Geschenk."}]},{"slug":"pyramid","title":"Pyramide","phrases":[{"type":"❤️","phrase":"Ich mag Pyramiden."},{"type":"🙋","phrase":"Ich möchte eine Pyramide als Geschenk."}]},{"slug":"cart","title":"Wagen","phrases":[{"type":"❤️","phrase":"Ich mag meinen Spielzeugwagen."},{"type":"🙋","phrase":"Können Sie mir helfen, meine Spielsachen aufzuräumen?"}]},{"slug":"aeroplane","title":"Flugzeug","phrases":[{"type":"❤️","phrase":"Ich mag Flugzeuge."},{"type":"☝️","phrase":"Kann ich mit meinem Flugzeug spielen?"},{"type":"🙋","phrase":"Ich möchte ein Flugzeug als Geschenk."}]},{"slug":"sand-bucket","title":"Sandwanne","phrases":[{"type":"❤️","phrase":"Ich mag Sandeimer."},{"type":"☝️","phrase":"Kann ich mit meinem Sandeimer eine Burg bauen?"}]}]