[{"slug":"train","title":"Zug","phrases":[{"type":"🙋","phrase":"Ich möchte den Zug nehmen."},{"type":"❤️","phrase":"Ich mag Züge."}]},{"slug":"car","title":"Auto","phrases":[{"type":"🙋","phrase":"Ich möchte ein Auto fahren."},{"type":"❤️","phrase":"Ich mag Autos."}]},{"slug":"bicycle","title":"Fahrrad","phrases":[{"type":"🙋","phrase":"Ich möchte Fahrrad fahren."},{"type":"❤️","phrase":"Ich mag Fahrrad."}]},{"slug":"motorcycle","title":"Motorrad","phrases":[{"type":"🙋","phrase":"Ich möchte Motorrad fahren."},{"type":"❤️","phrase":"Ich mag Motorrad."}]},{"slug":"skateboard","title":"Skateboard","phrases":[{"type":"🙋","phrase":"Ich möchte skaten."},{"type":"❤️","phrase":"Ich mag Skateboard."}]},{"slug":"food-truck","title":"Fähre","phrases":[{"type":"🙋","phrase":"Ich möchte die Fähre nehmen."},{"type":"🧑‍🤝‍🧑","phrase":"Die Fähre ist überfüllt."}]},{"slug":"boat","title":"Boot","phrases":[{"type":"🙋","phrase":"Ich möchte ein Boot fahren."},{"type":"🧑‍🤝‍🧑","phrase":"Boot ist überfüllt."}]},{"slug":"ship","title":"Schiff","phrases":[{"type":"🙋","phrase":"Ich möchte an Bord eines Schiffes gehen."},{"type":"🧑‍🤝‍🧑","phrase":"Schiff ist überfüllt."}]},{"slug":"bus","title":"Bus","phrases":[{"type":"🙋","phrase":"Ich möchte den Bus nehmen."},{"type":"🧑‍🤝‍🧑","phrase":"Bus ist überfüllt."}]},{"slug":"minibus","title":"Kleinbus","phrases":[{"type":"🙋","phrase":"Ich möchte den Kleinbus nehmen."},{"type":"🧑‍🤝‍🧑","phrase":"Minibus ist überfüllt."}]},{"slug":"wheelchair","title":"Rollstuhl","phrases":[{"type":"♿","phrase":"Ich benutze einen Rollstuhl."},{"type":"👨‍🦽","phrase":"Er benutzt einen Rollstuhl."},{"type":"🙋","phrase":"Können Sie mir helfen, meinen Rollstuhl zu benutzen?"},{"type":"🖐️","phrase":"Kannst du mich schieben?"}]},{"slug":"taxi","title":"Taxi","phrases":[{"type":"🙋","phrase":"Ich möchte das Taxi nehmen."}]},{"slug":"airplane","title":"Flugzeug","phrases":[{"type":"🙋","phrase":"Ich möchte in einem Flugzeug fliegen."},{"type":"❤️","phrase":"Ich mag Flugzeuge."},{"type":"🧑‍🤝‍🧑","phrase":"Flugzeug ist überfüllt."}]},{"slug":"van","title":"Van","phrases":[{"type":"🙋","phrase":"Ich möchte in einem Van fahren."}]},{"slug":"hot-air-balloon","title":"Heißluft-Ballon","phrases":[{"type":"🙋","phrase":"Ich möchte mit einem Heißluftballon fliegen."},{"type":"❤️","phrase":"Ich mag Heißluftballon."}]},{"slug":"fire-truck","title":"Feuerwehrauto","phrases":[{"type":"🚨","phrase":"Feuerwehrautosirene."}]},{"slug":"police-car","title":"Polizeiauto","phrases":[{"type":"🚨","phrase":"Polizeiautosirene."},{"type":"❤️","phrase":"Ich mag Polizeiautos."}]},{"slug":"ambulance","title":"Krankenwagen","phrases":[{"type":"🚨","phrase":"Krankenwagensirene."}]},{"slug":"stretcher","title":"Bahre","phrases":[{"type":"🙋","phrase":"Kannst du mir mit meiner Trage helfen?"}]},{"slug":"helicopter","title":"Hubschrauber","phrases":[{"type":"🙋","phrase":"Ich möchte mit einem Hubschrauber fliegen."}]},{"slug":"trailer","title":"Anhänger","phrases":[{"type":"🙋","phrase":"Ich möchte in einem Anhänger fahren."}]},{"slug":"spaceship","title":"Raumschiff","phrases":[{"type":"❤️","phrase":"Ich mag Raumschiffe."},{"type":"🌌","phrase":"Ich möchte im Weltraum reisen."},{"type":"👽","phrase":"Ich möchte Aliens sehen."},{"type":"👩‍🚀","phrase":"Ich möchte zum Mars gehen."},{"type":"🚀","phrase":"Kannst du mich zu Mars Elon Musk bringen?"}]}]