[{"slug":"luggage","title":"Gepäck","phrases":[]},{"slug":"swimming","title":"Schwimmen","phrases":[]},{"slug":"passport","title":"Reisepass","phrases":[]},{"slug":"tent","title":"Zelt","phrases":[]},{"slug":"backpacking","title":"Rucksackreisen","phrases":[]},{"slug":"beach-chair","title":"Strandstuhl","phrases":[]},{"slug":"room-service","title":"Zimmerservice","phrases":[]},{"slug":"waiting-area","title":"Wartezone","phrases":[]},{"slug":"electric-socket","title":"Steckdose","phrases":[]},{"slug":"bag","title":"Tasche","phrases":[]},{"slug":"boarding-pass","title":"Bordkarte","phrases":[]},{"slug":"gps","title":"Geographisches Positionierungs System","phrases":[]},{"slug":"mountain","title":"Berg","phrases":[]},{"slug":"camera","title":"Kamera","phrases":[]},{"slug":"hotel","title":"Hotel","phrases":[]},{"slug":"bed","title":"Bett","phrases":[]},{"slug":"hotel-key","title":"Hotelschlüssel","phrases":[]},{"slug":"bonfire","title":"Lagerfeuer","phrases":[]},{"slug":"snorkling","title":"Schnorcheln","phrases":[]},{"slug":"action-camera","title":"Action-Kamera","phrases":[]}]