[{"slug":"cucumber","title":"Gurke","phrases":[{"type":"❤️","phrase":"Ich esse gerne Gurke."},{"type":"🙋","phrase":"Ich möchte eine Gurke essen."},{"type":"❌","phrase":"Ich mag keine Gurke."}]},{"slug":"onion","title":"Zwiebel","phrases":[{"type":"❤️","phrase":"Ich esse gerne Zwiebeln."},{"type":"🙋","phrase":"Ich möchte eine Zwiebel essen."},{"type":"❌","phrase":"Ich mag keine Zwiebeln."},{"type":"❌","phrase":"Ich mag den Geruch von Zwiebeln nicht."}]},{"slug":"garlic","title":"Knoblauch","phrases":[{"type":"❤️","phrase":"Ich esse gerne Knoblauch."},{"type":"🙋","phrase":"Ich möchte einen Knoblauch essen."},{"type":"❌","phrase":"Ich mag keinen Knoblauch."},{"type":"❌","phrase":"Ich mag den Geruch von Knoblauch nicht."}]},{"slug":"carrot","title":"Karotte","phrases":[{"type":"❤️","phrase":"Ich esse gerne Karotten."},{"type":"🙋","phrase":"Ich möchte eine Karotte essen."},{"type":"❌","phrase":"Ich mag keine Karotten."}]},{"slug":"cabbage","title":"Kohl","phrases":[{"type":"❤️","phrase":"Ich esse gerne Kohl."},{"type":"🙋","phrase":"Ich möchte einen Kohl essen."},{"type":"❌","phrase":"Ich mag keinen Kohl."}]},{"slug":"tomato","title":"Tomate","phrases":[{"type":"❤️","phrase":"Ich esse gerne Tomaten."},{"type":"🙋","phrase":"Ich möchte eine Tomate essen."},{"type":"❌","phrase":"Ich mag keine Tomaten."},{"type":"❤️","phrase":"Ich mag eine Tomatensuppe."}]},{"slug":"eggplant","title":"Aubergine","phrases":[{"type":"❤️","phrase":"Ich esse gerne Auberginen."},{"type":"🙋","phrase":"Ich möchte eine Aubergine essen."},{"type":"❌","phrase":"Ich mag keine Auberginen."}]},{"slug":"mushroom","title":"Pilz","phrases":[{"type":"❤️","phrase":"Ich esse gerne Pilze."},{"type":"🙋","phrase":"Ich möchte einen Pilz essen."},{"type":"❌","phrase":"Ich mag keinen Pilz."},{"type":"❤️","phrase":"Ich mag eine Pilzsuppe."}]},{"slug":"pepper","title":"Pfeffer","phrases":[{"type":"❤️","phrase":"Ich esse gerne Pfeffer."},{"type":"🙋","phrase":"Ich möchte einen Pfeffer essen."},{"type":"❌","phrase":"Ich mag keinen Pfeffer."}]},{"slug":"corn","title":"Mais","phrases":[{"type":"❤️","phrase":"Ich esse gerne Mais."},{"type":"🙋","phrase":"Ich möchte einen Mais essen."},{"type":"❌","phrase":"Ich mag keinen Mais."},{"type":"❤️","phrase":"Ich mag eine Maissuppe."}]},{"slug":"broccoli","title":"Brokkoli","phrases":[{"type":"❤️","phrase":"Ich esse gerne Brokkoli."},{"type":"🙋","phrase":"Ich möchte einen Brokkoli essen."},{"type":"❌","phrase":"Ich mag keinen Brokkoli."}]},{"slug":"celery","title":"Sellerie","phrases":[{"type":"❤️","phrase":"Ich esse gerne Sellerie."},{"type":"🙋","phrase":"Ich möchte einen Sellerie essen."},{"type":"❌","phrase":"Ich mag keinen Sellerie."}]},{"slug":"chili","title":"Chili","phrases":[{"type":"❤️","phrase":"Ich esse gerne Chili."},{"type":"🙋","phrase":"Ich möchte einen Chili essen."},{"type":"❌","phrase":"Ich mag kein Chili."}]},{"slug":"potato","title":"Kartoffel","phrases":[{"type":"❤️","phrase":"Ich esse gerne Kartoffeln."},{"type":"🙋","phrase":"Ich möchte eine Kartoffel essen."},{"type":"❌","phrase":"Ich mag keine Kartoffeln."},{"type":"❤️","phrase":"Ich esse gerne Kartoffelpommes."}]},{"slug":"asparagus","title":"Spargel","phrases":[{"type":"❤️","phrase":"Ich esse gerne Spargel."},{"type":"🙋","phrase":"Ich möchte einen Spargel essen."},{"type":"❌","phrase":"Ich mag keinen Spargel."}]},{"slug":"cauliflower","title":"Blumenkohl","phrases":[{"type":"❤️","phrase":"Ich esse gerne Blumenkohl."},{"type":"🙋","phrase":"Ich möchte einen Blumenkohl essen."},{"type":"❌","phrase":"Ich mag keinen Blumenkohl."}]},{"slug":"pumpkin","title":"Kürbis","phrases":[{"type":"❤️","phrase":"Ich esse gerne Kürbis."},{"type":"🙋","phrase":"Ich möchte einen Kürbis essen."},{"type":"❌","phrase":"Ich mag keinen Kürbis."},{"type":"❤️","phrase":"Ich mag eine Kürbissuppe."}]},{"slug":"beetroot","title":"Rote Beete","phrases":[{"type":"❤️","phrase":"Ich esse gerne Rote Beete."},{"type":"🙋","phrase":"Ich möchte Rote Beete essen."},{"type":"❌","phrase":"Rote Beete mag ich nicht."}]},{"slug":"bean","title":"Bohne","phrases":[{"type":"❤️","phrase":"Ich esse gerne Bohnen."},{"type":"🙋","phrase":"Ich möchte eine Bohne essen."},{"type":"❌","phrase":"Ich mag keine Bohnen."}]},{"slug":"lettuce","title":"Grüner Salat","phrases":[{"type":"❤️","phrase":"Ich esse gerne Salat."},{"type":"🙋","phrase":"Ich möchte einen Salat essen."},{"type":"❌","phrase":"Ich mag keinen Salat."},{"type":"❤️","phrase":"Ich mag es, wenn mein Salat mehr Salat hat."}]},{"slug":"radish","title":"Rettich","phrases":[{"type":"❤️","phrase":"Ich esse gerne Rettich."},{"type":"🙋","phrase":"Ich möchte einen Rettich essen."},{"type":"❌","phrase":"Ich mag keinen Rettich."}]},{"slug":"bok-choy","title":"Bok Choy","phrases":[{"type":"❤️","phrase":"Ich esse gerne Bok Choy."},{"type":"🙋","phrase":"Ich möchte einen Bok Choy essen."},{"type":"❌","phrase":"Ich mag Bok Choy nicht."}]},{"slug":"leek","title":"Lauch","phrases":[{"type":"❤️","phrase":"Ich esse gerne Lauch."},{"type":"🙋","phrase":"Ich möchte einen Lauch essen."},{"type":"❌","phrase":"Ich mag keinen Lauch."}]},{"slug":"peas","title":"Erbsen","phrases":[{"type":"❤️","phrase":"Ich esse gerne Erbsen."},{"type":"🙋","phrase":"Ich möchte Erbsen essen."},{"type":"❌","phrase":"Ich mag keine Erbsen."}]},{"slug":"ginger","title":"Ingwer","phrases":[{"type":"❤️","phrase":"Ich esse gerne Ingwer."},{"type":"🙋","phrase":"Ich möchte einen Ingwer essen."},{"type":"❌","phrase":"Ich mag keinen Ingwer."}]},{"slug":"sweet-potato","title":"Süßkartoffel","phrases":[{"type":"❤️","phrase":"Ich esse gerne Süßkartoffeln."},{"type":"🙋","phrase":"Ich möchte eine Süßkartoffel essen."},{"type":"❌","phrase":"Ich mag keine Süßkartoffeln."},{"type":"❤️","phrase":"Ich esse gerne gebratene Süßkartoffeln."}]},{"slug":"olives","title":"Oliven","phrases":[{"type":"❤️","phrase":"Ich esse gerne Oliven."},{"type":"🙋","phrase":"Ich möchte Oliven essen."},{"type":"❌","phrase":"Ich mag keine Oliven."},{"type":"❤️","phrase":"Ich mag Oliven in meiner Pizza."}]}]