[{"slug":"walking","title":"Walking","phrases":[{"type":"❤️","phrase":"I like walking"},{"type":"❌","phrase":"I don't like walking"},{"type":"🙋","phrase":"Do you want to walk together?"}]},{"slug":"running","title":"Running","phrases":[{"type":"❤️","phrase":"I like running."},{"type":"❌","phrase":"I don't like running."},{"type":"🙋","phrase":"Do you want to go running?"}]},{"slug":"talking","title":"Talking","phrases":[{"type":"❤️","phrase":"I like talking."},{"type":"❌","phrase":"I don't like talking."},{"type":"🙋","phrase":"Do you want to talk with me?"}]},{"slug":"reading","title":"Reading","phrases":[{"type":"❤️","phrase":"I like reading."},{"type":"❌","phrase":"I don't like reading."},{"type":"🙋","phrase":"Do you want to read together?"}]},{"slug":"football","title":"Football","phrases":[{"type":"❤️","phrase":"I like playing football."},{"type":"❌","phrase":"I don't like playing football."},{"type":"🙋","phrase":"Do you want to play football?"}]},{"slug":"basketball","title":"Basketball","phrases":[{"type":"❤️","phrase":"I like playing basketball."},{"type":"❌","phrase":"I don't like playing basketball."},{"type":"🙋","phrase":"Do you want to play basketball?"}]},{"slug":"swimming","title":"Swimming","phrases":[{"type":"❤️","phrase":"I like swimming."},{"type":"❌","phrase":"I don't like swimming."},{"type":"🙋","phrase":"Do you want to go to swimming?"}]},{"slug":"painting","title":"Painting","phrases":[{"type":"❤️","phrase":"I like painting."},{"type":"❌","phrase":"I don't like painting."},{"type":"🙋","phrase":"Do you want to paint together?"}]},{"slug":"drawing","title":"Drawing","phrases":[{"type":"❤️","phrase":"I like drawing."},{"type":"❌","phrase":"I don't like drawing."},{"type":"🙋","phrase":"Do you want to draw together?"}]},{"slug":"cycling","title":"Cycling","phrases":[{"type":"❤️","phrase":"I like cycling."},{"type":"❌","phrase":"I don't like cycling."},{"type":"🙋","phrase":"Do you want to go cycling?"}]},{"slug":"skating","title":"Skating","phrases":[{"type":"❤️","phrase":"I like skating."},{"type":"❌","phrase":"I don't like skating."},{"type":"🙋","phrase":"Do you want to go skating?"}]},{"slug":"sightseeing","title":"Sightseeing","phrases":[{"type":"❤️","phrase":"I like sightseeing."},{"type":"❌","phrase":"I don't like sightseeing."},{"type":"🙋","phrase":"Do you want to go for sightseeing?"}]},{"slug":"video-games","title":"Video games","phrases":[{"type":"❤️","phrase":"I like playing video games."},{"type":"❌","phrase":"I don't like playing video games."},{"type":"🙋","phrase":"Do you want to play games?"}]},{"slug":"tidying","title":"Tidying","phrases":[{"type":"❤️","phrase":"I like tidying my room."},{"type":"❌","phrase":"I don't like tidying my room."},{"type":"🙋","phrase":"Can you help me tidy my room?"}]},{"slug":"toys","title":"Toys","phrases":[{"type":"❤️","phrase":"I like toys."},{"type":"❌","phrase":"I don't like toys."},{"type":"🙋","phrase":"Do you want to play with my toys?"}]},{"slug":"puzzle","title":"Puzzle","phrases":[{"type":"❤️","phrase":"I like solving puzzle."},{"type":"❌","phrase":"I don't like solving puzzle."},{"type":"🙋","phrase":"Do you want to solve puzzles with me?"}]},{"slug":"comics","title":"Comics","phrases":[{"type":"❤️","phrase":"I like reading comics."},{"type":"❌","phrase":"I don't like reading comics."},{"type":"🙋","phrase":"Do you want to read comics?"}]},{"slug":"chess","title":"Chess","phrases":[{"type":"❤️","phrase":"I like playing chess."},{"type":"❌","phrase":"I don't like playing chess."},{"type":"🙋","phrase":"Do you want to play chess with me?"}]},{"slug":"using-leeloo","title":"Using Leeloo","phrases":[{"type":"❤️","phrase":"I like using leeloo."},{"type":"❌","phrase":"I don't like using leeloo."},{"type":"🙋","phrase":"Can you change card packs on leeloo?"}]},{"slug":"texting","title":"Texting","phrases":[{"type":"❤️","phrase":"I like texting."},{"type":"❌","phrase":"I don't like texting."}]},{"slug":"knitting","title":"Knitting","phrases":[{"type":"❤️","phrase":"I like knitting."},{"type":"❌","phrase":"I don't like knitting."},{"type":"🙋","phrase":"I want to learn how to knit."}]},{"slug":"bowling","title":"Bowling","phrases":[{"type":"❤️","phrase":"I like bowling."},{"type":"❌","phrase":"I don't like bowling."},{"type":"🙋","phrase":"Do you want to play bowling with me?"}]},{"slug":"watching-tv","title":"Watching TV","phrases":[{"type":"❤️","phrase":"I like watching tv."},{"type":"❌","phrase":"I don't like watching tv."},{"type":"🙋","phrase":"Do you want to watch tv?"}]},{"slug":"fishing","title":"Fishing","phrases":[{"type":"❤️","phrase":"I like fishing."},{"type":"❌","phrase":"I don't like fishing."},{"type":"🙋","phrase":"Do you want to go to fishing?"}]},{"slug":"exercising","title":"Exercising","phrases":[{"type":"❤️","phrase":"I like exercising."},{"type":"❌","phrase":"I don't like exercising."},{"type":"🙋","phrase":"Do you want to exercise with me?"}]},{"slug":"tennis","title":"Tennis","phrases":[{"type":"❤️","phrase":"I like playing tennis."},{"type":"❌","phrase":"I don't like playing tennis."},{"type":"🙋","phrase":"Do you want to play tennis with me?"}]}]