[{"slug":"pants","title":"Pants","phrases":[{"type":"🧼","phrase":"My pants are dirty."},{"type":"🙋","phrase":"Can you help me wear my pants?"}]},{"slug":"shirt","title":"Shirt","phrases":[{"type":"🧼","phrase":"My shirt is dirty."},{"type":"🙋","phrase":"Can you help me wear my shirt?"}]},{"slug":"skirt","title":"Skirt","phrases":[{"type":"🧼","phrase":"My skirt is dirty."},{"type":"🙋","phrase":"Can you help me wear my skirt?"}]},{"slug":"panty","title":"Panty","phrases":[{"type":"🧼","phrase":"My underwear is dirty."},{"type":"🙋","phrase":"Can you help me wear my panty?"}]},{"slug":"jacket","title":"Jacket","phrases":[{"type":"🧼","phrase":"My jacket is dirty."},{"type":"🙋","phrase":"Can you help me wear my jacket?"}]},{"slug":"tie","title":"Tie","phrases":[{"type":"❤️","phrase":"I like wearing tie."},{"type":"🙋","phrase":"Can you help me tie my tie?"}]},{"slug":"baseball-cap","title":"Baseball cap","phrases":[{"type":"❤️","phrase":"I like wearing baseball cap."},{"type":"❓","phrase":"Which baseball cap should I wear?"}]},{"slug":"dress","title":"Dress","phrases":[{"type":"🧼","phrase":"My dress is dirty."},{"type":"🙋","phrase":"Can you help me wear my dress?"}]},{"slug":"shoes","title":"Shoes","phrases":[{"type":"🧼","phrase":"My shoes are dirty."},{"type":"🙋","phrase":"Can you help me wear my shoes?"}]},{"slug":"boots","title":"Boots","phrases":[{"type":"🧼","phrase":"My boots are dirty."},{"type":"🙋","phrase":"Can you help me wear my boots?"}]},{"slug":"sneakers","title":"Sneakers","phrases":[{"type":"🎈","phrase":"I want to wear my sneakers."},{"type":"🙋","phrase":"Can you help me wear my sneakers?"}]},{"slug":"slippers","title":"Slippers","phrases":[{"type":"🎈","phrase":"I want to wear my slippers."},{"type":"🙋","phrase":"Can you help me wear my slippers?"}]},{"slug":"belt","title":"Belt","phrases":[{"type":"❤️","phrase":"I like wearing belt."},{"type":"🙋","phrase":"Can you help me wear my belt?"}]},{"slug":"socks","title":"Socks","phrases":[{"type":"🧼","phrase":"My socks are dirty."},{"type":"🙋","phrase":"Can you help me wear my socks?"}]},{"slug":"swimsuit","title":"Swimsuit","phrases":[{"type":"❤️","phrase":"I want to wear my swimsuit."},{"type":"🙋","phrase":"Can you help me wear my swimsuit?"}]},{"slug":"sweater","title":"Sweater","phrases":[{"type":"🧼","phrase":"My sweater is dirty."},{"type":"🙋","phrase":"Can you help me wear my sweater?"}]},{"slug":"scarf","title":"Scarf","phrases":[{"type":"❤️","phrase":"I like wearing scarf."},{"type":"🙋","phrase":"Can you help me wear my scarf?"}]},{"slug":"denim-shorts","title":"Denim shorts","phrases":[{"type":"🧼","phrase":"My denim shorts are dirty."},{"type":"🙋","phrase":"Can you help me wear my denim shorts?"}]},{"slug":"hoodies","title":"Hoodies","phrases":[{"type":"❤️","phrase":"I like wearing hoodies."},{"type":"🙋","phrase":"Can you help me wear my hoodie?"}]},{"slug":"swimming-shorts","title":"Swimming shorts","phrases":[{"type":"🧼","phrase":"My swimming shorts are dirty."},{"type":"🙋","phrase":"Can you help me wear my swimming shorts?"}]},{"slug":"bow-tie","title":"Bow tie","phrases":[{"type":"❤️","phrase":"I like wearing bow tie."},{"type":"🙋","phrase":"Can you help me wear my bow tie?"}]},{"slug":"leather-jacket","title":"Leather jacket","phrases":[{"type":"❤️","phrase":"I like wearing leather jacket."},{"type":"🙋","phrase":"Can you help me wear my leather jacket?"}]},{"slug":"bathrobe","title":"Bathrope","phrases":[{"type":"❤️","phrase":"I like wearing bathrobe."},{"type":"🙋","phrase":"Can you help me wear my bathrobe?"}]},{"slug":"jumpsuit","title":"Jumpsuit","phrases":[{"type":"❤️","phrase":"I like wearing jumpsuit."},{"type":"🙋","phrase":"Can you help me wear my jumpsuit?"}]},{"slug":"fedora-hat","title":"Fedora hat","phrases":[{"type":"❤️","phrase":"I like wearing fedora hat."},{"type":"🙋","phrase":"Can you help me wear my fedora hat?"}]},{"slug":"t-shirt","title":"T-shirt","phrases":[{"type":"❤️","phrase":"I like wearing t-shirt."},{"type":"🙋","phrase":"Can you help me wear my t-shirt?"}]},{"slug":"sleeveless","title":"Sleeveless","phrases":[{"type":"❤️","phrase":"I like wearing sleeveless."},{"type":"🙋","phrase":"Can you help me wear my sleeveless?"}]},{"slug":"boxers","title":"Boxers","phrases":[{"type":"❤️","phrase":"I like wearing boxers."},{"type":"🙋","phrase":"Can you help me wear my boxers?"}]},{"slug":"vest","title":"Vest","phrases":[{"type":"❤️","phrase":"I like wearing vest."},{"type":"🙋","phrase":"Can you help me wear my vest?"}]},{"slug":"pamela-hat","title":"Pamela hat","phrases":[{"type":"❤️","phrase":"I like wearing pamela hat."},{"type":"🙋","phrase":"Can you help me wear my pamela hat?"}]},{"slug":"high-heels","title":"High heels","phrases":[{"type":"❤️","phrase":"I like wearing high heels."},{"type":"🙋","phrase":"Can you help me wear my high heels?"}]},{"slug":"overalls","title":"Overalls","phrases":[{"type":"❤️","phrase":"I like wearing overalls."},{"type":"🙋","phrase":"Can you help me wear my overalls?"}]},{"slug":"kimono","title":"Kimono","phrases":[{"type":"❤️","phrase":"I like wearing kimono."},{"type":"🙋","phrase":"Can you help me wear my kimono?"}]},{"slug":"raincoat","title":"Raincoat","phrases":[{"type":"❤️","phrase":"I like wearing raincoat."},{"type":"🙋","phrase":"Can you help me wear my raincoat?"}]},{"slug":"bandana","title":"Bandana","phrases":[{"type":"❤️","phrase":"I like wearing bandana."},{"type":"🙋","phrase":"Can you help me wear my bandana?"}]},{"slug":"beret","title":"Beret","phrases":[{"type":"❤️","phrase":"I like wearing beret."},{"type":"🙋","phrase":"Can you help me wear my beret?"}]},{"slug":"knit-hat","title":"Knit hat","phrases":[{"type":"❤️","phrase":"I like wearing knit hat."},{"type":"🙋","phrase":"Can you help me wear my knit hat?"}]},{"slug":"suspenders","title":"Suspenders","phrases":[{"type":"❤️","phrase":"I like wearing suspenders."},{"type":"🙋","phrase":"Can you help me wear my suspenders?"}]},{"slug":"mitten","title":"Mitten","phrases":[{"type":"❤️","phrase":"I like wearing mitten."},{"type":"🙋","phrase":"Can you help me wear my mitten?"}]},{"slug":"suit","title":"Suit","phrases":[{"type":"❤️","phrase":"I like wearing suit."},{"type":"🙋","phrase":"Can you help me wear my suit?"}]},{"slug":"coat","title":"Coat","phrases":[{"type":"❤️","phrase":"I like wearing coat."},{"type":"🙋","phrase":"Can you help me wear my coat?"}]},{"slug":"trench-coat","title":"Trench coat","phrases":[{"type":"❤️","phrase":"I like wearing trench coat."},{"type":"🙋","phrase":"Can you help me wear my trench coat?"}]}]