[{"slug":"crayons","title":"Crayons","phrases":[{"type":"❤️","phrase":"I like crayons."},{"type":"🙋","phrase":"Can you give me crayons?"},{"type":"🖍️","phrase":"I want to draw using my crayons."}]},{"slug":"red","title":"Red","phrases":[{"type":"👉","phrase":"It is red."},{"type":"💜","phrase":"My favorite color is red."},{"type":"🙋","phrase":"Can you give me red paint?"}]},{"slug":"blue","title":"Blue","phrases":[{"type":"👉","phrase":"It is blue."},{"type":"💜","phrase":"My favorite color is blue."},{"type":"🙋","phrase":"Can you give me blue paint?"}]},{"slug":"orange","title":"Orange","phrases":[{"type":"👉","phrase":"It is orange color."},{"type":"💜","phrase":"My favorite color is orange."},{"type":"🙋","phrase":"Can you give me orange paint?"}]},{"slug":"green","title":"Green","phrases":[{"type":"👉","phrase":"It is green."},{"type":"💜","phrase":"My favorite color is green."},{"type":"🙋","phrase":"Can you give me green paint?"}]},{"slug":"yellow","title":"Yellow","phrases":[{"type":"👉","phrase":"It is yellow."},{"type":"💜","phrase":"My favorite color is yellow."},{"type":"🙋","phrase":"Can you give me yellow paint?"}]},{"slug":"purple","title":"Purple","phrases":[{"type":"👉","phrase":"It is purple."},{"type":"💜","phrase":"My favorite color is purple."},{"type":"🙋","phrase":"Can you give me purple paint?"}]},{"slug":"pink","title":"Pink","phrases":[{"type":"👉","phrase":"It is pink."},{"type":"💜","phrase":"My favorite color is pink."},{"type":"🙋","phrase":"Can you give me pink paint?"}]},{"slug":"brown","title":"Brown","phrases":[{"type":"👉","phrase":"It is brown."},{"type":"💜","phrase":"My favorite color is brown."},{"type":"🙋","phrase":"Can you give me brown paint?"}]},{"slug":"black","title":"Black","phrases":[{"type":"👉","phrase":"It is black."},{"type":"💜","phrase":"My favorite color is black."},{"type":"🙋","phrase":"Can you give me black paint?"}]},{"slug":"white","title":"White","phrases":[{"type":"👉","phrase":"It is white."},{"type":"💜","phrase":"My favorite color is white."},{"type":"🙋","phrase":"Can you give me white paint?"}]},{"slug":"gray","title":"Gray","phrases":[{"type":"👉","phrase":"It is gray."},{"type":"💜","phrase":"My favorite color is gray."},{"type":"🙋","phrase":"Can you give me gray paint?"}]},{"slug":"transparent","title":"Transparent","phrases":[{"type":"👉","phrase":"It is transparent."},{"type":"👀","phrase":"I can see behind transparent color."},{"type":"🙋","phrase":"Can you help me erase?"}]},{"slug":"cyan","title":"Cyan","phrases":[{"type":"👉","phrase":"It is cyan."},{"type":"💜","phrase":"My favorite color is cyan."},{"type":"🙋","phrase":"Can you give me cyan paint?"}]},{"slug":"violet","title":"Violet","phrases":[{"type":"👉","phrase":"It is violet."},{"type":"💜","phrase":"My favorite color is violet."},{"type":"🙋","phrase":"Can you give me violet paint?"}]},{"slug":"turquoise","title":"Turquoise","phrases":[{"type":"👉","phrase":"It is turquoise."},{"type":"💜","phrase":"My favorite color is turquose."},{"type":"🙋","phrase":"Can you give me turquose paint?"}]},{"slug":"lime","title":"Lime","phrases":[{"type":"👉","phrase":"It is lime."},{"type":"💜","phrase":"My favorite color is lime."},{"type":"🙋","phrase":"Can you give me lime paint?"}]},{"slug":"plum","title":"Plum","phrases":[{"type":"👉","phrase":"It is plum."},{"type":"💜","phrase":"My favorite color is plum."},{"type":"🙋","phrase":"Can you give me plum paint?"}]},{"slug":"tan","title":"Tan","phrases":[{"type":"👉","phrase":"It is tan color."},{"type":"💜","phrase":"My favorite color is tan color."},{"type":"🙋","phrase":"Can you give me tan color paint?"}]},{"slug":"avocado","title":"Avocado","phrases":[{"type":"👉","phrase":"It is avocado color."},{"type":"💜","phrase":"My favorite color is avocado color."},{"type":"🙋","phrase":"Can you give me avocado color paint?"}]},{"slug":"barbie-pink","title":"Barbie pink","phrases":[{"type":"👉","phrase":"It is barbie pink color."},{"type":"💜","phrase":"My favorite color is barbie pink."},{"type":"🙋","phrase":"Can you give me barbie pink paint?"}]},{"slug":"blizzard-blue","title":"Blizzard blue","phrases":[{"type":"👉","phrase":"It is blizzard blue color."},{"type":"💜","phrase":"My favorite color is blizzard blue color."},{"type":"🙋","phrase":"Can you give me blizzard blue paint?"}]}]