[{"slug":"coffee","title":"Coffee","phrases":[{"type":"❤️","phrase":"I like drinking coffee."},{"type":"🙋","phrase":"I want to drink coffee."}]},{"slug":"water","title":"Water","phrases":[{"type":"☝️","phrase":"I need to drink water."},{"type":"🙋","phrase":"I want to drink water."}]},{"slug":"juice","title":"Juice","phrases":[{"type":"❤️","phrase":"I like drinking juice."},{"type":"🙋","phrase":"I want to drink juice."}]},{"slug":"tea","title":"Tea","phrases":[{"type":"❤️","phrase":"I like drinking tea."},{"type":"🙋","phrase":"I want to drink tea."}]},{"slug":"grape-juice","title":"Grape juice","phrases":[{"type":"❤️","phrase":"I like drinking grape juice."},{"type":"🙋","phrase":"I want to drink grape juice."}]},{"slug":"milk","title":"Milk","phrases":[{"type":"❤️","phrase":"I like drinking milk."},{"type":"🙋","phrase":"I want to drink milk."}]},{"slug":"milkshake","title":"Milkshake","phrases":[{"type":"❤️","phrase":"I like drinking milkshake."},{"type":"🙋","phrase":"I want to drink milkshake."}]},{"slug":"orange-juice","title":"Orange juice","phrases":[{"type":"❤️","phrase":"I like drinking orange juice."},{"type":"🙋","phrase":"I want to drink orange juice."}]},{"slug":"apple-juice","title":"Apple juice","phrases":[{"type":"❤️","phrase":"I like drinking apple juice."},{"type":"🙋","phrase":"I want to drink apple juice."}]},{"slug":"pineapple-juice","title":"Pineapple Juice","phrases":[{"type":"❤️","phrase":"I like drinking pineapple juice."},{"type":"🙋","phrase":"I want to drink pineapple juice."}]},{"slug":"lemonade","title":"Lemonade","phrases":[{"type":"❤️","phrase":"I like drinking lemonade."},{"type":"🙋","phrase":"I want to drink lemonade."}]},{"slug":"coke","title":"Coke","phrases":[{"type":"❤️","phrase":"I like drinking coke."},{"type":"🙋","phrase":"I want to drink coke."}]},{"slug":"soda","title":"Soda","phrases":[{"type":"❤️","phrase":"I like drinking soda."},{"type":"🙋","phrase":"I want to drink soda."}]},{"slug":"frappe","title":"Frappe","phrases":[{"type":"❤️","phrase":"I like drinking frappe."},{"type":"🙋","phrase":"I want to drink frappe."}]},{"slug":"smoothie","title":"Smoothie","phrases":[{"type":"❤️","phrase":"I like drinking smoothie."},{"type":"🙋","phrase":"I want to drink smoothie."}]},{"slug":"iced-tea","title":"Iced tea","phrases":[{"type":"❤️","phrase":"I like drinking iced tea."},{"type":"🙋","phrase":"I want to drink iced tea."}]},{"slug":"hot-chocolate","title":"Hot chocolate","phrases":[{"type":"❤️","phrase":"I like drinking hot chocolate."},{"type":"🙋","phrase":"I want to drink hot chocolate."}]},{"slug":"mineral-water","title":"Mineral water","phrases":[{"type":"❤️","phrase":"I like drinking mineral water."},{"type":"🙋","phrase":"I want to drink mineral water."}]}]