[{"slug":"cotton-candy","title":"Cotto candy","phrases":[{"type":"❤️","phrase":"I like eating cotton candy."}]},{"slug":"magic-hat","title":"Magic hat","phrases":[{"type":"❤️","phrase":"I like wearing magic hat."}]},{"slug":"ferris-wheel","title":"Ferris wheel","phrases":[{"type":"❤️","phrase":"I like riding in the ferris wheel."}]},{"slug":"bowling","title":"Bowling","phrases":[{"type":"❤️","phrase":"I like playing bowling."}]},{"slug":"bumper-car","title":"Bumper car","phrases":[{"type":"❤️","phrase":"I like riding in the bumper car."}]},{"slug":"carousel","title":"Carousel","phrases":[{"type":"❤️","phrase":"I like riding in the carousel."}]},{"slug":"balloons","title":"Balloons","phrases":[{"type":"❤️","phrase":"I like balloons."}]},{"slug":"cups","title":"Cups","phrases":[]},{"slug":"unicycle","title":"Unicylce","phrases":[]},{"slug":"circus-tent","title":"Circus tent","phrases":[]},{"slug":"food-truck","title":"Food truck","phrases":[]},{"slug":"tea-cup-ride","title":"Tea cup ride","phrases":[]},{"slug":"whack-a-mole","title":"Whack a mole","phrases":[]},{"slug":"food-stall","title":"Food stall","phrases":[]},{"slug":"claw-machine","title":"Claw machine","phrases":[]},{"slug":"shooting-target","title":"Shooting target","phrases":[]},{"slug":"teddy-bear","title":"Teddy bear","phrases":[]},{"slug":"fireworks","title":"Fireworks","phrases":[]},{"slug":"caramelized-apple","title":"Caramelized apple","phrases":[]},{"slug":"ring","title":"Ring","phrases":[]}]