[{"slug":"happy","title":"Happy","phrases":[{"type":"🖐️","phrase":"I'm happy."},{"type":"🙋","phrase":"I feel happy."},{"type":"❓","phrase":"Do you feel happy?"},{"type":"☝️","phrase":"I want to feel happy."},{"type":"🎈","phrase":"You are making me happy."}]},{"slug":"sad","title":"Sad","phrases":[{"type":"🖐️","phrase":"I'm sad."},{"type":"🙋","phrase":"I feel sad."},{"type":"❓","phrase":"Do you feel sad?"},{"type":"☝️","phrase":"I don't want to feel sad."},{"type":"😠","phrase":"You are making me sad."}]},{"slug":"exhausted","title":"Exhausted","phrases":[{"type":"🖐️","phrase":"I'm exhausted."},{"type":"🙋","phrase":"I feel exhausted."},{"type":"❓","phrase":"Do you feel exhausted?"},{"type":"☝️","phrase":"I don't want to be exhausted."}]},{"slug":"relaxed","title":"Relaxed","phrases":[{"type":"🖐️","phrase":"I'm relaxed."},{"type":"🙋","phrase":"I feel relaxed."},{"type":"❓","phrase":"Do you feel relaxed?"},{"type":"☝️","phrase":"I want to feel relaxed."}]},{"slug":"in-love","title":"In love","phrases":[{"type":"🖐️","phrase":"I'm in love."},{"type":"🙋","phrase":"I feel in love."},{"type":"❓","phrase":"Are you in love?"},{"type":"☝️","phrase":"I want to fall in love."},{"type":"👉","phrase":"Do you love me?"}]},{"slug":"stressed","title":"Stressed","phrases":[{"type":"🖐️","phrase":"I'm stressed."},{"type":"🙋","phrase":"I feel stressed."},{"type":"❓","phrase":"Do you feel stressed?"},{"type":"☝️","phrase":"I don't want to feel stressed."}]},{"slug":"thankful","title":"Thankful","phrases":[{"type":"🖐️","phrase":"I'm thankful."},{"type":"🙋","phrase":"I feel thankful."},{"type":"❓","phrase":"Do you feel thankful?"},{"type":"☝️","phrase":"I want to feel thankful."}]},{"slug":"confused","title":"Confused","phrases":[{"type":"🖐️","phrase":"I'm confused."},{"type":"🙋","phrase":"I feel confused."},{"type":"❓","phrase":"Do you feel confused?"},{"type":"☝️","phrase":"You are confusing me."}]},{"slug":"joyful","title":"Joyful","phrases":[{"type":"🖐️","phrase":"I'm joyful."},{"type":"🙋","phrase":"I feel joyful."},{"type":"❓","phrase":"Do you feel joyful?"},{"type":"☝️","phrase":"I want to feel joyful."}]},{"slug":"angry","title":"Angry","phrases":[{"type":"🖐️","phrase":"I'm angry."},{"type":"🙋","phrase":"I feel angry."},{"type":"❓","phrase":"Do you feel angry?"},{"type":"☝️","phrase":"I'm angry at you."},{"type":"😠","phrase":"You are making me angry."}]},{"slug":"smart","title":"Smart","phrases":[{"type":"🖐️","phrase":"I'm smart."},{"type":"🙋","phrase":"I feel smart."},{"type":"❓","phrase":"Do you feel smart?"},{"type":"☝️","phrase":"Am I smart?"},{"type":"👉","phrase":"You are smart!"}]},{"slug":"afraid","title":"Afraid","phrases":[{"type":"🖐️","phrase":"I'm afraid."},{"type":"🙋","phrase":"I feel afraid."},{"type":"❓","phrase":"Do you feel afraid?"},{"type":"☝️","phrase":"I don't want to feel afraid."},{"type":"😠","phrase":"You are scaring me."}]},{"slug":"ashamed","title":"Ashamed","phrases":[{"type":"🖐️","phrase":"I'm ashamed."},{"type":"🙋","phrase":"I feel ashamed."},{"type":"❓","phrase":"Do you feel ashamed?"},{"type":"☝️","phrase":"I don't want to feel ashamed."}]},{"slug":"shocked","title":"Shocked","phrases":[{"type":"🖐️","phrase":"I'm shocked."},{"type":"🙋","phrase":"I feel shocked."},{"type":"❓","phrase":"Do you feel shocked?"},{"type":"☝️","phrase":"You shocked me."}]},{"slug":"sick","title":"Sick","phrases":[{"type":"🖐️","phrase":"I'm sick."},{"type":"🙋","phrase":"I feel sick."},{"type":"❓","phrase":"Do you feel sick?"},{"type":"☝️","phrase":"I don't want to be sick."},{"type":"🤢","phrase":"I'm sick of the food."}]},{"slug":"frustrated","title":"Frustrated","phrases":[{"type":"🖐️","phrase":"I'm frustrated."},{"type":"🙋","phrase":"I feel frustrated."},{"type":"❓","phrase":"Do you feel frustrated?"},{"type":"☝️","phrase":"I don't want to feel frustrated."}]},{"slug":"excited","title":"Excited","phrases":[{"type":"🖐️","phrase":"I'm excited."},{"type":"🙋","phrase":"I feel excited."},{"type":"❓","phrase":"Do you feel excited?"},{"type":"☝️","phrase":"I don't want to feel excited."}]},{"slug":"nauseated","title":"Nauseated","phrases":[{"type":"🖐️","phrase":"I'm nauseated."},{"type":"🙋","phrase":"I feel nauseated."},{"type":"❓","phrase":"Do you feel nauseated?"},{"type":"☝️","phrase":"I don't want to feel nauseated."}]},{"slug":"agitated","title":"Agitated","phrases":[{"type":"🖐️","phrase":"I'm agitated."},{"type":"🙋","phrase":"I feel agitated."},{"type":"❓","phrase":"Do you feel agitated?"},{"type":"☝️","phrase":"I don't want to feel agitated."}]}]