[{"slug":"hungry","title":"Hungry","phrases":[{"type":"‼️","phrase":"I'm hungry."},{"type":"❓","phrase":"Are you hungry?"},{"type":"🙋","phrase":"Can you make me food?"},{"type":"🍳","phrase":"What is for dinner?"}]},{"slug":"thirsty","title":"Thirsty","phrases":[{"type":"‼️","phrase":"I'm thirsty."},{"type":"🌊","phrase":"Can I have some water?"},{"type":"🥛","phrase":"Can I have a glass of water?"},{"type":"🙋","phrase":"I want something to drink."}]},{"slug":"cutlery","title":"Cutlery","phrases":[{"type":"🙋","phrase":"I need cutlery."},{"type":"🍽️","phrase":"Help me use cutlery."},{"type":"🍴","phrase":"I need a fork."},{"type":"🥄","phrase":"I need a spoon."},{"type":"🥢","phrase":"I need chopsticks."},{"type":"🔪","phrase":"I need a knife."},{"type":"🧻","phrase":"I need a napkin."}]},{"slug":"apple","title":"Apple","phrases":[{"type":"❤️","phrase":"I like apple."},{"type":"❌","phrase":"I don't like apple."},{"type":"🙋","phrase":"I want to eat an apple."}]},{"slug":"carrot","title":"Carrot","phrases":[{"type":"❤️","phrase":"I like carrot."},{"type":"❌","phrase":"I don't like carrot."},{"type":"🙋","phrase":"I want to eat a carrot."}]},{"slug":"beans","title":"Beans","phrases":[{"type":"❤️","phrase":"I like beans."},{"type":"❌","phrase":"I don't like beans."},{"type":"🙋","phrase":"I want to eat beans."}]},{"slug":"chicken","title":"Chicken","phrases":[{"type":"❤️","phrase":"I like chicken."},{"type":"❌","phrase":"I don't like chicken."},{"type":"🙋","phrase":"I want to eat chicken."},{"type":"🍗","phrase":"I want fried chicken."},{"type":"🐣","phrase":"I want boiled chicken."}]},{"slug":"chocolate","title":"Chocolate","phrases":[{"type":"❤️","phrase":"I like chocolate."},{"type":"❌","phrase":"I don't like chocolate."},{"type":"🙋","phrase":"I want to eat chocolate."},{"type":"⚫","phrase":"I want dark chocolate."},{"type":"⚪","phrase":"I want white chocolate."}]},{"slug":"milk","title":"Milk","phrases":[{"type":"❤️","phrase":"I like milk."},{"type":"❌","phrase":"I don't like milk."},{"type":"🙋","phrase":"I want to drink milk."},{"type":"🍳","phrase":"Can I have a glass of milk?"}]},{"slug":"sandwich","title":"Sandwich","phrases":[{"type":"❤️","phrase":"I like sandwich."},{"type":"❌","phrase":"I don't like sandwich."},{"type":"🙋","phrase":"I want to eat a sandwich."},{"type":"🍳","phrase":"Can you make me a sandwich?"}]},{"slug":"steak","title":"Steak","phrases":[{"type":"❤️","phrase":"I like steak."},{"type":"❌","phrase":"I don't like steak."},{"type":"🙋","phrase":"I want to eat steak."},{"type":"🍳","phrase":"Can you cook steak for me?"}]},{"slug":"banana","title":"Banana","phrases":[{"type":"❤️","phrase":"I like banana."},{"type":"❌","phrase":"I don't like banana."},{"type":"🙋","phrase":"I want to eat a banana."}]},{"slug":"pie","title":"Pie","phrases":[{"type":"❤️","phrase":"I like pie."},{"type":"❌","phrase":"I don't like pie."},{"type":"🙋","phrase":"I want to eat pie."},{"type":"🍳","phrase":"Can you bake a pie for me?"}]},{"slug":"egg","title":"Egg","phrases":[{"type":"❤️","phrase":"I like egg."},{"type":"❌","phrase":"I don't like egg."},{"type":"🙋","phrase":"I want to eat egg."},{"type":"🍳","phrase":"I want fried eggs."},{"type":"🥚","phrase":"I want boiled eggs."}]},{"slug":"noodles","title":"Noodles","phrases":[{"type":"❤️","phrase":"I like noodles."},{"type":"❌","phrase":"I don't like noodles."},{"type":"🙋","phrase":"I want to eat noodles."},{"type":"🍳","phrase":"Can you cook noodles for me?"}]},{"slug":"salt","title":"Salt","phrases":[{"type":"🙋","phrase":"I want salt."},{"type":"❓","phrase":"Can you pass me the salt?"},{"type":"🧂","phrase":"Food is too salty."},{"type":"🧂","phrase":"My food needs some salt."}]},{"slug":"spices","title":"Spices","phrases":[{"type":"❤️","phrase":"I like spicy food."},{"type":"❌","phrase":"I don't like spicy food."},{"type":"🙋","phrase":"I want paprika."},{"type":"⚫","phrase":"I want black pepper."}]},{"slug":"pizza","title":"Pizza","phrases":[{"type":"❤️","phrase":"I like pizza."},{"type":"❌","phrase":"I don't like pizza."},{"type":"🙋","phrase":"I want to eat pizza."},{"type":"🍳","phrase":"Can you cook pizza for me?"},{"type":"☝️","phrase":"Can we order pizza?"}]},{"slug":"cheese","title":"Cheese","phrases":[{"type":"❤️","phrase":"I like cheese."},{"type":"❌","phrase":"I don't like cheese."},{"type":"🙋","phrase":"I want to eat cheese."}]},{"slug":"fish","title":"Fish","phrases":[{"type":"❤️","phrase":"I like fish."},{"type":"❌","phrase":"I don't like fish."},{"type":"🙋","phrase":"I want to eat fish."},{"type":"🍳","phrase":"Can you cook fish for me?"}]},{"slug":"ice-cream","title":"Ice cream","phrases":[{"type":"❤️","phrase":"I like ice cream."},{"type":"❌","phrase":"I don't like ice cream."},{"type":"🙋","phrase":"I want to eat ice cream."},{"type":"☝️","phrase":"Can you buy ice cream for me?"}]},{"slug":"tea","title":"Tea","phrases":[{"type":"❤️","phrase":"I like tea."},{"type":"❌","phrase":"I don't like tea."},{"type":"🙋","phrase":"I want to drink tea."},{"type":"🍳","phrase":"Can you make tea for me?"}]},{"slug":"coffee","title":"Coffee","phrases":[{"type":"❤️","phrase":"I like coffee."},{"type":"❌","phrase":"I don't like coffee."},{"type":"🙋","phrase":"I want to drink coffee."},{"type":"🍳","phrase":"Can you make coffee for me?"}]},{"slug":"tomato","title":"Tomato","phrases":[{"type":"❤️","phrase":"I like tomato."},{"type":"❌","phrase":"I don't like tomato."},{"type":"🙋","phrase":"I want to eat tomato."}]},{"slug":"cereal","title":"Cereal","phrases":[{"type":"❤️","phrase":"I like cereal."},{"type":"❌","phrase":"I don't like cereal."},{"type":"🙋","phrase":"I want to eat cereal."},{"type":"🍳","phrase":"Can you make me cereal?"}]},{"slug":"burger","title":"Burger","phrases":[{"type":"❤️","phrase":"I like burger."},{"type":"❌","phrase":"I don't like burger."},{"type":"🙋","phrase":"I want to eat burger."},{"type":"🍳","phrase":"Can you cook burger for me?"},{"type":"☝️","phrase":"Can we order burger?"}]},{"slug":"french-fries","title":"French fries","phrases":[{"type":"❤️","phrase":"I like french fries."},{"type":"❌","phrase":"I don't like french fries."},{"type":"🙋","phrase":"I want to eat french fries."},{"type":"🍳","phrase":"Can you cook french fries for me?"},{"type":"☝️","phrase":"Can we order french fries?"}]},{"slug":"spinach","title":"Spinach","phrases":[{"type":"❤️","phrase":"I like spinach."},{"type":"❌","phrase":"I don't like spinach."},{"type":"🙋","phrase":"I want to eat spinach."}]},{"slug":"rice","title":"Rice","phrases":[{"type":"❤️","phrase":"I like rice."},{"type":"❌","phrase":"I don't like rice."},{"type":"🙋","phrase":"I want to eat rice."},{"type":"🍳","phrase":"Can you cook rice for me?"}]},{"slug":"bread","title":"Bread","phrases":[{"type":"❤️","phrase":"I like bread."},{"type":"❌","phrase":"I don't like bread."},{"type":"🙋","phrase":"I want to eat bread."},{"type":"☝️","phrase":"Can you buy some bread?"}]},{"slug":"pasta","title":"Pasta","phrases":[{"type":"❤️","phrase":"I like pasta."},{"type":"❌","phrase":"I don't like pasta."},{"type":"🙋","phrase":"I want to eat pasta."},{"type":"🍳","phrase":"Can you cook pasta for me?"}]},{"slug":"sauce","title":"Sauce","phrases":[{"type":"❤️","phrase":"I like sauce."},{"type":"❌","phrase":"I don't like sauce."},{"type":"🙋","phrase":"I want some sauce."},{"type":"🔴","phrase":"Can I have ketchup?"},{"type":"⚪","phrase":"Can I have mayonnaise?"},{"type":"🟡","phrase":"Can I have mustard?"},{"type":"🚜","phrase":"Can I have ranch sauce?"}]},{"slug":"kebab","title":"Kebab","phrases":[{"type":"❤️","phrase":"I like kebab."},{"type":"❌","phrase":"I don't like kebab."},{"type":"🙋","phrase":"I want to eat kebab."},{"type":"🍳","phrase":"Can you cook kebab for me?"},{"type":"☝️","phrase":"Can we order kebab?"}]}]