[{"slug":"apple","title":"Apple","phrases":[{"type":"❤️","phrase":"I like eating apple."},{"type":"🙋","phrase":"I want to eat an apple."},{"type":"❌","phrase":"I don't like apple."}]},{"slug":"watermelon","title":"Watermelon","phrases":[{"type":"❤️","phrase":"I like eating watermelon."},{"type":"🙋","phrase":"I want to eat a watermelon."},{"type":"❌","phrase":"I don't like watermelon."}]},{"slug":"orange","title":"Orange","phrases":[{"type":"❤️","phrase":"I like eating orange."},{"type":"🙋","phrase":"I want to eat an orange."},{"type":"❌","phrase":"I don't like orange."}]},{"slug":"strawberry","title":"Strawberry","phrases":[{"type":"❤️","phrase":"I like eating strawberry."},{"type":"🙋","phrase":"I want to eat some strawberries."},{"type":"❌","phrase":"I don't like strawberry."}]},{"slug":"grape","title":"Grape","phrases":[{"type":"❤️","phrase":"I like eating grape."},{"type":"🙋","phrase":"I want to eat some grapes."},{"type":"❌","phrase":"I don't like grape."}]},{"slug":"cherry","title":"Cherry","phrases":[{"type":"❤️","phrase":"I like eating cherry."},{"type":"🙋","phrase":"I want to eat some cherries."},{"type":"❌","phrase":"I don't like cherry."}]},{"slug":"mango","title":"Mango","phrases":[{"type":"❤️","phrase":"I like eating mango."},{"type":"🙋","phrase":"I want to eat a mango."},{"type":"❌","phrase":"I don't like mango."}]},{"slug":"guava","title":"Guava","phrases":[{"type":"❤️","phrase":"I like eating guava."},{"type":"🙋","phrase":"I want to eat a guava."},{"type":"❌","phrase":"I don't like guava."}]},{"slug":"banana","title":"Banana","phrases":[{"type":"❤️","phrase":"I like eating banana."},{"type":"🙋","phrase":"I want to eat a banana."},{"type":"❌","phrase":"I don't like banana."}]},{"slug":"pomegranate","title":"Pomegranate","phrases":[{"type":"❤️","phrase":"I like eating pomegranate."},{"type":"🙋","phrase":"I want to eat a pomegranate."},{"type":"❌","phrase":"I don't like pomegranate."}]},{"slug":"raspberry","title":"Raspberry","phrases":[{"type":"❤️","phrase":"I like eating raspberry."},{"type":"🙋","phrase":"I want to eat some raspberries."},{"type":"❌","phrase":"I don't like raspberry."}]},{"slug":"papaya","title":"Papaya","phrases":[{"type":"❤️","phrase":"I like eating papaya."},{"type":"🙋","phrase":"I want to eat a papaya."},{"type":"❌","phrase":"I don't like papaya."}]},{"slug":"kiwi","title":"Kiwi","phrases":[{"type":"❤️","phrase":"I like eating kiwi."},{"type":"🙋","phrase":"I want to eat a kiwi."},{"type":"❌","phrase":"I don't like kiwi."}]},{"slug":"pineapple","title":"Pineapple","phrases":[{"type":"❤️","phrase":"I like eating pineapple."},{"type":"🙋","phrase":"I want to eat some pineapple."},{"type":"❌","phrase":"I don't like pineapple."}]},{"slug":"lemon","title":"Lemon","phrases":[{"type":"❤️","phrase":"I like eating lemon."},{"type":"🙋","phrase":"I want to eat a lemon."},{"type":"❌","phrase":"I don't like lemon."},{"type":"🍋","phrase":"Lemons are sour."}]},{"slug":"apricot","title":"Apricot","phrases":[{"type":"❤️","phrase":"I like eating apricot."},{"type":"🙋","phrase":"I want to eat an apricot."},{"type":"❌","phrase":"I don't like apricot."}]},{"slug":"dragon-fruit","title":"Dragon fruit","phrases":[{"type":"❤️","phrase":"I like eating dragon fruit."},{"type":"🙋","phrase":"I want to eat a dragon fruit."},{"type":"❌","phrase":"I don't like dragon fruit."}]},{"slug":"peach","title":"Peach","phrases":[{"type":"❤️","phrase":"I like eating peach."},{"type":"🙋","phrase":"I want to eat a peach."},{"type":"❌","phrase":"I don't like peach."}]},{"slug":"avocado","title":"Avocado","phrases":[{"type":"❤️","phrase":"I like eating avocado."},{"type":"🙋","phrase":"I want to eat an avocado."},{"type":"❌","phrase":"I don't like avocado."}]},{"slug":"fig","title":"Fig","phrases":[{"type":"❤️","phrase":"I like eating fig."},{"type":"🙋","phrase":"I want to eat a fig."},{"type":"❌","phrase":"I don't like fig."}]},{"slug":"lychee","title":"Lychee","phrases":[{"type":"❤️","phrase":"I like eating lychee."},{"type":"🙋","phrase":"I want to eat a lychee."},{"type":"❌","phrase":"I don't like lychee."}]},{"slug":"passion-fruit","title":"Passion fruit","phrases":[{"type":"❤️","phrase":"I like eating passion fruit."},{"type":"🙋","phrase":"I want to eat a passion fruit."},{"type":"❌","phrase":"I don't like passion fruit."}]},{"slug":"blueberry","title":"Blueberry","phrases":[{"type":"❤️","phrase":"I like eating blueberry."},{"type":"🙋","phrase":"I want to eat some blueberries."},{"type":"❌","phrase":"I don't like blueberry."}]},{"slug":"coconut","title":"Coconut","phrases":[{"type":"❤️","phrase":"I like eating coconut."},{"type":"🙋","phrase":"I want to eat some coconut."},{"type":"❌","phrase":"I don't like coconut."}]}]