[{"slug":"gardener","title":"Gardener","phrases":[]},{"slug":"sprout","title":"Sprout","phrases":[]},{"slug":"hose","title":"Hose","phrases":[]},{"slug":"glove","title":"Glove","phrases":[]},{"slug":"flowers","title":"Flowers","phrases":[]},{"slug":"seeds","title":"Seeds","phrases":[]},{"slug":"shovel","title":"Shovel","phrases":[]},{"slug":"watering","title":"Watering","phrases":[]},{"slug":"scarecrow","title":"Scarecrow","phrases":[]},{"slug":"tree","title":"Tree","phrases":[]},{"slug":"fertilizer","title":"Fertilizer","phrases":[]},{"slug":"pitchfork","title":"Pitchfork","phrases":[]},{"slug":"bucket","title":"Bucket","phrases":[]},{"slug":"fence","title":"Fence","phrases":[]},{"slug":"leaf","title":"Leaf","phrases":[]},{"slug":"windmill","title":"Windmill","phrases":[]},{"slug":"spray","title":"Spray","phrases":[]},{"slug":"shears","title":"Shears","phrases":[]},{"slug":"sprinkler","title":"Sprinkler","phrases":[]},{"slug":"tractor","title":"Tractor","phrases":[]},{"slug":"jam","title":"Jam","phrases":[]},{"slug":"bonsai","title":"Bonsai","phrases":[]},{"slug":"wheelbarrow","title":"Wheelbarrow","phrases":[]},{"slug":"birdhouse","title":"Birdhouse","phrases":[]}]