[{"slug":"mixer","title":"Mixer","phrases":[{"type":"🙋","phrase":"Can you show me how to use a mixer?"},{"type":"🤞","phrase":"I shouldn't use mixer without my parents."}]},{"slug":"apron","title":"Apron","phrases":[{"type":"👚","phrase":"I wear an apron while cooking."},{"type":"👚","phrase":"My mom wears an apron while cooking."}]},{"slug":"fryer","title":"Fryer","phrases":[{"type":"🙋","phrase":"Can you show me how to use a fryer?"},{"type":"🤞","phrase":"I shouldn't use fryer without my parents."}]},{"slug":"rolling-pin","title":"Rolling pin","phrases":[{"type":"🙋","phrase":"Can you show me how to use a rolling pin?"},{"type":"💡","phrase":"I use rolling pin to roll out dough."}]},{"slug":"coffee-machine","title":"Coffee machine","phrases":[{"type":"🙋","phrase":"Can you show me how to use a coffee machine?"},{"type":"🤞","phrase":"I shouldn't use coffee machine without my parents."}]},{"slug":"fridge","title":"Fridge","phrases":[{"type":"🙋","phrase":"Can you show me how to use a fridge?"},{"type":"💡","phrase":"Fridge keeps the foods cold."}]},{"slug":"pot","title":"Pot","phrases":[{"type":"🙋","phrase":"Can you show me how to use a pot?"},{"type":"🤞","phrase":"I shouldn't use pot without my parents."}]},{"slug":"toaster","title":"Toaster","phrases":[{"type":"🙋","phrase":"Can you show me how to use a toaster?"},{"type":"🤞","phrase":"I shouldn't use toaster without my parents."}]},{"slug":"cutlery","title":"Cutlery","phrases":[{"type":"🙋","phrase":"Can you show me how to use cutlery?"},{"type":"😋","phrase":"I'm learning to eat with cutlery."}]},{"slug":"spatula","title":"Spatula","phrases":[{"type":"🙋","phrase":"Can you show me how to use a spatula?"}]},{"slug":"oven","title":"Oven","phrases":[{"type":"🙋","phrase":"Can you show me how to use oven?"},{"type":"🤞","phrase":"I shouldn't use oven without my parents."}]},{"slug":"kitchen-timer","title":"Kitchen timer","phrases":[{"type":"🙋","phrase":"Can you show me how to use kitchen timer?"},{"type":"⏱️","phrase":"Kitchen timer is beeping."}]},{"slug":"pizza-cutter","title":"Pizza cutter","phrases":[{"type":"🙋","phrase":"Can you show me how to use pizza cutter?"},{"type":"🤞","phrase":"I shouldn't use pizza cutter without my parents."}]},{"slug":"grater","title":"Grater","phrases":[{"type":"🙋","phrase":"Can you show me how to use a grater?"},{"type":"🤞","phrase":"I shouldn't use grater without my parents."}]},{"slug":"grill","title":"Grill","phrases":[{"type":"🙋","phrase":"Can you show me how to use the grill?"},{"type":"🤞","phrase":"I shouldn't use grill without my parents."}]},{"slug":"recipe-book","title":"Recipe book","phrases":[{"type":"🙋","phrase":"Can I choose a recipe to cook?"},{"type":"🍳","phrase":"Can we cook this recipe?"}]},{"slug":"kitchen-utensils","title":"Kitchen utensils","phrases":[{"type":"❤️","phrase":"I like using kitchen utensils."},{"type":"🤞","phrase":"I shouldn't use kitchen utensils without my parents."}]},{"slug":"stove","title":"Stove","phrases":[{"type":"🙋","phrase":"Can you show me how to use the stove?"},{"type":"🤞","phrase":"I shouldn't use stove without my parents."}]},{"slug":"salt-and-pepper","title":"Salt and pepper","phrases":[{"type":"🙋","phrase":"Can you bring salt and pepper?"}]},{"slug":"kitchen-board","title":"Kitchen board","phrases":[{"type":"🙋","phrase":"Can I write on the kitchen board?"}]},{"slug":"scale","title":"Scale","phrases":[{"type":"🙋","phrase":"Can you show me how to use the kitchen scale?"}]},{"slug":"teapot","title":"Teapot","phrases":[{"type":"🙋","phrase":"Can you show me how to use the teapot?"},{"type":"🤞","phrase":"I shouldn't use teapot without my parents."}]},{"slug":"microwave","title":"Microwave","phrases":[{"type":"🙋","phrase":"Can you show me how to use the microwave?"},{"type":"🤞","phrase":"I shouldn't use microwave without my parents."}]}]