[{"slug":"hospital-bed","title":"Hospital bed","phrases":[{"type":"🙋","phrase":"Can you help me with me hospital bed?"}]},{"slug":"weight-loss","title":"Weight loss","phrases":[{"type":"🏋️","phrase":"I need to moderate my food intake."},{"type":"🏃‍♀️","phrase":"I'm losing weight."},{"type":"🥩","phrase":"I'm gaining weight."}]},{"slug":"exercise","title":"Exercise","phrases":[{"type":"🏋️","phrase":"I'm doing exercise."},{"type":"⏲️","phrase":"I have an exercise routine."}]},{"slug":"medical-history","title":"Medical history","phrases":[{"type":"📂","phrase":"Here is my medical history."}]},{"slug":"vitamin-c","title":"Vitamin C","phrases":[{"type":"🍹","phrase":"I need to take vitamin c."},{"type":"🍊","phrase":"Oranges contain vitamin c."}]},{"slug":"thermometer","title":"Thermometer","phrases":[{"type":"🤒","phrase":"Can you measure my fever?"},{"type":"🌡️","phrase":"How does a thermometer work?"}]},{"slug":"pills","title":"Pills","phrases":[{"type":"💊","phrase":"I need to take my pills."},{"type":"👉","phrase":"Did you take your pills?"}]},{"slug":"medical-mask","title":"Medical mask","phrases":[]},{"slug":"dental-care","title":"Dental care","phrases":[{"type":"🦷","phrase":"My teeth hurt."},{"type":"🦷","phrase":"I'm brushing my teeth."}]},{"slug":"hearing-exam","title":"Hearing exam","phrases":[{"type":"👂","phrase":"I have hearing problems."},{"type":"🦻","phrase":"I will have an hearing exam."}]},{"slug":"hospital","title":"Hospital","phrases":[{"type":"🏥","phrase":"I'm going to the hospital."},{"type":"🏥","phrase":"I'm in hospital."}]},{"slug":"stethoscope","title":"Stethoscope","phrases":[{"type":"👨‍⚕️","phrase":"Doctors use stethoscope."},{"type":"🩺","phrase":"Can I have a toy stethoscope?"}]},{"slug":"ambulance","title":"Ambulance","phrases":[{"type":"👀","phrase":"I saw an ambulance."},{"type":"👂","phrase":"I heard an ambulance voice."}]},{"slug":"drugstore","title":"Drugstore","phrases":[{"type":"🧾","phrase":"I need to fill my prescription."},{"type":"➡️","phrase":"Here is my prescription."}]},{"slug":"emergency","title":"Emergency","phrases":[{"type":"🚨","phrase":"I have a health emergency."},{"type":"🚑","phrase":"I'm going to emergency room."}]},{"slug":"health-insurance","title":"Health insurance","phrases":[{"type":"⚕️","phrase":"I have health insurance."},{"type":"❌","phrase":"I don't have health insurance."}]},{"slug":"doctor","title":"Doctor","phrases":[{"type":"❤️","phrase":"I like my doctor."},{"type":"🤩","phrase":"Doctor is helping me."}]},{"slug":"nurse","title":"Nurse","phrases":[{"type":"❤️","phrase":"I like my nurse."},{"type":"🤩","phrase":"Nurse is helping me."}]}]