[{"slug":"one","title":"One","phrases":[{"type":"➖","phrase":"One comes before two."},{"type":"➕","phrase":"One comes after zero."},{"type":"🙋","phrase":"I want one."}]},{"slug":"two","title":"Two","phrases":[{"type":"➖","phrase":"Two comes before three."},{"type":"➕","phrase":"Two comes after one."},{"type":"🙋","phrase":"I want two."}]},{"slug":"three","title":"Three","phrases":[{"type":"➖","phrase":"Three comes before four."},{"type":"➕","phrase":"Three comes after two."},{"type":"🙋","phrase":"I want three."}]},{"slug":"four","title":"Four","phrases":[{"type":"➖","phrase":"Four comes before five."},{"type":"➕","phrase":"Four comes after three."},{"type":"🙋","phrase":"I want four."}]},{"slug":"five","title":"Five","phrases":[{"type":"➖","phrase":"Five comes before six."},{"type":"➕","phrase":"Five comes after four."},{"type":"🙋","phrase":"I want five."}]},{"slug":"six","title":"Six","phrases":[{"type":"➖","phrase":"Six comes before seven."},{"type":"➕","phrase":"Six comes after five."},{"type":"🙋","phrase":"I want fix."}]},{"slug":"seven","title":"Seven","phrases":[{"type":"➖","phrase":"Seven comes before eight."},{"type":"➕","phrase":"Seven comes after six."},{"type":"🙋","phrase":"I want seven."}]},{"slug":"eight","title":"Eight","phrases":[{"type":"➖","phrase":"Eight comes before nine."},{"type":"➕","phrase":"Eight comes after seven."},{"type":"🙋","phrase":"I want eight."}]},{"slug":"nine","title":"Nine","phrases":[{"type":"➖","phrase":"Nine comes before ten."},{"type":"➕","phrase":"Nine comes after eight."},{"type":"🙋","phrase":"I want nine."}]},{"slug":"ten","title":"Ten","phrases":[{"type":"➖","phrase":"Ten comes before eleven."},{"type":"➕","phrase":"Ten comes after nine."},{"type":"🙋","phrase":"I want ten."}]},{"slug":"eleven","title":"Eleven","phrases":[{"type":"➖","phrase":"Eleven comes before thirteen."},{"type":"➕","phrase":"Eleven comes after ten."},{"type":"🙋","phrase":"I want eleven."}]},{"slug":"twenty","title":"Twenty","phrases":[{"type":"🔢","phrase":"I can count up to twenty."}]},{"slug":"thirty","title":"Thirty","phrases":[{"type":"🔢","phrase":"I can count up to thirty."}]},{"slug":"forty","title":"Forty","phrases":[{"type":"🔢","phrase":"I can count up to forty."}]},{"slug":"fifty","title":"Fifty","phrases":[{"type":"🔢","phrase":"I can count up to fifty."}]},{"slug":"hundred","title":"Hundred","phrases":[{"type":"🔢","phrase":"I can count up to hundred."}]},{"slug":"thousand","title":"Thousand","phrases":[{"type":"🔢","phrase":"I can count up to thousand."}]},{"slug":"calculator","title":"Calculator","phrases":[{"type":"🖩","phrase":"I want to use a calculator."},{"type":"🧮","phrase":"Can you teach me how to use a calculator?"},{"type":"🙋","phrase":"Can I barrow your calculator?"}]}]