[{"slug":"teacher","title":"Teacher","phrases":[{"type":"❓","phrase":"What does a teacher do?"},{"type":"🙋","phrase":"I want to become a teacher."}]},{"slug":"police-officer","title":"Police officer","phrases":[{"type":"❓","phrase":"What does a police officer do?"},{"type":"🙋","phrase":"I want to become a police officer."}]},{"slug":"writer","title":"Writer","phrases":[{"type":"❓","phrase":"What does a writer do?"},{"type":"🙋","phrase":"I want to become a writer."}]},{"slug":"doctor","title":"Doctor","phrases":[{"type":"❓","phrase":"What does a doctor do?"},{"type":"🙋","phrase":"I want to become a doctor."}]},{"slug":"detective","title":"Detective","phrases":[{"type":"❓","phrase":"What does a detective do?"},{"type":"🙋","phrase":"I want to become a detective."}]},{"slug":"artist","title":"Artist","phrases":[{"type":"❓","phrase":"What does an artist do?"},{"type":"🙋","phrase":"I want to become an artist."}]},{"slug":"singer","title":"Singer","phrases":[{"type":"❓","phrase":"What does a singer do?"},{"type":"🙋","phrase":"I want to become a singer."}]},{"slug":"astronaut","title":"Astronaut","phrases":[{"type":"❓","phrase":"What does an astronaut do?"},{"type":"🙋","phrase":"I want to become an astronaut."}]},{"slug":"sailor","title":"Sailor","phrases":[{"type":"❓","phrase":"What does a sailor do?"},{"type":"🙋","phrase":"I want to become a sailor."}]},{"slug":"chef","title":"Chef","phrases":[{"type":"❓","phrase":"What does a chef do?"},{"type":"🙋","phrase":"I want to become a chef."}]},{"slug":"farmer","title":"Farmer","phrases":[{"type":"❓","phrase":"What does a farmer do?"},{"type":"🙋","phrase":"I want to become a farmer."}]},{"slug":"construction-worker","title":"Construction worker","phrases":[{"type":"❓","phrase":"What does a construction worker do?"},{"type":"🙋","phrase":"I want to become a construction worker."}]},{"slug":"baker","title":"Baker","phrases":[{"type":"❓","phrase":"What does a baker do?"},{"type":"🙋","phrase":"I want to become a baker."}]},{"slug":"lifeguard","title":"Lifeguard","phrases":[{"type":"❓","phrase":"What does a lifeguard do?"},{"type":"🙋","phrase":"I want to become a lifeguard."}]},{"slug":"astronomer","title":"Astronomer","phrases":[{"type":"❓","phrase":"What does an astronomer do?"},{"type":"🙋","phrase":"I want to become a astronomer."}]},{"slug":"journalist","title":"Journalist","phrases":[{"type":"❓","phrase":"What does a journalist do?"},{"type":"🙋","phrase":"I want to become a journalist."}]},{"slug":"archeologist","title":"Archeologist","phrases":[{"type":"❓","phrase":"What does an archeologist do?"},{"type":"🙋","phrase":"I want to become an archeologist."}]},{"slug":"musician","title":"Musician","phrases":[{"type":"❓","phrase":"What does a musician do?"},{"type":"🙋","phrase":"I want to become a musician."}]},{"slug":"magician","title":"Magician","phrases":[{"type":"❓","phrase":"What does a magician do?"},{"type":"🙋","phrase":"I want to become a magician."}]},{"slug":"soccer-player","title":"Soccer player","phrases":[{"type":"❓","phrase":"What does a soccer player do?"},{"type":"🙋","phrase":"I want to become a soccer player."}]},{"slug":"postwoman","title":"Postwoman","phrases":[{"type":"❓","phrase":"What does a postwoman do?"},{"type":"🙋","phrase":"I want to become a postwoman."}]},{"slug":"firefighter","title":"Firefighter","phrases":[{"type":"❓","phrase":"What does a firefighter do?"},{"type":"🙋","phrase":"I want to become a firefighter."}]},{"slug":"scientist","title":"Scientist","phrases":[{"type":"❓","phrase":"What does an scientist do?"},{"type":"🙋","phrase":"I want to become a scientist."}]},{"slug":"gardener","title":"Gardener","phrases":[{"type":"❓","phrase":"What does a gardener do?"},{"type":"🙋","phrase":"I want to become a gardener."}]},{"slug":"butcher","title":"Butcher","phrases":[{"type":"❓","phrase":"What does a butcher do?"},{"type":"🙋","phrase":"I want to become a butcher."}]},{"slug":"veterinarian","title":"Veterinarian","phrases":[{"type":"❓","phrase":"What does a veterinarian do?"},{"type":"🙋","phrase":"I want to become a veterinarian."}]},{"slug":"lumber-jack","title":"Lumber jack","phrases":[{"type":"❓","phrase":"What does a lumber jack do?"},{"type":"🙋","phrase":"I want to become a lumber jack."}]},{"slug":"miner","title":"Miner","phrases":[{"type":"❓","phrase":"What does a miner do?"},{"type":"🙋","phrase":"I want to become a miner."}]},{"slug":"nun","title":"Nun","phrases":[{"type":"❓","phrase":"What does a nun do?"},{"type":"🙋","phrase":"I want to become a nun."}]},{"slug":"fisher-woman","title":"Fisher woman","phrases":[{"type":"❓","phrase":"What does a fisher-woman do?"},{"type":"🙋","phrase":"I want to become a fisher woman."}]},{"slug":"hair-dresser","title":"Hair dresser","phrases":[{"type":"❓","phrase":"What does a hair-dresser do?"},{"type":"🙋","phrase":"I want to become a hair dresser."}]},{"slug":"mechanic","title":"Mechanic","phrases":[{"type":"❓","phrase":"What does a mechanic do?"},{"type":"🙋","phrase":"I want to become a mechanic."}]},{"slug":"electrician","title":"Electrician","phrases":[{"type":"❓","phrase":"What does an electrician do?"},{"type":"🙋","phrase":"I want to become an electrician."}]},{"slug":"swimmer","title":"Swimmer","phrases":[{"type":"❓","phrase":"What does a swimmer do?"},{"type":"🙋","phrase":"I want to become a swimmer."}]},{"slug":"photographer","title":"Photographer","phrases":[{"type":"❓","phrase":"What does a photographer do?"},{"type":"🙋","phrase":"I want to become a photographer."}]},{"slug":"priest","title":"Priest","phrases":[{"type":"❓","phrase":"What does a priest do?"},{"type":"🙋","phrase":"I want to become a priest."}]},{"slug":"soldier","title":"Soldier","phrases":[{"type":"❓","phrase":"What does a soldier do?"},{"type":"🙋","phrase":"I want to become a soldier."}]},{"slug":"carpenter","title":"Carpenter","phrases":[{"type":"❓","phrase":"What does a carpenter do?"},{"type":"🙋","phrase":"I want to become a carpenter."}]},{"slug":"plumber","title":"Plumber","phrases":[{"type":"❓","phrase":"What does a plumber do?"},{"type":"🙋","phrase":"I want to become a plumber."}]},{"slug":"wall-painter","title":"Wall painter","phrases":[{"type":"❓","phrase":"What does a wall painter do?"},{"type":"🙋","phrase":"I want to become a wall painter."}]},{"slug":"nurse","title":"Nurse","phrases":[{"type":"❓","phrase":"What does a nurse do?"},{"type":"🙋","phrase":"I want to become a nurse."}]},{"slug":"judge","title":"Judge","phrases":[{"type":"❓","phrase":"What does a judge do?"},{"type":"🙋","phrase":"I want to become a judge."}]},{"slug":"waiter","title":"Waiter","phrases":[{"type":"❓","phrase":"What does a waiter do?"},{"type":"🙋","phrase":"I want to become a waiter."}]},{"slug":"pilot","title":"Pilot","phrases":[{"type":"❓","phrase":"What does a pilot do?"},{"type":"🙋","phrase":"I want to become a pilot."}]},{"slug":"welder","title":"Welder","phrases":[{"type":"❓","phrase":"What does a welder do?"},{"type":"🙋","phrase":"I want to become a welder."}]},{"slug":"executive","title":"Executive","phrases":[{"type":"❓","phrase":"What does an executive do?"},{"type":"🙋","phrase":"I want to become an executive."}]},{"slug":"hostess","title":"Hostess","phrases":[{"type":"❓","phrase":"What does a hostess do?"},{"type":"🙋","phrase":"I want to become a hostess."}]}]