[{"slug":"confetti","title":"Confetti","phrases":[{"type":"❤️","phrase":"I like confetti."},{"type":"🙋","phrase":"Can I pop the confetti?"}]},{"slug":"party-blower","title":"Party blower","phrases":[{"type":"❤️","phrase":"I like party blowers."},{"type":"🔊","phrase":"Is my party blower noisy?"}]},{"slug":"gift","title":"Gift","phrases":[{"type":"❤️","phrase":"I like gifts."},{"type":"🎁","phrase":"What did you get me as a gift?"}]},{"slug":"candle","title":"Candle","phrases":[{"type":"❤️","phrase":"I like party candles."},{"type":"🕯️","phrase":"Can I blow the candles?"},{"type":"🎂","phrase":"How many candles are there?"}]},{"slug":"party-hat","title":"Party hat","phrases":[{"type":"❤️","phrase":"I like wearing party hat."},{"type":"👚","phrase":"I will wear a party hat during the party."}]},{"slug":"balloons","title":"Balloons","phrases":[{"type":"❤️","phrase":"I like balloons."},{"type":"🎈","phrase":"Can I pop the balloons?"}]},{"slug":"garlands","title":"Garlands","phrases":[{"type":"❤️","phrase":"I like garlands."},{"type":"🙋","phrase":"I want to wear garlands to my party."},{"type":"🙋","phrase":"Can you put these garlands into my arm?"}]},{"slug":"cake","title":"Cake","phrases":[{"type":"❤️","phrase":"I like eating cake."},{"type":"🙋","phrase":"Can I have a slice of cake?"}]},{"slug":"ice-cream","title":"Ice cream","phrases":[{"type":"❤️","phrase":"I like eating ice cream."},{"type":"🍭","phrase":"What is your favorite flavor?"}]},{"slug":"microphone","title":"Microphone","phrases":[{"type":"❤️","phrase":"I like playing karaoke."},{"type":"❤️","phrase":"I like singing."}]},{"slug":"music","title":"Music","phrases":[{"type":"❤️","phrase":"I like playing music."},{"type":"🎶","phrase":"What kind of music do you like?"}]},{"slug":"magician","title":"Magician","phrases":[{"type":"❤️","phrase":"I like magicians."},{"type":"✨","phrase":"I want to be a magician."},{"type":"🙋","phrase":"Can you teach me some magic tricks?"}]},{"slug":"taking-photos","title":"Taking photos","phrases":[{"type":"❤️","phrase":"I like taking photos."},{"type":"🙋","phrase":"Can I take photos using your phone?"}]},{"slug":"invitation","title":"Invitation","phrases":[{"type":"📧","phrase":"I got an invitation."},{"type":"📨","phrase":"Can I invite my friends to the party?"},{"type":"📨","phrase":"Can I invite my friends to my birthday party?"},{"type":"📨","phrase":"Can we invite my friends to my sister's party?"},{"type":"📨","phrase":"Can we invite my friends to my brother's party?"}]},{"slug":"candy","title":"Candy","phrases":[{"type":"❤️","phrase":"I like candy."},{"type":"🙋","phrase":"Can I eat some candy?"}]},{"slug":"popsicle","title":"Popsicle","phrases":[{"type":"❤️","phrase":"I like popsicle."},{"type":"🙋","phrase":"Can I eat some popsicle?"},{"type":"🙋","phrase":"Can we make some popsicles?"},{"type":"🙋","phrase":"Do you want to eat popsicle?"}]},{"slug":"cupcake","title":"Cupcake","phrases":[{"type":"❤️","phrase":"I like cupcake."},{"type":"🙋","phrase":"Can I eat a cupcake?"}]},{"slug":"costume","title":"Costume","phrases":[{"type":"❤️","phrase":"I like wearing costume."},{"type":"🦸","phrase":"Can I wear a spider-man costume?"},{"type":"🦸‍♂️","phrase":"Can I wear a batman costume?"},{"type":"🦸‍♀️","phrase":"Can I wear a wonder woman costume?"}]},{"slug":"party-glasses","title":"Party glasses","phrases":[{"type":"❤️","phrase":"I like party glasses."},{"type":"🙋","phrase":"Can I wear a party glasses?"}]},{"slug":"spotlights","title":"Spotlights","phrases":[{"type":"❤️","phrase":"I like spotlights."},{"type":"❌","phrase":"I don't like spotlights."}]},{"slug":"marshmallow","title":"Marshmallow","phrases":[{"type":"❤️","phrase":"I like marshmallow."},{"type":"🔥","phrase":"I'm cooking marshmallow over camp fire."},{"type":"🙋","phrase":"I want to eat marshmallows."}]},{"slug":"guacamole","title":"Guacamole","phrases":[{"type":"❤️","phrase":"I like guacamole."},{"type":"🙋","phrase":"Can I eat some guacamole?"},{"type":"❌","phrase":"I don't like to eat guacamole."}]},{"slug":"hotdog","title":"Hotdog","phrases":[{"type":"❤️","phrase":"I like hotdog."},{"type":"🙋","phrase":"Can I get a hotdog?"},{"type":"❌","phrase":"I don't like to eat hotdogs."},{"type":"🙋","phrase":"Can I eat some hotdogs?"}]},{"slug":"bouncy-castle","title":"Bouncy castle","phrases":[{"type":"❤️","phrase":"I like bouncy castle."},{"type":"🙋","phrase":"I want to play at the bouncy castle."},{"type":"🙋","phrase":"Let's play at the bouncy castle."}]},{"slug":"clown","title":"Clown","phrases":[{"type":"❤️","phrase":"I like clowns."},{"type":"❌","phrase":"I don't like clowns."},{"type":"🙋","phrase":"I want to be a clown."}]},{"slug":"magic-hat","title":"Magic hat","phrases":[{"type":"❤️","phrase":"I like magic hats."},{"type":"🧙‍♂️","phrase":"I'm a wizard!"},{"type":"🙋","phrase":"I want like magic."}]},{"slug":"dart-board","title":"Dart board","phrases":[{"type":"❤️","phrase":"I like playing dart."},{"type":"🎯","phrase":"Playing dart can be dangerous."}]}]