[{"slug":"mother","title":"Mother","phrases":[{"type":"⁉️","phrase":"Mommy!"},{"type":"💘","phrase":"I love my mother."},{"type":"❤️","phrase":"I love you mom."},{"type":"☹️","phrase":"I miss my mom."},{"type":"🙏🏼","phrase":"Thank you for taking care of me."},{"type":"👉🏼","phrase":"She is my mom."},{"type":"❓","phrase":"Can you help me find my mother?"}]},{"slug":"father","title":"Father","phrases":[{"type":"⁉️","phrase":"Daddy!"},{"type":"💘","phrase":"I love my father."},{"type":"❤️","phrase":"I love you dad."},{"type":"☹️","phrase":"I miss my dad."},{"type":"🙏🏼","phrase":"Thank you for taking care of me."},{"type":"👉🏼","phrase":"He is my dad."},{"type":"❓","phrase":"Can you help me find my father?"}]},{"slug":"parents","title":"Parents","phrases":[{"type":"💑","phrase":"I love my parents."},{"type":"💘","phrase":"I love my parents."},{"type":"☹️","phrase":"I miss my parents."},{"type":"👉🏼","phrase":"They are my parents."},{"type":"👨‍👩‍👧","phrase":"My parents are taking care of me."},{"type":"❓","phrase":"Can you help me find my parents?"}]},{"slug":"grandparents","title":"Grandparents","phrases":[{"type":"💑","phrase":"I love my grandparents."},{"type":"💘","phrase":"I love you grandparents."},{"type":"☹️","phrase":"I miss my grandparents."},{"type":"👉🏼","phrase":"They are my grandparents."},{"type":"👨‍👩‍👧","phrase":"My grandparents are taking care of me."},{"type":"❓","phrase":"Can you help me find my grandparents?"}]},{"slug":"brother","title":"Brother","phrases":[{"type":"💑","phrase":"I love my brother."},{"type":"💘","phrase":"I love you brother."},{"type":"☹️","phrase":"I miss my brother."},{"type":"👉🏼","phrase":"He is my brother."},{"type":"🙎‍♂️","phrase":"My brother is taking care of me."},{"type":"❓","phrase":"Can you help me find my brother?"}]},{"slug":"sister","title":"Sister","phrases":[{"type":"💑","phrase":"I love my sister."},{"type":"💘","phrase":"I love you sister."},{"type":"☹️","phrase":"I miss my sister."},{"type":"👉🏼","phrase":"She is my sister."},{"type":"🙍‍♀️","phrase":"My sister is taking care of me."},{"type":"❓","phrase":"Can you help me find my sister?"}]},{"slug":"uncle","title":"Uncle","phrases":[{"type":"💑","phrase":"I love my uncle."},{"type":"💘","phrase":"I love you uncle."},{"type":"☹️","phrase":"I miss my uncle."},{"type":"👉🏼","phrase":"He is my uncle."},{"type":"❓","phrase":"Can you help me find my uncle?"}]},{"slug":"aunt","title":"Aunt","phrases":[{"type":"💑","phrase":"I love my aunt."},{"type":"💘","phrase":"I love you aunt."},{"type":"☹️","phrase":"I miss my aunt."},{"type":"👉🏼","phrase":"She is my aunt."},{"type":"❓","phrase":"Can you help me find my aunt?"}]},{"slug":"teacher","title":"Teacher","phrases":[{"type":"💑","phrase":"I love my teacher."},{"type":"💘","phrase":"I love you teacher."},{"type":"💔","phrase":"I don't like my teacher."},{"type":"☹️","phrase":"I miss my teacher."},{"type":"🙏🏼","phrase":"Thank you for the lesson."}]},{"slug":"therapist","title":"Therapist","phrases":[{"type":"💑","phrase":"I love my therapist."},{"type":"💘","phrase":"I love you therapist."},{"type":"💔","phrase":"I don't like my therapist."},{"type":"☹️","phrase":"I miss my therapist."},{"type":"🙏🏼","phrase":"Thank you for the session."}]},{"slug":"doctor","title":"Doctor","phrases":[{"type":"💑","phrase":"I love my doctor."},{"type":"💘","phrase":"I love you doctor."},{"type":"💔","phrase":"I don't like my doctor."},{"type":"☹️","phrase":"I miss my doctor."},{"type":"🙏🏼","phrase":"Thank you for healing me."}]},{"slug":"friends","title":"Friends","phrases":[{"type":"💑","phrase":"I love my friends."},{"type":"❓","phrase":"Do you want to be my friend?"},{"type":"💔","phrase":"I don't like my friends."},{"type":"☹️","phrase":"I miss my friends."},{"type":"👉🏼","phrase":"They are my friends."},{"type":"🙏🏼","phrase":"Thank you for playing with me."}]},{"slug":"cousins","title":"Cousins","phrases":[{"type":"💑","phrase":"I love my cousins."},{"type":"❌","phrase":"I don't have cousins."},{"type":"☹️","phrase":"I miss my cousins."},{"type":"👉🏼","phrase":"They are my cousins."}]},{"slug":"grandmother","title":"Grandmother","phrases":[{"type":"💑","phrase":"I love my grandmother."},{"type":"💘","phrase":"I love you grandma."},{"type":"☹️","phrase":"I miss my grandma."},{"type":"👉🏼","phrase":"She is my grandma."}]},{"slug":"grandfather","title":"Grandfather","phrases":[{"type":"💑","phrase":"I love my grandfather."},{"type":"💘","phrase":"I love you grandpa."},{"type":"☹️","phrase":"I miss my grandpa."},{"type":"👉🏼","phrase":"He is my grandpa."}]},{"slug":"stepfather","title":"Stepfather","phrases":[{"type":"💑","phrase":"I love my stepfather."},{"type":"👉🏼","phrase":"He is my stepfather."},{"type":"☹️","phrase":"I miss my stepfather."},{"type":"👉🏼","phrase":"He is my stepfather."}]},{"slug":"stepmother","title":"Stepmother","phrases":[{"type":"💑","phrase":"I love my stepmother."},{"type":"👉🏼","phrase":"She is my stepmother."},{"type":"☹️","phrase":"I miss my stepmother."},{"type":"👉🏼","phrase":"She is my stepmother."}]},{"slug":"stepsister","title":"Stepsister","phrases":[{"type":"💑","phrase":"I love my stepsister."},{"type":"👉🏼","phrase":"She is my stepsister."},{"type":"☹️","phrase":"I miss my stepsister."},{"type":"👉🏼","phrase":"She is my stepsister."}]},{"slug":"stepbrother","title":"Stepbrother","phrases":[{"type":"💑","phrase":"I love my stepbrother."},{"type":"👉🏼","phrase":"He is my stepbrother."},{"type":"☹️","phrase":"I miss my stepbrother."},{"type":"👉🏼","phrase":"He is my stepbrother."}]},{"slug":"half-brother","title":"Half brother","phrases":[{"type":"💑","phrase":"I love my half brother."},{"type":"👉🏼","phrase":"He is my half brother."},{"type":"☹️","phrase":"I miss my half brother."},{"type":"👉🏼","phrase":"He is my half brother."}]},{"slug":"half-sister","title":"Half sister","phrases":[{"type":"💑","phrase":"I love my half sister."},{"type":"👉🏼","phrase":"She is my half sister."},{"type":"☹️","phrase":"I miss my half sister."},{"type":"👉🏼","phrase":"She is my half sister."}]}]