[{"slug":"captain","title":"Captain","phrases":[]},{"slug":"pirate-crew","title":"Pirate crew","phrases":[]},{"slug":"treasure","title":"Treasure","phrases":[]},{"slug":"hook","title":"Hook","phrases":[]},{"slug":"compass","title":"Compass","phrases":[]},{"slug":"pirate-ship","title":"Pirate ship","phrases":[]},{"slug":"pirate-gun","title":"Pirate gun","phrases":[]},{"slug":"pirate-sword","title":"Pirate sword","phrases":[]},{"slug":"barrel","title":"Barrel","phrases":[]},{"slug":"pirate-flag","title":"Pirate flag","phrases":[]},{"slug":"treasure-map","title":"Treasure map","phrases":[]},{"slug":"spyglass","title":"Spyglass","phrases":[]},{"slug":"cannon","title":"Cannon","phrases":[]},{"slug":"helm","title":"Helm","phrases":[]},{"slug":"lighthouse","title":"Lighthouse","phrases":[]},{"slug":"anchor","title":"Anchor","phrases":[]},{"slug":"bomb","title":"Bomb","phrases":[]},{"slug":"coin","title":"Coin","phrases":[]},{"slug":"candle","title":"Candle","phrases":[]},{"slug":"knife","title":"Knife","phrases":[]}]