[{"slug":"park","title":"Park","phrases":[{"type":"🙋","phrase":"I want to go to park."},{"type":"☝️","phrase":"Can you take me to park?"},{"type":"💡","phrase":"I can play in the park."}]},{"slug":"mall","title":"Mall","phrases":[{"type":"🙋","phrase":"I want to go to mall."},{"type":"☝️","phrase":"Can you take me to mall?"},{"type":"💡","phrase":"I can shop in the mall."}]},{"slug":"restaurant","title":"Restaurant","phrases":[{"type":"🙋","phrase":"I want to go to restaurant."},{"type":"☝️","phrase":"Can you take me to restaurant?"},{"type":"💡","phrase":"I can eat a meal in restaurant."}]},{"slug":"cinema","title":"Cinema","phrases":[{"type":"🙋","phrase":"I want to go to cinema."},{"type":"☝️","phrase":"Can you take me to cinema?"},{"type":"💡","phrase":"I can watch a movie in cinema."}]},{"slug":"school","title":"School","phrases":[{"type":"🙋","phrase":"I want to go to school."},{"type":"☝️","phrase":"Can you take me to school?"},{"type":"💡","phrase":"I can learn in the school."}]},{"slug":"library","title":"Library","phrases":[{"type":"🙋","phrase":"I want to go to library."},{"type":"☝️","phrase":"Can you take me to library?"},{"type":"💡","phrase":"I can study in the library."}]},{"slug":"fair","title":"Fair","phrases":[{"type":"🙋","phrase":"I want to go to fair."},{"type":"☝️","phrase":"Can you take me to fair?"},{"type":"💡","phrase":"I can have fun in fair."}]},{"slug":"drugstore","title":"Drugstore","phrases":[{"type":"🙋","phrase":"I want to go to drugstore."},{"type":"☝️","phrase":"Can you take me to drugstore?"},{"type":"💡","phrase":"I can buy my medicine in drugstore."}]},{"slug":"hospital","title":"Hospital","phrases":[{"type":"🙋","phrase":"I want to go to hospital."},{"type":"☝️","phrase":"Can you take me to hospital?"},{"type":"💡","phrase":"Sick people can go to hospital."}]},{"slug":"amusement-park","title":"Amusement park","phrases":[{"type":"🙋","phrase":"I want to go to amusement park."},{"type":"☝️","phrase":"Can you take me to amusement park?"},{"type":"💡","phrase":"I can have fun in amusement park."}]},{"slug":"dormitory","title":"Dormitory","phrases":[{"type":"🙋","phrase":"I want to go to dormitory."},{"type":"☝️","phrase":"Can you take me to dormitory?"},{"type":"💡","phrase":"I can stay in dormitory."}]},{"slug":"laundry-place","title":"Laundry place","phrases":[{"type":"🙋","phrase":"I want to go to laundry place."},{"type":"☝️","phrase":"Can you take me to laundry place?"},{"type":"💡","phrase":"I can clean my laundry in laundry place."}]},{"slug":"barber-shop","title":"Barber shop","phrases":[{"type":"🙋","phrase":"I want to go to barber shop."},{"type":"☝️","phrase":"Can you take me to barber shop?"},{"type":"💡","phrase":"I can get a haircut in barber shop."}]},{"slug":"hotel","title":"Hotel","phrases":[{"type":"🙋","phrase":"I want to go to hotel."},{"type":"☝️","phrase":"Can you take me to hotel?"},{"type":"💡","phrase":"I can stay in a hotel."}]},{"slug":"kindergarten","title":"Kindergarten","phrases":[{"type":"🙋","phrase":"I want to go to kindergarten."},{"type":"☝️","phrase":"Can you take me to kindergarten?"}]},{"slug":"parking-lot","title":"Parking lot","phrases":[{"type":"🙋","phrase":"I want to go to parking lot."},{"type":"☝️","phrase":"Can you take me to parking lot?"}]},{"slug":"elevator","title":"Elevator","phrases":[{"type":"🙋","phrase":"I want to use the elevator."},{"type":"💗","phrase":"I like using the elevator?"},{"type":"💡","phrase":"I can go upstairs using elevator."}]},{"slug":"bank","title":"Bank","phrases":[{"type":"🙋","phrase":"I want to go to bank."},{"type":"☝️","phrase":"Can you take me to bank?"},{"type":"💡","phrase":"I can withdraw money in the bank."}]},{"slug":"skycraper","title":"Skycraper","phrases":[{"type":"🙋","phrase":"I want to go to skycraper."},{"type":"☝️","phrase":"Can you take me to skycraper?"}]},{"slug":"stadium","title":"Stadium","phrases":[{"type":"🙋","phrase":"I want to go to stadium."},{"type":"☝️","phrase":"Can you take me to stadium?"}]},{"slug":"cruise-ship","title":"Cruise ship","phrases":[{"type":"🙋","phrase":"I want to board a cruise ship."},{"type":"☝️","phrase":"Can you take me to cruise ship?"}]},{"slug":"forest","title":"Forest","phrases":[{"type":"🙋","phrase":"I want to go to forest."},{"type":"☝️","phrase":"Can you take me to forest?"}]},{"slug":"tent","title":"Tent","phrases":[{"type":"🙋","phrase":"I want to go to tent."},{"type":"☝️","phrase":"Can we stay in a tent?"}]},{"slug":"beach","title":"Beach","phrases":[{"type":"🙋","phrase":"I want to go to beach."},{"type":"☝️","phrase":"Can you take me to beach?"},{"type":"💡","phrase":"I can sunbath at the beach."}]}]