[{"slug":"desk","title":"Desk","phrases":[{"type":"🙋","phrase":"Can I use this desk?"},{"type":"❓","phrase":"Which desk is mine?"},{"type":"🥛","phrase":"I spilled on my desk."},{"type":"❌","phrase":"Don't scratch your desk."}]},{"slug":"chair","title":"Chair","phrases":[{"type":"🙋","phrase":"Can I sit with you?"},{"type":"❓","phrase":"Which chair is mine?"},{"type":"☝️","phrase":"Is this chair taken?"},{"type":"🥛","phrase":"I spilled on my chair."}]},{"slug":"book","title":"Book","phrases":[{"type":"📙","phrase":"Textbook"},{"type":"📒","phrase":"Workbook"},{"type":"📚","phrase":"Reading a book."},{"type":"😇","phrase":"Can I borrow your book?"},{"type":"📃","phrase":"Which page are we at?"},{"type":"☝️","phrase":"Flip the page."},{"type":"😱","phrase":"I lost my book."}]},{"slug":"notebook","title":"Notebook","phrases":[{"type":"📝","phrase":"Taking notes."},{"type":"🖐️","phrase":"I'm taking notes."},{"type":"😱","phrase":"I lost my notebook."}]},{"slug":"backpack","title":"Backpack","phrases":[{"type":"👜","phrase":"Carrying my backpack."},{"type":"💡","phrase":"Putting my books in my backpack."},{"type":"🙋","phrase":"I need a new backpack."},{"type":"🙏🏼","phrase":"Thank you for carrying my backpack."},{"type":"😱","phrase":"I lost my backpack."},{"type":"⚖️","phrase":"My backpack is heavy."}]},{"slug":"blackboard","title":"Blackboard","phrases":[{"type":"👀","phrase":"Look at the blackboard."},{"type":"🧽","phrase":"Cleaning the blackboard."},{"type":"🧮","phrase":"Solving the problem on the blackboard."},{"type":"📝","phrase":"Taking note on the blackboard."},{"type":"🖊️","phrase":"Give me a chalk."}]},{"slug":"teacher","title":"Teacher","phrases":[{"type":"🤔","phrase":"I don't understand this part."},{"type":"🔁","phrase":"Can you repeat the last part?"},{"type":"🚻","phrase":"Can I go to the restroom?"},{"type":"❓","phrase":"Which topic?"},{"type":"😀","phrase":"I like this topic."},{"type":"😔","phrase":"I don't like this topic."},{"type":"🙏🏼","phrase":"Thank you for the lesson."}]},{"slug":"school-bus","title":"School bus","phrases":[{"type":"⌛","phrase":"School bus is coming."},{"type":"❓","phrase":"Can I sit next to you?"},{"type":"🙏🏼","phrase":"Thank you bus driver!"},{"type":"⏱️","phrase":"School bus was late."}]},{"slug":"pencil","title":"Pencil","phrases":[{"type":"✏️","phrase":"I'm writing."},{"type":"🎓","phrase":"I'm learning to write."},{"type":"🙋","phrase":"I need a new pencil."},{"type":"😇","phrase":"Can I borrow your pencil?"},{"type":"😱","phrase":"I lost my pencil."}]},{"slug":"eraser","title":"Eraser","phrases":[{"type":"🧽","phrase":"I'm erasing."},{"type":"🙋","phrase":"I need a new eraser."},{"type":"😇","phrase":"Can I borrow your eraser?"},{"type":"😱","phrase":"I lost my eraser."}]},{"slug":"ruler","title":"Ruler","phrases":[{"type":"📏","phrase":"I'm measuring."},{"type":"🙋","phrase":"I need a new ruler."},{"type":"😇","phrase":"Can I borrow your ruler?"},{"type":"😱","phrase":"I lost my ruler."}]},{"slug":"sharpener","title":"Sharpener","phrases":[{"type":"🔪","phrase":"I'm sharpening my pencil."},{"type":"🙋","phrase":"I need a new sharpener."},{"type":"😇","phrase":"Can I borrow your sharpener?"},{"type":"😱","phrase":"I lost my sharpener."}]},{"slug":"mathematics","title":"Mathematics","phrases":[{"type":"❤️","phrase":"I like mathematics."},{"type":"🙋","phrase":"I want to study mathematics."},{"type":"❌","phrase":"I don't like mathematics."},{"type":"⌚","phrase":"When is mathematics class?"},{"type":"☝️","phrase":"Can you help me with my mathematics homework?"}]},{"slug":"literature","title":"Literature","phrases":[{"type":"❤️","phrase":"I like literature."},{"type":"🙋","phrase":"I want to study literature."},{"type":"❌","phrase":"I don't like literature."},{"type":"⌚","phrase":"When is literature class?"},{"type":"☝️","phrase":"Can you help me with my literature homework?"}]},{"slug":"science","title":"Science","phrases":[{"type":"❤️","phrase":"I like science."},{"type":"🙋","phrase":"I want to study science."},{"type":"❌","phrase":"I don't like science."},{"type":"⌚","phrase":"When is science class?"},{"type":"☝️","phrase":"Can you help me with my science homework?"}]},{"slug":"art-class","title":"Art class","phrases":[{"type":"❤️","phrase":"I like art class."},{"type":"🙋","phrase":"I want to practice art skills."},{"type":"❌","phrase":"I don't like art class."},{"type":"⌚","phrase":"When is art class?"},{"type":"☝️","phrase":"Can you help me with my art class homework?"}]},{"slug":"music-class","title":"Music class","phrases":[{"type":"❤️","phrase":"I like music class."},{"type":"🙋","phrase":"I want to practice music skills."},{"type":"❌","phrase":"I don't like music class."},{"type":"⌚","phrase":"When is music class?"},{"type":"☝️","phrase":"Can you help me with my music class homework?"}]},{"slug":"geography","title":"Geography","phrases":[{"type":"❤️","phrase":"I like geography."},{"type":"🙋","phrase":"I want to study geography."},{"type":"❌","phrase":"I don't like geography."},{"type":"⌚","phrase":"When is geography?"},{"type":"☝️","phrase":"Can you help me with my geography homework?"}]},{"slug":"telescope","title":"Telescope","phrases":[{"type":"🌎","phrase":"I'm using the telescope."},{"type":"🙋","phrase":"I want to use the telescope."},{"type":"🌟","phrase":"I want to look at the stars."}]},{"slug":"glue","title":"Glue","phrases":[{"type":"👌","phrase":"I'm using glue."},{"type":"🙋","phrase":"I need a new glue."},{"type":"😇","phrase":"Can I borrow your glue?"},{"type":"😱","phrase":"I lost my glue."}]}]