[{"slug":"circle","title":"Circle","phrases":[{"type":"👉","phrase":"This is circle shaped."},{"type":"❓","phrase":"Can you teach me how to draw a circle?"}]},{"slug":"triangle","title":"Triangle","phrases":[{"type":"👉","phrase":"This is triangle shaped."},{"type":"❓","phrase":"Can you teach me how to draw a triangle?"}]},{"slug":"square","title":"Square","phrases":[{"type":"👉","phrase":"This is square shaped."},{"type":"❓","phrase":"Can you teach me how to draw a square?"}]},{"slug":"rectangle","title":"Rectangle","phrases":[{"type":"👉","phrase":"This is rectangle shaped."},{"type":"❓","phrase":"Can you teach me how to draw a rectangle?"}]},{"slug":"star","title":"Star","phrases":[{"type":"👉","phrase":"This is star shaped."},{"type":"❓","phrase":"Can you teach me how to draw a star?"}]},{"slug":"pentagon","title":"Pentagon","phrases":[{"type":"👉","phrase":"This is pentagon shaped."},{"type":"❓","phrase":"Can you teach me how to draw a pentagon?"}]},{"slug":"hexagon","title":"Hexagon","phrases":[{"type":"👉","phrase":"This is hexagon shaped."},{"type":"❓","phrase":"Can you teach me how to draw a hexagon?"}]},{"slug":"cross","title":"Cross","phrases":[{"type":"👉","phrase":"This is cross shaped."},{"type":"❓","phrase":"Can you teach me how to draw a cross?"}]},{"slug":"ellipse","title":"Ellipse","phrases":[{"type":"👉","phrase":"This is ellipse shaped."},{"type":"❓","phrase":"Can you teach me how to draw a ellipse?"}]},{"slug":"arrow","title":"Arrow","phrases":[{"type":"👉","phrase":"This is arrow shaped."},{"type":"❓","phrase":"Can you teach me how to draw a arrow?"}]},{"slug":"crescent","title":"Crescent","phrases":[{"type":"👉","phrase":"This is crescent shaped."},{"type":"❓","phrase":"Can you teach me how to draw a crescent?"}]},{"slug":"heart","title":"Heart","phrases":[{"type":"👉","phrase":"This is heart shaped."},{"type":"❓","phrase":"Can you teach me how to draw a heart?"}]},{"slug":"rhombus","title":"Rhombus","phrases":[{"type":"👉","phrase":"This is rhombus shaped."},{"type":"❓","phrase":"Can you teach me how to draw a rhombus?"}]},{"slug":"ring","title":"Ring","phrases":[{"type":"👉","phrase":"This is ring shaped."},{"type":"❓","phrase":"Can you teach me how to draw a ring?"}]},{"slug":"semicircle","title":"Semicircle","phrases":[{"type":"👉","phrase":"This is semicircle shaped."},{"type":"❓","phrase":"Can you teach me how to draw a semicircle?"}]},{"slug":"trapezoid","title":"Trapezoid","phrases":[{"type":"👉","phrase":"This is trapezoid shaped."},{"type":"❓","phrase":"Can you teach me how to draw a trapezoid?"}]},{"slug":"cube","title":"Cube","phrases":[{"type":"👉","phrase":"This is cube shaped."},{"type":"❓","phrase":"Can you teach me how to draw a cube?"}]},{"slug":"cylinder","title":"Cylinder","phrases":[{"type":"👉","phrase":"This is cylinder shaped."},{"type":"❓","phrase":"Can you teach me how to draw a cylinder?"}]}]
