[{"slug":"chips","title":"Chips","phrases":[{"type":"❤️","phrase":"I like eating chips."},{"type":"🙋","phrase":"I want to eat chips."},{"type":"🤢","phrase":"Eating too much chips is bad for me."}]},{"slug":"donut","title":"Donut","phrases":[{"type":"❤️","phrase":"I like eating donut."},{"type":"🙋","phrase":"I want to eat donut."},{"type":"🤢","phrase":"Eating too much donut is bad for me."}]},{"slug":"taco","title":"Taco","phrases":[{"type":"❤️","phrase":"I like eating tacos."},{"type":"🙋","phrase":"I want to eat taco."},{"type":"🤢","phrase":"Eating too much tacos is bad for me."}]},{"slug":"peanuts","title":"Peanuts","phrases":[{"type":"❤️","phrase":"I like eating peanuts."},{"type":"🙋","phrase":"I want to eat peanuts."},{"type":"🤢","phrase":"Eating too much peanuts is bad for me."}]},{"slug":"croissant","title":"Croissant","phrases":[{"type":"❤️","phrase":"I like eating croissant."},{"type":"🙋","phrase":"I want to eat croissant."},{"type":"🤢","phrase":"Eating too much croissant is bad for me."}]},{"slug":"cookie","title":"Cookie","phrases":[{"type":"❤️","phrase":"I like eating cookie."},{"type":"🙋","phrase":"I want to eat cookie."},{"type":"🤢","phrase":"Eating too much cookies is bad for me."}]},{"slug":"burrito","title":"Burrito","phrases":[{"type":"❤️","phrase":"I like eating burrito."},{"type":"🙋","phrase":"I want to eat burrito."},{"type":"🤢","phrase":"Eating too much burritos is bad for me."}]},{"slug":"ramen","title":"Ramen","phrases":[{"type":"❤️","phrase":"I like eating ramen."},{"type":"🙋","phrase":"I want to eat ramen."},{"type":"🤢","phrase":"Eating too much ramen is bad for me."}]},{"slug":"sushi","title":"Sushi","phrases":[{"type":"❤️","phrase":"I like eating sushi."},{"type":"🙋","phrase":"I want to eat sushi."},{"type":"🤢","phrase":"Eating too much sushi is bad for me."}]},{"slug":"chocolate","title":"Chocolate","phrases":[{"type":"❤️","phrase":"I like eating chocolate."},{"type":"🙋","phrase":"I want to eat chocolate."},{"type":"🤢","phrase":"Eating too much chocolate is bad for me."}]},{"slug":"apple-pie","title":"Apple pie","phrases":[{"type":"❤️","phrase":"I like eating apple pie."},{"type":"🙋","phrase":"I want to eat apple pie."},{"type":"🤢","phrase":"Eating too much apple pie is bad for me."}]},{"slug":"muffin","title":"Muffin","phrases":[{"type":"❤️","phrase":"I like eating muffin."},{"type":"🙋","phrase":"I want to eat muffin."},{"type":"🤢","phrase":"Eating too much muffins is bad for me."}]},{"slug":"pudding","title":"Pudding","phrases":[{"type":"❤️","phrase":"I like eating pudding."},{"type":"🙋","phrase":"I want to eat pudding."},{"type":"🤢","phrase":"Eating too much pudding is bad for me."}]},{"slug":"macaron","title":"Macaron","phrases":[{"type":"❤️","phrase":"I like eating macaron."},{"type":"🙋","phrase":"I want to eat macaron."},{"type":"🤢","phrase":"Eating too much macaron is bad for me."}]},{"slug":"crepe","title":"Crepe","phrases":[{"type":"❤️","phrase":"I like eating crepe."},{"type":"🙋","phrase":"I want to eat crepe."},{"type":"🤢","phrase":"Eating too much crepes is bad for me."}]},{"slug":"pizza","title":"Pizza","phrases":[{"type":"❤️","phrase":"I like eating pizza."},{"type":"🙋","phrase":"I want to eat pizza."},{"type":"🤢","phrase":"Eating too much pizza is bad for me."}]},{"slug":"skewer","title":"Skewer","phrases":[{"type":"❤️","phrase":"I like eating skewer."},{"type":"🙋","phrase":"I want to eat skewer."},{"type":"🤢","phrase":"Eating too much skewers is bad for me."}]},{"slug":"fast-food","title":"Fast food","phrases":[{"type":"❤️","phrase":"I like eating fast food."},{"type":"🙋","phrase":"I want to eat fast food."},{"type":"🤢","phrase":"Eating too much fast food is bad for me."}]}]