[{"slug":"basketball","title":"Basketball","phrases":[{"type":"❤️","phrase":"I like playing basketball."},{"type":"🙋","phrase":"Do you want to play basketball?"}]},{"slug":"boxing","title":"Boxing","phrases":[{"type":"❤️","phrase":"I like boxing."},{"type":"🙋","phrase":"Do you want to box together?"}]},{"slug":"tennis","title":"Tennis","phrases":[{"type":"❤️","phrase":"I like playing tennis."},{"type":"🙋","phrase":"Do you want to play tennis?"}]},{"slug":"golf","title":"Golf","phrases":[{"type":"❤️","phrase":"I like playing golf."},{"type":"🙋","phrase":"Do you want to play golf?"}]},{"slug":"hockey","title":"Hockey","phrases":[{"type":"❤️","phrase":"I like playing hockey."},{"type":"🙋","phrase":"Do you want to play hockey?"}]},{"slug":"swimming","title":"Swimming","phrases":[{"type":"❤️","phrase":"I like swimming."},{"type":"🙋","phrase":"Do you want to swim?"}]},{"slug":"baseball","title":"Baseball","phrases":[{"type":"❤️","phrase":"I like playing baseball."},{"type":"🙋","phrase":"Do you want to play baseball?"}]},{"slug":"american-football","title":"American football","phrases":[{"type":"❤️","phrase":"I like playing american football."},{"type":"🙋","phrase":"Do you want to play american football?"}]},{"slug":"cricket","title":"Cricket","phrases":[{"type":"❤️","phrase":"I like cricket."},{"type":"🙋","phrase":"Do you want to play cricket?"}]},{"slug":"racing","title":"Racing","phrases":[{"type":"❤️","phrase":"I like racing."},{"type":"🙋","phrase":"Do you want to race together?"}]},{"slug":"skiing","title":"Skiing","phrases":[{"type":"❤️","phrase":"I like skiing."},{"type":"🙋","phrase":"Do you want to ski?"}]},{"slug":"volleyball","title":"Volleyball","phrases":[{"type":"❤️","phrase":"I like playing volleyball."},{"type":"🙋","phrase":"Do you want to play volleyball?"}]},{"slug":"fencing","title":"Fencing","phrases":[{"type":"❤️","phrase":"I like fencing."}]},{"slug":"referee","title":"Referee","phrases":[{"type":"🏁","phrase":"Can I be the referee?"}]},{"slug":"coach","title":"Coach","phrases":[{"type":"🏁","phrase":"Can I be your coach?"}]},{"slug":"kendo","title":"Kendo","phrases":[]},{"slug":"table-tennis","title":"Table tennis","phrases":[{"type":"❤️","phrase":"I like playing table tennis."},{"type":"🙋","phrase":"Do you want to play table tennis?"}]},{"slug":"medal","title":"Medal","phrases":[{"type":"😎","phrase":"I have got a medal."}]},{"slug":"podium","title":"Podium","phrases":[]}]