[{"slug":"doll","title":"Doll","phrases":[{"type":"❤️","phrase":"I like dolls."},{"type":"☝️","phrase":"Can I play with my dolls?"},{"type":"🙋","phrase":"I want a doll as present."}]},{"slug":"teddy-bear","title":"Teddy bear","phrases":[{"type":"❤️","phrase":"I like teddy bears."},{"type":"☝️","phrase":"Can I play with my teddy-bear?"},{"type":"🙋","phrase":"I want a teddy bear as present."}]},{"slug":"blocks","title":"Blocks","phrases":[{"type":"❤️","phrase":"I like blocks."},{"type":"☝️","phrase":"Can I play with my blocks?"},{"type":"🙋","phrase":"I want a blocks as present."}]},{"slug":"spinner","title":"Spinner","phrases":[{"type":"❤️","phrase":"I like spinner."},{"type":"☝️","phrase":"Can I play with my spinner?"},{"type":"🙋","phrase":"I want a spinner as present."}]},{"slug":"nutcracker","title":"Nutcracker","phrases":[{"type":"❤️","phrase":"I like nutcrackers."},{"type":"☝️","phrase":"Can I play with my nutcracker?"},{"type":"🙋","phrase":"I want a nutcracker as present."}]},{"slug":"video-games","title":"Video games","phrases":[{"type":"❤️","phrase":"I like video games."},{"type":"☝️","phrase":"Can we play video games together?"},{"type":"🙋","phrase":"I want video games as present."}]},{"slug":"cards","title":"Cards","phrases":[{"type":"❤️","phrase":"I like playing cards."},{"type":"☝️","phrase":"Can I play with my cards?"},{"type":"🙋","phrase":"I want playing cards as present."}]},{"slug":"toy-car","title":"Toy car","phrases":[{"type":"❤️","phrase":"I like toy cars."},{"type":"☝️","phrase":"Can I play with my toy car?"},{"type":"🙋","phrase":"I want a toy car as present."}]},{"slug":"sword","title":"Sword","phrases":[{"type":"❤️","phrase":"I like toy swords."},{"type":"☝️","phrase":"Can I play with my toy sword?"},{"type":"🙋","phrase":"I want a sword as present."}]},{"slug":"yo-yo","title":"Yo-yo","phrases":[{"type":"❤️","phrase":"I like playing with yo-yo."},{"type":"☝️","phrase":"Can I play with my yo-yo?"},{"type":"🙋","phrase":"I want a yo-yo as present."}]},{"slug":"slingshot","title":"Slingshot","phrases":[{"type":"❤️","phrase":"I like slingshots."},{"type":"☝️","phrase":"Can I play with my slingshot?"},{"type":"🙋","phrase":"I want a slingshot as present."}]},{"slug":"water-gun","title":"Water gun","phrases":[{"type":"❤️","phrase":"I like water gun."},{"type":"☝️","phrase":"Can I play with my water gun?"},{"type":"🙋","phrase":"I want a water gun as present."}]},{"slug":"doll-house","title":"Doll house","phrases":[{"type":"❤️","phrase":"I like playing with dollhouse."},{"type":"☝️","phrase":"Can I play with my doll house?"},{"type":"🙋","phrase":"I want a doll house as present."}]},{"slug":"viewer","title":"Viewer","phrases":[{"type":"❤️","phrase":"I like playing with viewer."},{"type":"🙋","phrase":"I want a viewer as present."}]},{"slug":"board-game","title":"Board game","phrases":[{"type":"❤️","phrase":"I like board games."},{"type":"☝️","phrase":"Can we play board games?"},{"type":"🙋","phrase":"I want a board game as present."}]},{"slug":"rubiks-cube","title":"Rubik's cube","phrases":[{"type":"❤️","phrase":"I like solving rubik's cube."},{"type":"☝️","phrase":"Can I try to solve my rubik's cube?"},{"type":"🙋","phrase":"I want a rubik's cube as present."}]},{"slug":"puzzle","title":"Puzzle","phrases":[{"type":"❤️","phrase":"I like puzzles."},{"type":"☝️","phrase":"Can I solve puzzles?"},{"type":"🙋","phrase":"I want puzzles as present."}]},{"slug":"remote-control-car","title":"Remote control car","phrases":[{"type":"❤️","phrase":"I like my remote control car."},{"type":"☝️","phrase":"Can I play with my remote-control-car"},{"type":"🙋","phrase":"I want a remote control car as present."}]},{"slug":"rocking-horse","title":"Rocking horse","phrases":[{"type":"❤️","phrase":"I like my rocking horse."},{"type":"☝️","phrase":"Can I play with the rocking horse?"}]},{"slug":"scooter","title":"Scooter","phrases":[{"type":"❤️","phrase":"I like my scooter."},{"type":"🙋","phrase":"I want a scooter as present."}]},{"slug":"pyramid","title":"Pyramid","phrases":[{"type":"❤️","phrase":"I like pyramids."},{"type":"🙋","phrase":"I want a pyramid as present."}]},{"slug":"cart","title":"Cart","phrases":[{"type":"❤️","phrase":"I like my toy cart."},{"type":"🙋","phrase":"Can you help me tidy my toys?"}]},{"slug":"aeroplane","title":"Aeroplane","phrases":[{"type":"❤️","phrase":"I like aeroplanes."},{"type":"☝️","phrase":"Can I play with my aeroplane?"},{"type":"🙋","phrase":"I want a aeroplane as present."}]},{"slug":"sand-bucket","title":"Sand bucket","phrases":[{"type":"❤️","phrase":"I like sand buckets."},{"type":"☝️","phrase":"Can I build castle with my sand bucket?"}]}]