[{"slug":"train","title":"Train","phrases":[{"type":"🙋","phrase":"I want to take the train."},{"type":"❤️","phrase":"I like trains."}]},{"slug":"car","title":"Car","phrases":[{"type":"🙋","phrase":"I want to drive a car."},{"type":"❤️","phrase":"I like cars."}]},{"slug":"bicycle","title":"Bicycle","phrases":[{"type":"🙋","phrase":"I want to ride a bicycle."},{"type":"❤️","phrase":"I like bicycle."}]},{"slug":"motorcycle","title":"Motorcycle","phrases":[{"type":"🙋","phrase":"I want to ride a motorcycle."},{"type":"❤️","phrase":"I like motorcycle."}]},{"slug":"skateboard","title":"Skateboard","phrases":[{"type":"🙋","phrase":"I want to skate."},{"type":"❤️","phrase":"I like skateboard."}]},{"slug":"food-truck","title":"Ferry","phrases":[{"type":"🙋","phrase":"I want to take the ferry."},{"type":"🧑‍🤝‍🧑","phrase":"Ferry is crowded."}]},{"slug":"boat","title":"Boat","phrases":[{"type":"🙋","phrase":"I want to ride a boat."},{"type":"🧑‍🤝‍🧑","phrase":"Boat is crowded."}]},{"slug":"ship","title":"Ship","phrases":[{"type":"🙋","phrase":"I want to board a ship."},{"type":"🧑‍🤝‍🧑","phrase":"Ship is crowded."}]},{"slug":"bus","title":"Bus","phrases":[{"type":"🙋","phrase":"I want to take the bus."},{"type":"🧑‍🤝‍🧑","phrase":"Bus is crowded."}]},{"slug":"minibus","title":"Minibus","phrases":[{"type":"🙋","phrase":"I want to take the minibus."},{"type":"🧑‍🤝‍🧑","phrase":"Minibus is crowded."}]},{"slug":"wheelchair","title":"Wheelchair","phrases":[{"type":"♿","phrase":"I'm using a wheelchair."},{"type":"👨‍🦽","phrase":"He is using a wheelchair."},{"type":"🙋","phrase":"Can you help me use my wheelchair."},{"type":"🖐️","phrase":"Can you push me?"}]},{"slug":"taxi","title":"Taxi","phrases":[{"type":"🙋","phrase":"I want to take the taxi."}]},{"slug":"airplane","title":"Airplane","phrases":[{"type":"🙋","phrase":"I want to fly on an airplane."},{"type":"❤️","phrase":"I like airplanes."},{"type":"🧑‍🤝‍🧑","phrase":"Airplane is crowded."}]},{"slug":"van","title":"Van","phrases":[{"type":"🙋","phrase":"I want to drive in a van."}]},{"slug":"hot-air-balloon","title":"Hot air baloon","phrases":[{"type":"🙋","phrase":"I want to fly on a hot air baloon."},{"type":"❤️","phrase":"I like hot air baloon."}]},{"slug":"fire-truck","title":"Fire truck","phrases":[{"type":"🚨","phrase":"Fire truck siren."}]},{"slug":"police-car","title":"Police car","phrases":[{"type":"🚨","phrase":"Police car siren."},{"type":"❤️","phrase":"I like police cars."}]},{"slug":"ambulance","title":"Ambulance","phrases":[{"type":"🚨","phrase":"Ambulance siren."}]},{"slug":"stretcher","title":"Stretcher","phrases":[{"type":"🙋","phrase":"Can you help me with my stretcher?"}]},{"slug":"helicopter","title":"Helicopter","phrases":[{"type":"🙋","phrase":"I want to fly on a helicopter."}]},{"slug":"trailer","title":"Trailer","phrases":[{"type":"🙋","phrase":"I want to drive in a trailer."}]},{"slug":"spaceship","title":"Spaceship","phrases":[{"type":"❤️","phrase":"I like spaceships."},{"type":"🌌","phrase":"I want to travel in space."},{"type":"👽","phrase":"I want to see aliens."},{"type":"👩‍🚀","phrase":"I want to go to mars."},{"type":"🚀","phrase":"Can you take me to mars Elon Musk?"}]}]