[{"slug":"luggage","title":"Luggage","phrases":[]},{"slug":"swimming","title":"Swimming","phrases":[]},{"slug":"passport","title":"Passport","phrases":[]},{"slug":"tent","title":"Tent","phrases":[]},{"slug":"backpacking","title":"Backpacking","phrases":[]},{"slug":"beach-chair","title":"Beach chair","phrases":[]},{"slug":"room-service","title":"Room service","phrases":[]},{"slug":"waiting-area","title":"Waiting area","phrases":[]},{"slug":"electric-socket","title":"Electric socket","phrases":[]},{"slug":"bag","title":"Bag","phrases":[]},{"slug":"boarding-pass","title":"Boarding pass","phrases":[]},{"slug":"gps","title":"Gps","phrases":[]},{"slug":"mountain","title":"Mountain","phrases":[]},{"slug":"camera","title":"Camera","phrases":[]},{"slug":"hotel","title":"Hotel","phrases":[]},{"slug":"bed","title":"Bed","phrases":[]},{"slug":"hotel-key","title":"Hotel key","phrases":[]},{"slug":"bonfire","title":"Bonfire","phrases":[]},{"slug":"snorkling","title":"Snorkling","phrases":[]},{"slug":"action-camera","title":"Action camera","phrases":[]}]