[{"slug":"cucumber","title":"Cucumber","phrases":[{"type":"❤️","phrase":"I like eating cucumber."},{"type":"🙋","phrase":"I want to eat a cucumber."},{"type":"❌","phrase":"I don't like cucumber."}]},{"slug":"onion","title":"Onion","phrases":[{"type":"❤️","phrase":"I like eating onion."},{"type":"🙋","phrase":"I want to eat an onion."},{"type":"❌","phrase":"I don't like onion."},{"type":"❌","phrase":"I don't like the smell of onion."}]},{"slug":"garlic","title":"Garlic","phrases":[{"type":"❤️","phrase":"I like eating garlic."},{"type":"🙋","phrase":"I want to eat a garlic."},{"type":"❌","phrase":"I don't like garlic."},{"type":"❌","phrase":"I don't like the smell of garlic."}]},{"slug":"carrot","title":"Carrot","phrases":[{"type":"❤️","phrase":"I like eating carrot."},{"type":"🙋","phrase":"I want to eat a carrot."},{"type":"❌","phrase":"I don't like carrots."}]},{"slug":"cabbage","title":"Cabbage","phrases":[{"type":"❤️","phrase":"I like eating cabbage."},{"type":"🙋","phrase":"I want to eat a cabbage."},{"type":"❌","phrase":"I don't like cabbage."}]},{"slug":"tomato","title":"Tomato","phrases":[{"type":"❤️","phrase":"I like eating tomato."},{"type":"🙋","phrase":"I want to eat a tomato."},{"type":"❌","phrase":"I don't like tomato."},{"type":"❤️","phrase":"I like to have a tomato soup."}]},{"slug":"eggplant","title":"Eggplant","phrases":[{"type":"❤️","phrase":"I like eating eggplant."},{"type":"🙋","phrase":"I want to eat a eggplant."},{"type":"❌","phrase":"I don't like eggplant."}]},{"slug":"mushroom","title":"Mushroom","phrases":[{"type":"❤️","phrase":"I like eating mushroom."},{"type":"🙋","phrase":"I want to eat a mushroom."},{"type":"❌","phrase":"I don't like mushroom."},{"type":"❤️","phrase":"I like to have a mushroom soup."}]},{"slug":"pepper","title":"Pepper","phrases":[{"type":"❤️","phrase":"I like eating pepper."},{"type":"🙋","phrase":"I want to eat a pepper."},{"type":"❌","phrase":"I don't like pepper."}]},{"slug":"corn","title":"Corn","phrases":[{"type":"❤️","phrase":"I like eating corn."},{"type":"🙋","phrase":"I want to eat a corn."},{"type":"❌","phrase":"I don't like corn."},{"type":"❤️","phrase":"I like to have a corn soup."}]},{"slug":"broccoli","title":"Broccoli","phrases":[{"type":"❤️","phrase":"I like eating broccoli."},{"type":"🙋","phrase":"I want to eat a broccoli."},{"type":"❌","phrase":"I don't like broccoli."}]},{"slug":"celery","title":"Celery","phrases":[{"type":"❤️","phrase":"I like eating celery."},{"type":"🙋","phrase":"I want to eat a celery."},{"type":"❌","phrase":"I don't like celery."}]},{"slug":"chili","title":"Chili","phrases":[{"type":"❤️","phrase":"I like eating chili."},{"type":"🙋","phrase":"I want to eat a chili."},{"type":"❌","phrase":"I don't like chili."}]},{"slug":"potato","title":"Potato","phrases":[{"type":"❤️","phrase":"I like eating potato."},{"type":"🙋","phrase":"I want to eat a potato."},{"type":"❌","phrase":"I don't like potato."},{"type":"❤️","phrase":"I like to eat potato fries."}]},{"slug":"asparagus","title":"Asparagus","phrases":[{"type":"❤️","phrase":"I like eating asparagus."},{"type":"🙋","phrase":"I want to eat a asparagus."},{"type":"❌","phrase":"I don't like asparagus."}]},{"slug":"cauliflower","title":"Cauliflower","phrases":[{"type":"❤️","phrase":"I like eating cauliflower."},{"type":"🙋","phrase":"I want to eat a cauliflower."},{"type":"❌","phrase":"I don't like cauliflower."}]},{"slug":"pumpkin","title":"Pumpkin","phrases":[{"type":"❤️","phrase":"I like eating pumpkin."},{"type":"🙋","phrase":"I want to eat a pumpkin."},{"type":"❌","phrase":"I don't like pumpkin."},{"type":"❤️","phrase":"I like to have a pumpkin soup."}]},{"slug":"beetroot","title":"Beetroot","phrases":[{"type":"❤️","phrase":"I like eating beetroot."},{"type":"🙋","phrase":"I want to eat a beetroot."},{"type":"❌","phrase":"I don't like beetroot."}]},{"slug":"bean","title":"Bean","phrases":[{"type":"❤️","phrase":"I like eating beans."},{"type":"🙋","phrase":"I want to eat a bean."},{"type":"❌","phrase":"I don't like bean."}]},{"slug":"lettuce","title":"Lettuce","phrases":[{"type":"❤️","phrase":"I like eating lettuce."},{"type":"🙋","phrase":"I want to eat a lettuce."},{"type":"❌","phrase":"I don't like lettuce."},{"type":"❤️","phrase":"I like my salad to have more lettuce."}]},{"slug":"radish","title":"Radish","phrases":[{"type":"❤️","phrase":"I like eating radish."},{"type":"🙋","phrase":"I want to eat a radish."},{"type":"❌","phrase":"I don't like radish."}]},{"slug":"bok-choy","title":"Bok choy","phrases":[{"type":"❤️","phrase":"I like eating bok choy."},{"type":"🙋","phrase":"I want to eat a bok choy."},{"type":"❌","phrase":"I don't like bok choy."}]},{"slug":"leek","title":"Leek","phrases":[{"type":"❤️","phrase":"I like eating leeks."},{"type":"🙋","phrase":"I want to eat a leek."},{"type":"❌","phrase":"I don't like leek."}]},{"slug":"peas","title":"Peas","phrases":[{"type":"❤️","phrase":"I like eating peas."},{"type":"🙋","phrase":"I want to eat a peas."},{"type":"❌","phrase":"I don't like peas."}]},{"slug":"ginger","title":"Ginger","phrases":[{"type":"❤️","phrase":"I like eating ginger."},{"type":"🙋","phrase":"I want to eat a ginger."},{"type":"❌","phrase":"I don't like ginger."}]},{"slug":"sweet-potato","title":"Sweet potato","phrases":[{"type":"❤️","phrase":"I like eating sweet potato."},{"type":"🙋","phrase":"I want to eat a sweet potato."},{"type":"❌","phrase":"I don't like sweet potato."},{"type":"❤️","phrase":"I like to eat fried sweet potato."}]},{"slug":"olives","title":"Olives","phrases":[{"type":"❤️","phrase":"I like eating olives."},{"type":"🙋","phrase":"I want to eat a olives."},{"type":"❌","phrase":"I don't like olives."},{"type":"❤️","phrase":"I like olives in my pizza."}]}]