[{"slug":"walking","title":"يمشي","phrases":[{"type":"❤️","phrase":"أحب المشي"},{"type":"❌","phrase":"لا احب المشي"},{"type":"🙋","phrase":"هل تريد المشي معا؟"}]},{"slug":"running","title":"ادارة","phrases":[{"type":"❤️","phrase":"أحب الجري."},{"type":"❌","phrase":"أنا لا أحب الجري."},{"type":"🙋","phrase":"هل تريد الذهاب للجري؟"}]},{"slug":"talking","title":"تتحدث","phrases":[{"type":"❤️","phrase":"أحب التحدث."},{"type":"❌","phrase":"لا أحب التحدث."},{"type":"🙋","phrase":"هل تود أنت تتحدث معي؟"}]},{"slug":"reading","title":"قراءة","phrases":[{"type":"❤️","phrase":"أنا أحب القراءة."},{"type":"❌","phrase":"لا أحب القراءة."},{"type":"🙋","phrase":"هل تريد القراءة معا؟"}]},{"slug":"football","title":"كرة القدم","phrases":[{"type":"❤️","phrase":"انا احب لعب كرة القدم."},{"type":"❌","phrase":"لا أحب لعب كرة القدم."},{"type":"🙋","phrase":"هل تريد أن تلعب كرة القدم؟"}]},{"slug":"basketball","title":"كرة سلة","phrases":[{"type":"❤️","phrase":"انا احب لعب كرة السلة."},{"type":"❌","phrase":"لا أحب لعب كرة السلة."},{"type":"🙋","phrase":"هل تريد أن تلعب كرة السلة؟"}]},{"slug":"swimming","title":"سباحة","phrases":[{"type":"❤️","phrase":"انا احب السباحة."},{"type":"❌","phrase":"لا احب السباحة."},{"type":"🙋","phrase":"هل تريد الذهاب للسباحة؟"}]},{"slug":"painting","title":"لوحة","phrases":[{"type":"❤️","phrase":"انا احب الرسم."},{"type":"❌","phrase":"لا أحب الرسم."},{"type":"🙋","phrase":"هل تريد أن ترسم معًا؟"}]},{"slug":"drawing","title":"رسم","phrases":[{"type":"❤️","phrase":"أنا أحب الرسم."},{"type":"❌","phrase":"لا أحب الرسم."},{"type":"🙋","phrase":"هل تريد الرسم معا؟"}]},{"slug":"cycling","title":"ركوب الدراجات","phrases":[{"type":"❤️","phrase":"أنا أحب ركوب الدراجات."},{"type":"❌","phrase":"أنا لا أحب ركوب الدراجات."},{"type":"🙋","phrase":"هل تريد الذهاب لركوب الدراجات؟"}]},{"slug":"skating","title":"تزلج","phrases":[{"type":"❤️","phrase":"أحب التزلج."},{"type":"❌","phrase":"لا أحب التزلج."},{"type":"🙋","phrase":"هل تريد الذهاب للتزلج؟"}]},{"slug":"sightseeing","title":"معالم المدينة","phrases":[{"type":"❤️","phrase":"أحب مشاهدة المعالم السياحية."},{"type":"❌","phrase":"لا أحب مشاهدة المعالم السياحية."},{"type":"🙋","phrase":"هل تريد الذهاب لمشاهدة معالم المدينة؟"}]},{"slug":"video-games","title":"العاب الكترونية","phrases":[{"type":"❤️","phrase":"أنا أحب لعب ألعاب الفيديو."},{"type":"❌","phrase":"لا أحب لعب ألعاب الفيديو."},{"type":"🙋","phrase":"هل تريد لعب الألعاب؟"}]},{"slug":"tidying","title":"الترتيب","phrases":[{"type":"❤️","phrase":"أحب ترتيب غرفتي."},{"type":"❌","phrase":"لا أحب ترتيب غرفتي."},{"type":"🙋","phrase":"هل يمكنك مساعدتي في ترتيب غرفتي؟"}]},{"slug":"toys","title":"ألعاب الأطفال","phrases":[{"type":"❤️","phrase":"احب اللعب."},{"type":"❌","phrase":"لا أحب اللعب."},{"type":"🙋","phrase":"هل تريد اللعب بألعابي؟"}]},{"slug":"puzzle","title":"لغز","phrases":[{"type":"❤️","phrase":"أحب حل اللغز."},{"type":"❌","phrase":"لا أحب حل اللغز."},{"type":"🙋","phrase":"هل تريد حل الألغاز معي؟"}]},{"slug":"comics","title":"كاريكاتير","phrases":[{"type":"❤️","phrase":"أحب قراءة القصص المصورة."},{"type":"❌","phrase":"لا أحب قراءة القصص المصورة."},{"type":"🙋","phrase":"هل تريد قراءة القصص المصورة؟"}]},{"slug":"chess","title":"شطرنج","phrases":[{"type":"❤️","phrase":"أحب لعب الشطرنج."},{"type":"❌","phrase":"لا أحب لعب الشطرنج."},{"type":"🙋","phrase":"هل تريد لعب الشطرنج معي؟"}]},{"slug":"using-leeloo","title":"باستخدام Leeloo","phrases":[{"type":"❤️","phrase":"أحب استخدام leeloo."},{"type":"❌","phrase":"أنا لا أحب استخدام leeloo."},{"type":"🙋","phrase":"هل يمكنك تغيير حزم البطاقات على leeloo؟"}]},{"slug":"texting","title":"الرسائل النصية","phrases":[{"type":"❤️","phrase":"أحب الرسائل النصية."},{"type":"❌","phrase":"لا أحب الرسائل النصية."}]},{"slug":"knitting","title":"الحياكة","phrases":[{"type":"❤️","phrase":"أنا أحب الحياكة."},{"type":"❌","phrase":"أنا لا أحب الحياكة."},{"type":"🙋","phrase":"أريد أن أتعلم كيف يحبك."}]},{"slug":"bowling","title":"البولينج","phrases":[{"type":"❤️","phrase":"أنا أحب البولينج."},{"type":"❌","phrase":"أنا لا أحب البولينج."},{"type":"🙋","phrase":"هل تريد لعب البولينغ معي؟"}]},{"slug":"watching-tv","title":"اشاهد التلفاز","phrases":[{"type":"❤️","phrase":"احب مشاهدة التلفاز."},{"type":"❌","phrase":"لا أحب مشاهدة التلفاز."},{"type":"🙋","phrase":"هل تريد مشاهدة التلفاز؟"}]},{"slug":"fishing","title":"صيد السمك","phrases":[{"type":"❤️","phrase":"أحب الصيد."},{"type":"❌","phrase":"أنا لا أحب الصيد."},{"type":"🙋","phrase":"هل تريد الذهاب الى الصيد؟"}]},{"slug":"exercising","title":"التمرين","phrases":[{"type":"❤️","phrase":"أحب ممارسة الرياضة."},{"type":"❌","phrase":"لا أحب ممارسة الرياضة."},{"type":"🙋","phrase":"هل تريد ممارسة الرياضة معي؟"}]},{"slug":"tennis","title":"تنس","phrases":[{"type":"❤️","phrase":"انا احب لعب التنس."},{"type":"❌","phrase":"لا أحب لعب التنس."},{"type":"🙋","phrase":"هل تريد لعب التنس معي؟"}]}]