[{"slug":"cat","title":"قط","phrases":[{"type":"❤️","phrase":"أنا أحب القطط."},{"type":"👀","phrase":"رأيت قطة."},{"type":"🔊","phrase":"ما الضوضاء التي تصدرها القطة؟"},{"type":"🐈","phrase":"هل يمكننا الحصول على قطة كحيوان أليف؟"}]},{"slug":"dog","title":"الكلب","phrases":[{"type":"❤️","phrase":"أنا أحب الكلب."},{"type":"👀","phrase":"رأيت كلبا."},{"type":"🔊","phrase":"ما الضوضاء التي يصدرها الكلب؟"},{"type":"🐕","phrase":"هل يمكننا الحصول على كلب كحيوان أليف؟"}]},{"slug":"fish","title":"سمك","phrases":[{"type":"❤️","phrase":"أحب السمك."},{"type":"👀","phrase":"رأيت سمكة."},{"type":"🔊","phrase":"ما الضوضاء التي تصدرها السمكة؟"},{"type":"🐠","phrase":"هل يمكننا الحصول على سمكة كحيوان أليف؟"}]},{"slug":"rabbit","title":"أرنب","phrases":[{"type":"❤️","phrase":"أحب الأرانب."},{"type":"👀","phrase":"رأيت أرنب."},{"type":"🔊","phrase":"ما الضوضاء التي يصدرها الأرنب؟"},{"type":"🐇","phrase":"هل يمكننا الحصول على أرنب كحيوان أليف؟"}]},{"slug":"butterfly","title":"فراشة","phrases":[{"type":"❤️","phrase":"أنا أحب الفراشات."},{"type":"👀","phrase":"رأيت فراشة."},{"type":"🔊","phrase":"ما الضوضاء التي تصدرها الفراشة؟"}]},{"slug":"kangaroo","title":"كنغر","phrases":[{"type":"❤️","phrase":"أنا أحب الكنغر."},{"type":"👀","phrase":"رأيت الكنغر."},{"type":"🔊","phrase":"ما الضوضاء التي يصدرها الكنغر؟"}]},{"slug":"turtle","title":"سلحفاة","phrases":[{"type":"❤️","phrase":"أحب السلاحف."},{"type":"👀","phrase":"رأيت سلحفاة."},{"type":"🔊","phrase":"ما الضوضاء التي تصدرها السلحفاة؟"}]},{"slug":"giraffe","title":"زرافة","phrases":[{"type":"❤️","phrase":"أحب الزرافات."},{"type":"👀","phrase":"رأيت زرافة."},{"type":"🔊","phrase":"ما الضوضاء التي تصدرها الزرافة؟"}]},{"slug":"frog","title":"ضفدع","phrases":[{"type":"❤️","phrase":"أحب الضفادع."},{"type":"👀","phrase":"رأيت ضفدع."},{"type":"🔊","phrase":"ما الضوضاء التي يصدرها الضفدع؟"}]},{"slug":"swan","title":"البجعة","phrases":[{"type":"❤️","phrase":"أنا أحب البجع."},{"type":"👀","phrase":"رأيت بجعة."},{"type":"🔊","phrase":"ما الضجيج الذي يحدثه البجعة؟"}]},{"slug":"spider","title":"العنكبوت","phrases":[{"type":"❤️","phrase":"أنا أحب العناكب."},{"type":"👀","phrase":"رأيت عنكبوت."},{"type":"🔊","phrase":"ما الضوضاء التي يصدرها العنكبوت؟"}]},{"slug":"cow","title":"بقرة","phrases":[{"type":"❤️","phrase":"احب الأبقار."},{"type":"👀","phrase":"رأيت بقرة."},{"type":"🔊","phrase":"ما الضوضاء التي تصدرها البقرة؟"}]},{"slug":"duck","title":"بطة","phrases":[{"type":"❤️","phrase":"احب البط."},{"type":"👀","phrase":"رأيت بطة."},{"type":"🔊","phrase":"ما الضوضاء التي تصنعها البطة؟"}]},{"slug":"horse","title":"حصان","phrases":[{"type":"❤️","phrase":"انا احب الأحصنة."},{"type":"👀","phrase":"رأيت حصانًا."},{"type":"🔊","phrase":"ما الضوضاء التي يصدرها الحصان؟"}]},{"slug":"chicken","title":"دجاج","phrases":[{"type":"❤️","phrase":"احب الدجاج."},{"type":"👀","phrase":"رأيت دجاجة."},{"type":"🔊","phrase":"ما الضجيج الذي تصدره الدجاج؟"}]},{"slug":"bee","title":"نحلة","phrases":[{"type":"❤️","phrase":"أنا أحب النحل."},{"type":"👀","phrase":"رأيت نحلة."},{"type":"🔊","phrase":"ما الضوضاء التي تصدرها النحلة؟"}]},{"slug":"pig","title":"خنزير","phrases":[{"type":"❤️","phrase":"أحب الخنازير."},{"type":"👀","phrase":"رأيت خنزير."},{"type":"🔊","phrase":"ما الضوضاء التي يصدرها الخنزير؟"}]},{"slug":"dove","title":"حمامة","phrases":[{"type":"❤️","phrase":"أنا أحب الحمائم."},{"type":"👀","phrase":"رأيت حمامة."},{"type":"🔊","phrase":"ما الضوضاء التي تصدرها الحمامة؟"}]},{"slug":"crab","title":"سلطعون","phrases":[{"type":"❤️","phrase":"أنا أحب سرطان البحر."},{"type":"👀","phrase":"رأيت سلطعون."},{"type":"🔊","phrase":"ما الضوضاء التي يصدرها السلطعون؟"}]},{"slug":"penguin","title":"البطريق","phrases":[{"type":"❤️","phrase":"أنا أحب طيور البطريق."},{"type":"👀","phrase":"رأيت بطريق."},{"type":"🔊","phrase":"ما الضوضاء التي يصدرها البطريق؟"}]},{"slug":"elephant","title":"الفيل","phrases":[{"type":"❤️","phrase":"أنا أحب الفيلة."},{"type":"👀","phrase":"رأيت فيل."},{"type":"🔊","phrase":"ما الضوضاء التي يصدرها الفيل؟"}]},{"slug":"zebra","title":"الحمار الوحشي","phrases":[{"type":"❤️","phrase":"أنا أحب الحمير الوحشية."},{"type":"👀","phrase":"رأيت حمار وحشي."},{"type":"🔊","phrase":"ما الضوضاء التي تحدثها الحمار الوحشي؟"}]},{"slug":"panda","title":"الباندا","phrases":[{"type":"❤️","phrase":"أنا أحب الباندا."},{"type":"👀","phrase":"رأيت الباندا."},{"type":"🔊","phrase":"ما الضوضاء التي يصدرها الباندا؟"}]},{"slug":"monkey","title":"قرد","phrases":[{"type":"❤️","phrase":"أحب القرود."},{"type":"👀","phrase":"رأيت قرد."},{"type":"🔊","phrase":"ما الضجيج الذي يحدثه القرد؟"}]},{"slug":"camel","title":"جمل","phrases":[{"type":"❤️","phrase":"احب الجمال."},{"type":"👀","phrase":"رأيت جمل."},{"type":"🔊","phrase":"ما الضجيج الذي يحدثه الجمل؟"}]},{"slug":"mouse","title":"الفأر","phrases":[{"type":"❤️","phrase":"أحب الفئران."},{"type":"👀","phrase":"رأيت فأر."},{"type":"🔊","phrase":"ما الضوضاء التي يصدرها الماوس؟"}]},{"slug":"tiger","title":"نمر","phrases":[{"type":"❤️","phrase":"أحب النمور."},{"type":"👀","phrase":"رأيت نمر."},{"type":"🔊","phrase":"ما الضوضاء التي يصدرها النمر؟"}]},{"slug":"jellyfish","title":"قناديل البحر","phrases":[{"type":"❤️","phrase":"أحب قناديل البحر."},{"type":"👀","phrase":"رأيت قنديل البحر."},{"type":"🔊","phrase":"ما الضوضاء التي يصدرها قنديل البحر؟"}]},{"slug":"crocodile","title":"تمساح","phrases":[{"type":"❤️","phrase":"أحب التماسيح."},{"type":"👀","phrase":"رأيت تمساح."},{"type":"🔊","phrase":"ما الضجيج الذي يحدثه التمساح؟"}]},{"slug":"koala","title":"كوالا","phrases":[{"type":"❤️","phrase":"أنا أحب الكوالا."},{"type":"👀","phrase":"رأيت الكوالا."},{"type":"🔊","phrase":"ما الضوضاء التي تصدرها الكوالا؟"}]},{"slug":"ostrich","title":"نعامة","phrases":[{"type":"❤️","phrase":"أنا أحب النعام."},{"type":"👀","phrase":"رأيت نعامة."},{"type":"🔊","phrase":"ما الضوضاء التي تصدرها النعام؟"}]},{"slug":"racoon","title":"الراكون","phrases":[{"type":"❤️","phrase":"أحب الراكون."},{"type":"👀","phrase":"رأيت راكون."},{"type":"🔊","phrase":"ما الضوضاء التي يصدرها الراكون؟"}]},{"slug":"bat","title":"مضرب","phrases":[{"type":"❤️","phrase":"أحب الخفافيش."},{"type":"👀","phrase":"رأيت خفاش."},{"type":"🔊","phrase":"ما الضوضاء التي يصدرها الخفاش؟"}]},{"slug":"eagle","title":"نسر","phrases":[{"type":"❤️","phrase":"أحب النسور."},{"type":"👀","phrase":"رأيت نسر."},{"type":"🔊","phrase":"ما الضوضاء التي يصدرها النسر؟"}]},{"slug":"hippopotamus","title":"فرس نهر","phrases":[{"type":"❤️","phrase":"أنا أحب فرس النهر."},{"type":"👀","phrase":"رأيت فرس النهر."},{"type":"🔊","phrase":"ما الضجيج الذي يحدثه فرس النهر؟"}]},{"slug":"seal","title":"عجل البحر","phrases":[{"type":"❤️","phrase":"أنا أحب الأختام."},{"type":"👀","phrase":"رأيت ختم."},{"type":"🔊","phrase":"ما الضوضاء التي يصدرها الختم؟"}]},{"slug":"walrus","title":"الفظ","phrases":[{"type":"❤️","phrase":"أحب الفظ."},{"type":"👀","phrase":"رأيت الفظ."},{"type":"🔊","phrase":"ما الضوضاء التي يصدرها الفظ؟"}]},{"slug":"seahorse","title":"فرس البحر","phrases":[{"type":"❤️","phrase":"أنا أحب فرس البحر."},{"type":"👀","phrase":"رأيت فرس البحر."},{"type":"🔊","phrase":"ما الضوضاء التي يصدرها فرس البحر؟"}]},{"slug":"bull","title":"الثور","phrases":[{"type":"❤️","phrase":"أنا أحب الثيران."},{"type":"👀","phrase":"رأيت الثور."},{"type":"🔊","phrase":"ما الضوضاء التي يصدرها الثور؟"}]},{"slug":"pelican","title":"البجع","phrases":[{"type":"❤️","phrase":"أنا أحب البجع."},{"type":"👀","phrase":"رأيت البجع."},{"type":"🔊","phrase":"ما الضجيج الذي يحدثه البجع؟"}]},{"slug":"beaver","title":"سمور","phrases":[{"type":"❤️","phrase":"أنا أحب القنادس."},{"type":"👀","phrase":"رأيت سمور."},{"type":"🔊","phrase":"ما الضوضاء التي يصدرها القندس؟"}]},{"slug":"goldfish","title":"ذهبية","phrases":[{"type":"❤️","phrase":"أنا أحب أسماك ذهبية."},{"type":"👀","phrase":"رأيت سمكة ذهبية."},{"type":"🔊","phrase":"ما الضوضاء التي تصدرها السمكة الذهبية؟"},{"type":"🐠","phrase":"هل يمكننا الحصول على سمكة ذهبية كحيوان أليف؟"}]},{"slug":"rhinoceros","title":"وحيد القرن","phrases":[{"type":"❤️","phrase":"أنا أحب وحيد القرن."},{"type":"👀","phrase":"رأيت وحيد القرن."},{"type":"🔊","phrase":"ما الضوضاء التي يصدرها وحيد القرن؟"}]},{"slug":"snake","title":"ثعبان","phrases":[{"type":"❤️","phrase":"أحب الثعابين."},{"type":"👀","phrase":"رأيت ثعبان."},{"type":"🔊","phrase":"ما الضوضاء التي تصدرها الأفعى؟"}]},{"slug":"lion","title":"أسد","phrases":[{"type":"❤️","phrase":"احب الاسود."},{"type":"👀","phrase":"رأيت أسدا."},{"type":"🔊","phrase":"ما الضوضاء التي يصدرها الأسد؟"}]},{"slug":"squid","title":"حبار","phrases":[{"type":"❤️","phrase":"أحب الحبار."},{"type":"👀","phrase":"رأيت الحبار."},{"type":"🔊","phrase":"ما الضجيج الذي يحدثه الحبار؟"}]},{"slug":"whale","title":"حوت","phrases":[{"type":"❤️","phrase":"أنا أحب الحيتان."},{"type":"👀","phrase":"رأيت حوت."},{"type":"🔊","phrase":"ما الضوضاء التي يصدرها الحوت؟"}]},{"slug":"beetle","title":"خنفساء","phrases":[{"type":"❤️","phrase":"أحب الخنافس."},{"type":"👀","phrase":"رأيت خنفساء."},{"type":"🔊","phrase":"ما الضوضاء التي تصدرها الخنفساء؟"}]},{"slug":"dolphin","title":"دولفين","phrases":[{"type":"❤️","phrase":"أنا أحب الدلافين."},{"type":"👀","phrase":"رأيت دلفين."},{"type":"🔊","phrase":"ما الضجيج الذي يحدثه الدلفين؟"}]},{"slug":"starfish","title":"نجم البحر","phrases":[{"type":"❤️","phrase":"أنا أحب نجوم البحر."},{"type":"👀","phrase":"رأيت نجم البحر."},{"type":"🔊","phrase":"ما الضوضاء التي يصدرها نجم البحر؟"}]},{"slug":"parakeet","title":"ببغاء","phrases":[{"type":"❤️","phrase":"أنا أحب الببغاوات."},{"type":"👀","phrase":"رأيت ببغاء."},{"type":"🔊","phrase":"ما الضوضاء التي يصدرها الببغاء؟"}]},{"slug":"owl","title":"بومة","phrases":[{"type":"❤️","phrase":"أنا أحب البوم."},{"type":"👀","phrase":"رأيت بومة."},{"type":"🔊","phrase":"ما الضوضاء التي تصدرها البومة؟"}]},{"slug":"sheep","title":"خروف","phrases":[{"type":"❤️","phrase":"أحب الأغنام."},{"type":"👀","phrase":"رأيت خروف."},{"type":"🔊","phrase":"ما الضجيج الذي تصدره الأغنام؟"}]}]