[{"slug":"pants","title":"بنطال","phrases":[{"type":"🧼","phrase":"سروالي متسخ."},{"type":"🙋","phrase":"هل يمكنك مساعدتي في ارتداء بنطالي؟"}]},{"slug":"shirt","title":"قميص","phrases":[{"type":"🧼","phrase":"قميصي متسخ."},{"type":"🙋","phrase":"هل يمكنك مساعدتي في ارتداء قميصي؟"}]},{"slug":"skirt","title":"تنورة","phrases":[{"type":"🧼","phrase":"تنورتي متسخة."},{"type":"🙋","phrase":"هل يمكنك مساعدتي في ارتداء تنورتي؟"}]},{"slug":"panty","title":"اللباس الداخلي","phrases":[{"type":"🧼","phrase":"ملابسي الداخلية متسخة."},{"type":"🙋","phrase":"هل يمكنك مساعدتي في ارتداء اللباس الداخلي؟"}]},{"slug":"jacket","title":"السترة","phrases":[{"type":"🧼","phrase":"سترتي متسخة."},{"type":"🙋","phrase":"هل يمكنك مساعدتي في ارتداء سترتي؟"}]},{"slug":"tie","title":"ربطة عنق","phrases":[{"type":"❤️","phrase":"أحب ارتداء ربطة العنق."},{"type":"🙋","phrase":"هل يمكنك مساعدتي في ربط ربطي؟"}]},{"slug":"baseball-cap","title":"قبعة البيسبول","phrases":[{"type":"❤️","phrase":"أحب ارتداء قبعة بيسبول."},{"type":"❓","phrase":"أي قبعة بيسبول يجب أن أرتديها؟"}]},{"slug":"dress","title":"فستان","phrases":[{"type":"🧼","phrase":"ثوبي متسخ."},{"type":"🙋","phrase":"هل يمكنك مساعدتي في ارتداء ثوبي؟"}]},{"slug":"shoes","title":"أحذية","phrases":[{"type":"🧼","phrase":"حذائي متسخ."},{"type":"🙋","phrase":"هل يمكنك مساعدتي في ارتداء حذائي؟"}]},{"slug":"boots","title":"أحذية طويلة","phrases":[{"type":"🧼","phrase":"حذائي متسخ."},{"type":"🙋","phrase":"هل يمكنك مساعدتي في ارتداء حذائي؟"}]},{"slug":"sneakers","title":"أحذية رياضية","phrases":[{"type":"🎈","phrase":"أريد أن أرتدي حذائي الرياضي."},{"type":"🙋","phrase":"هل يمكنك مساعدتي في ارتداء حذائي الرياضي؟"}]},{"slug":"slippers","title":"شباشب","phrases":[{"type":"🎈","phrase":"أريد أن أرتدي النعال."},{"type":"🙋","phrase":"هل يمكنك مساعدتي في ارتداء النعال الخاصة بي؟"}]},{"slug":"belt","title":"حزام","phrases":[{"type":"❤️","phrase":"أحب ارتداء الحزام."},{"type":"🙋","phrase":"هل يمكنك مساعدتي في ارتداء حزامي؟"}]},{"slug":"socks","title":"جوارب","phrases":[{"type":"🧼","phrase":"جواربي قذرة."},{"type":"🙋","phrase":"هل يمكنك مساعدتي في ارتداء جواربي؟"}]},{"slug":"swimsuit","title":"ملابس السباحة","phrases":[{"type":"❤️","phrase":"أريد أن أرتدي ملابس السباحة الخاصة بي."},{"type":"🙋","phrase":"هل يمكنك مساعدتي في ارتداء ملابس السباحة الخاصة بي؟"}]},{"slug":"sweater","title":"سترة","phrases":[{"type":"🧼","phrase":"سترتي متسخة."},{"type":"🙋","phrase":"هل يمكنك مساعدتي في ارتداء سترتي؟"}]},{"slug":"scarf","title":"وشاح","phrases":[{"type":"❤️","phrase":"أحب ارتداء الحجاب."},{"type":"🙋","phrase":"هل يمكنك مساعدتي في ارتداء وشاحي؟"}]},{"slug":"denim-shorts","title":"شورت جينز","phrases":[{"type":"🧼","phrase":"شورت الدنيم بلدي القذرة."},{"type":"🙋","phrase":"هل يمكنك مساعدتي في ارتداء شورت الجينز الخاص بي؟"}]},{"slug":"hoodies","title":"هوديس","phrases":[{"type":"❤️","phrase":"أنا أحب ارتداء هوديس."},{"type":"🙋","phrase":"هل يمكنك مساعدتي في ارتداء هودي؟"}]},{"slug":"swimming-shorts","title":"شورت سباحة","phrases":[{"type":"🧼","phrase":"شورتاتي للسباحة متسخة."},{"type":"🙋","phrase":"هل يمكنك مساعدتي في ارتداء شورت السباحة الخاص بي؟"}]},{"slug":"bow-tie","title":"ربطة القوس","phrases":[{"type":"❤️","phrase":"أنا أحب ارتداء ربطة العنق."},{"type":"🙋","phrase":"هل يمكنك مساعدتي في ارتداء ربطة العنق؟"}]},{"slug":"leather-jacket","title":"سترة جلدية","phrases":[{"type":"❤️","phrase":"أحب ارتداء سترة جلدية."},{"type":"🙋","phrase":"هل يمكنك مساعدتي في ارتداء سترتي الجلدية؟"}]},{"slug":"bathrobe","title":"باثروب","phrases":[{"type":"❤️","phrase":"أحب ارتداء رداء الحمام."},{"type":"🙋","phrase":"هل يمكنك مساعدتي في ارتداء رداء الحمام الخاص بي؟"}]},{"slug":"jumpsuit","title":"بذلة","phrases":[{"type":"❤️","phrase":"أحب ارتداء بذلة."},{"type":"🙋","phrase":"هل يمكنك مساعدتي في ارتداء بذلي؟"}]},{"slug":"fedora-hat","title":"قبعة فيدورا","phrases":[{"type":"❤️","phrase":"أحب ارتداء قبعة فيدورا."},{"type":"🙋","phrase":"هل يمكنك مساعدتي في ارتداء قبعة فيدورا؟"}]},{"slug":"t-shirt","title":"تي شيرت","phrases":[{"type":"❤️","phrase":"أحب ارتداء تي شيرت."},{"type":"🙋","phrase":"هل يمكنك مساعدتي في ارتداء قميصي؟"}]},{"slug":"sleeveless","title":"بلا أكمام","phrases":[{"type":"❤️","phrase":"أنا أحب ارتداء بلا أكمام."},{"type":"🙋","phrase":"هل يمكنك مساعدتي في ارتداء بلا أكمام؟"}]},{"slug":"boxers","title":"الملاكمين","phrases":[{"type":"❤️","phrase":"أحب ارتداء الملاكمين."},{"type":"🙋","phrase":"هل يمكنك مساعدتي في ارتداء الملاكمين؟"}]},{"slug":"vest","title":"سترة","phrases":[{"type":"❤️","phrase":"أحب ارتداء السترة."},{"type":"🙋","phrase":"هل يمكنك مساعدتي في ارتداء سترتي؟"}]},{"slug":"pamela-hat","title":"قبعة باميلا","phrases":[{"type":"❤️","phrase":"أحب ارتداء قبعة الباميلا."},{"type":"🙋","phrase":"هل يمكنك مساعدتي في ارتداء قبعة باميلا الخاصة بي؟"}]},{"slug":"high-heels","title":"كعب عالي","phrases":[{"type":"❤️","phrase":"أحب ارتداء الكعب العالي."},{"type":"🙋","phrase":"هل يمكنك مساعدتي في ارتداء كعبي العالي؟"}]},{"slug":"overalls","title":"وزرة","phrases":[{"type":"❤️","phrase":"أحب ارتداء ملابس العمل."},{"type":"🙋","phrase":"هل يمكنك مساعدتي في ارتداء ملابس العمل الخاصة بي؟"}]},{"slug":"kimono","title":"كيمونو","phrases":[{"type":"❤️","phrase":"أحب ارتداء الكيمونو."},{"type":"🙋","phrase":"هل يمكنك مساعدتي في ارتداء الكيمونو الخاص بي؟"}]},{"slug":"raincoat","title":"معطف واق من المطر","phrases":[{"type":"❤️","phrase":"أحب ارتداء معطف واق من المطر."},{"type":"🙋","phrase":"هل يمكنك مساعدتي في ارتداء معطف واق من المطر؟"}]},{"slug":"bandana","title":"باندانا","phrases":[{"type":"❤️","phrase":"أحب ارتداء باندانا."},{"type":"🙋","phrase":"هل يمكنك مساعدتي في ارتداء باندانا؟"}]},{"slug":"beret","title":"البيريه","phrases":[{"type":"❤️","phrase":"أحب ارتداء القبعات."},{"type":"🙋","phrase":"هل يمكنك مساعدتي في ارتداء بيريه؟"}]},{"slug":"knit-hat","title":"قبعة متماسكة","phrases":[{"type":"❤️","phrase":"أحب ارتداء قبعة محبوكة."},{"type":"🙋","phrase":"هل يمكنك مساعدتي في ارتداء قبعتي المحبوكة؟"}]},{"slug":"suspenders","title":"الحمالات","phrases":[{"type":"❤️","phrase":"أحب ارتداء الحمالات."},{"type":"🙋","phrase":"هل يمكنك مساعدتي في ارتداء الحمالات الخاصة بي؟"}]},{"slug":"mitten","title":"قفاز","phrases":[{"type":"❤️","phrase":"أحب ارتداء القفاز."},{"type":"🙋","phrase":"هل يمكنك مساعدتي في ارتداء قفازتي؟"}]},{"slug":"suit","title":"بدلة","phrases":[{"type":"❤️","phrase":"أحب ارتداء البدلة."},{"type":"🙋","phrase":"هل يمكنك مساعدتي في ارتداء بدلتي؟"}]},{"slug":"coat","title":"معطف","phrases":[{"type":"❤️","phrase":"أحب ارتداء معطف."},{"type":"🙋","phrase":"هل يمكنك مساعدتي في ارتداء معطفي؟"}]},{"slug":"trench-coat","title":"معطفا","phrases":[{"type":"❤️","phrase":"أنا أحب ارتداء معطف الخندق."},{"type":"🙋","phrase":"هل يمكنك مساعدتي في ارتداء معطفي؟"}]}]