[{"slug":"crayons","title":"أقلام تلوين","phrases":[{"type":"❤️","phrase":"أنا أحب الطباشير الملون."},{"type":"🙋","phrase":"هل يمكنك أن تعطيني أقلام تلوين؟"},{"type":"🖍️","phrase":"أريد أن أرسم باستخدام أقلام التلوين الخاصة بي."}]},{"slug":"red","title":"أحمر","phrases":[{"type":"👉","phrase":"انه أحمر."},{"type":"💜","phrase":"لوني المفضل هو الأحمر."},{"type":"🙋","phrase":"هل يمكنك أن تعطيني طلاء أحمر؟"}]},{"slug":"blue","title":"أزرق","phrases":[{"type":"👉","phrase":"انه ازرق."},{"type":"💜","phrase":"لوني المفضل هو الازرق."},{"type":"🙋","phrase":"هل يمكنك أن تعطيني طلاء أزرق؟"}]},{"slug":"orange","title":"البرتقالي","phrases":[{"type":"👉","phrase":"إنه لون برتقالي."},{"type":"💜","phrase":"لوني المفضل هو البرتقالي."},{"type":"🙋","phrase":"هل يمكنك أن تعطيني طلاء برتقالي؟"}]},{"slug":"green","title":"أخضر","phrases":[{"type":"👉","phrase":"انه اخضر."},{"type":"💜","phrase":"لوني المفضل هو الأخضر."},{"type":"🙋","phrase":"هل يمكنك أن تعطيني طلاء أخضر؟"}]},{"slug":"yellow","title":"الأصفر","phrases":[{"type":"👉","phrase":"إنه أصفر."},{"type":"💜","phrase":"لوني المفضل هو الاصفر."},{"type":"🙋","phrase":"هل يمكنك أن تعطيني طلاء أصفر؟"}]},{"slug":"purple","title":"أرجواني","phrases":[{"type":"👉","phrase":"إنه أرجواني."},{"type":"💜","phrase":"لوني المفضل هو البنفسجي."},{"type":"🙋","phrase":"هل يمكنك أن تعطيني طلاء أرجواني؟"}]},{"slug":"pink","title":"زهري","phrases":[{"type":"👉","phrase":"فمن الوردي."},{"type":"💜","phrase":"لوني المفضل هو الوردي."},{"type":"🙋","phrase":"هل يمكنك أن تعطيني طلاء وردي؟"}]},{"slug":"brown","title":"بنى","phrases":[{"type":"👉","phrase":"انه بني."},{"type":"💜","phrase":"لوني المفضل هو البني."},{"type":"🙋","phrase":"هل يمكنك أن تعطيني طلاء بني؟"}]},{"slug":"black","title":"أسود","phrases":[{"type":"👉","phrase":"انه اسود."},{"type":"💜","phrase":"لوني المفضل هو الأسود."},{"type":"🙋","phrase":"هل يمكنك أن تعطيني طلاء أسود؟"}]},{"slug":"white","title":"أبيض","phrases":[{"type":"👉","phrase":"انه ابيض."},{"type":"💜","phrase":"لوني المفضل هو الأبيض."},{"type":"🙋","phrase":"هل يمكنك أن تعطيني طلاء أبيض؟"}]},{"slug":"gray","title":"اللون الرمادي","phrases":[{"type":"👉","phrase":"إنه رمادي."},{"type":"💜","phrase":"لوني المفضل هو الرمادي."},{"type":"🙋","phrase":"هل يمكنك أن تعطيني طلاء رمادي؟"}]},{"slug":"transparent","title":"شفاف","phrases":[{"type":"👉","phrase":"إنه شفاف."},{"type":"👀","phrase":"أستطيع أن أرى وراء لون شفاف."},{"type":"🙋","phrase":"هل يمكنك مساعدتي في محو؟"}]},{"slug":"cyan","title":"ازرق سماوي","phrases":[{"type":"👉","phrase":"إنه سماوي."},{"type":"💜","phrase":"لوني المفضل هو السماوي."},{"type":"🙋","phrase":"هل يمكنك أن تعطيني طلاء سماوي؟"}]},{"slug":"violet","title":"البنفسجي","phrases":[{"type":"👉","phrase":"إنه بنفسجي."},{"type":"💜","phrase":"لوني المفضل هو البنفسج."},{"type":"🙋","phrase":"هل يمكنك أن تعطيني الطلاء البنفسجي؟"}]},{"slug":"turquoise","title":"الفيروز","phrases":[{"type":"👉","phrase":"إنه فيروزي."},{"type":"💜","phrase":"لوني المفضل هو الفيروز."},{"type":"🙋","phrase":"هل يمكنك أن تعطيني طلاء التركوز؟"}]},{"slug":"lime","title":"جير","phrases":[{"type":"👉","phrase":"إنه الجير."},{"type":"💜","phrase":"لوني المفضل هو الجير."},{"type":"🙋","phrase":"هل يمكنك أن تعطيني طلاء الجير؟"}]},{"slug":"plum","title":"وظيفة محترمة","phrases":[{"type":"👉","phrase":"إنه برقوق."},{"type":"💜","phrase":"لوني المفضل هو البرقوق."},{"type":"🙋","phrase":"هل يمكنك أن تعطيني طلاء البرقوق؟"}]},{"slug":"tan","title":"تان","phrases":[{"type":"👉","phrase":"إنه لون أسمر."},{"type":"💜","phrase":"لوني المفضل هو لون تان."},{"type":"🙋","phrase":"هل يمكن أن تعطيني طلاء ملون تان؟"}]},{"slug":"avocado","title":"أفوكادو","phrases":[{"type":"👉","phrase":"إنه لون الأفوكادو."},{"type":"💜","phrase":"لوني المفضل هو لون الأفوكادو."},{"type":"🙋","phrase":"هل يمكنك أن تعطيني طلاء ألوان الأفوكادو؟"}]},{"slug":"barbie-pink","title":"باربي الوردي","phrases":[{"type":"👉","phrase":"إنه اللون الوردي باربي."},{"type":"💜","phrase":"لوني المفضل هو الوردي باربي."},{"type":"🙋","phrase":"هل يمكن أن تعطيني طلاء وردي باربي؟"}]},{"slug":"blizzard-blue","title":"عاصفة ثلجية زرقاء","phrases":[{"type":"👉","phrase":"إنه لون أزرق عاصف."},{"type":"💜","phrase":"لوني المفضل هو اللون الأزرق العاصف."},{"type":"🙋","phrase":"هل يمكنك أن تعطيني طلاء أزرق عاصف؟"}]}]