[{"slug":"coffee","title":"قهوة","phrases":[{"type":"❤️","phrase":"أحب شرب القهوة."},{"type":"🙋","phrase":"أريد أن شرب القهوة."}]},{"slug":"water","title":"ماء","phrases":[{"type":"☝️","phrase":"أنا بحاجة لشرب الماء."},{"type":"🙋","phrase":"اريد ان اشرب الماء"}]},{"slug":"juice","title":"عصير","phrases":[{"type":"❤️","phrase":"أحب شرب العصير."},{"type":"🙋","phrase":"أريد أن أشرب العصير."}]},{"slug":"tea","title":"شاي","phrases":[{"type":"❤️","phrase":"أحب شرب الشاي."},{"type":"🙋","phrase":"انا اريد ان اشرب الشاي."}]},{"slug":"grape-juice","title":"عصير العنب","phrases":[{"type":"❤️","phrase":"أحب شرب عصير العنب."},{"type":"🙋","phrase":"أريد أن أشرب عصير العنب."}]},{"slug":"milk","title":"حليب","phrases":[{"type":"❤️","phrase":"أحب شرب الحليب."},{"type":"🙋","phrase":"اريد ان اشرب الحليب."}]},{"slug":"milkshake","title":"اللبن المخفوق","phrases":[{"type":"❤️","phrase":"أنا أحب شرب اللبن المخفوق."},{"type":"🙋","phrase":"أريد شرب اللبن المخفوق."}]},{"slug":"orange-juice","title":"عصير البرتقال","phrases":[{"type":"❤️","phrase":"أحب شرب عصير البرتقال."},{"type":"🙋","phrase":"أريد أن أشرب عصير البرتقال."}]},{"slug":"apple-juice","title":"عصير تفاح","phrases":[{"type":"❤️","phrase":"أحب شرب عصير التفاح."},{"type":"🙋","phrase":"أريد أن أشرب عصير التفاح."}]},{"slug":"pineapple-juice","title":"عصير أناناس","phrases":[{"type":"❤️","phrase":"أحب شرب عصير الأناناس."},{"type":"🙋","phrase":"أريد أن أشرب عصير الأناناس."}]},{"slug":"lemonade","title":"عصير الليمون","phrases":[{"type":"❤️","phrase":"أحب شرب عصير الليمون."},{"type":"🙋","phrase":"أريد أن أشرب عصير الليمون."}]},{"slug":"coke","title":"فحم الكوك","phrases":[{"type":"❤️","phrase":"أحب شرب فحم الكوك."},{"type":"🙋","phrase":"أريد أن أشرب فحم الكوك."}]},{"slug":"soda","title":"مشروب غازي","phrases":[{"type":"❤️","phrase":"أحب شرب الصودا."},{"type":"🙋","phrase":"أريد أن أشرب الصودا."}]},{"slug":"frappe","title":"فرابيه","phrases":[{"type":"❤️","phrase":"أحب شرب فرابي."},{"type":"🙋","phrase":"أريد أن أشرب فرابي."}]},{"slug":"smoothie","title":"ملس","phrases":[{"type":"❤️","phrase":"أحب شرب العصائر."},{"type":"🙋","phrase":"أريد أن أشرب عصير."}]},{"slug":"iced-tea","title":"شاي مثلج","phrases":[{"type":"❤️","phrase":"أحب شرب الشاي المثلج."},{"type":"🙋","phrase":"أريد أن أشرب الشاي المثلج."}]},{"slug":"hot-chocolate","title":"شكولاته ساخنة","phrases":[{"type":"❤️","phrase":"أحب شرب الشوكولاتة الساخنة."},{"type":"🙋","phrase":"أريد أن أشرب الشوكولاتة الساخنة."}]},{"slug":"mineral-water","title":"مياه معدنية","phrases":[{"type":"❤️","phrase":"أحب شرب المياه المعدنية."},{"type":"🙋","phrase":"أريد شرب مياه معدنية."}]}]