[{"slug":"cotton-candy","title":"حلوى كوتو","phrases":[{"type":"❤️","phrase":"أحب أكل حلوى القطن."}]},{"slug":"magic-hat","title":"قبعة سحرية","phrases":[{"type":"❤️","phrase":"أحب ارتداء قبعة سحرية."}]},{"slug":"ferris-wheel","title":"عجلة فيريس","phrases":[{"type":"❤️","phrase":"أحب ركوب عجلة فيريس."}]},{"slug":"bowling","title":"البولينج","phrases":[{"type":"❤️","phrase":"أحب لعب البولينج."}]},{"slug":"bumper-car","title":"سيارة الوفير","phrases":[{"type":"❤️","phrase":"أحب ركوب السيارة الواقية من الصدمات."}]},{"slug":"carousel","title":"دائري","phrases":[{"type":"❤️","phrase":"أحب ركوب الدراجة."}]},{"slug":"balloons","title":"بالونات","phrases":[{"type":"❤️","phrase":"احب البالونات."}]},{"slug":"cups","title":"أكواب","phrases":[]},{"slug":"unicycle","title":"Unicylce","phrases":[]},{"slug":"circus-tent","title":"خيمة السيرك","phrases":[]},{"slug":"food-truck","title":"شاحنة الغذاء","phrases":[]},{"slug":"tea-cup-ride","title":"ركوب كوب الشاي","phrases":[]},{"slug":"whack-a-mole","title":"اضرب الخلد","phrases":[]},{"slug":"food-stall","title":"كشك الطعام","phrases":[]},{"slug":"claw-machine","title":"آلة مخلب","phrases":[]},{"slug":"shooting-target","title":"هدف الرماية","phrases":[]},{"slug":"teddy-bear","title":"دمية دب","phrases":[]},{"slug":"fireworks","title":"العاب ناريه","phrases":[]},{"slug":"caramelized-apple","title":"تفاح بالكراميل","phrases":[]},{"slug":"ring","title":"حلقة","phrases":[]}]