[{"slug":"happy","title":"سعيدة","phrases":[{"type":"🖐️","phrase":"أنا سعيد."},{"type":"🙋","phrase":"أشعر بالسعادة."},{"type":"❓","phrase":"هل تشعر بالسعادة؟"},{"type":"☝️","phrase":"اريد ان اشعر بالسعادة."},{"type":"🎈","phrase":"انت تجعلني سعيدا"}]},{"slug":"sad","title":"حزين","phrases":[{"type":"🖐️","phrase":"اشعر بالحزن."},{"type":"🙋","phrase":"أنا أشعر بالحزن."},{"type":"❓","phrase":"هل تشعرين بالحزن؟"},{"type":"☝️","phrase":"لا أريد أن أشعر بالحزن."},{"type":"😠","phrase":"كنت صنع لي حزين."}]},{"slug":"exhausted","title":"أرهق","phrases":[{"type":"🖐️","phrase":"أنا مرهق."},{"type":"🙋","phrase":"أشعر بالإرهاق."},{"type":"❓","phrase":"هل تشعر بالإرهاق؟"},{"type":"☝️","phrase":"لا اريد ان استنفد."}]},{"slug":"relaxed","title":"استرخاء","phrases":[{"type":"🖐️","phrase":"أنا مرتاح."},{"type":"🙋","phrase":"أشعر بالإسترخاء."},{"type":"❓","phrase":"هل تشعر بالراحة؟"},{"type":"☝️","phrase":"أريد أن أشعر بالراحة."}]},{"slug":"in-love","title":"يعشق","phrases":[{"type":"🖐️","phrase":"انى أحب."},{"type":"🙋","phrase":"أشعر أني أحب."},{"type":"❓","phrase":"هل تحب"},{"type":"☝️","phrase":"أريد الوقوع في الحب."},{"type":"👉","phrase":"هل تحبني؟"}]},{"slug":"stressed","title":"مضغوط","phrases":[{"type":"🖐️","phrase":"انا مضغوط."},{"type":"🙋","phrase":"انا اشعر بتوتر."},{"type":"❓","phrase":"هل تشعر بالتوتر؟"},{"type":"☝️","phrase":"لا أريد أن أشعر بالتوتر."}]},{"slug":"thankful","title":"شاكرين","phrases":[{"type":"🖐️","phrase":"أنا ممتن."},{"type":"🙋","phrase":"أشعر بالامتنان."},{"type":"❓","phrase":"هل تشعر بالامتنان؟"},{"type":"☝️","phrase":"أريد أن أشعر بالامتنان."}]},{"slug":"confused","title":"مشوش","phrases":[{"type":"🖐️","phrase":"انا مرتبك."},{"type":"🙋","phrase":"أنا في حيرة."},{"type":"❓","phrase":"هل تشعر بالارتباك؟"},{"type":"☝️","phrase":"أنت تربكني."}]},{"slug":"joyful","title":"بهيجة","phrases":[{"type":"🖐️","phrase":"أنا سعيد."},{"type":"🙋","phrase":"أشعر بالبهجة."},{"type":"❓","phrase":"هل تشعر بالبهجة؟"},{"type":"☝️","phrase":"أريد أن أشعر بالفرح."}]},{"slug":"angry","title":"غاضب","phrases":[{"type":"🖐️","phrase":"انا غاضب."},{"type":"🙋","phrase":"أشعر بالغضب."},{"type":"❓","phrase":"هل تشعر بالغضب؟"},{"type":"☝️","phrase":"انا غاضبة منك."},{"type":"😠","phrase":"أنت تجعلني اغضب."}]},{"slug":"smart","title":"ذكي","phrases":[{"type":"🖐️","phrase":"أنا ذكي."},{"type":"🙋","phrase":"أشعر بالذكاء."},{"type":"❓","phrase":"هل تشعر بالذكاء؟"},{"type":"☝️","phrase":"هل أنا ذكي؟"},{"type":"👉","phrase":"انت ذكي!"}]},{"slug":"afraid","title":"خائف","phrases":[{"type":"🖐️","phrase":"أنا خائف."},{"type":"🙋","phrase":"اشعر بالخوف."},{"type":"❓","phrase":"هل تشعر بالخوف؟"},{"type":"☝️","phrase":"لا أريد أن أشعر بالخوف."},{"type":"😠","phrase":"انت تخيفني."}]},{"slug":"ashamed","title":"تخجل","phrases":[{"type":"🖐️","phrase":"أشعر بالخجل."},{"type":"🙋","phrase":"اشعر بالخجل."},{"type":"❓","phrase":"هل تشعر بالخجل؟"},{"type":"☝️","phrase":"لا أريد أن أشعر بالخجل."}]},{"slug":"shocked","title":"صدمت","phrases":[{"type":"🖐️","phrase":"أنا مصدوم."},{"type":"🙋","phrase":"أشعر بالصدمة."},{"type":"❓","phrase":"هل تشعر بالصدمة؟"},{"type":"☝️","phrase":"لقد افزعتني."}]},{"slug":"sick","title":"مرض","phrases":[{"type":"🖐️","phrase":"انا مريض."},{"type":"🙋","phrase":"أشعر بالمرض."},{"type":"❓","phrase":"هل تشعر بالمرض؟"},{"type":"☝️","phrase":"لا اريد ان امرض."},{"type":"🤢","phrase":"لقد سئمت من الطعام."}]},{"slug":"frustrated","title":"محبط","phrases":[{"type":"🖐️","phrase":"أنا محبط."},{"type":"🙋","phrase":"اشعر بالاحباط."},{"type":"❓","phrase":"هل تشعر بالإحباط؟"},{"type":"☝️","phrase":"لا أريد أن أشعر بالإحباط."}]},{"slug":"excited","title":"فرح","phrases":[{"type":"🖐️","phrase":"أنا متحمس."},{"type":"🙋","phrase":"أشعر بالإثارة."},{"type":"❓","phrase":"هل تشعر بالإثارة؟"},{"type":"☝️","phrase":"لا أريد أن أشعر بالحماس."}]},{"slug":"nauseated","title":"قرفان","phrases":[{"type":"🖐️","phrase":"أشعر بالغثيان."},{"type":"🙋","phrase":"أشعر بالغثيان."},{"type":"❓","phrase":"هل تشعر بالغثيان؟"},{"type":"☝️","phrase":"لا أريد أن أشعر بالغثيان."}]},{"slug":"agitated","title":"مضطرب","phrases":[{"type":"🖐️","phrase":"أنا مستاء."},{"type":"🙋","phrase":"أشعر بالإثارة."},{"type":"❓","phrase":"هل تشعر بالإثارة؟"},{"type":"☝️","phrase":"لا أريد أن أشعر بالاضطراب."}]}]