[{"slug":"hungry","title":"جوعان","phrases":[{"type":"‼️","phrase":"إنني جائع أنا جوعان."},{"type":"❓","phrase":"هل انت جوعان؟"},{"type":"🙋","phrase":"هل يمكنك أن تصنع لي الطعام؟"},{"type":"🍳","phrase":"ماذا اعددتم للعشاء؟"}]},{"slug":"thirsty","title":"متعطش","phrases":[{"type":"‼️","phrase":"عطشان."},{"type":"🌊","phrase":"هل أستطيع الحصول على بعض الماء؟"},{"type":"🥛","phrase":"هل يمكنني الحصول على كوب من الماء؟"},{"type":"🙋","phrase":"أريد شيئا للشرب."}]},{"slug":"cutlery","title":"أدوات المائدة","phrases":[{"type":"🙋","phrase":"أحتاج إلى أدوات المائدة."},{"type":"🍽️","phrase":"ساعدني في استخدام أدوات المائدة."},{"type":"🍴","phrase":"أحتاج شوكة."},{"type":"🥄","phrase":"أحتاج ملعقة."},{"type":"🥢","phrase":"أحتاج إلى عيدان تناول الطعام."},{"type":"🔪","phrase":"انا بحاجة الى سكين."},{"type":"🧻","phrase":"أنا بحاجة إلى منديل."}]},{"slug":"apple","title":"تفاحة","phrases":[{"type":"❤️","phrase":"انا احب التفاح."},{"type":"❌","phrase":"أنا لا أحب التفاح."},{"type":"🙋","phrase":"أريد أن أكل تفاحة."}]},{"slug":"carrot","title":"جزرة","phrases":[{"type":"❤️","phrase":"أنا أحب الجزرة."},{"type":"❌","phrase":"أنا لا أحب الجزرة."},{"type":"🙋","phrase":"أريد أن آكل جزرة."}]},{"slug":"beans","title":"فاصوليا","phrases":[{"type":"❤️","phrase":"احب الفاصوليا."},{"type":"❌","phrase":"أنا لا أحب الفاصوليا."},{"type":"🙋","phrase":"أريد أكل الفاصوليا."}]},{"slug":"chicken","title":"دجاج","phrases":[{"type":"❤️","phrase":"انا احب الدجاج."},{"type":"❌","phrase":"أنا لا أحب الدجاج."},{"type":"🙋","phrase":"اريد ان اكل دجاجة."},{"type":"🍗","phrase":"اريد دجاج مقلي."},{"type":"🐣","phrase":"اريد دجاج مسلوق"}]},{"slug":"chocolate","title":"شوكولاتة","phrases":[{"type":"❤️","phrase":"احب الشكولاته."},{"type":"❌","phrase":"لا أحب الشوكولاتة."},{"type":"🙋","phrase":"أريد أكل الشوكولاتة."},{"type":"⚫","phrase":"اريد الشوكولاته الداكنة."},{"type":"⚪","phrase":"اريد الشوكولاته البيضاء."}]},{"slug":"milk","title":"حليب","phrases":[{"type":"❤️","phrase":"انا احب الحليب."},{"type":"❌","phrase":"لا احب الحليب."},{"type":"🙋","phrase":"اريد ان اشرب الحليب."},{"type":"🍳","phrase":"هل يمكنني الحصول على كوب من الحليب؟"}]},{"slug":"sandwich","title":"ساندويتش","phrases":[{"type":"❤️","phrase":"أنا أحب الساندويتش."},{"type":"❌","phrase":"أنا لا أحب الساندويتش."},{"type":"🙋","phrase":"أريد أكل شطيرة."},{"type":"🍳","phrase":"هل يمكنك أن تصنع لي شطيرة؟"}]},{"slug":"steak","title":"شريحة لحم","phrases":[{"type":"❤️","phrase":"أنا أحب شريحة لحم."},{"type":"❌","phrase":"لا أحب شريحة اللحم."},{"type":"🙋","phrase":"أريد أكل شريحة لحم."},{"type":"🍳","phrase":"يمكنك طهي شريحة لحم بالنسبة لي؟"}]},{"slug":"banana","title":"موز","phrases":[{"type":"❤️","phrase":"أحب الموز."},{"type":"❌","phrase":"لا أحب الموز."},{"type":"🙋","phrase":"أريد أكل موزة."}]},{"slug":"pie","title":"فطيرة","phrases":[{"type":"❤️","phrase":"أحب الفطيرة."},{"type":"❌","phrase":"أنا لا أحب الفطيرة."},{"type":"🙋","phrase":"أريد أكل فطيرة."},{"type":"🍳","phrase":"هل يمكنك خبز فطيرة لي؟"}]},{"slug":"egg","title":"بيضة","phrases":[{"type":"❤️","phrase":"احب البيض."},{"type":"❌","phrase":"أنا لا أحب البيض."},{"type":"🙋","phrase":"أريد أكل البيض."},{"type":"🍳","phrase":"اريد بيض مقلي"},{"type":"🥚","phrase":"أريد بيض مسلوق."}]},{"slug":"noodles","title":"المعكرونة","phrases":[{"type":"❤️","phrase":"أحب الشعرية."},{"type":"❌","phrase":"أنا لا أحب المعكرونة."},{"type":"🙋","phrase":"أريد أكل المعكرونة."},{"type":"🍳","phrase":"هل يمكنك طهي المعكرونة من أجلي؟"}]},{"slug":"salt","title":"ملح","phrases":[{"type":"🙋","phrase":"اريد ملح."},{"type":"❓","phrase":"هل يمكنك تمرير الملح لي؟"},{"type":"🧂","phrase":"الطعام مالح للغاية."},{"type":"🧂","phrase":"طعامي يحتاج إلى بعض الملح."}]},{"slug":"spices","title":"التوابل","phrases":[{"type":"❤️","phrase":"أنا أحب الطعام حار."},{"type":"❌","phrase":"لا أحب الطعام الحار."},{"type":"🙋","phrase":"أريد الفلفل الأحمر."},{"type":"⚫","phrase":"اريد فلفل اسود."}]},{"slug":"pizza","title":"بيتزا","phrases":[{"type":"❤️","phrase":"أنا أحب البيتزا."},{"type":"❌","phrase":"لا أحب البيتزا."},{"type":"🙋","phrase":"أريد أن أكل البيتزا."},{"type":"🍳","phrase":"هل يمكنك طهي البيتزا لي؟"},{"type":"☝️","phrase":"هل يمكننا طلب بيتزا؟"}]},{"slug":"cheese","title":"جبنه","phrases":[{"type":"❤️","phrase":"أنا أحب الجبن."},{"type":"❌","phrase":"لا أحب الجبن."},{"type":"🙋","phrase":"أريد أكل الجبن."}]},{"slug":"fish","title":"سمك","phrases":[{"type":"❤️","phrase":"أحب السمك."},{"type":"❌","phrase":"أنا لا أحب السمك."},{"type":"🙋","phrase":"أريد أكل السمك."},{"type":"🍳","phrase":"هل يمكنك طهي السمك لي؟"}]},{"slug":"ice-cream","title":"بوظة","phrases":[{"type":"❤️","phrase":"أحب الآيس كريم."},{"type":"❌","phrase":"أنا لا أحب الآيس كريم."},{"type":"🙋","phrase":"أريد أن أكل الآيس كريم."},{"type":"☝️","phrase":"هل يمكنك شراء الآيس كريم لي؟"}]},{"slug":"tea","title":"شاي","phrases":[{"type":"❤️","phrase":"انا احب الشاي."},{"type":"❌","phrase":"لا أحب الشاي."},{"type":"🙋","phrase":"انا اريد ان اشرب الشاي."},{"type":"🍳","phrase":"هل يمكنك صنع الشاي لي؟"}]},{"slug":"coffee","title":"قهوة","phrases":[{"type":"❤️","phrase":"أنا أحب القهوة."},{"type":"❌","phrase":"أنا لا أحب القهوة."},{"type":"🙋","phrase":"أريد أن شرب القهوة."},{"type":"🍳","phrase":"هل يمكنك صنع قهوة لي؟"}]},{"slug":"tomato","title":"طماطم","phrases":[{"type":"❤️","phrase":"أنا أحب الطماطم."},{"type":"❌","phrase":"أنا لا أحب الطماطم."},{"type":"🙋","phrase":"أريد أكل الطماطم."}]},{"slug":"cereal","title":"حبوب","phrases":[{"type":"❤️","phrase":"أحب الحبوب."},{"type":"❌","phrase":"أنا لا أحب الحبوب."},{"type":"🙋","phrase":"أريد أكل الحبوب."},{"type":"🍳","phrase":"هل يمكنك أن تجعلني حبوب؟"}]},{"slug":"burger","title":"برجر","phrases":[{"type":"❤️","phrase":"أنا أحب البرجر."},{"type":"❌","phrase":"أنا لا أحب البرجر."},{"type":"🙋","phrase":"أريد أكل البرغر."},{"type":"🍳","phrase":"هل يمكنك طهي البرغر لي؟"},{"type":"☝️","phrase":"هل يمكننا طلب البرغر؟"}]},{"slug":"french-fries","title":"البطاطس المقلية","phrases":[{"type":"❤️","phrase":"أحب البطاطا المقلية."},{"type":"❌","phrase":"أنا لا أحب البطاطس المقلية."},{"type":"🙋","phrase":"أريد أكل البطاطس المقلية."},{"type":"🍳","phrase":"هل يمكنك طهي البطاطس المقلية لي؟"},{"type":"☝️","phrase":"هل يمكننا طلب بطاطس مقلية؟"}]},{"slug":"spinach","title":"سبانخ","phrases":[{"type":"❤️","phrase":"أحب السبانخ."},{"type":"❌","phrase":"لا أحب السبانخ."},{"type":"🙋","phrase":"أريد أكل السبانخ."}]},{"slug":"rice","title":"أرز","phrases":[{"type":"❤️","phrase":"انا أحب الأرز."},{"type":"❌","phrase":"لا أحب الأرز."},{"type":"🙋","phrase":"اريد اكل الرز."},{"type":"🍳","phrase":"هل يمكنك طهي الأرز لي؟"}]},{"slug":"bread","title":"خبز","phrases":[{"type":"❤️","phrase":"أنا أحب الخبز."},{"type":"❌","phrase":"لا أحب الخبز."},{"type":"🙋","phrase":"أريد أكل الخبز."},{"type":"☝️","phrase":"هل يمكنك شراء بعض الخبز؟"}]},{"slug":"pasta","title":"معكرونة","phrases":[{"type":"❤️","phrase":"انا احب المعكرونة."},{"type":"❌","phrase":"لا أحب المعكرونة."},{"type":"🙋","phrase":"أريد أكل المعكرونة."},{"type":"🍳","phrase":"هل يمكنك طهي المعكرونة لي؟"}]},{"slug":"sauce","title":"صلصة","phrases":[{"type":"❤️","phrase":"أحب الصلصة."},{"type":"❌","phrase":"لا أحب الصلصة."},{"type":"🙋","phrase":"اريد بعض الصلصة."},{"type":"🔴","phrase":"هل يمكنني الحصول على الكاتشب؟"},{"type":"⚪","phrase":"هل يمكنني الحصول على المايونيز؟"},{"type":"🟡","phrase":"هل يمكنني الحصول على الخردل؟"},{"type":"🚜","phrase":"هل يمكنني الحصول على صلصة الرانش؟"}]},{"slug":"kebab","title":"كباب","phrases":[{"type":"❤️","phrase":"أنا أحب الكباب."},{"type":"❌","phrase":"أنا لا أحب الكباب."},{"type":"🙋","phrase":"اريد ان اكل كباب."},{"type":"🍳","phrase":"هل يمكنك طهي الكباب لي؟"},{"type":"☝️","phrase":"هل يمكننا طلب كباب؟"}]}]