[{"slug":"apple","title":"تفاحة","phrases":[{"type":"❤️","phrase":"أحب أكل التفاح."},{"type":"🙋","phrase":"أريد أن أكل تفاحة."},{"type":"❌","phrase":"أنا لا أحب التفاح."}]},{"slug":"watermelon","title":"البطيخ","phrases":[{"type":"❤️","phrase":"أحب أكل البطيخ."},{"type":"🙋","phrase":"أريد أكل بطيخ."},{"type":"❌","phrase":"أنا لا أحب البطيخ."}]},{"slug":"orange","title":"البرتقالي","phrases":[{"type":"❤️","phrase":"أحب أكل البرتقال."},{"type":"🙋","phrase":"أريد أكل برتقالة."},{"type":"❌","phrase":"أنا لا أحب البرتقال."}]},{"slug":"strawberry","title":"الفراولة","phrases":[{"type":"❤️","phrase":"أحب أكل الفراولة."},{"type":"🙋","phrase":"أريد أكل بعض الفراولة."},{"type":"❌","phrase":"أنا لا أحب الفراولة."}]},{"slug":"grape","title":"عنب","phrases":[{"type":"❤️","phrase":"أحب أكل العنب."},{"type":"🙋","phrase":"أريد أن آكل بعض العنب."},{"type":"❌","phrase":"أنا لا أحب العنب."}]},{"slug":"cherry","title":"كرز","phrases":[{"type":"❤️","phrase":"أحب أكل الكرز."},{"type":"🙋","phrase":"أريد أكل بعض الكرز."},{"type":"❌","phrase":"أنا لا أحب الكرز."}]},{"slug":"mango","title":"مانجو","phrases":[{"type":"❤️","phrase":"أحب أكل المانجو."},{"type":"🙋","phrase":"أريد أكل مانجو."},{"type":"❌","phrase":"أنا لا أحب المانجو."}]},{"slug":"guava","title":"جوافة","phrases":[{"type":"❤️","phrase":"أحب أكل الجوافة."},{"type":"🙋","phrase":"أريد أكل الجوافة."},{"type":"❌","phrase":"أنا لا أحب الجوافة."}]},{"slug":"banana","title":"موز","phrases":[{"type":"❤️","phrase":"أحب أكل الموز."},{"type":"🙋","phrase":"أريد أكل موزة."},{"type":"❌","phrase":"لا أحب الموز."}]},{"slug":"pomegranate","title":"رمان","phrases":[{"type":"❤️","phrase":"أحب أكل الرمان."},{"type":"🙋","phrase":"أريد أن أكل الرمان."},{"type":"❌","phrase":"أنا لا أحب الرمان."}]},{"slug":"raspberry","title":"توت العليق","phrases":[{"type":"❤️","phrase":"أحب أكل التوت."},{"type":"🙋","phrase":"أريد أن آكل بعض التوت."},{"type":"❌","phrase":"أنا لا أحب التوت."}]},{"slug":"papaya","title":"بابايا","phrases":[{"type":"❤️","phrase":"أحب أكل البابايا."},{"type":"🙋","phrase":"أريد أكل البابايا."},{"type":"❌","phrase":"أنا لا أحب البابايا."}]},{"slug":"kiwi","title":"كيوي","phrases":[{"type":"❤️","phrase":"أحب أكل الكيوي."},{"type":"🙋","phrase":"أريد أكل كيوي."},{"type":"❌","phrase":"أنا لا أحب الكيوي."}]},{"slug":"pineapple","title":"أناناس","phrases":[{"type":"❤️","phrase":"أحب أكل الأناناس."},{"type":"🙋","phrase":"أريد أكل بعض الأناناس."},{"type":"❌","phrase":"أنا لا أحب الأناناس."}]},{"slug":"lemon","title":"ليمون","phrases":[{"type":"❤️","phrase":"أحب أكل الليمون."},{"type":"🙋","phrase":"اريد ان اكل ليمون."},{"type":"❌","phrase":"أنا لا أحب الليمون."},{"type":"🍋","phrase":"الليمون حامض."}]},{"slug":"apricot","title":"مشمش","phrases":[{"type":"❤️","phrase":"أحب أكل المشمش."},{"type":"🙋","phrase":"أريد أكل مشمش."},{"type":"❌","phrase":"أنا لا أحب المشمش."}]},{"slug":"dragon-fruit","title":"فاكهة التنين","phrases":[{"type":"❤️","phrase":"أحب أكل فاكهة التنين."},{"type":"🙋","phrase":"أريد أكل فاكهة التنين."},{"type":"❌","phrase":"لا أحب فاكهة التنين."}]},{"slug":"peach","title":"خوخ","phrases":[{"type":"❤️","phrase":"أحب أكل الخوخ."},{"type":"🙋","phrase":"أريد أكل الخوخ."},{"type":"❌","phrase":"أنا لا أحب الخوخ."}]},{"slug":"avocado","title":"أفوكادو","phrases":[{"type":"❤️","phrase":"أحب أكل الأفوكادو."},{"type":"🙋","phrase":"أريد أكل الأفوكادو."},{"type":"❌","phrase":"أنا لا أحب الأفوكادو."}]},{"slug":"fig","title":"تين","phrases":[{"type":"❤️","phrase":"أحب أكل التين."},{"type":"🙋","phrase":"أريد أكل التين."},{"type":"❌","phrase":"أنا لا أحب التين."}]},{"slug":"lychee","title":"ليتشي","phrases":[{"type":"❤️","phrase":"أحب أكل الليتشي."},{"type":"🙋","phrase":"أريد أكل الليتشي."},{"type":"❌","phrase":"أنا لا أحب الليتشي."}]},{"slug":"passion-fruit","title":"فاكهة العاطفة","phrases":[{"type":"❤️","phrase":"أحب أكل فاكهة العاطفة."},{"type":"🙋","phrase":"أريد أكل فاكهة العاطفة."},{"type":"❌","phrase":"لا أحب فاكهة العاطفة."}]},{"slug":"blueberry","title":"توت بري","phrases":[{"type":"❤️","phrase":"أحب أكل العنب البري."},{"type":"🙋","phrase":"أريد أن آكل بعض العنب البري."},{"type":"❌","phrase":"أنا لا أحب العنب البري."}]},{"slug":"coconut","title":"جوزة الهند","phrases":[{"type":"❤️","phrase":"أحب أكل جوز الهند."},{"type":"🙋","phrase":"أريد أكل بعض جوز الهند."},{"type":"❌","phrase":"أنا لا أحب جوز الهند."}]}]