[{"slug":"gardener","title":"بستاني","phrases":[]},{"slug":"sprout","title":"برعم","phrases":[]},{"slug":"hose","title":"خرطوم","phrases":[]},{"slug":"glove","title":"قفاز","phrases":[]},{"slug":"flowers","title":"زهور","phrases":[]},{"slug":"seeds","title":"بذور","phrases":[]},{"slug":"shovel","title":"مجرفة","phrases":[]},{"slug":"watering","title":"الري","phrases":[]},{"slug":"scarecrow","title":"فزاعة","phrases":[]},{"slug":"tree","title":"شجرة","phrases":[]},{"slug":"fertilizer","title":"سماد","phrases":[]},{"slug":"pitchfork","title":"مذراة","phrases":[]},{"slug":"bucket","title":"دلو","phrases":[]},{"slug":"fence","title":"سور","phrases":[]},{"slug":"leaf","title":"ورقة الشجر","phrases":[]},{"slug":"windmill","title":"طاحونة","phrases":[]},{"slug":"spray","title":"رذاذ","phrases":[]},{"slug":"shears","title":"المقصات","phrases":[]},{"slug":"sprinkler","title":"رشاش","phrases":[]},{"slug":"tractor","title":"جرار زراعى","phrases":[]},{"slug":"jam","title":"مربى","phrases":[]},{"slug":"bonsai","title":"بونساي","phrases":[]},{"slug":"wheelbarrow","title":"عربة يدوية","phrases":[]},{"slug":"birdhouse","title":"بيردهاوس","phrases":[]}]