[{"slug":"mixer","title":"خلاط","phrases":[{"type":"🙋","phrase":"هل يمكنك أن تريني كيفية استخدام الخلاط؟"},{"type":"🤞","phrase":"لا يجب علي استخدام الخلاط بدون والدي."}]},{"slug":"apron","title":"مئزر","phrases":[{"type":"👚","phrase":"أرتدي مئزر أثناء الطهي."},{"type":"👚","phrase":"أمي ترتدي مريلة أثناء الطهي."}]},{"slug":"fryer","title":"قلاية","phrases":[{"type":"🙋","phrase":"هل يمكنك أن تريني كيفية استخدام المقلاة؟"},{"type":"🤞","phrase":"لا يجب علي استخدام المقلاة بدون والدي."}]},{"slug":"rolling-pin","title":"شوبك","phrases":[{"type":"🙋","phrase":"هل يمكنك أن تريني كيفية استخدام دبوس متحرك؟"},{"type":"💡","phrase":"أستخدم درفلة لفرد العجين."}]},{"slug":"coffee-machine","title":"آلة صنع القهوة","phrases":[{"type":"🙋","phrase":"هل يمكنك أن تريني كيفية استخدام آلة صنع القهوة؟"},{"type":"🤞","phrase":"لا يجب علي استخدام آلة القهوة بدون والدي."}]},{"slug":"fridge","title":"ثلاجة","phrases":[{"type":"🙋","phrase":"هل يمكنك أن تريني كيفية استخدام الثلاجة؟"},{"type":"💡","phrase":"الثلاجة تحافظ على الأطعمة باردة."}]},{"slug":"pot","title":"وعاء","phrases":[{"type":"🙋","phrase":"هل يمكنك أن تريني كيفية استخدام وعاء؟"},{"type":"🤞","phrase":"لا يجب علي استخدام وعاء بدون والدي."}]},{"slug":"toaster","title":"محمصة","phrases":[{"type":"🙋","phrase":"هل يمكنك أن تريني كيفية استخدام محمصة؟"},{"type":"🤞","phrase":"لا يجب علي استخدام محمصة بدون والدي."}]},{"slug":"cutlery","title":"أدوات المائدة","phrases":[{"type":"🙋","phrase":"هل يمكنك أن تريني كيفية استخدام أدوات المائدة؟"},{"type":"😋","phrase":"أنا أتعلم تناول الطعام مع أدوات المائدة."}]},{"slug":"spatula","title":"الملعقة المسطحة","phrases":[{"type":"🙋","phrase":"هل يمكنك أن تريني كيفية استخدام ملعقة؟"}]},{"slug":"oven","title":"فرن","phrases":[{"type":"🙋","phrase":"هل يمكنك أن تريني كيفية استخدام الفرن؟"},{"type":"🤞","phrase":"لا يجب أن أستخدم الفرن بدون والدي."}]},{"slug":"kitchen-timer","title":"توقيت المطبخ","phrases":[{"type":"🙋","phrase":"هل يمكنك أن تريني كيفية استخدام مؤقت المطبخ؟"},{"type":"⏱️","phrase":"توقيت المطبخ يرن."}]},{"slug":"pizza-cutter","title":"قطاعة البيتزا","phrases":[{"type":"🙋","phrase":"هل يمكنك أن تريني كيفية استخدام قطع البيتزا؟"},{"type":"🤞","phrase":"لا يجب أن أستخدم قاطع البيتزا بدون والدي."}]},{"slug":"grater","title":"مبشرة","phrases":[{"type":"🙋","phrase":"هل يمكنك أن تريني كيفية استخدام مبشرة؟"},{"type":"🤞","phrase":"لا يجب علي استخدام المبشرة بدون والدي."}]},{"slug":"grill","title":"شواية","phrases":[{"type":"🙋","phrase":"هل يمكنك أن تريني كيفية استخدام الشواية؟"},{"type":"🤞","phrase":"لا يجب علي استخدام الشواية بدون والدي."}]},{"slug":"recipe-book","title":"كتاب الوصفات","phrases":[{"type":"🙋","phrase":"هل يمكنني اختيار وصفة لطهي الطعام؟"},{"type":"🍳","phrase":"هل يمكننا طهي هذه الوصفة؟"}]},{"slug":"kitchen-utensils","title":"أدوات المطبخ","phrases":[{"type":"❤️","phrase":"أحب استخدام أواني المطبخ."},{"type":"🤞","phrase":"لا يجب علي استخدام أدوات المطبخ بدون والدي."}]},{"slug":"stove","title":"موقد","phrases":[{"type":"🙋","phrase":"هل يمكنك أن تريني كيفية استخدام الموقد؟"},{"type":"🤞","phrase":"لا يجب علي استخدام موقد بدون والدي."}]},{"slug":"salt-and-pepper","title":"ملح وفلفل","phrases":[{"type":"🙋","phrase":"هل يمكنك إحضار الملح والفلفل؟"}]},{"slug":"kitchen-board","title":"لوح المطبخ","phrases":[{"type":"🙋","phrase":"هل يمكنني الكتابة على لوح المطبخ؟"}]},{"slug":"scale","title":"مقياس","phrases":[{"type":"🙋","phrase":"هل يمكنك أن تريني كيفية استخدام ميزان المطبخ؟"}]},{"slug":"teapot","title":"ابريق الشاي","phrases":[{"type":"🙋","phrase":"هل يمكنك أن تريني كيفية استخدام إبريق الشاي؟"},{"type":"🤞","phrase":"لا يجب علي استخدام إبريق الشاي بدون والدي."}]},{"slug":"microwave","title":"الميكروويف","phrases":[{"type":"🙋","phrase":"هل يمكنك أن تريني كيفية استخدام الميكروويف؟"},{"type":"🤞","phrase":"لا يجب علي استخدام الميكروويف بدون والدي."}]}]