[{"slug":"hospital-bed","title":"سرير المستشفى","phrases":[{"type":"🙋","phrase":"هل يمكنك مساعدتي معي في سرير المستشفى؟"}]},{"slug":"weight-loss","title":"فقدان الوزن","phrases":[{"type":"🏋️","phrase":"أحتاج إلى تناول كمية الطعام التي أتناولها."},{"type":"🏃‍♀️","phrase":"أنا أفقد الوزن."},{"type":"🥩","phrase":"أنا أكسب وزنا."}]},{"slug":"exercise","title":"ممارسه الرياضه","phrases":[{"type":"🏋️","phrase":"أنا أمارس الرياضة."},{"type":"⏲️","phrase":"لدي روتين رياضي."}]},{"slug":"medical-history","title":"تاريخ طبى","phrases":[{"type":"📂","phrase":"هذا هو تاريخي الطبي."}]},{"slug":"vitamin-c","title":"فيتامين سي","phrases":[{"type":"🍹","phrase":"أحتاج إلى تناول فيتامين ج."},{"type":"🍊","phrase":"يحتوي البرتقال على فيتامين ج."}]},{"slug":"thermometer","title":"ميزان الحرارة","phrases":[{"type":"🤒","phrase":"هل يمكنك قياس حمى؟"},{"type":"🌡️","phrase":"كيف يعمل ميزان الحرارة؟"}]},{"slug":"pills","title":"حبوب الدواء","phrases":[{"type":"💊","phrase":"أنا بحاجة لأخذ حبوبي."},{"type":"👉","phrase":"هل تناولت حبوبك؟"}]},{"slug":"medical-mask","title":"القناع الطبي","phrases":[]},{"slug":"dental-care","title":"العناية بالأسنان","phrases":[{"type":"🦷","phrase":"اسناني تؤلمني."},{"type":"🦷","phrase":"أنا أغسل أسناني."}]},{"slug":"hearing-exam","title":"امتحان السمع","phrases":[{"type":"👂","phrase":"أعاني من مشاكل في السمع."},{"type":"🦻","phrase":"سآخذ اختبار السمع."}]},{"slug":"hospital","title":"مستشفى","phrases":[{"type":"🏥","phrase":"انا ذاهب الى المستشفى."},{"type":"🏥","phrase":"أنا في المستشفى."}]},{"slug":"stethoscope","title":"سماعة الطبيب","phrases":[{"type":"👨‍⚕️","phrase":"يستخدم الأطباء سماعة الطبيب."},{"type":"🩺","phrase":"هل يمكنني الحصول على سماعة الطبيب لعبة؟"}]},{"slug":"ambulance","title":"سياره اسعاف","phrases":[{"type":"👀","phrase":"رأيت سيارة إسعاف."},{"type":"👂","phrase":"سمعت صوت سيارة إسعاف."}]},{"slug":"drugstore","title":"صيدلية","phrases":[{"type":"🧾","phrase":"أحتاج إلى ملء وصفتي الطبية."},{"type":"➡️","phrase":"هنا وصفتي."}]},{"slug":"emergency","title":"حالة طوارئ","phrases":[{"type":"🚨","phrase":"لدي حالة طوارئ صحية."},{"type":"🚑","phrase":"انا ذاهب الى غرفة الطوارئ."}]},{"slug":"health-insurance","title":"تأمين صحي","phrases":[{"type":"⚕️","phrase":"لديّ تأمين صحي."},{"type":"❌","phrase":"ليس لدي تأمين صحي."}]},{"slug":"doctor","title":"طبيب","phrases":[{"type":"❤️","phrase":"أنا أحب طبيبي."},{"type":"🤩","phrase":"الطبيب يساعدني."}]},{"slug":"nurse","title":"ممرضة","phrases":[{"type":"❤️","phrase":"أنا أحب ممرضتي."},{"type":"🤩","phrase":"ممرضة تساعدني."}]}]