[{"id":1,"slug":"conversation","color":"#FFE5E6","premium":0,"locale":"محادثة","count":18},{"id":2,"slug":"people","color":"#E3F3FF","premium":0,"locale":"اشخاص","count":21},{"id":3,"slug":"feelings","color":"#FFF6D6","premium":0,"locale":"مشاعر","count":18},{"id":4,"slug":"food","color":"#EEF7F2","premium":0,"locale":"طعام","count":33},{"id":5,"slug":"animals","color":"#FFE7F4","premium":0,"locale":"الحيوانات","count":53},{"id":6,"slug":"school","color":"#F5F3FE","premium":0,"locale":"مدرسة","count":21},{"id":7,"slug":"activities","color":"#FFEAD1","premium":0,"locale":"أنشطة","count":26},{"id":8,"slug":"shapes","color":"#EAFDFF","premium":0,"locale":"الأشكال","count":18},{"id":9,"slug":"colors","color":"#FFDEEA","premium":0,"locale":"الألوان","count":22},{"id":10,"slug":"clothes","color":"#C9D3FF","premium":0,"locale":"ملابس","count":42},{"id":11,"slug":"numbers","color":"#FFD8D8","premium":0,"locale":"أعداد","count":18},{"id":12,"slug":"transport","color":"#FFE6BA","premium":0,"locale":"المواصلات","count":22},{"id":13,"slug":"quarantine","color":"#E8F6F8","premium":0,"locale":"الحجر الصحي","count":21},{"id":15,"slug":"toys","color":"#F9D9FF","premium":1,"locale":"ألعاب الأطفال","count":24},{"id":16,"slug":"drinks","color":"#FDCBD8","premium":1,"locale":"مشروبات","count":18},{"id":17,"slug":"snacks","color":"#C7F5F7","premium":1,"locale":"وجبات خفيفة","count":19},{"id":18,"slug":"occupations","color":"#EDEEE7","premium":1,"locale":"المهن","count":47},{"id":19,"slug":"party","color":"#EDE7F9","premium":1,"locale":"حفل","count":27},{"id":20,"slug":"fruits","color":"#E9F5FE","premium":1,"locale":"الفاكهة","count":25},{"id":21,"slug":"vegetables","color":"#E6F5F3","premium":1,"locale":"خضروات","count":27},{"id":22,"slug":"fair","color":"#FFEAD1","premium":1,"locale":"معرض","count":20},{"id":23,"slug":"sports","color":"#DCDFE1","premium":1,"locale":"رياضات","count":19},{"id":24,"slug":"pirates","color":"#EDF8FF","premium":1,"locale":"قراصنة","count":21},{"id":25,"slug":"travel","color":"#E6F5F3","premium":1,"locale":"السفر","count":20},{"id":26,"slug":"gardening","color":"#DFF4F1","premium":1,"locale":"الحدائق","count":24},{"id":27,"slug":"medical","color":"#E6F7FD","premium":1,"locale":"طبي","count":21},{"id":28,"slug":"kitchen","color":"#F1F7F3","premium":1,"locale":"مطبخ","count":26},{"id":29,"slug":"places","color":"#F4C6E3","premium":1,"locale":"أماكن","count":24}]