[{"slug":"one","title":"واحد","phrases":[{"type":"➖","phrase":"يأتي قبل اثنين."},{"type":"➕","phrase":"يأتي المرء بعد الصفر."},{"type":"🙋","phrase":"أريد واحد."}]},{"slug":"two","title":"اثنان","phrases":[{"type":"➖","phrase":"يأتي اثنان قبل ثلاثة."},{"type":"➕","phrase":"يأتي اثنان بعد الآخر."},{"type":"🙋","phrase":"اريد اثنتين."}]},{"slug":"three","title":"ثلاثة","phrases":[{"type":"➖","phrase":"ثلاثة يأتي قبل أربعة."},{"type":"➕","phrase":"ثلاثة يأتي بعد اثنين."},{"type":"🙋","phrase":"اريد ثلاثة."}]},{"slug":"four","title":"أربعة","phrases":[{"type":"➖","phrase":"أربعة تأتي قبل الخامسة."},{"type":"➕","phrase":"يأتي أربعة بعد ثلاثة."},{"type":"🙋","phrase":"اريد اربع."}]},{"slug":"five","title":"خمسة","phrases":[{"type":"➖","phrase":"خمسة يأتي قبل ستة."},{"type":"➕","phrase":"خمسة يأتي بعد أربعة."},{"type":"🙋","phrase":"اريد خمسة."}]},{"slug":"six","title":"ستة","phrases":[{"type":"➖","phrase":"يأتي ستة قبل سبعة."},{"type":"➕","phrase":"يأتي ستة بعد خمسة."},{"type":"🙋","phrase":"اريد اصلاح."}]},{"slug":"seven","title":"سبعة","phrases":[{"type":"➖","phrase":"يأتي سبعة قبل ثمانية."},{"type":"➕","phrase":"سبعة تأتي بعد السادسة."},{"type":"🙋","phrase":"اريد سبعة."}]},{"slug":"eight","title":"ثمانية","phrases":[{"type":"➖","phrase":"ثمانية تأتي قبل الساعة التاسعة."},{"type":"➕","phrase":"ثمانية تأتي بعد السابعة."},{"type":"🙋","phrase":"اريد ثمانية."}]},{"slug":"nine","title":"تسع","phrases":[{"type":"➖","phrase":"تسعة يأتي قبل العاشرة."},{"type":"➕","phrase":"تسعة يأتي بعد ثمانية."},{"type":"🙋","phrase":"اريد تسعة."}]},{"slug":"ten","title":"عشرة","phrases":[{"type":"➖","phrase":"عشرة تأتي قبل الحادية عشرة."},{"type":"➕","phrase":"يأتي عشرة بعد تسعة."},{"type":"🙋","phrase":"اريد عشرة."}]},{"slug":"eleven","title":"أحد عشر","phrases":[{"type":"➖","phrase":"يأتي أحد عشر قبل الثالثة عشر."},{"type":"➕","phrase":"يأتي أحد عشر بعد عشرة."},{"type":"🙋","phrase":"أريد أحد عشر."}]},{"slug":"twenty","title":"عشرون","phrases":[{"type":"🔢","phrase":"يمكنني العد حتى عشرين."}]},{"slug":"thirty","title":"ثلاثون","phrases":[{"type":"🔢","phrase":"يمكنني العد حتى ثلاثين."}]},{"slug":"forty","title":"أربعين","phrases":[{"type":"🔢","phrase":"يمكنني العد حتى أربعين."}]},{"slug":"fifty","title":"خمسون","phrases":[{"type":"🔢","phrase":"يمكنني العد حتى خمسين."}]},{"slug":"hundred","title":"مائة","phrases":[{"type":"🔢","phrase":"يمكنني العد حتى مائة."}]},{"slug":"thousand","title":"ألف","phrases":[{"type":"🔢","phrase":"يمكنني العد حتى ألف."}]},{"slug":"calculator","title":"آلة حاسبة","phrases":[{"type":"🖩","phrase":"أريد استخدام آلة حاسبة."},{"type":"🧮","phrase":"هل يمكنك أن تعلمني كيفية استخدام الآلة الحاسبة؟"},{"type":"🙋","phrase":"هل يمكنني تحضير الآلة الحاسبة الخاصة بك؟"}]}]