[{"slug":"teacher","title":"مدرس","phrases":[{"type":"❓","phrase":"ماذا يفعل المعلم؟"},{"type":"🙋","phrase":"أريد أن تصبح معلمة."}]},{"slug":"police-officer","title":"ضابط شرطة","phrases":[{"type":"❓","phrase":"ماذا يفعل ضابط الشرطة؟"},{"type":"🙋","phrase":"أريد أن أصبح ضابط شرطة."}]},{"slug":"writer","title":"كاتب","phrases":[{"type":"❓","phrase":"ماذا يفعل الكاتب؟"},{"type":"🙋","phrase":"اريد ان اصبح كاتبا"}]},{"slug":"doctor","title":"طبيب","phrases":[{"type":"❓","phrase":"ماذا يفعل الطبيب؟"},{"type":"🙋","phrase":"اريد أن أصبح طبيبا."}]},{"slug":"detective","title":"المحقق","phrases":[{"type":"❓","phrase":"ماذا يفعل المخبر؟"},{"type":"🙋","phrase":"اريد ان اصبح محقق"}]},{"slug":"artist","title":"فنان","phrases":[{"type":"❓","phrase":"ماذا يفعل الفنان؟"},{"type":"🙋","phrase":"اريد ان اصبح فنان."}]},{"slug":"singer","title":"مغني","phrases":[{"type":"❓","phrase":"ماذا يفعل المغني؟"},{"type":"🙋","phrase":"اريد ان اصبح مغني"}]},{"slug":"astronaut","title":"رائد فضاء","phrases":[{"type":"❓","phrase":"ماذا يفعل رائد الفضاء؟"},{"type":"🙋","phrase":"أريد أن أصبح رائد فضاء."}]},{"slug":"sailor","title":"بحار","phrases":[{"type":"❓","phrase":"ماذا يفعل البحار؟"},{"type":"🙋","phrase":"أريد أن أصبح بحاراً."}]},{"slug":"chef","title":"طاه","phrases":[{"type":"❓","phrase":"ماذا يفعل الشيف؟"},{"type":"🙋","phrase":"اريد ان اصبح طاهيا."}]},{"slug":"farmer","title":"مزارع","phrases":[{"type":"❓","phrase":"ماذا يفعل المزارع؟"},{"type":"🙋","phrase":"أريد أن أصبح فلاحاً."}]},{"slug":"construction-worker","title":"عامل بناء","phrases":[{"type":"❓","phrase":"ماذا يفعل عامل البناء؟"},{"type":"🙋","phrase":"أريد أن أصبح عامل بناء."}]},{"slug":"baker","title":"خباز","phrases":[{"type":"❓","phrase":"ماذا يفعل الخباز؟"},{"type":"🙋","phrase":"اريد ان اصبح خبازا"}]},{"slug":"lifeguard","title":"يا حارس الشاطئ","phrases":[{"type":"❓","phrase":"ماذا يفعل المنقذ؟"},{"type":"🙋","phrase":"أريد أن أصبح منقذًا."}]},{"slug":"astronomer","title":"عالم الفلك","phrases":[{"type":"❓","phrase":"ماذا يفعل عالم الفلك؟"},{"type":"🙋","phrase":"أريد أن أصبح فلكيًا."}]},{"slug":"journalist","title":"صحافي","phrases":[{"type":"❓","phrase":"ماذا يفعل الصحفي؟"},{"type":"🙋","phrase":"اريد ان اصبح صحفي."}]},{"slug":"archeologist","title":"عالم الآثار","phrases":[{"type":"❓","phrase":"ماذا يفعل عالم الآثار؟"},{"type":"🙋","phrase":"أريد أن أصبح عالم آثار."}]},{"slug":"musician","title":"موسيقي او عازف","phrases":[{"type":"❓","phrase":"ماذا يفعل الموسيقي؟"},{"type":"🙋","phrase":"اريد ان اصبح موسيقي"}]},{"slug":"magician","title":"ساحر","phrases":[{"type":"❓","phrase":"ماذا يفعل الساحر؟"},{"type":"🙋","phrase":"اريد ان اصبح ساحر"}]},{"slug":"soccer-player","title":"لاعب كرة قدم","phrases":[{"type":"❓","phrase":"ماذا يفعل لاعب كرة القدم؟"},{"type":"🙋","phrase":"أريد أن أصبح لاعب كرة قدم."}]},{"slug":"postwoman","title":"سيدة البريد","phrases":[{"type":"❓","phrase":"ماذا تفعل postwoman؟"},{"type":"🙋","phrase":"اريد ان اصبح امرأة بعد."}]},{"slug":"firefighter","title":"رجال الاطفاء","phrases":[{"type":"❓","phrase":"ما الذي يفعله رجل اطفاء؟"},{"type":"🙋","phrase":"أريد أن أصبح رجل إطفاء."}]},{"slug":"scientist","title":"عالم","phrases":[{"type":"❓","phrase":"ماذا يفعل العالم؟"},{"type":"🙋","phrase":"اريد ان اصبح عالم."}]},{"slug":"gardener","title":"بستاني","phrases":[{"type":"❓","phrase":"ماذا يفعل البستاني؟"},{"type":"🙋","phrase":"اريد ان اصبح بستاني."}]},{"slug":"butcher","title":"قصاب","phrases":[{"type":"❓","phrase":"ماذا يفعل الجزار؟"},{"type":"🙋","phrase":"اريد ان اصبح جزار."}]},{"slug":"veterinarian","title":"طبيب بيطري","phrases":[{"type":"❓","phrase":"ماذا يفعل الطبيب البيطري؟"},{"type":"🙋","phrase":"أريد أن أصبح طبيبة بيطرية."}]},{"slug":"lumber-jack","title":"جاك الخشب","phrases":[{"type":"❓","phrase":"ماذا يفعل جاك الخشب؟"},{"type":"🙋","phrase":"أريد أن أصبح جاك خشب."}]},{"slug":"miner","title":"عامل منجم","phrases":[{"type":"❓","phrase":"ماذا يفعل عامل المنجم؟"},{"type":"🙋","phrase":"اريد ان اصبح عامل منجم."}]},{"slug":"nun","title":"راهبة","phrases":[{"type":"❓","phrase":"ماذا تفعل الراهبة؟"},{"type":"🙋","phrase":"اريد ان اصبح راهبة."}]},{"slug":"fisher-woman","title":"امرأة فيشر","phrases":[{"type":"❓","phrase":"ماذا تفعل الصياد؟"},{"type":"🙋","phrase":"أريد أن أصبح امرأة صيد."}]},{"slug":"hair-dresser","title":"حلاق","phrases":[{"type":"❓","phrase":"ماذا تفعل مصفف الشعر؟"},{"type":"🙋","phrase":"أريد أن أصبح مصفف شعر."}]},{"slug":"mechanic","title":"ميكانيكي","phrases":[{"type":"❓","phrase":"ماذا يفعل الميكانيكي؟"},{"type":"🙋","phrase":"أريد أن أصبح ميكانيكيًا."}]},{"slug":"electrician","title":"عامل الكهرباء","phrases":[{"type":"❓","phrase":"ماذا يفعل كهربائي؟"},{"type":"🙋","phrase":"أريد أن أصبح كهربائيًا."}]},{"slug":"swimmer","title":"سباح","phrases":[{"type":"❓","phrase":"ماذا يفعل السباح؟"},{"type":"🙋","phrase":"أريد أن أصبح سباحاً."}]},{"slug":"photographer","title":"مصور فوتوغرافي","phrases":[{"type":"❓","phrase":"ماذا يفعل المصور؟"},{"type":"🙋","phrase":"اريد ان اصبح مصور"}]},{"slug":"priest","title":"كاهن","phrases":[{"type":"❓","phrase":"ماذا يفعل الكاهن؟"},{"type":"🙋","phrase":"اريد ان اصبح كاهن."}]},{"slug":"soldier","title":"جندي","phrases":[{"type":"❓","phrase":"ماذا يفعل الجندي؟"},{"type":"🙋","phrase":"اريد ان اصبح جندي"}]},{"slug":"carpenter","title":"النجار","phrases":[{"type":"❓","phrase":"ماذا يفعل النجار؟"},{"type":"🙋","phrase":"أريد أن أصبح نجارا."}]},{"slug":"plumber","title":"سباك","phrases":[{"type":"❓","phrase":"ماذا يفعل سباك؟"},{"type":"🙋","phrase":"أريد أن أصبح سباك."}]},{"slug":"wall-painter","title":"رسام الحائط","phrases":[{"type":"❓","phrase":"ماذا يفعل رسام الحائط؟"},{"type":"🙋","phrase":"أريد أن أصبح رسام حائط."}]},{"slug":"nurse","title":"ممرضة","phrases":[{"type":"❓","phrase":"ماذا تفعل الممرضة؟"},{"type":"🙋","phrase":"أريد أن أصبح ممرضة."}]},{"slug":"judge","title":"قاضي","phrases":[{"type":"❓","phrase":"ماذا يفعل القاضي؟"},{"type":"🙋","phrase":"اريد ان اصبح قاضي"}]},{"slug":"waiter","title":"نادل","phrases":[{"type":"❓","phrase":"ماذا يفعل النادل؟"},{"type":"🙋","phrase":"اريد ان اصبح نادل"}]},{"slug":"pilot","title":"طيار","phrases":[{"type":"❓","phrase":"ماذا يفعل الطيار؟"},{"type":"🙋","phrase":"أريد أن أصبح طيارًا."}]},{"slug":"welder","title":"لحام","phrases":[{"type":"❓","phrase":"ماذا يفعل لحام؟"},{"type":"🙋","phrase":"اريد ان اصبح لحام"}]},{"slug":"executive","title":"تنفيذي","phrases":[{"type":"❓","phrase":"ماذا تفعل السلطة التنفيذية؟"},{"type":"🙋","phrase":"أريد أن أصبح مديرا تنفيذيا."}]},{"slug":"hostess","title":"مضيفة","phrases":[{"type":"❓","phrase":"ماذا تفعل المضيفة؟"},{"type":"🙋","phrase":"أريد أن أصبح مضيفة."}]}]