[{"slug":"confetti","title":"قصاصات ورق ملون","phrases":[{"type":"❤️","phrase":"أنا أحب حلويات."},{"type":"🙋","phrase":"هل يمكنني تفجير النثار؟"}]},{"slug":"party-blower","title":"منفاخ الحزب","phrases":[{"type":"❤️","phrase":"أنا أحب منفاخ الحزب."},{"type":"🔊","phrase":"هل منفاخ حزبي صاخب؟"}]},{"slug":"gift","title":"هدية مجانية","phrases":[{"type":"❤️","phrase":"احب الهدايا."},{"type":"🎁","phrase":"ماذا حصلت لي كهدية؟"}]},{"slug":"candle","title":"شمعة","phrases":[{"type":"❤️","phrase":"أنا أحب شموع الحفلات."},{"type":"🕯️","phrase":"هل يمكنني تفجير الشموع؟"},{"type":"🎂","phrase":"كم عدد الشموع الموجودة؟"}]},{"slug":"party-hat","title":"حفلة قبعات","phrases":[{"type":"❤️","phrase":"أحب ارتداء قبعة الحفلة."},{"type":"👚","phrase":"سأرتدي قبعة الحفلة خلال الحفلة."}]},{"slug":"balloons","title":"بالونات","phrases":[{"type":"❤️","phrase":"احب البالونات."},{"type":"🎈","phrase":"هل يمكنني تفجير البالونات؟"}]},{"slug":"garlands","title":"أكاليل","phrases":[{"type":"❤️","phrase":"أنا أحب أكاليل."},{"type":"🙋","phrase":"أريد أن أرتدي أكاليل لحفلتي."},{"type":"🙋","phrase":"هل يمكنك وضع هذه الأكاليل في ذراعي؟"}]},{"slug":"cake","title":"كيك","phrases":[{"type":"❤️","phrase":"أحب أكل الكعكة."},{"type":"🙋","phrase":"هل يمكنني الحصول على شريحة من الكعكة؟"}]},{"slug":"ice-cream","title":"بوظة","phrases":[{"type":"❤️","phrase":"أحب أكل الآيس كريم."},{"type":"🍭","phrase":"ما هي النكهة المفضلة لديك؟"}]},{"slug":"microphone","title":"ميكروفون","phrases":[{"type":"❤️","phrase":"أحب لعب الكاريوكي."},{"type":"❤️","phrase":"أنا أحب الغناء."}]},{"slug":"music","title":"موسيقى","phrases":[{"type":"❤️","phrase":"أحب تشغيل الموسيقى."},{"type":"🎶","phrase":"أي نوع من الموسيقى تفضل؟"}]},{"slug":"magician","title":"ساحر","phrases":[{"type":"❤️","phrase":"أنا أحب السحرة."},{"type":"✨","phrase":"اريد ان اكون ساحر"},{"type":"🙋","phrase":"هل يمكنك أن تخبرني ببعض الحيل السحرية؟"}]},{"slug":"taking-photos","title":"التقاط الصور","phrases":[{"type":"❤️","phrase":"أحب التقاط الصور."},{"type":"🙋","phrase":"هل يمكنني التقاط صور باستخدام هاتفك؟"}]},{"slug":"invitation","title":"رسالة دعوة","phrases":[{"type":"📧","phrase":"تلقيت دعوة."},{"type":"📨","phrase":"هل يمكنني دعوة أصدقائي للحفلة؟"},{"type":"📨","phrase":"هل يمكنني دعوة أصدقائي إلى حفلة عيد ميلادي؟"},{"type":"📨","phrase":"هل يمكننا دعوة أصدقائي إلى حفلة أختي؟"},{"type":"📨","phrase":"هل يمكننا دعوة أصدقائي إلى حفلة أخي؟"}]},{"slug":"candy","title":"حلويات","phrases":[{"type":"❤️","phrase":"احب الحلوى."},{"type":"🙋","phrase":"هل يمكنني تناول بعض الحلوى؟"}]},{"slug":"popsicle","title":"المصاصة","phrases":[{"type":"❤️","phrase":"أنا أحب المصاصة."},{"type":"🙋","phrase":"هل يمكنني تناول بعض المصاصة؟"},{"type":"🙋","phrase":"هل يمكننا صنع بعض المصاصات؟"},{"type":"🙋","phrase":"هل تريد أكل المصاصة؟"}]},{"slug":"cupcake","title":"كاب كيك","phrases":[{"type":"❤️","phrase":"أنا أحب الكب كيك."},{"type":"🙋","phrase":"هل يمكنني أكل كب كيك؟"}]},{"slug":"costume","title":"زي","phrases":[{"type":"❤️","phrase":"أحب ارتداء الملابس."},{"type":"🦸","phrase":"هل يمكنني ارتداء زي الرجل العنكبوت؟"},{"type":"🦸‍♂️","phrase":"هل يمكنني ارتداء زي باتمان؟"},{"type":"🦸‍♀️","phrase":"هل يمكنني ارتداء زي المرأة المعجزة؟"}]},{"slug":"party-glasses","title":"نظارات الحفلات","phrases":[{"type":"❤️","phrase":"أحب نظارات الحفلات."},{"type":"🙋","phrase":"هل يمكنني ارتداء نظارات الحفلة؟"}]},{"slug":"spotlights","title":"الأضواء","phrases":[{"type":"❤️","phrase":"أنا أحب الأضواء."},{"type":"❌","phrase":"لا أحب الأضواء."}]},{"slug":"marshmallow","title":"مرشملوو","phrases":[{"type":"❤️","phrase":"أنا أحب الخطمي."},{"type":"🔥","phrase":"أنا طبخ الخطمي على نار المخيم."},{"type":"🙋","phrase":"أريد أن آكل أعشاب من الفصيلة الخبازية."}]},{"slug":"guacamole","title":"جواكامول","phrases":[{"type":"❤️","phrase":"أنا أحب الجواكامولي."},{"type":"🙋","phrase":"هل يمكنني تناول بعض حبوب الكاكاو؟"},{"type":"❌","phrase":"لا أحب أكل الجواكامولي."}]},{"slug":"hotdog","title":"نقانق","phrases":[{"type":"❤️","phrase":"أنا أحب الهوت دوج."},{"type":"🙋","phrase":"هل يمكنني الحصول على هوت دوج؟"},{"type":"❌","phrase":"أنا لا أحب أكل المقانق المقلية."},{"type":"🙋","phrase":"هل يمكنني تناول بعض المقانق المقلية؟"}]},{"slug":"bouncy-castle","title":"نطاط القلعة","phrases":[{"type":"❤️","phrase":"أنا أحب قلعة نطاط."},{"type":"🙋","phrase":"أريد أن ألعب في قلعة نطاط."},{"type":"🙋","phrase":"لنلعب في قلعة نطاط."}]},{"slug":"clown","title":"مهرج","phrases":[{"type":"❤️","phrase":"أنا أحب المهرجين."},{"type":"❌","phrase":"أنا لا أحب المهرجين."},{"type":"🙋","phrase":"اريد ان اكون مهرج"}]},{"slug":"magic-hat","title":"قبعة سحرية","phrases":[{"type":"❤️","phrase":"أحب القبعات السحرية."},{"type":"🧙‍♂️","phrase":"أنا المعالج!"},{"type":"🙋","phrase":"اريد السحر."}]},{"slug":"dart-board","title":"مجلس السهام","phrases":[{"type":"❤️","phrase":"أحب لعب السهام."},{"type":"🎯","phrase":"لعب السهام يمكن أن يكون خطيرا."}]}]