[{"slug":"mother","title":"أم","phrases":[{"type":"⁉️","phrase":"أمي!"},{"type":"💘","phrase":"أحب أمي."},{"type":"❤️","phrase":"احبك يا امي."},{"type":"☹️","phrase":"أنا أفتقد أمي."},{"type":"🙏🏼","phrase":"شكرا لك لاعتنائك بي."},{"type":"👉🏼","phrase":"هي أمي."},{"type":"❓","phrase":"هل يمكنك مساعدتي في العثور على والدتي؟"}]},{"slug":"father","title":"الآب","phrases":[{"type":"⁉️","phrase":"أبي!"},{"type":"💘","phrase":"أحب أبي."},{"type":"❤️","phrase":"أحبك أبي."},{"type":"☹️","phrase":"افتقد والدي."},{"type":"🙏🏼","phrase":"شكرا لك لاعتنائك بي."},{"type":"👉🏼","phrase":"إنه والدي."},{"type":"❓","phrase":"هل يمكنك مساعدتي في العثور على والدي؟"}]},{"slug":"parents","title":"الآباء","phrases":[{"type":"💑","phrase":"أحب والدي."},{"type":"💘","phrase":"أحب والدي."},{"type":"☹️","phrase":"انا افتقد والداي."},{"type":"👉🏼","phrase":"هم والداي."},{"type":"👨‍👩‍👧","phrase":"والداي يعتنين بي."},{"type":"❓","phrase":"هل يمكنك مساعدتي في العثور على والدي؟"}]},{"slug":"grandparents","title":"الجد والجدة","phrases":[{"type":"💑","phrase":"انا احب اجدادي"},{"type":"💘","phrase":"أحبك يا أجداد."},{"type":"☹️","phrase":"أفتقد أجدادي."},{"type":"👉🏼","phrase":"هم أجدادي."},{"type":"👨‍👩‍👧","phrase":"أجدادي يعتنون بي."},{"type":"❓","phrase":"هل يمكنك مساعدتي في العثور على أجدادي؟"}]},{"slug":"brother","title":"شقيق","phrases":[{"type":"💑","phrase":"أنا أحب أخي."},{"type":"💘","phrase":"انا احبك اخي."},{"type":"☹️","phrase":"اشتقت لأخي."},{"type":"👉🏼","phrase":"هو أخي."},{"type":"🙎‍♂️","phrase":"أخي يعتني بي."},{"type":"❓","phrase":"هل يمكنك مساعدتي في العثور على أخي؟"}]},{"slug":"sister","title":"أخت","phrases":[{"type":"💑","phrase":"أحب أختي."},{"type":"💘","phrase":"أنا احبك يا اختي."},{"type":"☹️","phrase":"أفتقد أختي."},{"type":"👉🏼","phrase":"إنها أختي."},{"type":"🙍‍♀️","phrase":"أختي تعتني بي."},{"type":"❓","phrase":"هل يمكنك مساعدتي في العثور على أختي؟"}]},{"slug":"uncle","title":"اخو الام","phrases":[{"type":"💑","phrase":"أنا أحب عمي."},{"type":"💘","phrase":"أحبك عمي."},{"type":"☹️","phrase":"افتقد عمي."},{"type":"👉🏼","phrase":"انه عمي."},{"type":"❓","phrase":"هل يمكنك مساعدتي في العثور على عمي؟"}]},{"slug":"aunt","title":"عمة","phrases":[{"type":"💑","phrase":"احب خالتي."},{"type":"💘","phrase":"احبك يا عمة."},{"type":"☹️","phrase":"افتقد خالتي."},{"type":"👉🏼","phrase":"إنها عمتي."},{"type":"❓","phrase":"هل يمكنك مساعدتي في العثور على خالتي؟"}]},{"slug":"teacher","title":"مدرس","phrases":[{"type":"💑","phrase":"احب استاذي."},{"type":"💘","phrase":"أحبك يا أستاذ."},{"type":"💔","phrase":"أنا لا أحب أستاذي."},{"type":"☹️","phrase":"أفتقد أستاذي."},{"type":"🙏🏼","phrase":"شكرا لك على الدرس."}]},{"slug":"therapist","title":"المعالج","phrases":[{"type":"💑","phrase":"أنا أحب معالجتي."},{"type":"💘","phrase":"أحبك المعالج."},{"type":"💔","phrase":"أنا لا أحب المعالج الخاص بي."},{"type":"☹️","phrase":"أفتقد المعالج."},{"type":"🙏🏼","phrase":"شكرا لك على الجلسة."}]},{"slug":"doctor","title":"طبيب","phrases":[{"type":"💑","phrase":"أنا أحب طبيبي."},{"type":"💘","phrase":"أحبك يا دكتور."},{"type":"💔","phrase":"أنا لا أحب طبيبي."},{"type":"☹️","phrase":"أفتقد طبيبي."},{"type":"🙏🏼","phrase":"شكرا لشفائي."}]},{"slug":"friends","title":"اصحاب","phrases":[{"type":"💑","phrase":"أحب اصدقائي."},{"type":"❓","phrase":"هل ترغب أن تكون صديقي؟"},{"type":"💔","phrase":"أنا لا أحب أصدقائي."},{"type":"☹️","phrase":"أفتقد أصدقائي."},{"type":"👉🏼","phrase":"انهم اصدقائي."},{"type":"🙏🏼","phrase":"شكرا للعب معي."}]},{"slug":"cousins","title":"بنات العم","phrases":[{"type":"💑","phrase":"أنا أحب أبناء عمي."},{"type":"❌","phrase":"ليس لدي أبناء عمومة."},{"type":"☹️","phrase":"أفتقد أبناء عمي."},{"type":"👉🏼","phrase":"إنهم أبناء عمي."}]},{"slug":"grandmother","title":"جدة","phrases":[{"type":"💑","phrase":"أنا أحب جدتي."},{"type":"💘","phrase":"انا احبك جدتي."},{"type":"☹️","phrase":"افتقد جدتي."},{"type":"👉🏼","phrase":"هي جدتي."}]},{"slug":"grandfather","title":"جد","phrases":[{"type":"💑","phrase":"أنا أحب جدي."},{"type":"💘","phrase":"احبك يا جدي."},{"type":"☹️","phrase":"افتقد جدي."},{"type":"👉🏼","phrase":"إنه جدي."}]},{"slug":"stepfather","title":"زوج الأم","phrases":[{"type":"💑","phrase":"أنا أحب زوج أمي."},{"type":"👉🏼","phrase":"هو زوج أمي."},{"type":"☹️","phrase":"افتقد زوج أمي."},{"type":"👉🏼","phrase":"هو زوج أمي."}]},{"slug":"stepmother","title":"زوجة الأب","phrases":[{"type":"💑","phrase":"أنا أحب زوجة أبي."},{"type":"👉🏼","phrase":"هي زوجة أبي."},{"type":"☹️","phrase":"أفتقد زوجة أبي."},{"type":"👉🏼","phrase":"هي زوجة أبي."}]},{"slug":"stepsister","title":"مثل اختي","phrases":[{"type":"💑","phrase":"أنا أحب أختي."},{"type":"👉🏼","phrase":"هي أختي."},{"type":"☹️","phrase":"افتقد اختي."},{"type":"👉🏼","phrase":"هي أختي."}]},{"slug":"stepbrother","title":"أخ غير شقيق","phrases":[{"type":"💑","phrase":"أنا أحب أخي."},{"type":"👉🏼","phrase":"هو أخي."},{"type":"☹️","phrase":"أفتقد أخي."},{"type":"👉🏼","phrase":"هو أخي."}]},{"slug":"half-brother","title":"نصف أخ","phrases":[{"type":"💑","phrase":"أنا أحب أخي غير الشقيق."},{"type":"👉🏼","phrase":"إنه أخي غير الشقيق."},{"type":"☹️","phrase":"افتقد أخي غير الشقيق."},{"type":"👉🏼","phrase":"إنه أخي غير الشقيق."}]},{"slug":"half-sister","title":"الأخت غير الشقيقة","phrases":[{"type":"💑","phrase":"أنا أحب أختي غير الشقيقة."},{"type":"👉🏼","phrase":"هي أختي غير الشقيقة."},{"type":"☹️","phrase":"أفتقد أختي غير الشقيقة."},{"type":"👉🏼","phrase":"هي أختي غير الشقيقة."}]}]