[{"slug":"captain","title":"قائد المنتخب","phrases":[]},{"slug":"pirate-crew","title":"طاقم القراصنة","phrases":[]},{"slug":"treasure","title":"كنز","phrases":[]},{"slug":"hook","title":"صنارة صيد","phrases":[]},{"slug":"compass","title":"بوصلة","phrases":[]},{"slug":"pirate-ship","title":"سفينة القراصنة","phrases":[]},{"slug":"pirate-gun","title":"بندقية القراصنة","phrases":[]},{"slug":"pirate-sword","title":"سيف القراصنة","phrases":[]},{"slug":"barrel","title":"برميل","phrases":[]},{"slug":"pirate-flag","title":"علم القراصنة","phrases":[]},{"slug":"treasure-map","title":"خريطة الكنز","phrases":[]},{"slug":"spyglass","title":"المنظار","phrases":[]},{"slug":"cannon","title":"مدفع","phrases":[]},{"slug":"helm","title":"القياده","phrases":[]},{"slug":"lighthouse","title":"منارة","phrases":[]},{"slug":"anchor","title":"مرساة","phrases":[]},{"slug":"bomb","title":"قنبلة","phrases":[]},{"slug":"coin","title":"عملة","phrases":[]},{"slug":"candle","title":"شمعة","phrases":[]},{"slug":"knife","title":"سكين","phrases":[]}]