[{"slug":"park","title":"منتزه","phrases":[{"type":"🙋","phrase":"أريد أن أذهب للحديقة."},{"type":"☝️","phrase":"هل يمكنك أن تأخذني إلى الحديقة؟"},{"type":"💡","phrase":"يمكنني اللعب في الحديقة."}]},{"slug":"mall","title":"مجمع تجاري","phrases":[{"type":"🙋","phrase":"أريد أن أذهب إلى المركز التجاري."},{"type":"☝️","phrase":"هل يمكنك أن تأخذني إلى المركز التجاري؟"},{"type":"💡","phrase":"يمكنني التسوق في المركز التجاري."}]},{"slug":"restaurant","title":"مطعم","phrases":[{"type":"🙋","phrase":"اريد الذهاب الى المطعم."},{"type":"☝️","phrase":"هل يمكنك أن تأخذني إلى المطعم؟"},{"type":"💡","phrase":"يمكنني تناول وجبة في المطعم."}]},{"slug":"cinema","title":"سينما","phrases":[{"type":"🙋","phrase":"اريد ان اذهب الى السينما."},{"type":"☝️","phrase":"هل يمكنك أن تأخذني إلى السينما؟"},{"type":"💡","phrase":"يمكنني مشاهدة فيلم في السينما."}]},{"slug":"school","title":"مدرسة","phrases":[{"type":"🙋","phrase":"اريد الذهاب الى المدرسة."},{"type":"☝️","phrase":"هل يمكنك أن تأخذني إلى المدرسة؟"},{"type":"💡","phrase":"يمكنني التعلم في المدرسة."}]},{"slug":"library","title":"مكتبة","phrases":[{"type":"🙋","phrase":"أريد الذهاب إلى المكتبة."},{"type":"☝️","phrase":"هل يمكنك أن تأخذني إلى المكتبة؟"},{"type":"💡","phrase":"يمكنني الدراسة في المكتبة."}]},{"slug":"fair","title":"معرض","phrases":[{"type":"🙋","phrase":"أريد أن أذهب إلى المعرض."},{"type":"☝️","phrase":"هل يمكنك أن تأخذني إلى المعرض؟"},{"type":"💡","phrase":"يمكنني الاستمتاع في المعرض."}]},{"slug":"drugstore","title":"صيدلية","phrases":[{"type":"🙋","phrase":"أريد أن أذهب إلى الصيدلية."},{"type":"☝️","phrase":"هل يمكنك أن تأخذني إلى صيدلية؟"},{"type":"💡","phrase":"يمكنني شراء الدواء من الصيدلية."}]},{"slug":"hospital","title":"مستشفى","phrases":[{"type":"🙋","phrase":"أريد الذهاب إلى المستشفى."},{"type":"☝️","phrase":"هل يمكنك أن تأخذني إلى المستشفى؟"},{"type":"💡","phrase":"يمكن للمرضى المرضى الذهاب إلى المستشفى."}]},{"slug":"amusement-park","title":"متنزه","phrases":[{"type":"🙋","phrase":"أريد أن أذهب إلى متنزه."},{"type":"☝️","phrase":"هل يمكنك أن تأخذني إلى متنزه؟"},{"type":"💡","phrase":"يمكنني الاستمتاع في متنزه."}]},{"slug":"dormitory","title":"مسكن","phrases":[{"type":"🙋","phrase":"أريد الذهاب إلى المهجع."},{"type":"☝️","phrase":"هل يمكنك أن تأخذني إلى المهجع؟"},{"type":"💡","phrase":"يمكنني البقاء في مهجع."}]},{"slug":"laundry-place","title":"مكان الغسيل","phrases":[{"type":"🙋","phrase":"أريد الذهاب إلى مكان الغسيل."},{"type":"☝️","phrase":"هل يمكنك أن تأخذني إلى مكان الغسيل؟"},{"type":"💡","phrase":"يمكنني تنظيف الغسيل في مكان الغسيل."}]},{"slug":"barber-shop","title":"محل الحلاق","phrases":[{"type":"🙋","phrase":"أريد أن أذهب إلى محل حلاقة."},{"type":"☝️","phrase":"هل يمكنك أن تأخذني إلى محل حلاقة؟"},{"type":"💡","phrase":"يمكنني الحصول على قصة شعر في محل حلاقة."}]},{"slug":"hotel","title":"الفندق","phrases":[{"type":"🙋","phrase":"اريد الذهاب الى الفندق."},{"type":"☝️","phrase":"هل يمكنك أن تأخذني إلى الفندق؟"},{"type":"💡","phrase":"يمكنني البقاء في فندق."}]},{"slug":"kindergarten","title":"روضة أطفال","phrases":[{"type":"🙋","phrase":"أريد أن أذهب لرياض الأطفال."},{"type":"☝️","phrase":"هل يمكنك أن تأخذني إلى روضة الأطفال؟"}]},{"slug":"parking-lot","title":"ساحة لانتظار السيارات","phrases":[{"type":"🙋","phrase":"أريد أن أذهب إلى موقف السيارات."},{"type":"☝️","phrase":"هل يمكنك أن تأخذني إلى موقف السيارات؟"}]},{"slug":"elevator","title":"مصعد","phrases":[{"type":"🙋","phrase":"أريد استخدام المصعد."},{"type":"💗","phrase":"أنا أحب استخدام المصعد؟"},{"type":"💡","phrase":"يمكنني صعود الطابق العلوي باستخدام المصعد."}]},{"slug":"bank","title":"مصرف","phrases":[{"type":"🙋","phrase":"اريد ان اذهب الى البنك."},{"type":"☝️","phrase":"هل يمكنك أن تأخذني إلى البنك؟"},{"type":"💡","phrase":"يمكنني سحب الأموال في البنك."}]},{"slug":"skycraper","title":"ناطحة سحاب","phrases":[{"type":"🙋","phrase":"أريد أن أذهب إلى سكاي سكريبر."},{"type":"☝️","phrase":"هل يمكنك أن تأخذني إلى سكاي سكريبر؟"}]},{"slug":"stadium","title":"ملعب","phrases":[{"type":"🙋","phrase":"اريد الذهاب الى الاستاد."},{"type":"☝️","phrase":"هل يمكنك أن تأخذني إلى الملعب؟"}]},{"slug":"cruise-ship","title":"سفينه سياحيه","phrases":[{"type":"🙋","phrase":"أريد الصعود على متن سفينة سياحية."},{"type":"☝️","phrase":"هل يمكنك أن تأخذني إلى سفينة سياحية؟"}]},{"slug":"forest","title":"غابة","phrases":[{"type":"🙋","phrase":"أريد أن أذهب إلى الغابة."},{"type":"☝️","phrase":"هل يمكنك أن تأخذني إلى الغابة؟"}]},{"slug":"tent","title":"خيمة","phrases":[{"type":"🙋","phrase":"أريد أن أذهب إلى الخيمة."},{"type":"☝️","phrase":"هل يمكننا البقاء في خيمة؟"}]},{"slug":"beach","title":"شاطئ بحر","phrases":[{"type":"🙋","phrase":"أريد أن أذهب إلى الشاطئ."},{"type":"☝️","phrase":"هل يمكنك أن تأخذني إلى الشاطئ؟"},{"type":"💡","phrase":"يمكنني حمامات الشمس على الشاطئ."}]}]