[{"slug":"protective-mask","title":"القناع الواقي","phrases":[{"type":"🛡️","phrase":"أستخدم القناع الواقي."},{"type":"😷","phrase":"لا أستطيع الخروج بدون قناع واق."}]},{"slug":"stay-home","title":"ابق في المنزل","phrases":[{"type":"🏠","phrase":"تحتاج إلى البقاء في المنزل."},{"type":"🏡","phrase":"انا ابقى فى المنزل."}]},{"slug":"toilet-paper","title":"ورق الحمام","phrases":[]},{"slug":"sprayer","title":"بخاخ","phrases":[]},{"slug":"disinfectant","title":"مطهر","phrases":[{"type":"🧼","phrase":"أنا أستخدم مطهرًا."},{"type":"🙋","phrase":"هل يمكنك مساعدتي في استخدام المطهر؟"}]},{"slug":"coughing","title":"يسعل","phrases":[{"type":"🤒","phrase":"أنا أسعل."},{"type":"🏥","phrase":"السعال من أعراض الفيروس."}]},{"slug":"medical-assistance","title":"المساعدة الطبية","phrases":[{"type":"⚕️","phrase":"أنا بحاجة إلى مساعدة طبية."},{"type":"❓","phrase":"هل تحتاج مساعدة طبية؟"}]},{"slug":"hand-sanitizer","title":"معقم اليدين","phrases":[{"type":"🚰","phrase":"أنا أستخدم معقم اليدين."},{"type":"🙋","phrase":"هل يمكنك مساعدتي في استخدام معقم اليدين؟"}]},{"slug":"gloves","title":"قفازات","phrases":[{"type":"🧤","phrase":"أنا أستخدم القفازات."},{"type":"🙋","phrase":"هل يمكنك مساعدتي في ارتداء القفازات الخاصة بي؟"}]},{"slug":"social-distancing","title":"الإبعاد الاجتماعي","phrases":[{"type":"🖐️","phrase":"أنا أمارس الإبعاد الاجتماعي."},{"type":"📏","phrase":"نحن بحاجة للحفاظ على مسافة بيننا."}]},{"slug":"mouth-mask","title":"قناع الفم","phrases":[{"type":"😷","phrase":"أنا أستخدم قناع الفم."},{"type":"🏡","phrase":"لا أستطيع الخروج بدون قناع الفم."}]},{"slug":"pandemic","title":"جائحة","phrases":[{"type":"🌐","phrase":"ما هو الوباء؟"},{"type":"⏱️","phrase":"متى سينتهي الوباء؟"},{"type":"⌚","phrase":"هناك جائحة مستمر."}]},{"slug":"working-at-home","title":"العمل بالمنزل","phrases":[{"type":"🏠","phrase":"أنا أعمل في المنزل."},{"type":"👪","phrase":"يعمل والداي في المنزل."}]},{"slug":"wet-wipes","title":"مناديل مبللة","phrases":[{"type":"🤧","phrase":"أحتاج إلى مناديل مبللة."}]},{"slug":"quarantine","title":"الحجر الصحي","phrases":[{"type":"🔲","phrase":"ما هو الحجر الصحي؟"},{"type":"🙋","phrase":"أنا في الحجر الصحي."}]},{"slug":"first-aid-kit","title":"حقيبة إسعاف أولي","phrases":[{"type":"❓","phrase":"أين مجموعة الإسعافات الأولية؟"},{"type":"🙋","phrase":"هل يمكنك مساعدتي في استخدام مجموعة الإسعافات الأولية؟"}]},{"slug":"fitness","title":"اللياقه البدنيه","phrases":[{"type":"🤸","phrase":"أحب ممارسة اللياقة."},{"type":"🤼","phrase":"أحب ممارسة اللياقة."}]},{"slug":"e-learning","title":"التعلم الإلكتروني","phrases":[{"type":"💻","phrase":"أنا أتعلم من المنزل."},{"type":"📱","phrase":"أنا أستخدم تطبيقات التعلم الإلكتروني."}]},{"slug":"virus","title":"فايروس","phrases":[{"type":"🦠","phrase":"ما هو الفيروس؟"},{"type":"💉","phrase":"ما هي اعراض الفيروس؟"}]},{"slug":"cleaning","title":"تنظيف","phrases":[{"type":"🧼","phrase":"انا انظف غرفتي."},{"type":"🔲","phrase":"من المهم الحفاظ على نظافة غرفتك."}]}]