[{"slug":"desk","title":"مكتب","phrases":[{"type":"🙋","phrase":"هل يمكنني استخدام هذا المكتب؟"},{"type":"❓","phrase":"أي مكتب لي؟"},{"type":"🥛","phrase":"انسكبت على مكتبي."},{"type":"❌","phrase":"لا تخدش مكتبك."}]},{"slug":"chair","title":"كرسي","phrases":[{"type":"🙋","phrase":"هل استطيع الجلوس معك؟"},{"type":"❓","phrase":"أي كرسي لي؟"},{"type":"☝️","phrase":"هل هذا الكرسي مأخوذ؟"},{"type":"🥛","phrase":"انسكبت على مقعدي."}]},{"slug":"book","title":"كتاب","phrases":[{"type":"📙","phrase":"كتاب مدرسي"},{"type":"📒","phrase":"دفتر العمل"},{"type":"📚","phrase":"قراءة كتاب."},{"type":"😇","phrase":"هل استطيع استعارة كتابك؟"},{"type":"📃","phrase":"في أي صفحة نحن؟"},{"type":"☝️","phrase":"اقلب الصفحة."},{"type":"😱","phrase":"لقد فقدت كتابي."}]},{"slug":"notebook","title":"دفتر","phrases":[{"type":"📝","phrase":"أخذ ملاحظات."},{"type":"🖐️","phrase":"أنا أدون الملاحظات."},{"type":"😱","phrase":"لقد فقدت دفتر الملاحظات الخاص بي."}]},{"slug":"backpack","title":"حقيبة ظهر","phrases":[{"type":"👜","phrase":"احمل حقيبتي."},{"type":"💡","phrase":"ضع كتبي في حقيبتي."},{"type":"🙋","phrase":"أحتاج إلى حقيبة ظهر جديدة."},{"type":"🙏🏼","phrase":"شكرا لحمل حقيبتي."},{"type":"😱","phrase":"لقد فقدت حقيبتي."},{"type":"⚖️","phrase":"حقيبتي ثقيلة."}]},{"slug":"blackboard","title":"بلاك بورد","phrases":[{"type":"👀","phrase":"أنظر إلى السبورة."},{"type":"🧽","phrase":"تنظيف السبورة."},{"type":"🧮","phrase":"حل المشكلة على السبورة."},{"type":"📝","phrase":"أخذ ملاحظة على السبورة."},{"type":"🖊️","phrase":"أعطني طباشير."}]},{"slug":"teacher","title":"مدرس","phrases":[{"type":"🤔","phrase":"لا أفهم هذا الجزء."},{"type":"🔁","phrase":"هل يمكنك تكرار الجزء الأخير؟"},{"type":"🚻","phrase":"يمكن أن أذهب إلى مرحاض؟"},{"type":"❓","phrase":"والموضوع؟"},{"type":"😀","phrase":"أحب هذا الموضوع."},{"type":"😔","phrase":"لا أحب هذا الموضوع."},{"type":"🙏🏼","phrase":"شكرا لك على الدرس."}]},{"slug":"school-bus","title":"باص المدرسة","phrases":[{"type":"⌛","phrase":"أتوبيس المدرسة قادم."},{"type":"❓","phrase":"يمكنني الجلوس إلى جانبك؟"},{"type":"🙏🏼","phrase":"شكرا لك سائق الحافلة!"},{"type":"⏱️","phrase":"كانت حافلة المدرسة متأخرة."}]},{"slug":"pencil","title":"قلم","phrases":[{"type":"✏️","phrase":"انا اكتب."},{"type":"🎓","phrase":"أنا أتعلم الكتابة."},{"type":"🙋","phrase":"أحتاج إلى قلم رصاص جديد."},{"type":"😇","phrase":"هل يمكنني استعارة قلمك الرصاص؟"},{"type":"😱","phrase":"لقد فقدت قلمي."}]},{"slug":"eraser","title":"ممحاة","phrases":[{"type":"🧽","phrase":"أنا محو."},{"type":"🙋","phrase":"أحتاج إلى ممحاة جديدة."},{"type":"😇","phrase":"هلا اعرتني ممحاتك؟"},{"type":"😱","phrase":"لقد فقدت ممحتي."}]},{"slug":"ruler","title":"مسطرة","phrases":[{"type":"📏","phrase":"أنا أقيس."},{"type":"🙋","phrase":"أحتاج إلى حاكم جديد."},{"type":"😇","phrase":"هل يمكنني استعارة حاكمك؟"},{"type":"😱","phrase":"لقد فقدت حاكمي."}]},{"slug":"sharpener","title":"براية","phrases":[{"type":"🔪","phrase":"أنا أشحذ قلمي."},{"type":"🙋","phrase":"أحتاج إلى مبراة جديدة."},{"type":"😇","phrase":"هل يمكنني استعارة مبراة الخاص بك؟"},{"type":"😱","phrase":"فقدت مبراة."}]},{"slug":"mathematics","title":"الرياضيات","phrases":[{"type":"❤️","phrase":"احب الرياضيات."},{"type":"🙋","phrase":"أريد أن أدرس الرياضيات."},{"type":"❌","phrase":"لا أحب الرياضيات."},{"type":"⌚","phrase":"متى هو صف الرياضيات؟"},{"type":"☝️","phrase":"هل يمكنك مساعدتي في فروض الرياضيات؟"}]},{"slug":"literature","title":"المؤلفات","phrases":[{"type":"❤️","phrase":"أحب الأدب."},{"type":"🙋","phrase":"أريد أن أدرس الأدب."},{"type":"❌","phrase":"لا أحب الأدب."},{"type":"⌚","phrase":"متى يكون فصل الأدب؟"},{"type":"☝️","phrase":"هل يمكنك مساعدتي في واجباتي الأدبية؟"}]},{"slug":"science","title":"علم","phrases":[{"type":"❤️","phrase":"انا احب العلم."},{"type":"🙋","phrase":"أريد أن أدرس العلوم."},{"type":"❌","phrase":"لا أحب العلم."},{"type":"⌚","phrase":"متى يكون درس العلوم؟"},{"type":"☝️","phrase":"هل يمكنك مساعدتي في واجبي العلمي؟"}]},{"slug":"art-class","title":"حصة فنون","phrases":[{"type":"❤️","phrase":"أحب صف الفنون."},{"type":"🙋","phrase":"أريد أن أمارس مهارات فنية."},{"type":"❌","phrase":"أنا لا أحب فئة الفن."},{"type":"⌚","phrase":"متى هو فصل الفن؟"},{"type":"☝️","phrase":"هل يمكنك مساعدتي في واجبي في صف الفن؟"}]},{"slug":"music-class","title":"فصل الموسيقى","phrases":[{"type":"❤️","phrase":"أحب درس الموسيقى."},{"type":"🙋","phrase":"أريد ممارسة مهارات الموسيقى."},{"type":"❌","phrase":"لا أحب درس الموسيقى."},{"type":"⌚","phrase":"متى هو فصل الموسيقى؟"},{"type":"☝️","phrase":"هل يمكنك مساعدتي في واجبي المنزلي الموسيقي؟"}]},{"slug":"geography","title":"جغرافية","phrases":[{"type":"❤️","phrase":"احب الجغرافيا."},{"type":"🙋","phrase":"اريد ان ادرس الجغرافيا."},{"type":"❌","phrase":"لا أحب الجغرافيا."},{"type":"⌚","phrase":"متى الجغرافيا؟"},{"type":"☝️","phrase":"هل يمكنك مساعدتي في واجبي الجغرافي؟"}]},{"slug":"telescope","title":"تلسكوب","phrases":[{"type":"🌎","phrase":"أنا أستخدم التلسكوب."},{"type":"🙋","phrase":"أريد استخدام التلسكوب."},{"type":"🌟","phrase":"أريد أن أنظر إلى النجوم."}]},{"slug":"glue","title":"صمغ","phrases":[{"type":"👌","phrase":"أنا أستخدم الغراء."},{"type":"🙋","phrase":"أحتاج إلى غراء جديد."},{"type":"😇","phrase":"هل يمكنني استعارة الغراء الخاص بك؟"},{"type":"😱","phrase":"لقد فقدت الغراء."}]}]