[{"slug":"circle","title":"دائرة","phrases":[{"type":"👉","phrase":"هذا على شكل دائرة."},{"type":"❓","phrase":"هل يمكنك أن تعلمني كيفية رسم دائرة؟"}]},{"slug":"triangle","title":"مثلث","phrases":[{"type":"👉","phrase":"هذا على شكل مثلث."},{"type":"❓","phrase":"هل يمكنك أن تعلمني كيفية رسم المثلث؟"}]},{"slug":"square","title":"ميدان","phrases":[{"type":"👉","phrase":"هذا مربع الشكل."},{"type":"❓","phrase":"هل يمكنك أن تعلمني كيفية رسم المربع؟"}]},{"slug":"rectangle","title":"مستطيل","phrases":[{"type":"👉","phrase":"هذا مستطيل الشكل."},{"type":"❓","phrase":"هل يمكنك أن تعلمني كيفية رسم مستطيل؟"}]},{"slug":"star","title":"نجمة","phrases":[{"type":"👉","phrase":"هذا على شكل نجمة."},{"type":"❓","phrase":"هل يمكنك أن تعلمني كيفية رسم نجمة؟"}]},{"slug":"pentagon","title":"خماسي الاضلاع","phrases":[{"type":"👉","phrase":"هذا شكل خماسي."},{"type":"❓","phrase":"هل يمكنك أن تخبرني كيف أرسم البنتاغون؟"}]},{"slug":"hexagon","title":"سداسي الزوايا","phrases":[{"type":"👉","phrase":"هذا شكل سداسي."},{"type":"❓","phrase":"هل يمكنك أن تعلمني كيفية رسم السداسي؟"}]},{"slug":"cross","title":"تعبر","phrases":[{"type":"👉","phrase":"هذا على شكل صليب."},{"type":"❓","phrase":"هل يمكنك أن تعلمني كيفية رسم الصليب؟"}]},{"slug":"ellipse","title":"الشكل البيضاوي","phrases":[{"type":"👉","phrase":"هذا شكل بيضاوي."},{"type":"❓","phrase":"هل يمكنك أن تعلمني كيفية رسم القطع الناقص؟"}]},{"slug":"arrow","title":"سهم","phrases":[{"type":"👉","phrase":"هذا على شكل سهم."},{"type":"❓","phrase":"هل يمكنك أن تعلمني كيفية رسم السهم؟"}]},{"slug":"crescent","title":"هلال","phrases":[{"type":"👉","phrase":"هذا شكل هلال."},{"type":"❓","phrase":"هل يمكنك أن تعلمني كيفية رسم الهلال؟"}]},{"slug":"heart","title":"قلب","phrases":[{"type":"👉","phrase":"هذا على شكل قلب."},{"type":"❓","phrase":"هل يمكنك أن تعلمني كيفية رسم القلب؟"}]},{"slug":"rhombus","title":"دالتون","phrases":[{"type":"👉","phrase":"هذا على شكل دالتون."},{"type":"❓","phrase":"هل يمكنك أن تعلمني كيفية رسم دالتون؟"}]},{"slug":"ring","title":"حلقة","phrases":[{"type":"👉","phrase":"هذا على شكل حلقة."},{"type":"❓","phrase":"هل يمكنك أن تعلمني كيفية رسم الخاتم؟"}]},{"slug":"semicircle","title":"نصف دائرة","phrases":[{"type":"👉","phrase":"هذا شكل نصف دائري."},{"type":"❓","phrase":"هل يمكنك أن تعلمني كيفية رسم نصف دائري؟"}]},{"slug":"trapezoid","title":"شبه منحرف","phrases":[{"type":"👉","phrase":"هذا على شكل شبه منحرف."},{"type":"❓","phrase":"هل يمكنك أن تخبرني كيفية رسم شبه منحرف؟"}]},{"slug":"cube","title":"مكعب","phrases":[{"type":"👉","phrase":"هذا شكل مكعب."},{"type":"❓","phrase":"هل يمكنك أن تعلمني كيفية رسم المكعب؟"}]},{"slug":"cylinder","title":"اسطوانة","phrases":[{"type":"👉","phrase":"هذا على شكل اسطوانة."},{"type":"❓","phrase":"هل يمكنك أن تعلمني كيفية رسم الاسطوانة؟"}]}]