[{"slug":"chips","title":"رقائق","phrases":[{"type":"❤️","phrase":"أحب أكل الرقائق."},{"type":"🙋","phrase":"أريد أكل الرقائق."},{"type":"🤢","phrase":"تناول الكثير من الرقائق سيء بالنسبة لي."}]},{"slug":"donut","title":"الدونات","phrases":[{"type":"❤️","phrase":"أحب أكل الدونات."},{"type":"🙋","phrase":"اريد ان اكل دونات."},{"type":"🤢","phrase":"تناول الكثير من الدونات سيء بالنسبة لي."}]},{"slug":"taco","title":"تاكو","phrases":[{"type":"❤️","phrase":"أحب أكل التاكو."},{"type":"🙋","phrase":"أريد أكل التاكو."},{"type":"🤢","phrase":"تناول الكثير من التاكو أمر سيئ بالنسبة لي."}]},{"slug":"peanuts","title":"الفول السوداني","phrases":[{"type":"❤️","phrase":"أحب أكل الفول السوداني."},{"type":"🙋","phrase":"أريد أكل الفول السوداني."},{"type":"🤢","phrase":"تناول الكثير من الفول السوداني أمر سيئ بالنسبة لي."}]},{"slug":"croissant","title":"كرواسون","phrases":[{"type":"❤️","phrase":"أحب أكل الكرواسان."},{"type":"🙋","phrase":"أريد أكل الكرواسان."},{"type":"🤢","phrase":"إن تناول الكثير من الكرواسان أمر سيء بالنسبة لي."}]},{"slug":"cookie","title":"بسكويت","phrases":[{"type":"❤️","phrase":"أحب أكل الكعكة."},{"type":"🙋","phrase":"أريد أكل الكعكة."},{"type":"🤢","phrase":"تناول الكثير من ملفات تعريف الارتباط أمر سيء بالنسبة لي."}]},{"slug":"burrito","title":"بوريتو","phrases":[{"type":"❤️","phrase":"أحب أكل البوريتو."},{"type":"🙋","phrase":"أريد أكل البوريتو."},{"type":"🤢","phrase":"إن تناول الكثير من البوريتو أمر سيء بالنسبة لي."}]},{"slug":"ramen","title":"رامين","phrases":[{"type":"❤️","phrase":"أحب أكل الرامن."},{"type":"🙋","phrase":"أريد أن أكل الرامن."},{"type":"🤢","phrase":"تناول الكثير من الرامن أمر سيء بالنسبة لي."}]},{"slug":"sushi","title":"سوشي","phrases":[{"type":"❤️","phrase":"أحب أكل السوشي."},{"type":"🙋","phrase":"أريد أن آكل السوشي."},{"type":"🤢","phrase":"تناول الكثير من السوشي أمر سيئ بالنسبة لي."}]},{"slug":"chocolate","title":"شوكولاتة","phrases":[{"type":"❤️","phrase":"أحب أكل الشوكولاتة."},{"type":"🙋","phrase":"أريد أكل الشوكولاتة."},{"type":"🤢","phrase":"إن تناول الكثير من الشوكولاتة أمر سيء بالنسبة لي."}]},{"slug":"apple-pie","title":"فطيرة تفاح","phrases":[{"type":"❤️","phrase":"أحب أكل فطيرة التفاح."},{"type":"🙋","phrase":"أريد أكل فطيرة التفاح."},{"type":"🤢","phrase":"تناول الكثير من فطيرة التفاح أمر سيء بالنسبة لي."}]},{"slug":"muffin","title":"الكعك","phrases":[{"type":"❤️","phrase":"أحب أكل الكعك."},{"type":"🙋","phrase":"أريد أكل الكعك."},{"type":"🤢","phrase":"تناول الكثير من الكعك أمر سيء بالنسبة لي."}]},{"slug":"pudding","title":"بودنغ","phrases":[{"type":"❤️","phrase":"أحب أكل الحلوى."},{"type":"🙋","phrase":"أريد أن آكل الحلوى."},{"type":"🤢","phrase":"إن تناول الكثير من الحلوى أمر سيئ بالنسبة لي."}]},{"slug":"macaron","title":"معكرون","phrases":[{"type":"❤️","phrase":"أحب أكل معكرون."},{"type":"🙋","phrase":"أريد أكل معكرون."},{"type":"🤢","phrase":"تناول الكثير من المعكرون أمر سيء بالنسبة لي."}]},{"slug":"crepe","title":"كريب","phrases":[{"type":"❤️","phrase":"أحب أكل الكريب."},{"type":"🙋","phrase":"أريد أكل الكريب."},{"type":"🤢","phrase":"تناول الكثير من الكريب سيء بالنسبة لي."}]},{"slug":"pizza","title":"بيتزا","phrases":[{"type":"❤️","phrase":"انا احب اكل البيتزا."},{"type":"🙋","phrase":"أريد أن أكل البيتزا."},{"type":"🤢","phrase":"تناول الكثير من البيتزا أمر سيء بالنسبة لي."}]},{"slug":"skewer","title":"سيخ","phrases":[{"type":"❤️","phrase":"أحب أكل السيخ."},{"type":"🙋","phrase":"أريد أكل سيخ."},{"type":"🤢","phrase":"إن تناول الكثير من الأسياخ سيء بالنسبة لي."}]},{"slug":"fast-food","title":"الوجبات السريعه","phrases":[{"type":"❤️","phrase":"أحب أكل الوجبات السريعة."},{"type":"🙋","phrase":"أريد أن آكل وجبات سريعة."},{"type":"🤢","phrase":"إن تناول الكثير من الوجبات السريعة أمر سيء بالنسبة لي."}]}]