[{"slug":"basketball","title":"كرة سلة","phrases":[{"type":"❤️","phrase":"انا احب لعب كرة السلة."},{"type":"🙋","phrase":"هل تريد أن تلعب كرة السلة؟"}]},{"slug":"boxing","title":"ملاكمة","phrases":[{"type":"❤️","phrase":"أحب الملاكمة."},{"type":"🙋","phrase":"هل تريد أن تتجمع معًا؟"}]},{"slug":"tennis","title":"تنس","phrases":[{"type":"❤️","phrase":"انا احب لعب التنس."},{"type":"🙋","phrase":"هل تريد لعب التنس؟"}]},{"slug":"golf","title":"جولف","phrases":[{"type":"❤️","phrase":"أحب لعب الجولف."},{"type":"🙋","phrase":"هل تريد لعب الجولف؟"}]},{"slug":"hockey","title":"الهوكي","phrases":[{"type":"❤️","phrase":"أحب لعب الهوكي."},{"type":"🙋","phrase":"هل تريد لعب الهوكي؟"}]},{"slug":"swimming","title":"سباحة","phrases":[{"type":"❤️","phrase":"انا احب السباحة."},{"type":"🙋","phrase":"هل تريد السباحة؟"}]},{"slug":"baseball","title":"البيسبول","phrases":[{"type":"❤️","phrase":"أحب لعب البيسبول."},{"type":"🙋","phrase":"هل تريد لعب البيسبول؟"}]},{"slug":"american-football","title":"كرة القدم الأمريكية","phrases":[{"type":"❤️","phrase":"أحب لعب كرة القدم الأمريكية."},{"type":"🙋","phrase":"هل تريد لعب كرة القدم الأمريكية؟"}]},{"slug":"cricket","title":"كريكيت","phrases":[{"type":"❤️","phrase":"أنا أحب لعبة الكريكيت."},{"type":"🙋","phrase":"هل تريد لعب الكريكيت؟"}]},{"slug":"racing","title":"سباق","phrases":[{"type":"❤️","phrase":"أحب السباق."},{"type":"🙋","phrase":"هل تريد التسابق معًا؟"}]},{"slug":"skiing","title":"التزحلق","phrases":[{"type":"❤️","phrase":"احب التزلج."},{"type":"🙋","phrase":"هل تريد التزلج؟"}]},{"slug":"volleyball","title":"الكرة الطائرة","phrases":[{"type":"❤️","phrase":"أحب لعب الكرة الطائرة."},{"type":"🙋","phrase":"هل تريد لعب الكرة الطائرة؟"}]},{"slug":"fencing","title":"سياج","phrases":[{"type":"❤️","phrase":"أحب المبارزة."}]},{"slug":"referee","title":"حكم","phrases":[{"type":"🏁","phrase":"هل يمكنني أن أكون الحكم؟"}]},{"slug":"coach","title":"مدرب","phrases":[{"type":"🏁","phrase":"هل يمكنني أن أكون مدربك؟"}]},{"slug":"kendo","title":"كندو","phrases":[]},{"slug":"table-tennis","title":"تنس طاولة","phrases":[{"type":"❤️","phrase":"أحب لعب تنس الطاولة."},{"type":"🙋","phrase":"هل تريد لعب تنس الطاولة؟"}]},{"slug":"medal","title":"وسام","phrases":[{"type":"😎","phrase":"لقد حصلت على ميدالية."}]},{"slug":"podium","title":"المنصة","phrases":[]}]