[{"slug":"doll","title":"دمية","phrases":[{"type":"❤️","phrase":"أحب الدمى."},{"type":"☝️","phrase":"هل يمكنني اللعب مع دمى؟"},{"type":"🙋","phrase":"أريد دمية كهدية."}]},{"slug":"teddy-bear","title":"دمية دب","phrases":[{"type":"❤️","phrase":"أنا أحب الدببة."},{"type":"☝️","phrase":"هل يمكنني اللعب مع دمية دب؟"},{"type":"🙋","phrase":"أريد دمية دب كهدية."}]},{"slug":"blocks","title":"كتل","phrases":[{"type":"❤️","phrase":"أنا أحب الكتل."},{"type":"☝️","phrase":"هل يمكنني اللعب مع كتل بلدي؟"},{"type":"🙋","phrase":"أريد كتل على النحو الحاضر."}]},{"slug":"spinner","title":"سبينر","phrases":[{"type":"❤️","phrase":"أنا أحب الدوار."},{"type":"☝️","phrase":"هل يمكنني اللعب مع الدوار الخاص بي؟"},{"type":"🙋","phrase":"أريد غزال كما هو الحال."}]},{"slug":"nutcracker","title":"كسارة البندق","phrases":[{"type":"❤️","phrase":"أنا أحب كسارات البندق."},{"type":"☝️","phrase":"هل يمكنني اللعب مع كسارة البندق الخاصة بي؟"},{"type":"🙋","phrase":"أريد كسارة البندق كما هو الحال."}]},{"slug":"video-games","title":"العاب الكترونية","phrases":[{"type":"❤️","phrase":"انا احب العاب الفيديو."},{"type":"☝️","phrase":"هل يمكننا لعب ألعاب الفيديو معًا؟"},{"type":"🙋","phrase":"اريد العاب الفيديو في الوقت الحاضر."}]},{"slug":"cards","title":"البطاقات","phrases":[{"type":"❤️","phrase":"أحب لعب الورق."},{"type":"☝️","phrase":"هل يمكنني اللعب مع بطاقاتي؟"},{"type":"🙋","phrase":"أريد لعب الورق في الوقت الحاضر."}]},{"slug":"toy-car","title":"سيارة لعبة","phrases":[{"type":"❤️","phrase":"احب سيارات الاطفال."},{"type":"☝️","phrase":"هل يمكنني اللعب بسيارتي لعبة؟"},{"type":"🙋","phrase":"اريد سيارة لعبة هدية"}]},{"slug":"sword","title":"سيف","phrases":[{"type":"❤️","phrase":"أنا أحب السيوف لعبة."},{"type":"☝️","phrase":"هل يمكنني اللعب بسيف لعبتي؟"},{"type":"🙋","phrase":"أريد سيف كهدية."}]},{"slug":"yo-yo","title":"اليويو","phrases":[{"type":"❤️","phrase":"أحب اللعب مع اليويو."},{"type":"☝️","phrase":"هل يمكنني اللعب مع اليويو الخاص بي؟"},{"type":"🙋","phrase":"أريد اليويو كهدية."}]},{"slug":"slingshot","title":"مقلاع","phrases":[{"type":"❤️","phrase":"أحب المقاليع."},{"type":"☝️","phrase":"هل يمكنني اللعب مع المقلاع الخاص بي؟"},{"type":"🙋","phrase":"أريد مقلاع كهدية."}]},{"slug":"water-gun","title":"مسدس مائي","phrases":[{"type":"❤️","phrase":"أنا أحب مدفع المياه."},{"type":"☝️","phrase":"هل يمكنني اللعب بمسدس الماء الخاص بي؟"},{"type":"🙋","phrase":"أريد مدفع مائي كهدية."}]},{"slug":"doll-house","title":"بيت الدمية","phrases":[{"type":"❤️","phrase":"أحب اللعب مع دمية."},{"type":"☝️","phrase":"هل يمكنني اللعب مع بيت الدمية الخاص بي؟"},{"type":"🙋","phrase":"اريد بيت دمية كهدية."}]},{"slug":"viewer","title":"مشاهد","phrases":[{"type":"❤️","phrase":"أحب اللعب مع المشاهد."},{"type":"🙋","phrase":"اريد عارض كهدية"}]},{"slug":"board-game","title":"لعبة اللوحة","phrases":[{"type":"❤️","phrase":"أحب ألعاب الطاولة."},{"type":"☝️","phrase":"هل يمكننا لعب ألعاب الطاولة؟"},{"type":"🙋","phrase":"اريد لعبة لوحية في الوقت الحاضر."}]},{"slug":"rubiks-cube","title":"مكعب روبيك","phrases":[{"type":"❤️","phrase":"أحب حل مكعب روبيك."},{"type":"☝️","phrase":"هل يمكنني محاولة حل مكعب روبيك الخاص بي؟"},{"type":"🙋","phrase":"أريد مكعب روبيك كهدية."}]},{"slug":"puzzle","title":"لغز","phrases":[{"type":"❤️","phrase":"أنا أحب الألغاز."},{"type":"☝️","phrase":"هل يمكنني حل الألغاز؟"},{"type":"🙋","phrase":"أريد ألغاز كما هي."}]},{"slug":"remote-control-car","title":"سيارة تعمل بالتحكم من بعد","phrases":[{"type":"❤️","phrase":"أنا أحب سيارتي التحكم عن بعد."},{"type":"☝️","phrase":"هل يمكنني اللعب بسيارتي التي تعمل بالتحكم عن بعد"},{"type":"🙋","phrase":"أريد سيارة تحكم عن بعد كهدية."}]},{"slug":"rocking-horse","title":"حصان خشبي هزاز","phrases":[{"type":"❤️","phrase":"أنا أحب حصاني الهزاز."},{"type":"☝️","phrase":"هل يمكنني اللعب مع حصان هزاز؟"}]},{"slug":"scooter","title":"سكوتر","phrases":[{"type":"❤️","phrase":"أنا أحب سكوتر بلدي."},{"type":"🙋","phrase":"اريد دراجة بخارية كهدية"}]},{"slug":"pyramid","title":"هرم","phrases":[{"type":"❤️","phrase":"أنا أحب الأهرامات."},{"type":"🙋","phrase":"اريد هرم كهدية"}]},{"slug":"cart","title":"عربة التسوق","phrases":[{"type":"❤️","phrase":"أنا أحب عربة لعبتي."},{"type":"🙋","phrase":"هل يمكنك مساعدتي في ترتيب ألعابي؟"}]},{"slug":"aeroplane","title":"طائرة","phrases":[{"type":"❤️","phrase":"أنا أحب الطائرات."},{"type":"☝️","phrase":"هل يمكنني اللعب مع طائرتي؟"},{"type":"🙋","phrase":"أريد طائرة كهدية."}]},{"slug":"sand-bucket","title":"دلو الرمل","phrases":[{"type":"❤️","phrase":"أنا أحب دلاء الرمل."},{"type":"☝️","phrase":"هل يمكنني بناء القلعة باستخدام دلو الرمل الخاص بي؟"}]}]