[{"slug":"train","title":"قطار","phrases":[{"type":"🙋","phrase":"اريد ان استقل القطار."},{"type":"❤️","phrase":"انا احب القطارات."}]},{"slug":"car","title":"سيارة","phrases":[{"type":"🙋","phrase":"أريد قيادة سيارة."},{"type":"❤️","phrase":"انا احب السيارات."}]},{"slug":"bicycle","title":"دراجة","phrases":[{"type":"🙋","phrase":"أريد أن أركب دراجة."},{"type":"❤️","phrase":"أحب الدراجة."}]},{"slug":"motorcycle","title":"دراجة نارية","phrases":[{"type":"🙋","phrase":"أريد ركوب دراجة نارية."},{"type":"❤️","phrase":"أحب الدراجات النارية."}]},{"slug":"skateboard","title":"لوح تزلج","phrases":[{"type":"🙋","phrase":"أريد أن أتزلج."},{"type":"❤️","phrase":"أنا أحب لوح التزلج."}]},{"slug":"food-truck","title":"العبارة","phrases":[{"type":"🙋","phrase":"أريد أن آخذ العبارة."},{"type":"🧑‍🤝‍🧑","phrase":"العبارة مزدحمة."}]},{"slug":"boat","title":"قارب","phrases":[{"type":"🙋","phrase":"أريد ركوب مركب."},{"type":"🧑‍🤝‍🧑","phrase":"القارب مزدحم."}]},{"slug":"ship","title":"سفينة","phrases":[{"type":"🙋","phrase":"أريد الصعود على متن سفينة."},{"type":"🧑‍🤝‍🧑","phrase":"السفينة مزدحمة."}]},{"slug":"bus","title":"حافلة","phrases":[{"type":"🙋","phrase":"أريد ركوب الباص."},{"type":"🧑‍🤝‍🧑","phrase":"الحافلة مزدحمة."}]},{"slug":"minibus","title":"حافلة صغيرة","phrases":[{"type":"🙋","phrase":"أريد أن آخذ الحافلة الصغيرة."},{"type":"🧑‍🤝‍🧑","phrase":"حافلة صغيرة مزدحمة."}]},{"slug":"wheelchair","title":"كرسي متحرك","phrases":[{"type":"♿","phrase":"أنا أستخدم كرسي متحرك."},{"type":"👨‍🦽","phrase":"إنه يستخدم كرسي متحرك."},{"type":"🙋","phrase":"هل يمكنك مساعدتي في استخدام كرسي متحرك."},{"type":"🖐️","phrase":"هل يمكنك دفعني؟"}]},{"slug":"taxi","title":"سيارة اجره","phrases":[{"type":"🙋","phrase":"أريد أن أستقل سيارة الأجرة."}]},{"slug":"airplane","title":"مطار","phrases":[{"type":"🙋","phrase":"أريد أن أطير على متن طائرة."},{"type":"❤️","phrase":"أنا أحب الطائرات."},{"type":"🧑‍🤝‍🧑","phrase":"الطائرة مزدحمة."}]},{"slug":"van","title":"سيارة نقل","phrases":[{"type":"🙋","phrase":"أريد أن أقود في شاحنة."}]},{"slug":"hot-air-balloon","title":"منطاد","phrases":[{"type":"🙋","phrase":"أريد أن أطير على منطاد الهواء الساخن."},{"type":"❤️","phrase":"أنا أحب منطاد الهواء الساخن."}]},{"slug":"fire-truck","title":"سيارة إطفاء","phrases":[{"type":"🚨","phrase":"صفارات الانذار المطافئ."}]},{"slug":"police-car","title":"سيارة شرطة","phrases":[{"type":"🚨","phrase":"صفارات الانذار سيارة الشرطة."},{"type":"❤️","phrase":"أحب سيارات الشرطة."}]},{"slug":"ambulance","title":"سياره اسعاف","phrases":[{"type":"🚨","phrase":"صفارة سيارات الإسعاف."}]},{"slug":"stretcher","title":"نقالة","phrases":[{"type":"🙋","phrase":"هل يمكنك مساعدتي مع نقالة؟"}]},{"slug":"helicopter","title":"هليكوبتر","phrases":[{"type":"🙋","phrase":"أريد أن أطير على متن طائرة هليكوبتر."}]},{"slug":"trailer","title":"عرض مختصر لفيلم","phrases":[{"type":"🙋","phrase":"أريد أن أقود في مقطورة."}]},{"slug":"spaceship","title":"سفينة فضائية","phrases":[{"type":"❤️","phrase":"أنا أحب سفن الفضاء."},{"type":"🌌","phrase":"اريد السفر في الفضاء."},{"type":"👽","phrase":"أريد أن أرى الأجانب."},{"type":"👩‍🚀","phrase":"أريد أن أذهب إلى المريخ."},{"type":"🚀","phrase":"هل يمكنك أن تأخذني إلى المريخ إيلون مسك؟"}]}]