[{"slug":"luggage","title":"أمتعة","phrases":[]},{"slug":"swimming","title":"سباحة","phrases":[]},{"slug":"passport","title":"جواز سفر","phrases":[]},{"slug":"tent","title":"خيمة","phrases":[]},{"slug":"backpacking","title":"حقائب الظهر","phrases":[]},{"slug":"beach-chair","title":"كرسي الشاطئ","phrases":[]},{"slug":"room-service","title":"خدمة الغرف","phrases":[]},{"slug":"waiting-area","title":"منطقة انتظار","phrases":[]},{"slug":"electric-socket","title":"المقبس الكهربائي","phrases":[]},{"slug":"bag","title":"كيس","phrases":[]},{"slug":"boarding-pass","title":"بطاقة الصعود","phrases":[]},{"slug":"gps","title":"نظام تحديد المواقع","phrases":[]},{"slug":"mountain","title":"الجبل","phrases":[]},{"slug":"camera","title":"الة تصوير","phrases":[]},{"slug":"hotel","title":"الفندق","phrases":[]},{"slug":"bed","title":"السرير","phrases":[]},{"slug":"hotel-key","title":"مفتاح الفندق","phrases":[]},{"slug":"bonfire","title":"مشعل","phrases":[]},{"slug":"snorkling","title":"الغطس","phrases":[]},{"slug":"action-camera","title":"كاميرا اكشن","phrases":[]}]