[{"slug":"cucumber","title":"خيار","phrases":[{"type":"❤️","phrase":"أحب أكل الخيار."},{"type":"🙋","phrase":"أريد أكل الخيار."},{"type":"❌","phrase":"لا أحب الخيار."}]},{"slug":"onion","title":"بصلة","phrases":[{"type":"❤️","phrase":"أحب أكل البصل."},{"type":"🙋","phrase":"أريد أكل البصل."},{"type":"❌","phrase":"لا أحب البصل."},{"type":"❌","phrase":"لا أحب رائحة البصل."}]},{"slug":"garlic","title":"ثوم","phrases":[{"type":"❤️","phrase":"أحب أكل الثوم."},{"type":"🙋","phrase":"أريد أكل الثوم."},{"type":"❌","phrase":"أنا لا أحب الثوم."},{"type":"❌","phrase":"لا أحب رائحة الثوم."}]},{"slug":"carrot","title":"جزرة","phrases":[{"type":"❤️","phrase":"أحب أكل الجزر."},{"type":"🙋","phrase":"أريد أن آكل جزرة."},{"type":"❌","phrase":"أنا لا أحب الجزر."}]},{"slug":"cabbage","title":"الكرنب","phrases":[{"type":"❤️","phrase":"أحب أكل الملفوف."},{"type":"🙋","phrase":"أريد أكل الملفوف."},{"type":"❌","phrase":"أنا لا أحب الملفوف."}]},{"slug":"tomato","title":"طماطم","phrases":[{"type":"❤️","phrase":"أحب أكل الطماطم."},{"type":"🙋","phrase":"أريد أكل الطماطم."},{"type":"❌","phrase":"أنا لا أحب الطماطم."},{"type":"❤️","phrase":"أحب الحصول على حساء الطماطم."}]},{"slug":"eggplant","title":"باذنجان","phrases":[{"type":"❤️","phrase":"أحب أكل الباذنجان."},{"type":"🙋","phrase":"أريد أكل الباذنجان."},{"type":"❌","phrase":"أنا لا أحب الباذنجان."}]},{"slug":"mushroom","title":"فطر","phrases":[{"type":"❤️","phrase":"أحب أكل الفطر."},{"type":"🙋","phrase":"أريد أكل الفطر."},{"type":"❌","phrase":"أنا لا أحب الفطر."},{"type":"❤️","phrase":"أحب الحصول على حساء الفطر."}]},{"slug":"pepper","title":"فلفل","phrases":[{"type":"❤️","phrase":"أحب أكل الفلفل."},{"type":"🙋","phrase":"أريد أكل الفلفل."},{"type":"❌","phrase":"أنا لا أحب الفلفل."}]},{"slug":"corn","title":"حبوب ذرة","phrases":[{"type":"❤️","phrase":"أحب أكل الذرة."},{"type":"🙋","phrase":"أريد أكل الذرة."},{"type":"❌","phrase":"أنا لا أحب الذرة."},{"type":"❤️","phrase":"أحب تناول حساء الذرة."}]},{"slug":"broccoli","title":"بروكلي","phrases":[{"type":"❤️","phrase":"أحب أكل البروكلي."},{"type":"🙋","phrase":"أريد أكل البروكلي."},{"type":"❌","phrase":"أنا لا أحب البروكلي."}]},{"slug":"celery","title":"كرفس","phrases":[{"type":"❤️","phrase":"أحب أكل الكرفس."},{"type":"🙋","phrase":"أريد أكل الكرفس."},{"type":"❌","phrase":"أنا لا أحب الكرفس."}]},{"slug":"chili","title":"الفلفل الحار","phrases":[{"type":"❤️","phrase":"أحب أكل الفلفل الحار."},{"type":"🙋","phrase":"أريد أكل الفلفل الحار."},{"type":"❌","phrase":"أنا لا أحب الفلفل الحار."}]},{"slug":"potato","title":"البطاطس","phrases":[{"type":"❤️","phrase":"أحب أكل البطاطا."},{"type":"🙋","phrase":"أريد أكل بطاطا."},{"type":"❌","phrase":"لا أحب البطاطس."},{"type":"❤️","phrase":"أحب أكل البطاطس المقلية."}]},{"slug":"asparagus","title":"نبات الهليون","phrases":[{"type":"❤️","phrase":"أحب أكل الهليون."},{"type":"🙋","phrase":"أريد أكل الهليون."},{"type":"❌","phrase":"أنا لا أحب الهليون."}]},{"slug":"cauliflower","title":"قرنبيط","phrases":[{"type":"❤️","phrase":"أحب أكل القرنبيط."},{"type":"🙋","phrase":"أريد أكل القرنبيط."},{"type":"❌","phrase":"لا أحب القرنبيط."}]},{"slug":"pumpkin","title":"يقطين","phrases":[{"type":"❤️","phrase":"أحب أكل اليقطين."},{"type":"🙋","phrase":"أريد أكل اليقطين."},{"type":"❌","phrase":"أنا لا أحب اليقطين."},{"type":"❤️","phrase":"أحب الحصول على حساء اليقطين."}]},{"slug":"beetroot","title":"جذور الشمندر","phrases":[{"type":"❤️","phrase":"أحب أكل الشمندر."},{"type":"🙋","phrase":"أريد أكل الشمندر."},{"type":"❌","phrase":"أنا لا أحب الشمندر."}]},{"slug":"bean","title":"فاصوليا","phrases":[{"type":"❤️","phrase":"أحب أكل الفاصوليا."},{"type":"🙋","phrase":"أريد أكل الفول."},{"type":"❌","phrase":"أنا لا أحب الفول."}]},{"slug":"lettuce","title":"الخس","phrases":[{"type":"❤️","phrase":"أحب أكل الخس."},{"type":"🙋","phrase":"أريد أكل الخس."},{"type":"❌","phrase":"أنا لا أحب الخس."},{"type":"❤️","phrase":"أحب سلطتي للحصول على المزيد من الخس."}]},{"slug":"radish","title":"الفجل","phrases":[{"type":"❤️","phrase":"أحب أكل الفجل."},{"type":"🙋","phrase":"أريد أكل الفجل."},{"type":"❌","phrase":"أنا لا أحب الفجل."}]},{"slug":"bok-choy","title":"بوك تشوي","phrases":[{"type":"❤️","phrase":"أحب أكل بوك تشوي."},{"type":"🙋","phrase":"أريد أن أكل بوك تشوي."},{"type":"❌","phrase":"أنا لا أحب بوك تشوي."}]},{"slug":"leek","title":"شخص عادي","phrases":[{"type":"❤️","phrase":"أحب أكل الكراث."},{"type":"🙋","phrase":"أريد أن أكل الكراث."},{"type":"❌","phrase":"أنا لا أحب الكراث."}]},{"slug":"peas","title":"بازيلاء","phrases":[{"type":"❤️","phrase":"أحب أكل البازلاء."},{"type":"🙋","phrase":"أريد أكل البازلاء."},{"type":"❌","phrase":"أنا لا أحب البازلاء."}]},{"slug":"ginger","title":"زنجبيل","phrases":[{"type":"❤️","phrase":"أحب أكل الزنجبيل."},{"type":"🙋","phrase":"اريد ان اكل زنجبيل"},{"type":"❌","phrase":"أنا لا أحب الزنجبيل."}]},{"slug":"sweet-potato","title":"بطاطا حلوة","phrases":[{"type":"❤️","phrase":"أحب أكل البطاطا الحلوة."},{"type":"🙋","phrase":"أريد أكل بطاطا حلوة."},{"type":"❌","phrase":"لا أحب البطاطا الحلوة."},{"type":"❤️","phrase":"أحب أكل البطاطا الحلوة المقلية."}]},{"slug":"olives","title":"زيتون","phrases":[{"type":"❤️","phrase":"أحب أكل الزيتون."},{"type":"🙋","phrase":"اريد ان اكل زيتون."},{"type":"❌","phrase":"أنا لا أحب الزيتون."},{"type":"❤️","phrase":"أنا أحب الزيتون في البيتزا."}]}]