[{"slug":"walking","title":"Gåture","phrases":[{"type":"❤️","phrase":"Jeg kan godt lide at gå"},{"type":"❌","phrase":"Jeg kan ikke lide at gå"},{"type":"🙋","phrase":"Vil du gå sammen?"}]},{"slug":"running","title":"Løb","phrases":[{"type":"❤️","phrase":"Jeg kan godt lide at løbe."},{"type":"❌","phrase":"Jeg kan ikke lide at løbe."},{"type":"🙋","phrase":"Vil du køre?"}]},{"slug":"talking","title":"Taler","phrases":[{"type":"❤️","phrase":"Jeg kan godt lide at tale."},{"type":"❌","phrase":"Jeg kan ikke lide at tale."},{"type":"🙋","phrase":"Vil du tale med mig?"}]},{"slug":"reading","title":"Læsning","phrases":[{"type":"❤️","phrase":"Jeg kan lide at læse."},{"type":"❌","phrase":"Jeg kan ikke lide at læse."},{"type":"🙋","phrase":"Vil du læse sammen?"}]},{"slug":"football","title":"fodbold","phrases":[{"type":"❤️","phrase":"Jeg kan godt lide at spille fodbold."},{"type":"❌","phrase":"Jeg kan ikke lide at spille fodbold."},{"type":"🙋","phrase":"Vil du spille fodbold?"}]},{"slug":"basketball","title":"Basketball","phrases":[{"type":"❤️","phrase":"Jeg kan godt lide at spille basketball."},{"type":"❌","phrase":"Jeg kan ikke lide at spille basketball."},{"type":"🙋","phrase":"Vil du spille basketball?"}]},{"slug":"swimming","title":"svømning","phrases":[{"type":"❤️","phrase":"Jeg kan lide at svømme."},{"type":"❌","phrase":"Jeg kan ikke lide at svømme."},{"type":"🙋","phrase":"Vil du gå i svømning?"}]},{"slug":"painting","title":"Maleri","phrases":[{"type":"❤️","phrase":"Jeg kan godt lide at male."},{"type":"❌","phrase":"Jeg kan ikke lide at male."},{"type":"🙋","phrase":"Vil du male sammen?"}]},{"slug":"drawing","title":"Tegning","phrases":[{"type":"❤️","phrase":"Jeg kan godt lide at tegne."},{"type":"❌","phrase":"Jeg kan ikke lide at tegne."},{"type":"🙋","phrase":"Vil du sammen?"}]},{"slug":"cycling","title":"Cykling","phrases":[{"type":"❤️","phrase":"Jeg kan godt lide at cykle."},{"type":"❌","phrase":"Jeg kan ikke lide at cykle."},{"type":"🙋","phrase":"Vil du cykle?"}]},{"slug":"skating","title":"Stå på skøjter","phrases":[{"type":"❤️","phrase":"Jeg kan godt lide skøjteløb."},{"type":"❌","phrase":"Jeg kan ikke lide skøjteløb."},{"type":"🙋","phrase":"Vil du gå på skøjteløb?"}]},{"slug":"sightseeing","title":"Sightseeing","phrases":[{"type":"❤️","phrase":"Jeg kan godt lide sightseeing."},{"type":"❌","phrase":"Jeg kan ikke lide sightseeing."},{"type":"🙋","phrase":"Vil du tage på sightseeing?"}]},{"slug":"video-games","title":"Computerspil","phrases":[{"type":"❤️","phrase":"Jeg kan godt lide at spille videospil."},{"type":"❌","phrase":"Jeg kan ikke lide at spille videospil."},{"type":"🙋","phrase":"Vil du spille spil?"}]},{"slug":"tidying","title":"oprydning","phrases":[{"type":"❤️","phrase":"Jeg kan godt lide at rydde op i mit værelse."},{"type":"❌","phrase":"Jeg kan ikke lide at rydde mit værelse."},{"type":"🙋","phrase":"Kan du hjælpe mig med at rydde op i mit værelse?"}]},{"slug":"toys","title":"Legetøj","phrases":[{"type":"❤️","phrase":"Jeg kan godt lide legetøj."},{"type":"❌","phrase":"Jeg kan ikke lide legetøj."},{"type":"🙋","phrase":"Vil du lege med mine legetøj?"}]},{"slug":"puzzle","title":"Gåde","phrases":[{"type":"❤️","phrase":"Jeg kan godt lide at løse puslespil."},{"type":"❌","phrase":"Jeg kan ikke lide at løse puslespil."},{"type":"🙋","phrase":"Vil du løse gåder sammen med mig?"}]},{"slug":"comics","title":"Tegneserier","phrases":[{"type":"❤️","phrase":"Jeg kan godt lide at læse tegneserier."},{"type":"❌","phrase":"Jeg kan ikke lide at læse tegneserier."},{"type":"🙋","phrase":"Vil du læse tegneserier?"}]},{"slug":"chess","title":"Skak","phrases":[{"type":"❤️","phrase":"Jeg kan godt lide at spille skak."},{"type":"❌","phrase":"Jeg kan ikke lide at spille skak."},{"type":"🙋","phrase":"Vil du spille skak med mig?"}]},{"slug":"using-leeloo","title":"Brug af Leeloo","phrases":[{"type":"❤️","phrase":"Jeg kan godt lide at bruge leeloo."},{"type":"❌","phrase":"Jeg kan ikke lide at bruge leeloo."},{"type":"🙋","phrase":"Kan du skifte kortpakker på leeloo?"}]},{"slug":"texting","title":"Tekstning","phrases":[{"type":"❤️","phrase":"Jeg kan godt lide sms."},{"type":"❌","phrase":"Jeg kan ikke lide sms."}]},{"slug":"knitting","title":"Strikning","phrases":[{"type":"❤️","phrase":"Jeg kan godt lide at strikke."},{"type":"❌","phrase":"Jeg kan ikke lide at strikke."},{"type":"🙋","phrase":"Jeg vil lære at strikke."}]},{"slug":"bowling","title":"Bowling","phrases":[{"type":"❤️","phrase":"Jeg kan godt lide bowling."},{"type":"❌","phrase":"Jeg kan ikke lide bowling."},{"type":"🙋","phrase":"Vil du spille bowling med mig?"}]},{"slug":"watching-tv","title":"Ser fjernsyn","phrases":[{"type":"❤️","phrase":"Jeg kan godt lide at se tv."},{"type":"❌","phrase":"Jeg kan ikke lide at se tv."},{"type":"🙋","phrase":"Vil du se tv?"}]},{"slug":"fishing","title":"Fiskeri","phrases":[{"type":"❤️","phrase":"Jeg kan godt lide at fiske."},{"type":"❌","phrase":"Jeg kan ikke lide at fiske."},{"type":"🙋","phrase":"Vil du gå på fiskeri?"}]},{"slug":"exercising","title":"Udøver","phrases":[{"type":"❤️","phrase":"Jeg kan godt lide at træne."},{"type":"❌","phrase":"Jeg kan ikke lide at træne."},{"type":"🙋","phrase":"Vil du træne med mig?"}]},{"slug":"tennis","title":"Tennis","phrases":[{"type":"❤️","phrase":"Jeg kan godt lide at spille tennis."},{"type":"❌","phrase":"Jeg kan ikke lide at spille tennis."},{"type":"🙋","phrase":"Vil du lege tennis med mig?"}]}]