[{"slug":"cat","title":"Kat","phrases":[{"type":"❤️","phrase":"Jeg kan lide katte."},{"type":"👀","phrase":"Jeg så en kat."},{"type":"🔊","phrase":"Hvilken støj laver en kat?"},{"type":"🐈","phrase":"Kan vi få en kat som kæledyr?"}]},{"slug":"dog","title":"Hund","phrases":[{"type":"❤️","phrase":"Jeg kan godt lide hund."},{"type":"👀","phrase":"Jeg så en hund."},{"type":"🔊","phrase":"Hvilken støj laver en hund?"},{"type":"🐕","phrase":"Kan vi få en hund som kæledyr?"}]},{"slug":"fish","title":"Fisk","phrases":[{"type":"❤️","phrase":"Jeg kan godt lide fisk."},{"type":"👀","phrase":"Jeg så en fisk."},{"type":"🔊","phrase":"Hvilken støj laver en fisk?"},{"type":"🐠","phrase":"Kan vi få en fisk som kæledyr?"}]},{"slug":"rabbit","title":"Kanin","phrases":[{"type":"❤️","phrase":"Jeg kaniner."},{"type":"👀","phrase":"Jeg så en kanin."},{"type":"🔊","phrase":"Hvilken støj laver en kanin?"},{"type":"🐇","phrase":"Kan vi få en kanin som kæledyr?"}]},{"slug":"butterfly","title":"Sommerfugl","phrases":[{"type":"❤️","phrase":"Jeg kan godt lide sommerfugle."},{"type":"👀","phrase":"Jeg så en sommerfugl."},{"type":"🔊","phrase":"Hvilken støj laver en sommerfugl?"}]},{"slug":"kangaroo","title":"Kænguru","phrases":[{"type":"❤️","phrase":"Jeg kan godt lide kænguruer."},{"type":"👀","phrase":"Jeg så en kenguru."},{"type":"🔊","phrase":"Hvilken støj laver en kenguru?"}]},{"slug":"turtle","title":"Turtle","phrases":[{"type":"❤️","phrase":"Jeg kan lide skildpadder."},{"type":"👀","phrase":"Jeg så en skildpadde."},{"type":"🔊","phrase":"Hvilken støj laver en skildpadde?"}]},{"slug":"giraffe","title":"Giraf","phrases":[{"type":"❤️","phrase":"Jeg kan godt lide giraffer."},{"type":"👀","phrase":"Jeg så en giraff."},{"type":"🔊","phrase":"Hvilken støj laver en giraff?"}]},{"slug":"frog","title":"Frø","phrases":[{"type":"❤️","phrase":"Jeg kan godt lide frøer."},{"type":"👀","phrase":"Jeg så en frø."},{"type":"🔊","phrase":"Hvilken støj laver en frø?"}]},{"slug":"swan","title":"Svane","phrases":[{"type":"❤️","phrase":"Jeg kan godt lide svaner."},{"type":"👀","phrase":"Jeg så en svane."},{"type":"🔊","phrase":"Hvilken støj laver en svane?"}]},{"slug":"spider","title":"edderkop","phrases":[{"type":"❤️","phrase":"Jeg kan godt lide edderkopper."},{"type":"👀","phrase":"Jeg så en edderkop."},{"type":"🔊","phrase":"Hvilken støj laver en edderkop?"}]},{"slug":"cow","title":"Ko","phrases":[{"type":"❤️","phrase":"Jeg kan godt lide køer."},{"type":"👀","phrase":"Jeg så en ko."},{"type":"🔊","phrase":"Hvilken støj laver en ko?"}]},{"slug":"duck","title":"And","phrases":[{"type":"❤️","phrase":"Jeg kan godt lide ænder."},{"type":"👀","phrase":"Jeg så en and."},{"type":"🔊","phrase":"Hvilken støj laver en and?"}]},{"slug":"horse","title":"Hest","phrases":[{"type":"❤️","phrase":"Jeg kan godt lide heste."},{"type":"👀","phrase":"Jeg så en hest."},{"type":"🔊","phrase":"Hvilken støj laver en hest?"}]},{"slug":"chicken","title":"Kylling","phrases":[{"type":"❤️","phrase":"Jeg kan godt lide kyllinger."},{"type":"👀","phrase":"Jeg så en kylling."},{"type":"🔊","phrase":"Hvilken støj laver en kylling?"}]},{"slug":"bee","title":"Bi","phrases":[{"type":"❤️","phrase":"Jeg kan godt lide bier."},{"type":"👀","phrase":"Jeg så en bi."},{"type":"🔊","phrase":"Hvilken støj laver en bi?"}]},{"slug":"pig","title":"Svin","phrases":[{"type":"❤️","phrase":"Jeg kan godt lide svin."},{"type":"👀","phrase":"Jeg så en gris."},{"type":"🔊","phrase":"Hvilken støj laver en gris?"}]},{"slug":"dove","title":"Due","phrases":[{"type":"❤️","phrase":"Jeg kan godt lide duer."},{"type":"👀","phrase":"Jeg så en due."},{"type":"🔊","phrase":"Hvilken støj laver en due?"}]},{"slug":"crab","title":"Krabbe","phrases":[{"type":"❤️","phrase":"Jeg kan godt lide krabber."},{"type":"👀","phrase":"Jeg så en krabbe."},{"type":"🔊","phrase":"Hvilken støj laver en krabbe?"}]},{"slug":"penguin","title":"Pingvin","phrases":[{"type":"❤️","phrase":"Jeg kan godt lide pingviner."},{"type":"👀","phrase":"Jeg så en pingvin."},{"type":"🔊","phrase":"Hvilken støj laver en pingvin?"}]},{"slug":"elephant","title":"Elefant","phrases":[{"type":"❤️","phrase":"Jeg kan godt lide elefanter."},{"type":"👀","phrase":"Jeg så en elefant."},{"type":"🔊","phrase":"Hvilken støj laver en elefant?"}]},{"slug":"zebra","title":"Zebra","phrases":[{"type":"❤️","phrase":"Jeg kan godt lide zebraer."},{"type":"👀","phrase":"Jeg så en zebra."},{"type":"🔊","phrase":"Hvilken støj laver en zebra?"}]},{"slug":"panda","title":"Panda","phrases":[{"type":"❤️","phrase":"Jeg kan godt lide pandaer."},{"type":"👀","phrase":"Jeg så en panda."},{"type":"🔊","phrase":"Hvilken støj laver en panda?"}]},{"slug":"monkey","title":"Abe","phrases":[{"type":"❤️","phrase":"Jeg kan godt lide aber."},{"type":"👀","phrase":"Jeg så en abe."},{"type":"🔊","phrase":"Hvilken støj laver en abe?"}]},{"slug":"camel","title":"Kamel","phrases":[{"type":"❤️","phrase":"Jeg kan godt lide kameler."},{"type":"👀","phrase":"Jeg så en kamel."},{"type":"🔊","phrase":"Hvilken støj laver en kamel?"}]},{"slug":"mouse","title":"Mus","phrases":[{"type":"❤️","phrase":"Jeg kan godt lide mus."},{"type":"👀","phrase":"Jeg så en mus."},{"type":"🔊","phrase":"Hvilken støj laver en mus?"}]},{"slug":"tiger","title":"Tiger","phrases":[{"type":"❤️","phrase":"Jeg kan godt lide tigre."},{"type":"👀","phrase":"Jeg så en tiger."},{"type":"🔊","phrase":"Hvilken støj laver en tiger?"}]},{"slug":"jellyfish","title":"Vandmand","phrases":[{"type":"❤️","phrase":"Jeg kan godt lide vandmænd."},{"type":"👀","phrase":"Jeg så en vandmand."},{"type":"🔊","phrase":"Hvilken støj laver en vandmand?"}]},{"slug":"crocodile","title":"Krokodille","phrases":[{"type":"❤️","phrase":"Jeg kan godt lide krokodiller."},{"type":"👀","phrase":"Jeg så en krokodille."},{"type":"🔊","phrase":"Hvilken støj laver en krokodille?"}]},{"slug":"koala","title":"Koala","phrases":[{"type":"❤️","phrase":"Jeg kan godt lide koalaer."},{"type":"👀","phrase":"Jeg så en koala."},{"type":"🔊","phrase":"Hvilken støj laver en koala?"}]},{"slug":"ostrich","title":"Struds","phrases":[{"type":"❤️","phrase":"Jeg kan godt lide strudser."},{"type":"👀","phrase":"Jeg så en struds."},{"type":"🔊","phrase":"Hvilken støj laver en struds?"}]},{"slug":"racoon","title":"Racoon","phrases":[{"type":"❤️","phrase":"Jeg kan godt lide racoons."},{"type":"👀","phrase":"Jeg så en racoon."},{"type":"🔊","phrase":"Hvilken støj laver en racoon?"}]},{"slug":"bat","title":"Flagermus","phrases":[{"type":"❤️","phrase":"Jeg kan godt lide flagermus."},{"type":"👀","phrase":"Jeg så en flagermus."},{"type":"🔊","phrase":"Hvilken støj laver en flagermus?"}]},{"slug":"eagle","title":"Ørn","phrases":[{"type":"❤️","phrase":"Jeg kan godt lide ørne."},{"type":"👀","phrase":"Jeg så en ørn."},{"type":"🔊","phrase":"Hvilken støj laver en ørn?"}]},{"slug":"hippopotamus","title":"Flodhest","phrases":[{"type":"❤️","phrase":"Jeg kan godt lide flodhest."},{"type":"👀","phrase":"Jeg så en flodhest."},{"type":"🔊","phrase":"Hvilken støj laver en flodhest?"}]},{"slug":"seal","title":"Forsegle","phrases":[{"type":"❤️","phrase":"Jeg kan godt lide sæler."},{"type":"👀","phrase":"Jeg så et segl."},{"type":"🔊","phrase":"Hvilken støj laver et segl?"}]},{"slug":"walrus","title":"Hvalros","phrases":[{"type":"❤️","phrase":"Jeg kan godt lide hvalrosser."},{"type":"👀","phrase":"Jeg så en hvalross."},{"type":"🔊","phrase":"Hvilken støj laver en hvalross?"}]},{"slug":"seahorse","title":"Seahorse","phrases":[{"type":"❤️","phrase":"Jeg kan godt lide søheste."},{"type":"👀","phrase":"Jeg så en søhest."},{"type":"🔊","phrase":"Hvilken støj laver en søhest?"}]},{"slug":"bull","title":"Tyr","phrases":[{"type":"❤️","phrase":"Jeg kan godt lide tyre."},{"type":"👀","phrase":"Jeg så en tyr."},{"type":"🔊","phrase":"Hvilken støj laver en tyr?"}]},{"slug":"pelican","title":"Pelikan","phrases":[{"type":"❤️","phrase":"Jeg kan godt lide pelikaner."},{"type":"👀","phrase":"Jeg så en pelikan."},{"type":"🔊","phrase":"Hvilken støj laver en pelikan?"}]},{"slug":"beaver","title":"Bæver","phrases":[{"type":"❤️","phrase":"Jeg kan godt lide bever."},{"type":"👀","phrase":"Jeg så en bever."},{"type":"🔊","phrase":"Hvilken støj laver en bæver?"}]},{"slug":"goldfish","title":"Guldfisk","phrases":[{"type":"❤️","phrase":"Jeg kan godt lide guldfisk."},{"type":"👀","phrase":"Jeg så en guldfisk."},{"type":"🔊","phrase":"Hvilken støj laver en guldfisk?"},{"type":"🐠","phrase":"Kan vi få en guldfisk som kæledyr?"}]},{"slug":"rhinoceros","title":"Næsehorn","phrases":[{"type":"❤️","phrase":"Jeg kan godt lide næsehorn."},{"type":"👀","phrase":"Jeg så et næsehorn."},{"type":"🔊","phrase":"Hvilken støj laver en næsehorn?"}]},{"slug":"snake","title":"Slange","phrases":[{"type":"❤️","phrase":"Jeg kan godt lide slanger."},{"type":"👀","phrase":"Jeg så en slange."},{"type":"🔊","phrase":"Hvilken støj laver en slange?"}]},{"slug":"lion","title":"Løve","phrases":[{"type":"❤️","phrase":"Jeg kan godt lide løver."},{"type":"👀","phrase":"Jeg så en løve."},{"type":"🔊","phrase":"Hvilken støj laver en løve?"}]},{"slug":"squid","title":"Blæksprutte","phrases":[{"type":"❤️","phrase":"Jeg kan godt lide blæksprutter."},{"type":"👀","phrase":"Jeg så en blæksprutte."},{"type":"🔊","phrase":"Hvilken støj laver en blæksprutte?"}]},{"slug":"whale","title":"Hval","phrases":[{"type":"❤️","phrase":"Jeg kan godt lide hvaler."},{"type":"👀","phrase":"Jeg så en hval."},{"type":"🔊","phrase":"Hvilken støj laver en hval?"}]},{"slug":"beetle","title":"Bille","phrases":[{"type":"❤️","phrase":"Jeg kan godt lide biller."},{"type":"👀","phrase":"Jeg så en bille."},{"type":"🔊","phrase":"Hvilken støj laver en bille?"}]},{"slug":"dolphin","title":"Delfin","phrases":[{"type":"❤️","phrase":"Jeg kan godt lide delfiner."},{"type":"👀","phrase":"Jeg så en delfin."},{"type":"🔊","phrase":"Hvilken støj laver en delfin?"}]},{"slug":"starfish","title":"Søstjerne","phrases":[{"type":"❤️","phrase":"Jeg kan godt lide søstjerner."},{"type":"👀","phrase":"Jeg så en søstjerner."},{"type":"🔊","phrase":"Hvilken støj laver en søstjerner?"}]},{"slug":"parakeet","title":"parakit","phrases":[{"type":"❤️","phrase":"Jeg kan godt lide parakitter."},{"type":"👀","phrase":"Jeg så en papegøje."},{"type":"🔊","phrase":"Hvilken støj laver en parket?"}]},{"slug":"owl","title":"Ugle","phrases":[{"type":"❤️","phrase":"Jeg kan godt lide ugler."},{"type":"👀","phrase":"Jeg så en ugle."},{"type":"🔊","phrase":"Hvilken støj laver en ugle?"}]},{"slug":"sheep","title":"Får","phrases":[{"type":"❤️","phrase":"Jeg kan godt lide får."},{"type":"👀","phrase":"Jeg så en får."},{"type":"🔊","phrase":"Hvilken støj laver en får?"}]}]