[{"slug":"pants","title":"Bukser","phrases":[{"type":"🧼","phrase":"Mine bukser er beskidte."},{"type":"🙋","phrase":"Kan du hjælpe mig med at bære mine bukser?"}]},{"slug":"shirt","title":"Skjorte","phrases":[{"type":"🧼","phrase":"Min skjorte er beskidt."},{"type":"🙋","phrase":"Kan du hjælpe mig med at bære min skjorte?"}]},{"slug":"skirt","title":"Nederdel","phrases":[{"type":"🧼","phrase":"Min nederdel er beskidt."},{"type":"🙋","phrase":"Kan du hjælpe mig med at bære min nederdel?"}]},{"slug":"panty","title":"Trusse","phrases":[{"type":"🧼","phrase":"Mit undertøj er beskidt."},{"type":"🙋","phrase":"Kan du hjælpe mig med at bære min trusser?"}]},{"slug":"jacket","title":"Jakke","phrases":[{"type":"🧼","phrase":"Min jakke er beskidt."},{"type":"🙋","phrase":"Kan du hjælpe mig med at bære min jakke?"}]},{"slug":"tie","title":"Binde","phrases":[{"type":"❤️","phrase":"Jeg kan godt lide at bære slips."},{"type":"🙋","phrase":"Kan du hjælpe mig med at binde mit slips?"}]},{"slug":"baseball-cap","title":"Baseball kasket","phrases":[{"type":"❤️","phrase":"Jeg kan godt lide at have baseball cap."},{"type":"❓","phrase":"Hvilken baseball cap skal jeg bære?"}]},{"slug":"dress","title":"Kjole","phrases":[{"type":"🧼","phrase":"Min kjole er beskidt."},{"type":"🙋","phrase":"Kan du hjælpe mig med at bære min kjole?"}]},{"slug":"shoes","title":"Sko","phrases":[{"type":"🧼","phrase":"Mine sko er beskidte."},{"type":"🙋","phrase":"Kan du hjælpe mig med at bære mine sko?"}]},{"slug":"boots","title":"støvler","phrases":[{"type":"🧼","phrase":"Mine støvler er beskidte."},{"type":"🙋","phrase":"Kan du hjælpe mig med at bære mine støvler?"}]},{"slug":"sneakers","title":"kondisko","phrases":[{"type":"🎈","phrase":"Jeg vil have mine joggesko på."},{"type":"🙋","phrase":"Kan du hjælpe mig med at bruge mine sneakers?"}]},{"slug":"slippers","title":"hjemmesko","phrases":[{"type":"🎈","phrase":"Jeg vil have mine hjemmesko på."},{"type":"🙋","phrase":"Kan du hjælpe mig med at bruge mine hjemmesko?"}]},{"slug":"belt","title":"Bælte","phrases":[{"type":"❤️","phrase":"Jeg kan godt lide at bære bælte."},{"type":"🙋","phrase":"Kan du hjælpe mig med at bære mit bælte?"}]},{"slug":"socks","title":"Sokker","phrases":[{"type":"🧼","phrase":"Mine sokker er beskidte."},{"type":"🙋","phrase":"Kan du hjælpe mig med at bære mine sokker?"}]},{"slug":"swimsuit","title":"badedragt","phrases":[{"type":"❤️","phrase":"Jeg vil bære min badedragt."},{"type":"🙋","phrase":"Kan du hjælpe mig med at bære min badedragt?"}]},{"slug":"sweater","title":"Sweater","phrases":[{"type":"🧼","phrase":"Min trøje er beskidt."},{"type":"🙋","phrase":"Kan du hjælpe mig med at bære min sweater?"}]},{"slug":"scarf","title":"Halstørklæde","phrases":[{"type":"❤️","phrase":"Jeg kan godt lide at have tørklæde på."},{"type":"🙋","phrase":"Kan du hjælpe mig med at bære mit tørklæde?"}]},{"slug":"denim-shorts","title":"Denim shorts","phrases":[{"type":"🧼","phrase":"Min denimshorts er beskidt."},{"type":"🙋","phrase":"Kan du hjælpe mig med at bære min denimshorts?"}]},{"slug":"hoodies","title":"Hættetrøjer","phrases":[{"type":"❤️","phrase":"Jeg kan godt lide at bære hættetrøjer."},{"type":"🙋","phrase":"Kan du hjælpe mig med at bære min hættetrøje?"}]},{"slug":"swimming-shorts","title":"Svømningshorts","phrases":[{"type":"🧼","phrase":"Mine svømmeshorts er beskidte."},{"type":"🙋","phrase":"Kan du hjælpe mig med at bære mine svømmebukser?"}]},{"slug":"bow-tie","title":"Butterfly","phrases":[{"type":"❤️","phrase":"Jeg kan godt lide at bære sløjfe."},{"type":"🙋","phrase":"Kan du hjælpe mig med at bære sløjfen?"}]},{"slug":"leather-jacket","title":"Læderjakke","phrases":[{"type":"❤️","phrase":"Jeg kan godt lide at bære læderjakke."},{"type":"🙋","phrase":"Kan du hjælpe mig med at bære min læderjakke?"}]},{"slug":"bathrobe","title":"Bathrope","phrases":[{"type":"❤️","phrase":"Jeg kan godt lide at bære badekåbe."},{"type":"🙋","phrase":"Kan du hjælpe mig med at bære min badekåbe?"}]},{"slug":"jumpsuit","title":"jumpsuit","phrases":[{"type":"❤️","phrase":"Jeg kan godt lide at have jumpsuit."},{"type":"🙋","phrase":"Kan du hjælpe mig med at bære min jumpsuit?"}]},{"slug":"fedora-hat","title":"Fedora hat","phrases":[{"type":"❤️","phrase":"Jeg kan godt lide at bære fedora hat."},{"type":"🙋","phrase":"Kan du hjælpe mig med at bære min fedora-hat?"}]},{"slug":"t-shirt","title":"T-shirt","phrases":[{"type":"❤️","phrase":"Jeg kan godt lide at bære t-shirt."},{"type":"🙋","phrase":"Kan du hjælpe mig med at bære min t-shirt?"}]},{"slug":"sleeveless","title":"uden ærmer","phrases":[{"type":"❤️","phrase":"Jeg kan godt lide at bære ærmeløs."},{"type":"🙋","phrase":"Kan du hjælpe mig med at bære min ærmeløs?"}]},{"slug":"boxers","title":"Boxers","phrases":[{"type":"❤️","phrase":"Jeg kan godt lide at bære boksere."},{"type":"🙋","phrase":"Kan du hjælpe mig med at bære mine boksere?"}]},{"slug":"vest","title":"vest","phrases":[{"type":"❤️","phrase":"Jeg kan godt lide at bære vest."},{"type":"🙋","phrase":"Kan du hjælpe mig med at bære min vest?"}]},{"slug":"pamela-hat","title":"Pamela hat","phrases":[{"type":"❤️","phrase":"Jeg kan godt lide at bære pamela hat."},{"type":"🙋","phrase":"Kan du hjælpe mig med at bære min pamela hat?"}]},{"slug":"high-heels","title":"Høje hæle","phrases":[{"type":"❤️","phrase":"Jeg kan godt lide at have høje hæle på."},{"type":"🙋","phrase":"Kan du hjælpe mig med at bære mine høje hæle?"}]},{"slug":"overalls","title":"Overalls","phrases":[{"type":"❤️","phrase":"Jeg kan godt lide at have overalls på."},{"type":"🙋","phrase":"Kan du hjælpe mig med at bære mine overalls?"}]},{"slug":"kimono","title":"Kimono","phrases":[{"type":"❤️","phrase":"Jeg kan godt lide at bære kimono."},{"type":"🙋","phrase":"Kan du hjælpe mig med at bære min kimono?"}]},{"slug":"raincoat","title":"Regnjakke","phrases":[{"type":"❤️","phrase":"Jeg kan godt lide at bære regnfrakke."},{"type":"🙋","phrase":"Kan du hjælpe mig med at bære min regnfrakke?"}]},{"slug":"bandana","title":"bandana","phrases":[{"type":"❤️","phrase":"Jeg kan godt lide at bære bandana."},{"type":"🙋","phrase":"Kan du hjælpe mig med at bære min bandana?"}]},{"slug":"beret","title":"Beret","phrases":[{"type":"❤️","phrase":"Jeg kan godt lide at bære basker."},{"type":"🙋","phrase":"Kan du hjælpe mig med at bære min basker?"}]},{"slug":"knit-hat","title":"Strik hat","phrases":[{"type":"❤️","phrase":"Jeg kan godt lide at bære strik hat."},{"type":"🙋","phrase":"Kan du hjælpe mig med at bære min strikhue?"}]},{"slug":"suspenders","title":"seler","phrases":[{"type":"❤️","phrase":"Jeg kan godt lide at have buklædder."},{"type":"🙋","phrase":"Kan du hjælpe mig med at bære mine bukseseler?"}]},{"slug":"mitten","title":"Mitten","phrases":[{"type":"❤️","phrase":"Jeg kan godt lide at bære vante."},{"type":"🙋","phrase":"Kan du hjælpe mig med at bære min vante?"}]},{"slug":"suit","title":"Dragt","phrases":[{"type":"❤️","phrase":"Jeg kan godt lide at bære dragter."},{"type":"🙋","phrase":"Kan du hjælpe mig med at bære min dragt?"}]},{"slug":"coat","title":"Frakke","phrases":[{"type":"❤️","phrase":"Jeg kan godt lide at bære frakke."},{"type":"🙋","phrase":"Kan du hjælpe mig med at bære min frakke?"}]},{"slug":"trench-coat","title":"Frakke","phrases":[{"type":"❤️","phrase":"Jeg kan godt lide at have trenchcoat."},{"type":"🙋","phrase":"Kan du hjælpe mig med at bære min grøftfrakke?"}]}]