[{"slug":"crayons","title":"farveblyanter","phrases":[{"type":"❤️","phrase":"Jeg kan godt lide farveblyanter."},{"type":"🙋","phrase":"Kan du give mig farveblyanter?"},{"type":"🖍️","phrase":"Jeg vil tegne ved hjælp af mine farveblyanter."}]},{"slug":"red","title":"Rød","phrases":[{"type":"👉","phrase":"Det er rødt."},{"type":"💜","phrase":"Min yndlingsfarve er rød."},{"type":"🙋","phrase":"Kan du give mig rød maling?"}]},{"slug":"blue","title":"Blå","phrases":[{"type":"👉","phrase":"Den er blå."},{"type":"💜","phrase":"Min favoritfarve er blå."},{"type":"🙋","phrase":"Kan du give mig blå maling?"}]},{"slug":"orange","title":"orange","phrases":[{"type":"👉","phrase":"Det er orange farve."},{"type":"💜","phrase":"Min yndlingsfarve er orange."},{"type":"🙋","phrase":"Kan du give mig orange maling?"}]},{"slug":"green","title":"Grøn","phrases":[{"type":"👉","phrase":"Den er grøn."},{"type":"💜","phrase":"Min yndlingsfarve er grøn."},{"type":"🙋","phrase":"Kan du give mig grøn maling?"}]},{"slug":"yellow","title":"Gul","phrases":[{"type":"👉","phrase":"Den er gul."},{"type":"💜","phrase":"Min yndlingsfarve er gul."},{"type":"🙋","phrase":"Kan du give mig gul maling?"}]},{"slug":"purple","title":"Lilla","phrases":[{"type":"👉","phrase":"Det er lilla."},{"type":"💜","phrase":"Min ynglings farve er lilla."},{"type":"🙋","phrase":"Kan du give mig lilla maling?"}]},{"slug":"pink","title":"Lyserød","phrases":[{"type":"👉","phrase":"Det er lyserødt."},{"type":"💜","phrase":"Min yndlingsfarve er lyserød."},{"type":"🙋","phrase":"Kan du give mig lyserød maling?"}]},{"slug":"brown","title":"Brun","phrases":[{"type":"👉","phrase":"Det er brunt."},{"type":"💜","phrase":"Min yndlingsfarve er brun."},{"type":"🙋","phrase":"Kan du give mig brun maling?"}]},{"slug":"black","title":"Sort","phrases":[{"type":"👉","phrase":"Den er sort."},{"type":"💜","phrase":"Min yndlingsfarve er sort."},{"type":"🙋","phrase":"Kan du give mig sort maling?"}]},{"slug":"white","title":"hvid","phrases":[{"type":"👉","phrase":"Det er hvidt."},{"type":"💜","phrase":"Min yndlingsfarve er hvid."},{"type":"🙋","phrase":"Kan du give mig hvid maling?"}]},{"slug":"gray","title":"Grå","phrases":[{"type":"👉","phrase":"Den er grå."},{"type":"💜","phrase":"Min yndlingsfarve er grå."},{"type":"🙋","phrase":"Kan du give mig grå maling?"}]},{"slug":"transparent","title":"Gennemsigtig","phrases":[{"type":"👉","phrase":"Det er gennemsigtigt."},{"type":"👀","phrase":"Jeg kan se bag gennemsigtig farve."},{"type":"🙋","phrase":"Kan du hjælpe mig med at slette?"}]},{"slug":"cyan","title":"Cyan","phrases":[{"type":"👉","phrase":"Det er cyan."},{"type":"💜","phrase":"Min yndlingsfarve er cyan."},{"type":"🙋","phrase":"Kan du give mig cyanmaling?"}]},{"slug":"violet","title":"Violet","phrases":[{"type":"👉","phrase":"Det er violet."},{"type":"💜","phrase":"Min yndlingsfarve er violet."},{"type":"🙋","phrase":"Kan du give mig violet maling?"}]},{"slug":"turquoise","title":"turkis","phrases":[{"type":"👉","phrase":"Det er turkis."},{"type":"💜","phrase":"Min yndlingsfarve er turquose."},{"type":"🙋","phrase":"Kan du give mig turkismaling?"}]},{"slug":"lime","title":"Citron","phrases":[{"type":"👉","phrase":"Det er kalk."},{"type":"💜","phrase":"Min yndlingsfarve er kalk."},{"type":"🙋","phrase":"Kan du give mig kalkmaling?"}]},{"slug":"plum","title":"Blomme","phrases":[{"type":"👉","phrase":"Det er blomme."},{"type":"💜","phrase":"Min yndlingsfarve er blomme."},{"type":"🙋","phrase":"Kan du give mig blomme maling?"}]},{"slug":"tan","title":"Tan","phrases":[{"type":"👉","phrase":"Det er lysbrun farve."},{"type":"💜","phrase":"Min yndlingsfarve er tan farve."},{"type":"🙋","phrase":"Kan du give mig solbrun farvemaling?"}]},{"slug":"avocado","title":"Avocado","phrases":[{"type":"👉","phrase":"Det er avocadofarve."},{"type":"💜","phrase":"Min yndlingsfarve er avocadofarve."},{"type":"🙋","phrase":"Kan du give mig avocado-farve maling?"}]},{"slug":"barbie-pink","title":"Barbie lyserød","phrases":[{"type":"👉","phrase":"Det er barbie lyserød farve."},{"type":"💜","phrase":"Min yndlingsfarve er barbie pink."},{"type":"🙋","phrase":"Kan du give mig barbie lyserød maling?"}]},{"slug":"blizzard-blue","title":"Blizzard blå","phrases":[{"type":"👉","phrase":"Det er snøstorm blå farve."},{"type":"💜","phrase":"Min favoritfarve er blizzardblå farve."},{"type":"🙋","phrase":"Kan du give mig blizzardblå maling?"}]}]