[{"slug":"coffee","title":"Kaffe","phrases":[{"type":"❤️","phrase":"Jeg kan godt lide at drikke kaffe."},{"type":"🙋","phrase":"Jeg vil drikke kaffe."}]},{"slug":"water","title":"Vand","phrases":[{"type":"☝️","phrase":"Jeg har brug for at drikke vand."},{"type":"🙋","phrase":"Jeg vil drikke vand."}]},{"slug":"juice","title":"Juice","phrases":[{"type":"❤️","phrase":"Jeg kan godt lide at drikke juice."},{"type":"🙋","phrase":"Jeg vil drikke juice."}]},{"slug":"tea","title":"Te","phrases":[{"type":"❤️","phrase":"Jeg kan godt lide at drikke te."},{"type":"🙋","phrase":"Jeg vil drikke te."}]},{"slug":"grape-juice","title":"Drue saft","phrases":[{"type":"❤️","phrase":"Jeg kan godt lide at drikke druesaft."},{"type":"🙋","phrase":"Jeg vil drikke druesaft."}]},{"slug":"milk","title":"Mælk","phrases":[{"type":"❤️","phrase":"Jeg kan godt lide at drikke mælk."},{"type":"🙋","phrase":"Jeg vil drikke mælk."}]},{"slug":"milkshake","title":"Milkshake","phrases":[{"type":"❤️","phrase":"Jeg kan godt lide at drikke milkshake."},{"type":"🙋","phrase":"Jeg vil drikke milkshake."}]},{"slug":"orange-juice","title":"Appelsinjuice","phrases":[{"type":"❤️","phrase":"Jeg kan godt lide at drikke appelsinsaft."},{"type":"🙋","phrase":"Jeg vil drikke appelsinsaft."}]},{"slug":"apple-juice","title":"æblejuice","phrases":[{"type":"❤️","phrase":"Jeg kan godt lide at drikke æblejuice."},{"type":"🙋","phrase":"Jeg vil drikke æblejuice."}]},{"slug":"pineapple-juice","title":"Ananassaft","phrases":[{"type":"❤️","phrase":"Jeg kan godt lide at drikke ananasjuice."},{"type":"🙋","phrase":"Jeg vil drikke ananasjuice."}]},{"slug":"lemonade","title":"Limonade","phrases":[{"type":"❤️","phrase":"Jeg kan godt lide at drikke limonade."},{"type":"🙋","phrase":"Jeg vil drikke limonade."}]},{"slug":"coke","title":"koks","phrases":[{"type":"❤️","phrase":"Jeg kan godt lide at drikke koks."},{"type":"🙋","phrase":"Jeg vil drikke koks."}]},{"slug":"soda","title":"Soda","phrases":[{"type":"❤️","phrase":"Jeg kan godt lide at drikke sodavand."},{"type":"🙋","phrase":"Jeg vil drikke sodavand."}]},{"slug":"frappe","title":"frappe","phrases":[{"type":"❤️","phrase":"Jeg kan godt lide at drikke frappe."},{"type":"🙋","phrase":"Jeg vil drikke frappe."}]},{"slug":"smoothie","title":"Smoothie","phrases":[{"type":"❤️","phrase":"Jeg kan godt lide at drikke smoothie."},{"type":"🙋","phrase":"Jeg vil drikke smoothie."}]},{"slug":"iced-tea","title":"Is-te","phrases":[{"type":"❤️","phrase":"Jeg kan godt lide at drikke iste."},{"type":"🙋","phrase":"Jeg vil drikke iste."}]},{"slug":"hot-chocolate","title":"Varm chokolade","phrases":[{"type":"❤️","phrase":"Jeg kan godt lide at drikke varm chokolade."},{"type":"🙋","phrase":"Jeg vil drikke varm chokolade."}]},{"slug":"mineral-water","title":"Mineralvand","phrases":[{"type":"❤️","phrase":"Jeg kan godt lide at drikke mineralvand."},{"type":"🙋","phrase":"Jeg vil drikke mineralvand."}]}]