[{"slug":"cotton-candy","title":"Cotto slik","phrases":[{"type":"❤️","phrase":"Jeg kan godt lide at spise bomuldssød."}]},{"slug":"magic-hat","title":"Magisk hat","phrases":[{"type":"❤️","phrase":"Jeg kan godt lide at bære magihat."}]},{"slug":"ferris-wheel","title":"pariserhjul","phrases":[{"type":"❤️","phrase":"Jeg kan godt lide at køre i pariserhjulet."}]},{"slug":"bowling","title":"Bowling","phrases":[{"type":"❤️","phrase":"Jeg kan godt lide at spille bowling."}]},{"slug":"bumper-car","title":"Kofanger bil","phrases":[{"type":"❤️","phrase":"Jeg kan godt lide at køre i kofangeren."}]},{"slug":"carousel","title":"Karrusel","phrases":[{"type":"❤️","phrase":"Jeg kan godt lide at køre i karrusellen."}]},{"slug":"balloons","title":"Balloner","phrases":[{"type":"❤️","phrase":"Jeg kan godt lide balloner."}]},{"slug":"cups","title":"Cups","phrases":[]},{"slug":"unicycle","title":"Unicylce","phrases":[]},{"slug":"circus-tent","title":"Cirkustelt","phrases":[]},{"slug":"food-truck","title":"Mad lastbil","phrases":[]},{"slug":"tea-cup-ride","title":"Te kop","phrases":[]},{"slug":"whack-a-mole","title":"Pisk en muldvarp","phrases":[]},{"slug":"food-stall","title":"Madbod","phrases":[]},{"slug":"claw-machine","title":"Claw machine","phrases":[]},{"slug":"shooting-target","title":"Skyde mål","phrases":[]},{"slug":"teddy-bear","title":"Bamse","phrases":[]},{"slug":"fireworks","title":"Fyrværkeri","phrases":[]},{"slug":"caramelized-apple","title":"Karamelliseret æble","phrases":[]},{"slug":"ring","title":"Ring","phrases":[]}]