[{"slug":"happy","title":"Lykkelig","phrases":[{"type":"🖐️","phrase":"Jeg er glad."},{"type":"🙋","phrase":"Jeg føler mig lykkelig."},{"type":"❓","phrase":"Føler du dig lykkelig?"},{"type":"☝️","phrase":"Jeg vil føle mig lykkelig."},{"type":"🎈","phrase":"Du gør mig glad."}]},{"slug":"sad","title":"Trist","phrases":[{"type":"🖐️","phrase":"Jeg er ked af det."},{"type":"🙋","phrase":"Jeg føler mig trist."},{"type":"❓","phrase":"Føler du dig trist?"},{"type":"☝️","phrase":"Jeg vil ikke føle mig trist."},{"type":"😠","phrase":"Du gør mig trist."}]},{"slug":"exhausted","title":"Udmattet","phrases":[{"type":"🖐️","phrase":"Jeg er udmattet."},{"type":"🙋","phrase":"Jeg føler mig udmattet."},{"type":"❓","phrase":"Føler du dig udmattet?"},{"type":"☝️","phrase":"Jeg vil ikke være udmattet."}]},{"slug":"relaxed","title":"Afslappet","phrases":[{"type":"🖐️","phrase":"Jeg er afslappet."},{"type":"🙋","phrase":"Jeg føler mig afslappet."},{"type":"❓","phrase":"Føler du dig afslappet?"},{"type":"☝️","phrase":"Jeg vil føle mig afslappet."}]},{"slug":"in-love","title":"Forelsket","phrases":[{"type":"🖐️","phrase":"Jeg er forelsket."},{"type":"🙋","phrase":"Jeg føler mig forelsket."},{"type":"❓","phrase":"Er du forelsket?"},{"type":"☝️","phrase":"Jeg vil gerne forelske mig."},{"type":"👉","phrase":"Elsker du mig?"}]},{"slug":"stressed","title":"stressede","phrases":[{"type":"🖐️","phrase":"Jeg er stresset."},{"type":"🙋","phrase":"Jeg føler mig stresset."},{"type":"❓","phrase":"Føler du dig stresset?"},{"type":"☝️","phrase":"Jeg vil ikke føle mig stresset."}]},{"slug":"thankful","title":"Taknemmelig","phrases":[{"type":"🖐️","phrase":"Jeg er taknemmelig."},{"type":"🙋","phrase":"Jeg føler mig taknemmelig."},{"type":"❓","phrase":"Føler du dig taknemmelig?"},{"type":"☝️","phrase":"Jeg vil føle mig taknemmelig."}]},{"slug":"confused","title":"Forvirret","phrases":[{"type":"🖐️","phrase":"Jeg er forvirret."},{"type":"🙋","phrase":"Jeg føler mig forvirret."},{"type":"❓","phrase":"Føler du dig forvirret?"},{"type":"☝️","phrase":"Du forvirrer mig."}]},{"slug":"joyful","title":"Glad","phrases":[{"type":"🖐️","phrase":"Jeg er glad."},{"type":"🙋","phrase":"Jeg føler mig glad."},{"type":"❓","phrase":"Føler du dig glad?"},{"type":"☝️","phrase":"Jeg vil føle mig glad."}]},{"slug":"angry","title":"Vred","phrases":[{"type":"🖐️","phrase":"Jeg er vred."},{"type":"🙋","phrase":"Jeg føler mig vred."},{"type":"❓","phrase":"Føler du dig vred?"},{"type":"☝️","phrase":"Jeg er vred på dig."},{"type":"😠","phrase":"Du gør mig vred."}]},{"slug":"smart","title":"Smart","phrases":[{"type":"🖐️","phrase":"Jeg er klog."},{"type":"🙋","phrase":"Jeg føler mig smart."},{"type":"❓","phrase":"Føler du dig smart?"},{"type":"☝️","phrase":"Er jeg smart?"},{"type":"👉","phrase":"Du er klog!"}]},{"slug":"afraid","title":"Bange","phrases":[{"type":"🖐️","phrase":"Jeg er bange."},{"type":"🙋","phrase":"Jeg føler mig bange."},{"type":"❓","phrase":"Føler du dig bange?"},{"type":"☝️","phrase":"Jeg vil ikke være bange."},{"type":"😠","phrase":"Du skræmmer mig."}]},{"slug":"ashamed","title":"Skamme sig","phrases":[{"type":"🖐️","phrase":"Jeg skammer mig."},{"type":"🙋","phrase":"Jeg skammer mig."},{"type":"❓","phrase":"Føler du dig skam?"},{"type":"☝️","phrase":"Jeg vil ikke skamme mig."}]},{"slug":"shocked","title":"chokeret","phrases":[{"type":"🖐️","phrase":"Jeg er chokeret."},{"type":"🙋","phrase":"Jeg føler mig chokeret."},{"type":"❓","phrase":"Føler du dig chokeret?"},{"type":"☝️","phrase":"Du chokerede mig."}]},{"slug":"sick","title":"Syg","phrases":[{"type":"🖐️","phrase":"Jeg er syg."},{"type":"🙋","phrase":"Jeg føler mig syg."},{"type":"❓","phrase":"Føler du dig syg?"},{"type":"☝️","phrase":"Jeg vil ikke være syg."},{"type":"🤢","phrase":"Jeg er træt af maden."}]},{"slug":"frustrated","title":"frustreret","phrases":[{"type":"🖐️","phrase":"Jeg er frustreret."},{"type":"🙋","phrase":"Jeg føler mig frustreret."},{"type":"❓","phrase":"Føler du dig frustreret?"},{"type":"☝️","phrase":"Jeg vil ikke føle mig frustreret."}]},{"slug":"excited","title":"Begejstret","phrases":[{"type":"🖐️","phrase":"Jeg er spændt."},{"type":"🙋","phrase":"Jeg føler mig ophidset."},{"type":"❓","phrase":"Føler du dig ophidset?"},{"type":"☝️","phrase":"Jeg vil ikke føle mig ophidset."}]},{"slug":"nauseated","title":"kvalmende","phrases":[{"type":"🖐️","phrase":"Jeg er kvalm."},{"type":"🙋","phrase":"Jeg føler mig kvalm."},{"type":"❓","phrase":"Føler du dig kvalm?"},{"type":"☝️","phrase":"Jeg vil ikke føle sig kvalm."}]},{"slug":"agitated","title":"agiteret","phrases":[{"type":"🖐️","phrase":"Jeg er ophørt."},{"type":"🙋","phrase":"Jeg føler mig ophidset."},{"type":"❓","phrase":"Føler du dig ophidset?"},{"type":"☝️","phrase":"Jeg vil ikke føle mig agiteret."}]}]