[{"slug":"hungry","title":"Sulten","phrases":[{"type":"‼️","phrase":"Jeg er sulten."},{"type":"❓","phrase":"Er du sulten?"},{"type":"🙋","phrase":"Kan du lave mad?"},{"type":"🍳","phrase":"Hvad skal vi have til aftensmad?"}]},{"slug":"thirsty","title":"Tørstig","phrases":[{"type":"‼️","phrase":"Jeg er tørstig."},{"type":"🌊","phrase":"Må jeg bede om noget vand?"},{"type":"🥛","phrase":"Må jeg få et glas vand?"},{"type":"🙋","phrase":"Jeg vil have noget at drikke."}]},{"slug":"cutlery","title":"bestik","phrases":[{"type":"🙋","phrase":"Jeg har brug for bestik."},{"type":"🍽️","phrase":"Hjælp mig med at bruge bestik."},{"type":"🍴","phrase":"Jeg har brug for en gaffel."},{"type":"🥄","phrase":"Jeg har brug for en ske."},{"type":"🥢","phrase":"Jeg har brug for spisepinde."},{"type":"🔪","phrase":"Jeg har brug for en kniv."},{"type":"🧻","phrase":"Jeg har brug for et serviet."}]},{"slug":"apple","title":"Æble","phrases":[{"type":"❤️","phrase":"Jeg kan godt lide æble."},{"type":"❌","phrase":"Jeg kan ikke lide æble."},{"type":"🙋","phrase":"Jeg vil spise et æble."}]},{"slug":"carrot","title":"Gulerod","phrases":[{"type":"❤️","phrase":"Jeg kan godt lide gulerod."},{"type":"❌","phrase":"Jeg kan ikke lide gulerod."},{"type":"🙋","phrase":"Jeg vil spise en gulerod."}]},{"slug":"beans","title":"bønner","phrases":[{"type":"❤️","phrase":"Jeg kan godt lide bønner."},{"type":"❌","phrase":"Jeg kan ikke lide bønner."},{"type":"🙋","phrase":"Jeg vil spise bønner."}]},{"slug":"chicken","title":"Kylling","phrases":[{"type":"❤️","phrase":"Jeg kan godt lide kylling."},{"type":"❌","phrase":"Jeg kan ikke lide kylling."},{"type":"🙋","phrase":"Jeg vil spise kylling."},{"type":"🍗","phrase":"Jeg vil have stegt kylling."},{"type":"🐣","phrase":"Jeg vil have kogt kylling."}]},{"slug":"chocolate","title":"Chokolade","phrases":[{"type":"❤️","phrase":"Jeg kan lide chokolade."},{"type":"❌","phrase":"Jeg kan ikke lide chokolade."},{"type":"🙋","phrase":"Jeg vil gerne spise chokolade."},{"type":"⚫","phrase":"Jeg vil have mørk chokolade."},{"type":"⚪","phrase":"Jeg vil have hvid chokolade."}]},{"slug":"milk","title":"Mælk","phrases":[{"type":"❤️","phrase":"Jeg kan godt lide mælk."},{"type":"❌","phrase":"Jeg kan ikke lide mælk."},{"type":"🙋","phrase":"Jeg vil drikke mælk."},{"type":"🍳","phrase":"Kan jeg få et glas mælk?"}]},{"slug":"sandwich","title":"Sandwich","phrases":[{"type":"❤️","phrase":"Jeg kan godt lide sandwich."},{"type":"❌","phrase":"Jeg kan ikke lide sandwich."},{"type":"🙋","phrase":"Jeg vil gerne spise en sandwich."},{"type":"🍳","phrase":"Kan du lave en sandwich?"}]},{"slug":"steak","title":"bøf","phrases":[{"type":"❤️","phrase":"Jeg kan godt lide bøf."},{"type":"❌","phrase":"Jeg kan ikke lide bøf."},{"type":"🙋","phrase":"Jeg vil spise bøf."},{"type":"🍳","phrase":"Kan du lave bøf til mig?"}]},{"slug":"banana","title":"Banan","phrases":[{"type":"❤️","phrase":"Jeg kan godt lide banan."},{"type":"❌","phrase":"Jeg kan ikke lide banan."},{"type":"🙋","phrase":"Jeg vil spise en banan."}]},{"slug":"pie","title":"Pie","phrases":[{"type":"❤️","phrase":"Jeg kan godt lide tærte."},{"type":"❌","phrase":"Jeg kan ikke lide kage."},{"type":"🙋","phrase":"Jeg vil spise kage."},{"type":"🍳","phrase":"Kan du bage en tærte til mig?"}]},{"slug":"egg","title":"Æg","phrases":[{"type":"❤️","phrase":"Jeg kan godt lide æg."},{"type":"❌","phrase":"Jeg kan ikke lide æg."},{"type":"🙋","phrase":"Jeg vil spise æg."},{"type":"🍳","phrase":"Jeg vil gerne stegte æg."},{"type":"🥚","phrase":"Jeg vil have kogt æg."}]},{"slug":"noodles","title":"nudler","phrases":[{"type":"❤️","phrase":"Jeg kan godt lide nudler."},{"type":"❌","phrase":"Jeg kan ikke lide nudler."},{"type":"🙋","phrase":"Jeg vil spise nudler."},{"type":"🍳","phrase":"Kan du lave nudler til mig?"}]},{"slug":"salt","title":"Salt","phrases":[{"type":"🙋","phrase":"Jeg vil have salt."},{"type":"❓","phrase":"Kan du give mig saltet?"},{"type":"🧂","phrase":"Maden er for salt."},{"type":"🧂","phrase":"Min mad har brug for noget salt."}]},{"slug":"spices","title":"krydderier","phrases":[{"type":"❤️","phrase":"Jeg kan godt lide krydret mad."},{"type":"❌","phrase":"Jeg kan ikke lide krydret mad."},{"type":"🙋","phrase":"Jeg vil have paprika."},{"type":"⚫","phrase":"Jeg vil have sort peber."}]},{"slug":"pizza","title":"pizza","phrases":[{"type":"❤️","phrase":"Jeg kan godt lide pizza."},{"type":"❌","phrase":"Jeg kan ikke lide pizza."},{"type":"🙋","phrase":"Jeg vil spise pizza."},{"type":"🍳","phrase":"Kan du lave pizza til mig?"},{"type":"☝️","phrase":"Kan vi bestille pizza?"}]},{"slug":"cheese","title":"Ost","phrases":[{"type":"❤️","phrase":"Jeg kan godt lide ost."},{"type":"❌","phrase":"Jeg kan ikke lide ost."},{"type":"🙋","phrase":"Jeg vil gerne spise ost."}]},{"slug":"fish","title":"Fisk","phrases":[{"type":"❤️","phrase":"Jeg kan godt lide fisk."},{"type":"❌","phrase":"Jeg kan ikke lide fisk."},{"type":"🙋","phrase":"Jeg vil spise fisk."},{"type":"🍳","phrase":"Kan du lave fisk til mig?"}]},{"slug":"ice-cream","title":"Is","phrases":[{"type":"❤️","phrase":"Jeg kan godt lide is."},{"type":"❌","phrase":"Jeg kan ikke lide is."},{"type":"🙋","phrase":"Jeg vil spise is."},{"type":"☝️","phrase":"Kan du købe is til mig?"}]},{"slug":"tea","title":"Te","phrases":[{"type":"❤️","phrase":"Jeg kan godt lide te."},{"type":"❌","phrase":"Jeg kan ikke lide te."},{"type":"🙋","phrase":"Jeg vil drikke te."},{"type":"🍳","phrase":"Kan du lave te til mig?"}]},{"slug":"coffee","title":"Kaffe","phrases":[{"type":"❤️","phrase":"Jeg kan lide kaffe."},{"type":"❌","phrase":"Jeg kan ikke lide kaffe."},{"type":"🙋","phrase":"Jeg vil drikke kaffe."},{"type":"🍳","phrase":"Kan du lave kaffe til mig?"}]},{"slug":"tomato","title":"Tomat","phrases":[{"type":"❤️","phrase":"Jeg kan godt lide tomat."},{"type":"❌","phrase":"Jeg kan ikke lide tomat."},{"type":"🙋","phrase":"Jeg vil spise tomat."}]},{"slug":"cereal","title":"Korn","phrases":[{"type":"❤️","phrase":"Jeg kan godt lide korn."},{"type":"❌","phrase":"Jeg kan ikke lide korn."},{"type":"🙋","phrase":"Jeg vil spise korn."},{"type":"🍳","phrase":"Kan du lave korn?"}]},{"slug":"burger","title":"Burger","phrases":[{"type":"❤️","phrase":"Jeg kan godt lide burger."},{"type":"❌","phrase":"Jeg kan ikke lide burger."},{"type":"🙋","phrase":"Jeg vil gerne spise burger."},{"type":"🍳","phrase":"Kan du lave burger til mig?"},{"type":"☝️","phrase":"Kan vi bestille burger?"}]},{"slug":"french-fries","title":"pommes frites","phrases":[{"type":"❤️","phrase":"Jeg kan godt lide pommes frites."},{"type":"❌","phrase":"Jeg kan ikke lide pommes frites."},{"type":"🙋","phrase":"Jeg vil spise pommes frites."},{"type":"🍳","phrase":"Kan du lave pommes frites til mig?"},{"type":"☝️","phrase":"Kan vi bestille pommes frites?"}]},{"slug":"spinach","title":"Spinat","phrases":[{"type":"❤️","phrase":"Jeg kan godt lide spinat."},{"type":"❌","phrase":"Jeg kan ikke lide spinat."},{"type":"🙋","phrase":"Jeg vil spise spinat."}]},{"slug":"rice","title":"Ris","phrases":[{"type":"❤️","phrase":"Jeg kan godt lide ris."},{"type":"❌","phrase":"Jeg kan ikke lide ris."},{"type":"🙋","phrase":"Jeg vil spise ris."},{"type":"🍳","phrase":"Kan du lave ris til mig?"}]},{"slug":"bread","title":"Brød","phrases":[{"type":"❤️","phrase":"Jeg kan godt lide brød."},{"type":"❌","phrase":"Jeg kan ikke lide brød."},{"type":"🙋","phrase":"Jeg vil spise brød."},{"type":"☝️","phrase":"Kan du købe noget brød?"}]},{"slug":"pasta","title":"pasta","phrases":[{"type":"❤️","phrase":"Jeg kan godt lide pasta."},{"type":"❌","phrase":"Jeg kan ikke lide pasta."},{"type":"🙋","phrase":"Jeg vil spise pasta."},{"type":"🍳","phrase":"Kan du lave pasta til mig?"}]},{"slug":"sauce","title":"Sovs","phrases":[{"type":"❤️","phrase":"Jeg kan godt lide sauce."},{"type":"❌","phrase":"Jeg kan ikke lide sauce."},{"type":"🙋","phrase":"Jeg vil have noget sauce."},{"type":"🔴","phrase":"Kan jeg have ketchup?"},{"type":"⚪","phrase":"Kan jeg få mayonnaise?"},{"type":"🟡","phrase":"Kan jeg få sennep?"},{"type":"🚜","phrase":"Kan jeg få ranchesauce?"}]},{"slug":"kebab","title":"kebab","phrases":[{"type":"❤️","phrase":"Jeg kan godt lide kebab."},{"type":"❌","phrase":"Jeg kan ikke lide kebab."},{"type":"🙋","phrase":"Jeg vil spise kebab."},{"type":"🍳","phrase":"Kan du lave kebab til mig?"},{"type":"☝️","phrase":"Kan vi bestille kebab?"}]}]