[{"slug":"apple","title":"Æble","phrases":[{"type":"❤️","phrase":"Jeg kan godt lide at spise æble."},{"type":"🙋","phrase":"Jeg vil spise et æble."},{"type":"❌","phrase":"Jeg kan ikke lide æble."}]},{"slug":"watermelon","title":"Vandmelon","phrases":[{"type":"❤️","phrase":"Jeg kan godt lide at spise vandmelon."},{"type":"🙋","phrase":"Jeg vil gerne spise en vandmelon."},{"type":"❌","phrase":"Jeg kan ikke lide vandmelon."}]},{"slug":"orange","title":"orange","phrases":[{"type":"❤️","phrase":"Jeg kan godt lide at spise orange."},{"type":"🙋","phrase":"Jeg vil spise en appelsin."},{"type":"❌","phrase":"Jeg kan ikke lide orange."}]},{"slug":"strawberry","title":"Jordbær","phrases":[{"type":"❤️","phrase":"Jeg kan godt lide at spise jordbær."},{"type":"🙋","phrase":"Jeg vil gerne spise nogle jordbær."},{"type":"❌","phrase":"Jeg kan ikke lide jordbær."}]},{"slug":"grape","title":"Grape","phrases":[{"type":"❤️","phrase":"Jeg kan godt lide at spise drue."},{"type":"🙋","phrase":"Jeg vil spise nogle druer."},{"type":"❌","phrase":"Jeg kan ikke lide drue."}]},{"slug":"cherry","title":"Kirsebær","phrases":[{"type":"❤️","phrase":"Jeg kan godt lide at spise kirsebær."},{"type":"🙋","phrase":"Jeg vil gerne spise nogle kirsebær."},{"type":"❌","phrase":"Jeg kan ikke lide kirsebær."}]},{"slug":"mango","title":"Mango","phrases":[{"type":"❤️","phrase":"Jeg kan godt lide at spise mango."},{"type":"🙋","phrase":"Jeg vil spise en mango."},{"type":"❌","phrase":"Jeg kan ikke lide mango."}]},{"slug":"guava","title":"Guava","phrases":[{"type":"❤️","phrase":"Jeg kan godt lide at spise guava."},{"type":"🙋","phrase":"Jeg vil gerne spise en guava."},{"type":"❌","phrase":"Jeg kan ikke lide guava."}]},{"slug":"banana","title":"Banan","phrases":[{"type":"❤️","phrase":"Jeg kan godt lide at spise banan."},{"type":"🙋","phrase":"Jeg vil spise en banan."},{"type":"❌","phrase":"Jeg kan ikke lide banan."}]},{"slug":"pomegranate","title":"Pomegranate","phrases":[{"type":"❤️","phrase":"Jeg kan godt lide at spise granatæble."},{"type":"🙋","phrase":"Jeg vil spise granatæble."},{"type":"❌","phrase":"Jeg kan ikke lide granatæble."}]},{"slug":"raspberry","title":"Hindbær","phrases":[{"type":"❤️","phrase":"Jeg kan godt lide at spise hindbær."},{"type":"🙋","phrase":"Jeg vil spise nogle hindbær."},{"type":"❌","phrase":"Jeg kan ikke lide hindbær."}]},{"slug":"papaya","title":"papaya","phrases":[{"type":"❤️","phrase":"Jeg kan godt lide at spise papaya."},{"type":"🙋","phrase":"Jeg vil gerne spise en papaya."},{"type":"❌","phrase":"Jeg kan ikke lide papaya."}]},{"slug":"kiwi","title":"kiwi","phrases":[{"type":"❤️","phrase":"Jeg kan godt lide at spise kiwi."},{"type":"🙋","phrase":"Jeg vil gerne spise en kiwi."},{"type":"❌","phrase":"Jeg kan ikke lide kiwi."}]},{"slug":"pineapple","title":"Ananas","phrases":[{"type":"❤️","phrase":"Jeg kan godt lide at spise ananas."},{"type":"🙋","phrase":"Jeg vil gerne spise noget ananas."},{"type":"❌","phrase":"Jeg kan ikke lide ananas."}]},{"slug":"lemon","title":"Citron","phrases":[{"type":"❤️","phrase":"Jeg kan godt lide at spise citron."},{"type":"🙋","phrase":"Jeg vil spise en citron."},{"type":"❌","phrase":"Jeg kan ikke lide citron."},{"type":"🍋","phrase":"Citroner er sure."}]},{"slug":"apricot","title":"Abrikos","phrases":[{"type":"❤️","phrase":"Jeg kan godt lide at spise abrikos."},{"type":"🙋","phrase":"Jeg vil gerne spise en abrikos."},{"type":"❌","phrase":"Jeg kan ikke lide abrikos."}]},{"slug":"dragon-fruit","title":"dragefrugt","phrases":[{"type":"❤️","phrase":"Jeg kan godt lide at spise dragonfrugt."},{"type":"🙋","phrase":"Jeg vil spise en dragefrugt."},{"type":"❌","phrase":"Jeg kan ikke lide drage-frugt."}]},{"slug":"peach","title":"Fersken","phrases":[{"type":"❤️","phrase":"Jeg kan godt lide at spise fersken."},{"type":"🙋","phrase":"Jeg vil spise en fersken."},{"type":"❌","phrase":"Jeg kan ikke lide fersken."}]},{"slug":"avocado","title":"Avocado","phrases":[{"type":"❤️","phrase":"Jeg kan godt lide at spise avokado."},{"type":"🙋","phrase":"Jeg vil gerne spise en avokado."},{"type":"❌","phrase":"Jeg kan ikke lide avokado."}]},{"slug":"fig","title":"Fig","phrases":[{"type":"❤️","phrase":"Jeg kan godt lide at spise fig."},{"type":"🙋","phrase":"Jeg vil spise et fig."},{"type":"❌","phrase":"Jeg kan ikke lide fig."}]},{"slug":"lychee","title":"Lychee","phrases":[{"type":"❤️","phrase":"Jeg kan godt lide at spise litchi."},{"type":"🙋","phrase":"Jeg vil gerne spise en litchi."},{"type":"❌","phrase":"Jeg kan ikke lide lychee."}]},{"slug":"passion-fruit","title":"Passionsfrugt","phrases":[{"type":"❤️","phrase":"Jeg kan godt lide at spise passionfrugt."},{"type":"🙋","phrase":"Jeg vil gerne spise en passionfrugt."},{"type":"❌","phrase":"Jeg kan ikke lide lidenskabsfrugt."}]},{"slug":"blueberry","title":"Blåbær","phrases":[{"type":"❤️","phrase":"Jeg kan godt lide at spise blåbær."},{"type":"🙋","phrase":"Jeg vil gerne spise nogle blåbær."},{"type":"❌","phrase":"Jeg kan ikke lide blåbær."}]},{"slug":"coconut","title":"Kokosnød","phrases":[{"type":"❤️","phrase":"Jeg kan godt lide at spise kokosnød."},{"type":"🙋","phrase":"Jeg vil gerne spise noget kokosnød."},{"type":"❌","phrase":"Jeg kan ikke lide kokosnød."}]}]