[{"slug":"gardener","title":"Gartner","phrases":[]},{"slug":"sprout","title":"Sprout","phrases":[]},{"slug":"hose","title":"Slange","phrases":[]},{"slug":"glove","title":"Handske","phrases":[]},{"slug":"flowers","title":"Blomster","phrases":[]},{"slug":"seeds","title":"Frø","phrases":[]},{"slug":"shovel","title":"Skovl","phrases":[]},{"slug":"watering","title":"Vanding","phrases":[]},{"slug":"scarecrow","title":"Scarecrow","phrases":[]},{"slug":"tree","title":"Træ","phrases":[]},{"slug":"fertilizer","title":"Gødning","phrases":[]},{"slug":"pitchfork","title":"Fork","phrases":[]},{"slug":"bucket","title":"Spand","phrases":[]},{"slug":"fence","title":"Hegn","phrases":[]},{"slug":"leaf","title":"Blad","phrases":[]},{"slug":"windmill","title":"Vindmølle","phrases":[]},{"slug":"spray","title":"Spray","phrases":[]},{"slug":"shears","title":"Shears","phrases":[]},{"slug":"sprinkler","title":"sprinkler","phrases":[]},{"slug":"tractor","title":"Traktor","phrases":[]},{"slug":"jam","title":"Marmelade","phrases":[]},{"slug":"bonsai","title":"Bonsai","phrases":[]},{"slug":"wheelbarrow","title":"Trillebør","phrases":[]},{"slug":"birdhouse","title":"birdhouse","phrases":[]}]