[{"slug":"mixer","title":"Mixer","phrases":[{"type":"🙋","phrase":"Kan du vise mig hvordan man bruger en mixer?"},{"type":"🤞","phrase":"Jeg skulle ikke bruge mixer uden mine forældre."}]},{"slug":"apron","title":"Forklæde","phrases":[{"type":"👚","phrase":"Jeg bærer et forklæde, mens jeg laver mad."},{"type":"👚","phrase":"Min mor bærer et forklæde, mens hun laver mad."}]},{"slug":"fryer","title":"fryer","phrases":[{"type":"🙋","phrase":"Kan du vise mig, hvordan man bruger en frituregryde?"},{"type":"🤞","phrase":"Jeg burde ikke bruge frituregryde uden mine forældre."}]},{"slug":"rolling-pin","title":"Kagerulle","phrases":[{"type":"🙋","phrase":"Kan du vise mig, hvordan man bruger en kavel?"},{"type":"💡","phrase":"Jeg bruger kavlen til at rulle dejen ud."}]},{"slug":"coffee-machine","title":"Kaffemaskine","phrases":[{"type":"🙋","phrase":"Kan du vise mig, hvordan man bruger en kaffemaskine?"},{"type":"🤞","phrase":"Jeg skulle ikke bruge kaffemaskine uden mine forældre."}]},{"slug":"fridge","title":"Køleskab","phrases":[{"type":"🙋","phrase":"Kan du vise mig, hvordan man bruger et køleskab?"},{"type":"💡","phrase":"Køleskab holder fødevarer kolde."}]},{"slug":"pot","title":"Gryde","phrases":[{"type":"🙋","phrase":"Kan du vise mig hvordan man bruger en gryde?"},{"type":"🤞","phrase":"Jeg skulle ikke bruge potten uden mine forældre."}]},{"slug":"toaster","title":"Brødrister","phrases":[{"type":"🙋","phrase":"Kan du vise mig hvordan man bruger en brødrister?"},{"type":"🤞","phrase":"Jeg skulle ikke bruge brødrister uden mine forældre."}]},{"slug":"cutlery","title":"bestik","phrases":[{"type":"🙋","phrase":"Kan du vise mig, hvordan man bruger bestik?"},{"type":"😋","phrase":"Jeg lærer at spise med bestik."}]},{"slug":"spatula","title":"spatel","phrases":[{"type":"🙋","phrase":"Kan du vise mig, hvordan man bruger en spatel?"}]},{"slug":"oven","title":"ovn","phrases":[{"type":"🙋","phrase":"Kan du vise mig, hvordan man bruger ovnen?"},{"type":"🤞","phrase":"Jeg skulle ikke bruge ovnen uden mine forældre."}]},{"slug":"kitchen-timer","title":"Køkkentimer","phrases":[{"type":"🙋","phrase":"Kan du vise mig, hvordan man bruger køkkenur?"},{"type":"⏱️","phrase":"Køkkentimeren bipper."}]},{"slug":"pizza-cutter","title":"Pizzaskærer","phrases":[{"type":"🙋","phrase":"Kan du vise mig, hvordan man bruger pizzaskærer?"},{"type":"🤞","phrase":"Jeg skulle ikke bruge pizzaskærer uden mine forældre."}]},{"slug":"grater","title":"rivejern","phrases":[{"type":"🙋","phrase":"Kan du vise mig hvordan man bruger et rivejern?"},{"type":"🤞","phrase":"Jeg skulle ikke bruge rivejern uden mine forældre."}]},{"slug":"grill","title":"Grill","phrases":[{"type":"🙋","phrase":"Kan du vise mig, hvordan man bruger grillen?"},{"type":"🤞","phrase":"Jeg burde ikke bruge grill uden mine forældre."}]},{"slug":"recipe-book","title":"Opskriftsbog","phrases":[{"type":"🙋","phrase":"Kan jeg vælge en opskrift, jeg skal lave mad?"},{"type":"🍳","phrase":"Kan vi lave mad af denne opskrift?"}]},{"slug":"kitchen-utensils","title":"Køkkenredskaber","phrases":[{"type":"❤️","phrase":"Jeg kan godt lide at bruge køkkenredskaber."},{"type":"🤞","phrase":"Jeg skulle ikke bruge køkkenredskaber uden mine forældre."}]},{"slug":"stove","title":"Komfur","phrases":[{"type":"🙋","phrase":"Kan du vise mig, hvordan jeg bruger ovnen?"},{"type":"🤞","phrase":"Jeg skulle ikke bruge komfur uden mine forældre."}]},{"slug":"salt-and-pepper","title":"Salt og peber","phrases":[{"type":"🙋","phrase":"Kan du medbringe salt og peber?"}]},{"slug":"kitchen-board","title":"Køkkenbræt","phrases":[{"type":"🙋","phrase":"Kan jeg skrive på køkkenbordet?"}]},{"slug":"scale","title":"vægt","phrases":[{"type":"🙋","phrase":"Kan du vise mig, hvordan man bruger køkkenskalaen?"}]},{"slug":"teapot","title":"tekande","phrases":[{"type":"🙋","phrase":"Kan du vise mig, hvordan man bruger tekanden?"},{"type":"🤞","phrase":"Jeg skulle ikke bruge tekande uden mine forældre."}]},{"slug":"microwave","title":"Mikroovn","phrases":[{"type":"🙋","phrase":"Kan du vise mig, hvordan man bruger mikrobølgeovnen?"},{"type":"🤞","phrase":"Jeg burde ikke bruge mikrobølgeovn uden mine forældre."}]}]