[{"slug":"hospital-bed","title":"Hospital seng","phrases":[{"type":"🙋","phrase":"Kan du hjælpe mig med hospitalets seng?"}]},{"slug":"weight-loss","title":"Vægttab","phrases":[{"type":"🏋️","phrase":"Jeg er nødt til at moderere mit fødeindtag."},{"type":"🏃‍♀️","phrase":"Jeg taber mig."},{"type":"🥩","phrase":"Jeg går i vægt."}]},{"slug":"exercise","title":"Dyrke motion","phrases":[{"type":"🏋️","phrase":"Jeg træner."},{"type":"⏲️","phrase":"Jeg har en træningsrutine."}]},{"slug":"medical-history","title":"Medicinsk historie","phrases":[{"type":"📂","phrase":"Her er min medicinske historie."}]},{"slug":"vitamin-c","title":"C-vitamin","phrases":[{"type":"🍹","phrase":"Jeg er nødt til at tage vitamin c."},{"type":"🍊","phrase":"Appelsiner indeholder c-vitamin."}]},{"slug":"thermometer","title":"Termometer","phrases":[{"type":"🤒","phrase":"Kan du måle min feber?"},{"type":"🌡️","phrase":"Hvordan fungerer et termometer?"}]},{"slug":"pills","title":"Piller","phrases":[{"type":"💊","phrase":"Jeg har brug for at tage mine piller."},{"type":"👉","phrase":"Tog du dine piller?"}]},{"slug":"medical-mask","title":"Medicinsk maske","phrases":[]},{"slug":"dental-care","title":"Tandpleje","phrases":[{"type":"🦷","phrase":"Mine tænder har ondt."},{"type":"🦷","phrase":"Jeg børster mine tænder."}]},{"slug":"hearing-exam","title":"Høringseksamen","phrases":[{"type":"👂","phrase":"Jeg har høreproblemer."},{"type":"🦻","phrase":"Jeg vil have en høringseksamen."}]},{"slug":"hospital","title":"Hospital","phrases":[{"type":"🏥","phrase":"Jeg tager til hospitalet."},{"type":"🏥","phrase":"Jeg er på hospitalet."}]},{"slug":"stethoscope","title":"Stetoskop","phrases":[{"type":"👨‍⚕️","phrase":"Læger bruger stetoskop."},{"type":"🩺","phrase":"Kan jeg have et stetoskop til legetøj?"}]},{"slug":"ambulance","title":"Ambulance","phrases":[{"type":"👀","phrase":"Jeg så en ambulance."},{"type":"👂","phrase":"Jeg hørte en ambulancestemme."}]},{"slug":"drugstore","title":"Apotek","phrases":[{"type":"🧾","phrase":"Jeg skal udfylde min recept."},{"type":"➡️","phrase":"Her er min recept."}]},{"slug":"emergency","title":"Emergency","phrases":[{"type":"🚨","phrase":"Jeg har en nødsituation."},{"type":"🚑","phrase":"Jeg tager til skadestuen."}]},{"slug":"health-insurance","title":"Sundhedsforsikring","phrases":[{"type":"⚕️","phrase":"Jeg har sundhedsforsikring."},{"type":"❌","phrase":"Jeg har ikke helbredsforsikring."}]},{"slug":"doctor","title":"Læge","phrases":[{"type":"❤️","phrase":"Jeg kan godt lide min læge."},{"type":"🤩","phrase":"Lægen hjælper mig."}]},{"slug":"nurse","title":"Amme","phrases":[{"type":"❤️","phrase":"Jeg kan godt lide min sygeplejerske."},{"type":"🤩","phrase":"Sygeplejerske hjælper mig."}]}]