[{"slug":"one","title":"En","phrases":[{"type":"➖","phrase":"Den ene kommer foran to."},{"type":"➕","phrase":"Den ene kommer efter nul."},{"type":"🙋","phrase":"Jeg ønsker en."}]},{"slug":"two","title":"To","phrases":[{"type":"➖","phrase":"To kommer før tre."},{"type":"➕","phrase":"To kommer efter en."},{"type":"🙋","phrase":"Jeg vil have to."}]},{"slug":"three","title":"Tre","phrases":[{"type":"➖","phrase":"Tre kommer før fire."},{"type":"➕","phrase":"Tre kommer efter to."},{"type":"🙋","phrase":"Jeg vil have tre."}]},{"slug":"four","title":"fire","phrases":[{"type":"➖","phrase":"Fire kommer før fem."},{"type":"➕","phrase":"Fire kommer efter tre."},{"type":"🙋","phrase":"Jeg vil have fire."}]},{"slug":"five","title":"Fem","phrases":[{"type":"➖","phrase":"Fem kommer før seks."},{"type":"➕","phrase":"Fem kommer efter fire."},{"type":"🙋","phrase":"Jeg vil have fem."}]},{"slug":"six","title":"Seks","phrases":[{"type":"➖","phrase":"Seks kommer før syv."},{"type":"➕","phrase":"Seks kommer efter fem."},{"type":"🙋","phrase":"Jeg vil have rettet."}]},{"slug":"seven","title":"syv","phrases":[{"type":"➖","phrase":"Syv kommer før otte."},{"type":"➕","phrase":"Syv kommer efter seks."},{"type":"🙋","phrase":"Jeg vil have syv."}]},{"slug":"eight","title":"otte","phrases":[{"type":"➖","phrase":"Otte kommer før ni."},{"type":"➕","phrase":"Otte kommer efter syv."},{"type":"🙋","phrase":"Jeg vil have otte."}]},{"slug":"nine","title":"Ni","phrases":[{"type":"➖","phrase":"Ni kommer før ti."},{"type":"➕","phrase":"Ni kommer efter otte."},{"type":"🙋","phrase":"Jeg vil have ni."}]},{"slug":"ten","title":"Ti","phrases":[{"type":"➖","phrase":"Ti kommer før elleve."},{"type":"➕","phrase":"Ti kommer efter ni."},{"type":"🙋","phrase":"Jeg vil have ti."}]},{"slug":"eleven","title":"Elleve","phrases":[{"type":"➖","phrase":"Elleve kommer før tretten."},{"type":"➕","phrase":"Elleve kommer efter ti."},{"type":"🙋","phrase":"Jeg vil have elleve."}]},{"slug":"twenty","title":"Tyve","phrases":[{"type":"🔢","phrase":"Jeg kan tælle op til tyve."}]},{"slug":"thirty","title":"Tredive","phrases":[{"type":"🔢","phrase":"Jeg kan tælle op til tredive."}]},{"slug":"forty","title":"Fyrre","phrases":[{"type":"🔢","phrase":"Jeg kan tælle op til fyrre."}]},{"slug":"fifty","title":"Halvtreds","phrases":[{"type":"🔢","phrase":"Jeg kan tælle op til halvtreds."}]},{"slug":"hundred","title":"Hundrede","phrases":[{"type":"🔢","phrase":"Jeg kan tælle op til hundrede."}]},{"slug":"thousand","title":"Tusind","phrases":[{"type":"🔢","phrase":"Jeg kan tælle op til tusind."}]},{"slug":"calculator","title":"Lommeregner","phrases":[{"type":"🖩","phrase":"Jeg vil bruge en lommeregner."},{"type":"🧮","phrase":"Kan du lære mig hvordan man bruger en lommeregner?"},{"type":"🙋","phrase":"Kan jeg spærre din regnemaskine?"}]}]