[{"slug":"teacher","title":"Lærer","phrases":[{"type":"❓","phrase":"Hvad laver en lærer?"},{"type":"🙋","phrase":"Jeg vil gerne blive lærer."}]},{"slug":"police-officer","title":"Politimand","phrases":[{"type":"❓","phrase":"Hvad gør en politibetjent?"},{"type":"🙋","phrase":"Jeg vil gerne blive politibetjent."}]},{"slug":"writer","title":"Forfatter","phrases":[{"type":"❓","phrase":"Hvad gør en forfatter?"},{"type":"🙋","phrase":"Jeg vil gerne blive forfatter."}]},{"slug":"doctor","title":"Læge","phrases":[{"type":"❓","phrase":"Hvad laver en læge?"},{"type":"🙋","phrase":"Jeg vil gerne blive en læge."}]},{"slug":"detective","title":"Detektiv","phrases":[{"type":"❓","phrase":"Hvad gør en detektiv?"},{"type":"🙋","phrase":"Jeg vil blive detektiv."}]},{"slug":"artist","title":"kunstner","phrases":[{"type":"❓","phrase":"Hvad gør en kunstner?"},{"type":"🙋","phrase":"Jeg vil gerne blive kunstner."}]},{"slug":"singer","title":"Sanger","phrases":[{"type":"❓","phrase":"Hvad gør en sanger?"},{"type":"🙋","phrase":"Jeg vil gerne blive sanger."}]},{"slug":"astronaut","title":"Astronaut","phrases":[{"type":"❓","phrase":"Hvad gør en astronaut?"},{"type":"🙋","phrase":"Jeg vil gerne blive astronaut."}]},{"slug":"sailor","title":"Sømand","phrases":[{"type":"❓","phrase":"Hvad gør en sømand?"},{"type":"🙋","phrase":"Jeg vil blive sømand."}]},{"slug":"chef","title":"Kok","phrases":[{"type":"❓","phrase":"Hvad laver en kok?"},{"type":"🙋","phrase":"Jeg vil blive kok."}]},{"slug":"farmer","title":"Landmand","phrases":[{"type":"❓","phrase":"Hvad gør en landmand?"},{"type":"🙋","phrase":"Jeg vil gerne blive landmand."}]},{"slug":"construction-worker","title":"Bygningsarbejder","phrases":[{"type":"❓","phrase":"Hvad laver en bygningsarbejder?"},{"type":"🙋","phrase":"Jeg vil gerne blive bygningsarbejder."}]},{"slug":"baker","title":"Bager","phrases":[{"type":"❓","phrase":"Hvad gør en bager?"},{"type":"🙋","phrase":"Jeg vil gerne blive bager."}]},{"slug":"lifeguard","title":"Livredder","phrases":[{"type":"❓","phrase":"Hvad gør en livredder?"},{"type":"🙋","phrase":"Jeg vil gerne blive en livredder."}]},{"slug":"astronomer","title":"Astronom","phrases":[{"type":"❓","phrase":"Hvad gør en astronom?"},{"type":"🙋","phrase":"Jeg vil gerne blive astronom."}]},{"slug":"journalist","title":"Journalist","phrases":[{"type":"❓","phrase":"Hvad gør en journalist?"},{"type":"🙋","phrase":"Jeg vil gerne blive journalist."}]},{"slug":"archeologist","title":"arkæolog","phrases":[{"type":"❓","phrase":"Hvad gør en arkæolog?"},{"type":"🙋","phrase":"Jeg vil gerne blive arkæolog."}]},{"slug":"musician","title":"Musiker","phrases":[{"type":"❓","phrase":"Hvad gør en musiker?"},{"type":"🙋","phrase":"Jeg vil gerne blive musiker."}]},{"slug":"magician","title":"Tryllekunstner","phrases":[{"type":"❓","phrase":"Hvad gør en tryllekunstner?"},{"type":"🙋","phrase":"Jeg vil gerne blive en tryllekunstner."}]},{"slug":"soccer-player","title":"Fodboldspiller","phrases":[{"type":"❓","phrase":"Hvad gør en fodboldspiller?"},{"type":"🙋","phrase":"Jeg vil gerne blive en fodboldspiller."}]},{"slug":"postwoman","title":"Postwoman","phrases":[{"type":"❓","phrase":"Hvad gør en postwoman?"},{"type":"🙋","phrase":"Jeg vil gerne blive postwoman."}]},{"slug":"firefighter","title":"Brandmand","phrases":[{"type":"❓","phrase":"Hvad gør en brandmand?"},{"type":"🙋","phrase":"Jeg vil gerne blive brandmand."}]},{"slug":"scientist","title":"Videnskabsmand","phrases":[{"type":"❓","phrase":"Hvad gør en videnskabsmand?"},{"type":"🙋","phrase":"Jeg vil gerne blive videnskabsmand."}]},{"slug":"gardener","title":"Gartner","phrases":[{"type":"❓","phrase":"Hvad gør en gartner?"},{"type":"🙋","phrase":"Jeg vil gerne blive gartner."}]},{"slug":"butcher","title":"Slagter","phrases":[{"type":"❓","phrase":"Hvad gør en slagter?"},{"type":"🙋","phrase":"Jeg vil blive slagter."}]},{"slug":"veterinarian","title":"Dyrlæge","phrases":[{"type":"❓","phrase":"Hvad gør en dyrlæge?"},{"type":"🙋","phrase":"Jeg vil gerne blive dyrlæge."}]},{"slug":"lumber-jack","title":"Tømmerkraft","phrases":[{"type":"❓","phrase":"Hvad gør en tømmerstik?"},{"type":"🙋","phrase":"Jeg vil gerne blive et trækstik."}]},{"slug":"miner","title":"Minearbejder","phrases":[{"type":"❓","phrase":"Hvad gør en minearbejder?"},{"type":"🙋","phrase":"Jeg vil gerne blive miner."}]},{"slug":"nun","title":"Nonne","phrases":[{"type":"❓","phrase":"Hvad gør en nonne?"},{"type":"🙋","phrase":"Jeg vil blive en nonne."}]},{"slug":"fisher-woman","title":"Fisher kvinde","phrases":[{"type":"❓","phrase":"Hvad gør en fisker-kvinde?"},{"type":"🙋","phrase":"Jeg vil gerne blive en fisher woman."}]},{"slug":"hair-dresser","title":"Frisør","phrases":[{"type":"❓","phrase":"Hvad gør en frisør?"},{"type":"🙋","phrase":"Jeg vil gerne blive frisør."}]},{"slug":"mechanic","title":"Mekaniker","phrases":[{"type":"❓","phrase":"Hvad gør en mekaniker?"},{"type":"🙋","phrase":"Jeg vil gerne blive mekaniker."}]},{"slug":"electrician","title":"Elektriker","phrases":[{"type":"❓","phrase":"Hvad gør en elektriker?"},{"type":"🙋","phrase":"Jeg vil gerne blive elektriker."}]},{"slug":"swimmer","title":"Swimmer","phrases":[{"type":"❓","phrase":"Hvad gør en svømmer?"},{"type":"🙋","phrase":"Jeg vil gerne blive en svømmer."}]},{"slug":"photographer","title":"Fotograf","phrases":[{"type":"❓","phrase":"Hvad laver en fotograf?"},{"type":"🙋","phrase":"Jeg vil gerne blive fotograf."}]},{"slug":"priest","title":"Præst","phrases":[{"type":"❓","phrase":"Hvad gør en præst?"},{"type":"🙋","phrase":"Jeg vil gerne blive præst."}]},{"slug":"soldier","title":"Soldat","phrases":[{"type":"❓","phrase":"Hvad gør en soldat?"},{"type":"🙋","phrase":"Jeg vil gerne blive soldat."}]},{"slug":"carpenter","title":"Tømrer","phrases":[{"type":"❓","phrase":"Hvad laver en tømrer?"},{"type":"🙋","phrase":"Jeg vil blive tømrer."}]},{"slug":"plumber","title":"Blikkenslager","phrases":[{"type":"❓","phrase":"Hvad gør en blikkenslager?"},{"type":"🙋","phrase":"Jeg vil blive blikkenslager."}]},{"slug":"wall-painter","title":"Vægmaler","phrases":[{"type":"❓","phrase":"Hvad gør en vægmaler?"},{"type":"🙋","phrase":"Jeg vil gerne blive maler."}]},{"slug":"nurse","title":"Amme","phrases":[{"type":"❓","phrase":"Hvad gør en sygeplejerske?"},{"type":"🙋","phrase":"Jeg vil blive sygeplejerske."}]},{"slug":"judge","title":"Dommer","phrases":[{"type":"❓","phrase":"Hvad gør en dommer?"},{"type":"🙋","phrase":"Jeg vil gerne blive dommer."}]},{"slug":"waiter","title":"Tjener","phrases":[{"type":"❓","phrase":"Hvad gør en tjener?"},{"type":"🙋","phrase":"Jeg vil gerne blive en tjener."}]},{"slug":"pilot","title":"Pilot","phrases":[{"type":"❓","phrase":"Hvad gør en pilot?"},{"type":"🙋","phrase":"Jeg vil gerne blive pilot."}]},{"slug":"welder","title":"svejser","phrases":[{"type":"❓","phrase":"Hvad gør en svejser?"},{"type":"🙋","phrase":"Jeg vil blive svejser."}]},{"slug":"executive","title":"Executive","phrases":[{"type":"❓","phrase":"Hvad gør en direktør?"},{"type":"🙋","phrase":"Jeg vil gerne blive udøvende."}]},{"slug":"hostess","title":"Værtinde","phrases":[{"type":"❓","phrase":"Hvad gør en værtinde?"},{"type":"🙋","phrase":"Jeg vil gerne blive værtinde."}]}]