[{"slug":"confetti","title":"Confetti","phrases":[{"type":"❤️","phrase":"Jeg kan godt lide konfetti."},{"type":"🙋","phrase":"Kan jeg slå konfettierne?"}]},{"slug":"party-blower","title":"Festblæseren","phrases":[{"type":"❤️","phrase":"Jeg kan godt lide festblæsere."},{"type":"🔊","phrase":"Er min festblæsere støjende?"}]},{"slug":"gift","title":"Gave","phrases":[{"type":"❤️","phrase":"Jeg kan godt lide gaver."},{"type":"🎁","phrase":"Hvad fik du mig som gave?"}]},{"slug":"candle","title":"Lys","phrases":[{"type":"❤️","phrase":"Jeg kan godt lide festlys."},{"type":"🕯️","phrase":"Kan jeg sprænge stearinlysene?"},{"type":"🎂","phrase":"Hvor mange lys er der?"}]},{"slug":"party-hat","title":"Fest hat","phrases":[{"type":"❤️","phrase":"Jeg kan godt lide at bære fest hat."},{"type":"👚","phrase":"Jeg bærer en fest hat under festen."}]},{"slug":"balloons","title":"Balloner","phrases":[{"type":"❤️","phrase":"Jeg kan godt lide balloner."},{"type":"🎈","phrase":"Kan jeg sprænge ballonerne?"}]},{"slug":"garlands","title":"guirlander","phrases":[{"type":"❤️","phrase":"Jeg kan godt lide kranser."},{"type":"🙋","phrase":"Jeg vil bære girlander til min fest."},{"type":"🙋","phrase":"Kan du lægge disse kranser i min arm?"}]},{"slug":"cake","title":"Kage","phrases":[{"type":"❤️","phrase":"Jeg kan godt lide at spise kage."},{"type":"🙋","phrase":"Kan jeg få en skive kage?"}]},{"slug":"ice-cream","title":"Is","phrases":[{"type":"❤️","phrase":"Jeg kan godt lide at spise is."},{"type":"🍭","phrase":"Hvad er din yndlingssmag?"}]},{"slug":"microphone","title":"Mikrofon","phrases":[{"type":"❤️","phrase":"Jeg kan godt lide at spille karaoke."},{"type":"❤️","phrase":"Jeg kan godt lide at synge."}]},{"slug":"music","title":"musik","phrases":[{"type":"❤️","phrase":"Jeg kan godt lide at spille musik."},{"type":"🎶","phrase":"Hvilken slags musik kan du lide?"}]},{"slug":"magician","title":"Tryllekunstner","phrases":[{"type":"❤️","phrase":"Jeg kan godt lide magikere."},{"type":"✨","phrase":"Jeg vil være en tryllekunstner."},{"type":"🙋","phrase":"Kan du lære mig nogle magiske tricks?"}]},{"slug":"taking-photos","title":"Tager billeder","phrases":[{"type":"❤️","phrase":"Jeg kan godt lide at tage billeder."},{"type":"🙋","phrase":"Kan jeg tage billeder ved hjælp af din telefon?"}]},{"slug":"invitation","title":"Invitation","phrases":[{"type":"📧","phrase":"Jeg fik en invitation."},{"type":"📨","phrase":"Kan jeg invitere mine venner til festen?"},{"type":"📨","phrase":"Kan jeg invitere mine venner til min fødselsdagsfest?"},{"type":"📨","phrase":"Kan vi invitere mine venner til min søsters fest?"},{"type":"📨","phrase":"Kan vi invitere mine venner til min brors fest?"}]},{"slug":"candy","title":"Slik","phrases":[{"type":"❤️","phrase":"Jeg kan godt lide slik."},{"type":"🙋","phrase":"Kan jeg spise noget slik?"}]},{"slug":"popsicle","title":"Popsicle","phrases":[{"type":"❤️","phrase":"Jeg kan godt lide popsicle."},{"type":"🙋","phrase":"Kan jeg spise noget popsicle?"},{"type":"🙋","phrase":"Kan vi lave nogle popsicles?"},{"type":"🙋","phrase":"Vil du spise popsicle?"}]},{"slug":"cupcake","title":"Cupcake","phrases":[{"type":"❤️","phrase":"Jeg kan godt lide cupcake."},{"type":"🙋","phrase":"Kan jeg spise en cupcake?"}]},{"slug":"costume","title":"Kostume","phrases":[{"type":"❤️","phrase":"Jeg kan godt lide at have kostume på."},{"type":"🦸","phrase":"Kan jeg bære et edderkop-kostum?"},{"type":"🦸‍♂️","phrase":"Kan jeg bære et batman-kostume?"},{"type":"🦸‍♀️","phrase":"Kan jeg bære en vidunderskvinde kostum?"}]},{"slug":"party-glasses","title":"Festglas","phrases":[{"type":"❤️","phrase":"Jeg kan godt lide festglass."},{"type":"🙋","phrase":"Kan jeg bære et festglas?"}]},{"slug":"spotlights","title":"projektører","phrases":[{"type":"❤️","phrase":"Jeg kan godt lide spotlights."},{"type":"❌","phrase":"Jeg kan ikke lide spotlights."}]},{"slug":"marshmallow","title":"Skumfidus","phrases":[{"type":"❤️","phrase":"Jeg kan godt lide skumfidus."},{"type":"🔥","phrase":"Jeg laver marshmallow over lejrbrand."},{"type":"🙋","phrase":"Jeg vil spise marshmallows."}]},{"slug":"guacamole","title":"guacamole","phrases":[{"type":"❤️","phrase":"Jeg kan godt lide guacamole."},{"type":"🙋","phrase":"Kan jeg spise guacamole?"},{"type":"❌","phrase":"Jeg kan ikke lide at spise guacamole."}]},{"slug":"hotdog","title":"Hotdog","phrases":[{"type":"❤️","phrase":"Jeg kan godt lide hotdog."},{"type":"🙋","phrase":"Kan jeg få en hotdog?"},{"type":"❌","phrase":"Jeg kan ikke lide at spise hotdogs."},{"type":"🙋","phrase":"Kan jeg spise nogle hotdogs?"}]},{"slug":"bouncy-castle","title":"Hoppeborg","phrases":[{"type":"❤️","phrase":"Jeg kan godt lide hoppeborg."},{"type":"🙋","phrase":"Jeg vil lege på hoppeslottet."},{"type":"🙋","phrase":"Lad os lege ved hoppeslottet."}]},{"slug":"clown","title":"Klovn","phrases":[{"type":"❤️","phrase":"Jeg kan godt lide klovner."},{"type":"❌","phrase":"Jeg kan ikke lide klovne."},{"type":"🙋","phrase":"Jeg vil være en klovn."}]},{"slug":"magic-hat","title":"Magisk hat","phrases":[{"type":"❤️","phrase":"Jeg kan godt lide magiske hatte."},{"type":"🧙‍♂️","phrase":"Jeg er en troldmand!"},{"type":"🙋","phrase":"Jeg vil gerne have magi."}]},{"slug":"dart-board","title":"Dartbræt","phrases":[{"type":"❤️","phrase":"Jeg kan godt lide at spille pil."},{"type":"🎯","phrase":"At spille pil kan være farligt."}]}]