[{"slug":"mother","title":"Mor","phrases":[{"type":"⁉️","phrase":"Mor!"},{"type":"💘","phrase":"Jeg elsker min mor."},{"type":"❤️","phrase":"Jeg elsker dig mor."},{"type":"☹️","phrase":"Jeg savner min mor."},{"type":"🙏🏼","phrase":"Tak for at passe på mig."},{"type":"👉🏼","phrase":"Hun er min mor."},{"type":"❓","phrase":"Kan du hjælpe mig med at finde min mor?"}]},{"slug":"father","title":"Far","phrases":[{"type":"⁉️","phrase":"Far!"},{"type":"💘","phrase":"Jeg elsker min far."},{"type":"❤️","phrase":"Jeg elsker dig far."},{"type":"☹️","phrase":"Jeg savner min far."},{"type":"🙏🏼","phrase":"Tak for at passe på mig."},{"type":"👉🏼","phrase":"Han er min far."},{"type":"❓","phrase":"Kan du hjælpe mig med at finde min far?"}]},{"slug":"parents","title":"Forældre","phrases":[{"type":"💑","phrase":"Jeg elsker mine forældre."},{"type":"💘","phrase":"Jeg elsker mine forældre."},{"type":"☹️","phrase":"Jeg savner mine forældre."},{"type":"👉🏼","phrase":"De er mine forældre."},{"type":"👨‍👩‍👧","phrase":"Mine forældre tager sig af mig."},{"type":"❓","phrase":"Kan du hjælpe mig med at finde mine forældre?"}]},{"slug":"grandparents","title":"Bedsteforældre","phrases":[{"type":"💑","phrase":"Jeg elsker mine bedsteforældre."},{"type":"💘","phrase":"Jeg elsker dig bedsteforældre."},{"type":"☹️","phrase":"Jeg savner mine bedsteforældre."},{"type":"👉🏼","phrase":"De er mine bedsteforældre."},{"type":"👨‍👩‍👧","phrase":"Mine bedsteforældre tager sig af mig."},{"type":"❓","phrase":"Kan du hjælpe mig med at finde mine bedsteforældre?"}]},{"slug":"brother","title":"Bror","phrases":[{"type":"💑","phrase":"Jeg elsker min bror."},{"type":"💘","phrase":"Jeg elsker dig bror."},{"type":"☹️","phrase":"Jeg savner min bror."},{"type":"👉🏼","phrase":"Han er min bror."},{"type":"🙎‍♂️","phrase":"Min bror tager sig af mig."},{"type":"❓","phrase":"Kan du hjælpe mig med at finde min bror?"}]},{"slug":"sister","title":"søster","phrases":[{"type":"💑","phrase":"Jeg elsker min søster."},{"type":"💘","phrase":"Jeg elsker dig søster."},{"type":"☹️","phrase":"Jeg savner min søster."},{"type":"👉🏼","phrase":"Hun er min søster."},{"type":"🙍‍♀️","phrase":"Min søster tager sig af mig."},{"type":"❓","phrase":"Kan du hjælpe mig med at finde min søster?"}]},{"slug":"uncle","title":"onkel","phrases":[{"type":"💑","phrase":"Jeg elsker min onkel."},{"type":"💘","phrase":"Jeg elsker dig onkel."},{"type":"☹️","phrase":"Jeg savner min onkel."},{"type":"👉🏼","phrase":"Han er min onkel."},{"type":"❓","phrase":"Kan du hjælpe mig med at finde min onkel?"}]},{"slug":"aunt","title":"Tante","phrases":[{"type":"💑","phrase":"Jeg elsker min tante."},{"type":"💘","phrase":"Jeg elsker dig tante."},{"type":"☹️","phrase":"Jeg savner min tante."},{"type":"👉🏼","phrase":"Hun er min tante."},{"type":"❓","phrase":"Kan du hjælpe mig med at finde min tante?"}]},{"slug":"teacher","title":"Lærer","phrases":[{"type":"💑","phrase":"Jeg elsker min lærer."},{"type":"💘","phrase":"Jeg elsker dig lærer."},{"type":"💔","phrase":"Jeg kan ikke lide min lærer."},{"type":"☹️","phrase":"Jeg savner min lærer."},{"type":"🙏🏼","phrase":"Tak for lektionen."}]},{"slug":"therapist","title":"terapeut","phrases":[{"type":"💑","phrase":"Jeg elsker min terapeut."},{"type":"💘","phrase":"Jeg elsker dig terapeut."},{"type":"💔","phrase":"Jeg kan ikke lide min terapeut."},{"type":"☹️","phrase":"Jeg savner min terapeut."},{"type":"🙏🏼","phrase":"Tak for sessionen."}]},{"slug":"doctor","title":"Læge","phrases":[{"type":"💑","phrase":"Jeg elsker min læge."},{"type":"💘","phrase":"Jeg elsker dig læge."},{"type":"💔","phrase":"Jeg kan ikke lide min læge."},{"type":"☹️","phrase":"Jeg savner min læge."},{"type":"🙏🏼","phrase":"Tak for din helbredelse."}]},{"slug":"friends","title":"venner","phrases":[{"type":"💑","phrase":"Jeg elsker mine venner."},{"type":"❓","phrase":"Vil du være min ven?"},{"type":"💔","phrase":"Jeg kan ikke lide mine venner."},{"type":"☹️","phrase":"Jeg savner mine venner."},{"type":"👉🏼","phrase":"De er mine venner."},{"type":"🙏🏼","phrase":"Tak, fordi du spillede med mig."}]},{"slug":"cousins","title":"Fætre","phrases":[{"type":"💑","phrase":"Jeg elsker mine kusiner."},{"type":"❌","phrase":"Jeg har ikke fætre."},{"type":"☹️","phrase":"Jeg savner mine kusiner."},{"type":"👉🏼","phrase":"De er mine fætre."}]},{"slug":"grandmother","title":"Bedstemor","phrases":[{"type":"💑","phrase":"Jeg elsker min bedstemor."},{"type":"💘","phrase":"Jeg elsker dig bedstemor."},{"type":"☹️","phrase":"Jeg savner min bedstemor."},{"type":"👉🏼","phrase":"Hun er min bedstemor."}]},{"slug":"grandfather","title":"Bedstefar","phrases":[{"type":"💑","phrase":"Jeg elsker min bedstefar."},{"type":"💘","phrase":"Jeg elsker dig bedstefar."},{"type":"☹️","phrase":"Jeg savner min bedstefar."},{"type":"👉🏼","phrase":"Han er min bedstefar."}]},{"slug":"stepfather","title":"Stedfar","phrases":[{"type":"💑","phrase":"Jeg elsker min stedfar."},{"type":"👉🏼","phrase":"Han er min stedfar."},{"type":"☹️","phrase":"Jeg savner min stedfar."},{"type":"👉🏼","phrase":"Han er min stedfar."}]},{"slug":"stepmother","title":"Stedmor","phrases":[{"type":"💑","phrase":"Jeg elsker min stedmor."},{"type":"👉🏼","phrase":"Hun er min stedmor."},{"type":"☹️","phrase":"Jeg savner min stedmor."},{"type":"👉🏼","phrase":"Hun er min stedmor."}]},{"slug":"stepsister","title":"Stedsøster","phrases":[{"type":"💑","phrase":"Jeg elsker min stedsøster."},{"type":"👉🏼","phrase":"Hun er min stedsøster."},{"type":"☹️","phrase":"Jeg savner min stedsøster."},{"type":"👉🏼","phrase":"Hun er min stedsøster."}]},{"slug":"stepbrother","title":"Stedbror","phrases":[{"type":"💑","phrase":"Jeg elsker min stedbror."},{"type":"👉🏼","phrase":"Han er min stedbror."},{"type":"☹️","phrase":"Jeg savner min stedbror."},{"type":"👉🏼","phrase":"Han er min stedbror."}]},{"slug":"half-brother","title":"Halvbror","phrases":[{"type":"💑","phrase":"Jeg elsker min halvbror."},{"type":"👉🏼","phrase":"Han er min halvbror."},{"type":"☹️","phrase":"Jeg savner min halvbror."},{"type":"👉🏼","phrase":"Han er min halvbror."}]},{"slug":"half-sister","title":"Halvsøster","phrases":[{"type":"💑","phrase":"Jeg elsker min halvsøster."},{"type":"👉🏼","phrase":"Hun er min halvsøster."},{"type":"☹️","phrase":"Jeg savner min halvsøster."},{"type":"👉🏼","phrase":"Hun er min halvsøster."}]}]