[{"slug":"captain","title":"Kaptajn","phrases":[]},{"slug":"pirate-crew","title":"Piratbesætning","phrases":[]},{"slug":"treasure","title":"Skat","phrases":[]},{"slug":"hook","title":"Krog","phrases":[]},{"slug":"compass","title":"Kompas","phrases":[]},{"slug":"pirate-ship","title":"Piratskib","phrases":[]},{"slug":"pirate-gun","title":"Piratpistol","phrases":[]},{"slug":"pirate-sword","title":"Pirat sværd","phrases":[]},{"slug":"barrel","title":"Barrel","phrases":[]},{"slug":"pirate-flag","title":"Piratflag","phrases":[]},{"slug":"treasure-map","title":"Skat kort","phrases":[]},{"slug":"spyglass","title":"Spyglass","phrases":[]},{"slug":"cannon","title":"Kanon","phrases":[]},{"slug":"helm","title":"Ror","phrases":[]},{"slug":"lighthouse","title":"Fyrtårn","phrases":[]},{"slug":"anchor","title":"Anker","phrases":[]},{"slug":"bomb","title":"Bombe","phrases":[]},{"slug":"coin","title":"Mønt","phrases":[]},{"slug":"candle","title":"Lys","phrases":[]},{"slug":"knife","title":"Kniv","phrases":[]}]