[{"slug":"park","title":"Parkere","phrases":[{"type":"🙋","phrase":"Jeg vil gå i parken."},{"type":"☝️","phrase":"Kan du tage mig med at parkere?"},{"type":"💡","phrase":"Jeg kan lege i parken."}]},{"slug":"mall","title":"Mall","phrases":[{"type":"🙋","phrase":"Jeg vil gå i indkøbscenter."},{"type":"☝️","phrase":"Kan du tage mig med til indkøbscenter?"},{"type":"💡","phrase":"Jeg kan shoppe i indkøbscentret."}]},{"slug":"restaurant","title":"Restaurant","phrases":[{"type":"🙋","phrase":"Jeg vil gå på restaurant."},{"type":"☝️","phrase":"Kan du tage mig med på restaurant?"},{"type":"💡","phrase":"Jeg kan spise et måltid i restauranten."}]},{"slug":"cinema","title":"Biograf","phrases":[{"type":"🙋","phrase":"Jeg vil gå i biograf."},{"type":"☝️","phrase":"Kan du tage mig med på biograf?"},{"type":"💡","phrase":"Jeg kan se en film på biograf."}]},{"slug":"school","title":"Skole","phrases":[{"type":"🙋","phrase":"Jeg vil gå i skole."},{"type":"☝️","phrase":"Kan du tage mig med i skole?"},{"type":"💡","phrase":"Jeg kan lære i skolen."}]},{"slug":"library","title":"Bibliotek","phrases":[{"type":"🙋","phrase":"Jeg vil gå på bibliotek."},{"type":"☝️","phrase":"Kan du tage mig med til biblioteket?"},{"type":"💡","phrase":"Jeg kan studere på biblioteket."}]},{"slug":"fair","title":"Retfærdig","phrases":[{"type":"🙋","phrase":"Jeg vil gå til messe."},{"type":"☝️","phrase":"Kan du tage mig til messen?"},{"type":"💡","phrase":"Jeg kan have det sjovt i fair."}]},{"slug":"drugstore","title":"Apotek","phrases":[{"type":"🙋","phrase":"Jeg vil gå i apotek."},{"type":"☝️","phrase":"Kan du tage mig til apotek?"},{"type":"💡","phrase":"Jeg kan købe min medicin i apotek."}]},{"slug":"hospital","title":"Hospital","phrases":[{"type":"🙋","phrase":"Jeg vil på hospitalet."},{"type":"☝️","phrase":"Kan du tage mig med på hospitalet?"},{"type":"💡","phrase":"Syge mennesker kan gå på hospitalet."}]},{"slug":"amusement-park","title":"Forlystelsespark","phrases":[{"type":"🙋","phrase":"Jeg vil gå til forlystelsespark."},{"type":"☝️","phrase":"Kan du tage mig med til forlystelsespark?"},{"type":"💡","phrase":"Jeg kan have det sjovt i forlystelsesparken."}]},{"slug":"dormitory","title":"Sovesal","phrases":[{"type":"🙋","phrase":"Jeg vil gå på sovesal."},{"type":"☝️","phrase":"Kan du tage mig med på sovesal?"},{"type":"💡","phrase":"Jeg kan blive i sovesal."}]},{"slug":"laundry-place","title":"Tøjvask sted","phrases":[{"type":"🙋","phrase":"Jeg vil gå til vaskeri."},{"type":"☝️","phrase":"Kan du tage mig med til vaskeri?"},{"type":"💡","phrase":"Jeg kan rense mit vaskeri på vaskeri."}]},{"slug":"barber-shop","title":"frisør","phrases":[{"type":"🙋","phrase":"Jeg vil gå i barber shop."},{"type":"☝️","phrase":"Kan du tage mig med til barber shop?"},{"type":"💡","phrase":"Jeg kan få en klipning i frisørsalongen."}]},{"slug":"hotel","title":"Hotel","phrases":[{"type":"🙋","phrase":"Jeg vil gå til hotellet."},{"type":"☝️","phrase":"Kan du tage mig med til hotellet?"},{"type":"💡","phrase":"Jeg kan bo på et hotel."}]},{"slug":"kindergarten","title":"Børnehave","phrases":[{"type":"🙋","phrase":"Jeg vil gå i børnehave."},{"type":"☝️","phrase":"Kan du tage mig med i børnehaven?"}]},{"slug":"parking-lot","title":"Parkeringsplads","phrases":[{"type":"🙋","phrase":"Jeg vil gå til parkeringspladsen."},{"type":"☝️","phrase":"Kan du tage mig med til parkeringspladsen?"}]},{"slug":"elevator","title":"Elevator","phrases":[{"type":"🙋","phrase":"Jeg vil bruge elevatoren."},{"type":"💗","phrase":"Jeg kan godt lide at bruge elevatoren?"},{"type":"💡","phrase":"Jeg kan gå ovenpå ved hjælp af elevator."}]},{"slug":"bank","title":"Bank","phrases":[{"type":"🙋","phrase":"Jeg vil gå i bank."},{"type":"☝️","phrase":"Kan du tage mig til bank?"},{"type":"💡","phrase":"Jeg kan trække penge i banken."}]},{"slug":"skycraper","title":"skycraper","phrases":[{"type":"🙋","phrase":"Jeg vil gå til skycraper."},{"type":"☝️","phrase":"Kan du tage mig med til skycraper?"}]},{"slug":"stadium","title":"Stadion","phrases":[{"type":"🙋","phrase":"Jeg vil til stadion."},{"type":"☝️","phrase":"Kan du tage mig til stadion?"}]},{"slug":"cruise-ship","title":"Krydstogtskib","phrases":[{"type":"🙋","phrase":"Jeg vil gå ombord på et krydstogtskib."},{"type":"☝️","phrase":"Kan du tage mig med på krydstogtskib?"}]},{"slug":"forest","title":"Skov","phrases":[{"type":"🙋","phrase":"Jeg vil gå i skoven."},{"type":"☝️","phrase":"Kan du tage mig med i skoven?"}]},{"slug":"tent","title":"Telt","phrases":[{"type":"🙋","phrase":"Jeg vil gå i telt."},{"type":"☝️","phrase":"Kan vi bo i telt?"}]},{"slug":"beach","title":"Strand","phrases":[{"type":"🙋","phrase":"Jeg vil gå på stranden."},{"type":"☝️","phrase":"Kan du tage mig til stranden?"},{"type":"💡","phrase":"Jeg kan solbade ved stranden."}]}]