[{"slug":"protective-mask","title":"Beskyttelsesmaske","phrases":[{"type":"🛡️","phrase":"Jeg bruger beskyttelsesmaske."},{"type":"😷","phrase":"Jeg kan ikke gå ud uden beskyttelsesmaske."}]},{"slug":"stay-home","title":"Bliv hjemme","phrases":[{"type":"🏠","phrase":"Du skal være hjemme."},{"type":"🏡","phrase":"Jeg bliver derhjemme."}]},{"slug":"toilet-paper","title":"Toiletpapir","phrases":[]},{"slug":"sprayer","title":"Sprayer","phrases":[]},{"slug":"disinfectant","title":"Desinfektionsmiddel","phrases":[{"type":"🧼","phrase":"Jeg bruger desinfektionsmiddel."},{"type":"🙋","phrase":"Kan du hjælpe mig med at bruge desinfektionsmiddel?"}]},{"slug":"coughing","title":"hoste","phrases":[{"type":"🤒","phrase":"Jeg hoster."},{"type":"🏥","phrase":"Hoste er et symptom på virus."}]},{"slug":"medical-assistance","title":"Medicinsk assistance","phrases":[{"type":"⚕️","phrase":"Jeg har brug for medicinsk hjælp."},{"type":"❓","phrase":"Har du brug for lægehjælp?"}]},{"slug":"hand-sanitizer","title":"Hånddesinfektion","phrases":[{"type":"🚰","phrase":"Jeg bruger håndrenser."},{"type":"🙋","phrase":"Kan du hjælpe mig med at bruge håndsanisator?"}]},{"slug":"gloves","title":"handsker","phrases":[{"type":"🧤","phrase":"Jeg bruger handsker."},{"type":"🙋","phrase":"Kan du hjælpe mig med at tage mine handsker på?"}]},{"slug":"social-distancing","title":"Social afstand","phrases":[{"type":"🖐️","phrase":"Jeg træner i social afstand."},{"type":"📏","phrase":"Vi er nødt til at holde vores afstand mellem os."}]},{"slug":"mouth-mask","title":"Mundmaske","phrases":[{"type":"😷","phrase":"Jeg bruger mundmaske."},{"type":"🏡","phrase":"Jeg kan ikke gå uden mundmaske."}]},{"slug":"pandemic","title":"Pandemi","phrases":[{"type":"🌐","phrase":"Hvad er en pandemi?"},{"type":"⏱️","phrase":"Hvornår slutter pandemien?"},{"type":"⌚","phrase":"Der sker en pandemi."}]},{"slug":"working-at-home","title":"Arbejder derhjemme","phrases":[{"type":"🏠","phrase":"Jeg arbejder derhjemme."},{"type":"👪","phrase":"Mine forældre arbejder derhjemme."}]},{"slug":"wet-wipes","title":"Vådservietter","phrases":[{"type":"🤧","phrase":"Jeg har brug for våde klude."}]},{"slug":"quarantine","title":"Karantæne","phrases":[{"type":"🔲","phrase":"Hvad er karantæne?"},{"type":"🙋","phrase":"Jeg er i karantæne."}]},{"slug":"first-aid-kit","title":"Førstehjælpskasse","phrases":[{"type":"❓","phrase":"Hvor er førstehjælpskassen?"},{"type":"🙋","phrase":"Kan du hjælpe mig med at bruge førstehjælpskit?"}]},{"slug":"fitness","title":"Fitness","phrases":[{"type":"🤸","phrase":"Jeg kan godt lide at lave fitness."},{"type":"🤼","phrase":"Jeg kan godt lide at lave fitness."}]},{"slug":"e-learning","title":"E-learning","phrases":[{"type":"💻","phrase":"Jeg lærer hjemmefra."},{"type":"📱","phrase":"Jeg bruger apps til e-learning."}]},{"slug":"virus","title":"Virus","phrases":[{"type":"🦠","phrase":"Hvad er en virus?"},{"type":"💉","phrase":"Hvad er symptomerne på virussen?"}]},{"slug":"cleaning","title":"Rengøring","phrases":[{"type":"🧼","phrase":"Jeg rengør mit værelse."},{"type":"🔲","phrase":"Det er vigtigt at holde dit værelse rent."}]}]