[{"slug":"desk","title":"Skrivebord","phrases":[{"type":"🙋","phrase":"Kan jeg bruge dette skrivebord?"},{"type":"❓","phrase":"Hvilket skrivebord er min?"},{"type":"🥛","phrase":"Jeg spildte på mit skrivebord."},{"type":"❌","phrase":"Skrab ikke på dit skrivebord."}]},{"slug":"chair","title":"Stol","phrases":[{"type":"🙋","phrase":"Kan jeg sidde med dig?"},{"type":"❓","phrase":"Hvilken stol er min?"},{"type":"☝️","phrase":"Er denne stol taget?"},{"type":"🥛","phrase":"Jeg spildte på min stol."}]},{"slug":"book","title":"Bestil","phrases":[{"type":"📙","phrase":"Lærebog"},{"type":"📒","phrase":"Workbook"},{"type":"📚","phrase":"Læse en bog."},{"type":"😇","phrase":"Kan jeg låne din bog?"},{"type":"📃","phrase":"Hvilken side er vi på?"},{"type":"☝️","phrase":"Vend siden."},{"type":"😱","phrase":"Jeg har mistet min bog."}]},{"slug":"notebook","title":"Notesbog","phrases":[{"type":"📝","phrase":"Tager noter."},{"type":"🖐️","phrase":"Jeg noterer."},{"type":"😱","phrase":"Jeg mistede min notesbog."}]},{"slug":"backpack","title":"Rygsæk","phrases":[{"type":"👜","phrase":"Bærer min rygsæk."},{"type":"💡","phrase":"Sætter mine bøger i min rygsæk."},{"type":"🙋","phrase":"Jeg har brug for en ny rygsæk."},{"type":"🙏🏼","phrase":"Tak, fordi du har min rygsæk."},{"type":"😱","phrase":"Jeg mistede min rygsæk."},{"type":"⚖️","phrase":"Min rygsæk er tung."}]},{"slug":"blackboard","title":"Tavle","phrases":[{"type":"👀","phrase":"Se på tavlen."},{"type":"🧽","phrase":"Rengøring af tavlen."},{"type":"🧮","phrase":"Løsning af problemet på tavlen."},{"type":"📝","phrase":"Noterer sig på tavlen."},{"type":"🖊️","phrase":"Giv mig en kridt."}]},{"slug":"teacher","title":"Lærer","phrases":[{"type":"🤔","phrase":"Jeg forstår ikke denne del."},{"type":"🔁","phrase":"Kan du gentage den sidste del?"},{"type":"🚻","phrase":"Må jeg gå på toilettet?"},{"type":"❓","phrase":"Hvilket emne?"},{"type":"😀","phrase":"Jeg kan godt lide dette emne."},{"type":"😔","phrase":"Jeg kan ikke lide dette emne."},{"type":"🙏🏼","phrase":"Tak for lektionen."}]},{"slug":"school-bus","title":"Skolebus","phrases":[{"type":"⌛","phrase":"Skolebus kommer."},{"type":"❓","phrase":"Kan jeg sidde ved siden af dig?"},{"type":"🙏🏼","phrase":"Tak buschauffør!"},{"type":"⏱️","phrase":"Skolebussen var for sent."}]},{"slug":"pencil","title":"Blyant","phrases":[{"type":"✏️","phrase":"Jeg skriver."},{"type":"🎓","phrase":"Jeg lærer at skrive."},{"type":"🙋","phrase":"Jeg har brug for en ny blyant."},{"type":"😇","phrase":"Kan jeg låne din blyant?"},{"type":"😱","phrase":"Jeg mistede min blyant."}]},{"slug":"eraser","title":"Viskelæder","phrases":[{"type":"🧽","phrase":"Jeg sletter."},{"type":"🙋","phrase":"Jeg har brug for en ny viskelæder."},{"type":"😇","phrase":"Kan jeg låne dit viskelæde?"},{"type":"😱","phrase":"Jeg mistede viskelædet."}]},{"slug":"ruler","title":"Lineal","phrases":[{"type":"📏","phrase":"Jeg måler."},{"type":"🙋","phrase":"Jeg har brug for en ny lineal."},{"type":"😇","phrase":"Kan jeg låne din lineal?"},{"type":"😱","phrase":"Jeg mistede min lineal."}]},{"slug":"sharpener","title":"sharpener","phrases":[{"type":"🔪","phrase":"Jeg skærper min blyant."},{"type":"🙋","phrase":"Jeg har brug for en ny slibemaskine."},{"type":"😇","phrase":"Kan jeg låne din slibeapparat?"},{"type":"😱","phrase":"Jeg mistede min slibemaskine."}]},{"slug":"mathematics","title":"Matematik","phrases":[{"type":"❤️","phrase":"Jeg kan godt lide matematik."},{"type":"🙋","phrase":"Jeg vil studere matematik."},{"type":"❌","phrase":"Jeg kan ikke lide matematik."},{"type":"⌚","phrase":"Hvornår er matematik klasse?"},{"type":"☝️","phrase":"Kan du hjælpe mig med mit hjemmearbejde i matematik?"}]},{"slug":"literature","title":"Litteratur","phrases":[{"type":"❤️","phrase":"Jeg kan godt lide litteratur."},{"type":"🙋","phrase":"Jeg vil studere litteratur."},{"type":"❌","phrase":"Jeg kan ikke lide litteratur."},{"type":"⌚","phrase":"Hvornår er litteraturklasse?"},{"type":"☝️","phrase":"Kan du hjælpe mig med mine lektier hjemme?"}]},{"slug":"science","title":"Videnskab","phrases":[{"type":"❤️","phrase":"Jeg kan godt lide videnskab."},{"type":"🙋","phrase":"Jeg vil studere videnskab."},{"type":"❌","phrase":"Jeg kan ikke lide videnskab."},{"type":"⌚","phrase":"Hvornår er naturfagsklasse?"},{"type":"☝️","phrase":"Kan du hjælpe mig med mine videnskabelige hjemmearbejde?"}]},{"slug":"art-class","title":"Kunst klasse","phrases":[{"type":"❤️","phrase":"Jeg kan godt lide kunstklasse."},{"type":"🙋","phrase":"Jeg vil øve kunstfærdigheder."},{"type":"❌","phrase":"Jeg kan ikke lide kunstklasse."},{"type":"⌚","phrase":"Hvornår er kunstklasse?"},{"type":"☝️","phrase":"Kan du hjælpe mig med mine hjemmelektioner i kunstklassen?"}]},{"slug":"music-class","title":"Musik klasse","phrases":[{"type":"❤️","phrase":"Jeg kan godt lide musikklasse."},{"type":"🙋","phrase":"Jeg vil øve musikfærdigheder."},{"type":"❌","phrase":"Jeg kan ikke lide musikklasse."},{"type":"⌚","phrase":"Hvornår er musikklasse?"},{"type":"☝️","phrase":"Kan du hjælpe mig med mine hjemmelektioner i musikklassen?"}]},{"slug":"geography","title":"Geografi","phrases":[{"type":"❤️","phrase":"Jeg kan godt lide geografi."},{"type":"🙋","phrase":"Jeg vil studere geografi."},{"type":"❌","phrase":"Jeg kan ikke lide geografi."},{"type":"⌚","phrase":"Hvornår er geografi?"},{"type":"☝️","phrase":"Kan du hjælpe mig med mit hjemmearbejde om geografi?"}]},{"slug":"telescope","title":"Teleskop","phrases":[{"type":"🌎","phrase":"Jeg bruger teleskopet."},{"type":"🙋","phrase":"Jeg vil bruge teleskopet."},{"type":"🌟","phrase":"Jeg vil se på stjernerne."}]},{"slug":"glue","title":"Lim","phrases":[{"type":"👌","phrase":"Jeg bruger lim."},{"type":"🙋","phrase":"Jeg har brug for en ny lim."},{"type":"😇","phrase":"Kan jeg låne dit lim?"},{"type":"😱","phrase":"Jeg mistede min lim."}]}]