[{"slug":"circle","title":"Cirkel","phrases":[{"type":"👉","phrase":"Dette er cirkelformet."},{"type":"❓","phrase":"Kan du lære mig hvordan man tegner cirkel?"}]},{"slug":"triangle","title":"Trekant","phrases":[{"type":"👉","phrase":"Dette er trekantformet."},{"type":"❓","phrase":"Kan du lære mig hvordan man tegner trekant?"}]},{"slug":"square","title":"Firkant","phrases":[{"type":"👉","phrase":"Dette er firkantet."},{"type":"❓","phrase":"Kan du lære mig hvordan man tegner firkant?"}]},{"slug":"rectangle","title":"Rektangel","phrases":[{"type":"👉","phrase":"Dette er rektangelformet."},{"type":"❓","phrase":"Kan du lære mig, hvordan man tegner rektangel?"}]},{"slug":"star","title":"Stjerne","phrases":[{"type":"👉","phrase":"Dette er stjerneformet."},{"type":"❓","phrase":"Kan du lære mig hvordan man tegner stjerne?"}]},{"slug":"pentagon","title":"Pentagon","phrases":[{"type":"👉","phrase":"Dette er femkantet."},{"type":"❓","phrase":"Kan du lære mig hvordan man tegner femkant?"}]},{"slug":"hexagon","title":"Sekskant","phrases":[{"type":"👉","phrase":"Dette er hexagon formet."},{"type":"❓","phrase":"Kan du lære mig hvordan man tegner hexagon?"}]},{"slug":"cross","title":"Kryds","phrases":[{"type":"👉","phrase":"Dette er krydsformet."},{"type":"❓","phrase":"Kan du lære mig hvordan man tegner kors?"}]},{"slug":"ellipse","title":"Ellipse","phrases":[{"type":"👉","phrase":"Dette er ellipseformet."},{"type":"❓","phrase":"Kan du lære mig hvordan man tegner ellips?"}]},{"slug":"arrow","title":"Pil","phrases":[{"type":"👉","phrase":"Dette er pilformet."},{"type":"❓","phrase":"Kan du lære mig, hvordan man tegner pil?"}]},{"slug":"crescent","title":"Halvmåne","phrases":[{"type":"👉","phrase":"Dette er halvmåneformet."},{"type":"❓","phrase":"Kan du lære mig hvordan man tegner halvmåne?"}]},{"slug":"heart","title":"Hjerte","phrases":[{"type":"👉","phrase":"Dette er hjerteformet."},{"type":"❓","phrase":"Kan du lære mig at tegne hjerte?"}]},{"slug":"rhombus","title":"Rhombus","phrases":[{"type":"👉","phrase":"Dette er rombformet."},{"type":"❓","phrase":"Kan du lære mig hvordan man tegner rhombus?"}]},{"slug":"ring","title":"Ring","phrases":[{"type":"👉","phrase":"Dette er ringformet."},{"type":"❓","phrase":"Kan du lære mig hvordan man tegner ring?"}]},{"slug":"semicircle","title":"Halvkreds","phrases":[{"type":"👉","phrase":"Dette er halvcirkelformet."},{"type":"❓","phrase":"Kan du lære mig, hvordan man tegner halvcirkel?"}]},{"slug":"trapezoid","title":"trapez","phrases":[{"type":"👉","phrase":"Dette er trapezformet."},{"type":"❓","phrase":"Kan du lære mig hvordan man tegner trapezoid?"}]},{"slug":"cube","title":"Cube","phrases":[{"type":"👉","phrase":"Dette er terningformet."},{"type":"❓","phrase":"Kan du lære mig hvordan man tegner terning?"}]},{"slug":"cylinder","title":"Cylinder","phrases":[{"type":"👉","phrase":"Dette er cylinderformet."},{"type":"❓","phrase":"Kan du lære mig hvordan man tegner cylinder?"}]}]