[{"slug":"chips","title":"Chips","phrases":[{"type":"❤️","phrase":"Jeg kan godt lide at spise chips."},{"type":"🙋","phrase":"Jeg vil gerne spise chips."},{"type":"🤢","phrase":"At spise for meget chips er dårligt for mig."}]},{"slug":"donut","title":"Donut","phrases":[{"type":"❤️","phrase":"Jeg kan godt lide at spise donut."},{"type":"🙋","phrase":"Jeg vil spise donut."},{"type":"🤢","phrase":"At spise for meget donut er dårligt for mig."}]},{"slug":"taco","title":"Taco","phrases":[{"type":"❤️","phrase":"Jeg kan godt lide at spise tacos."},{"type":"🙋","phrase":"Jeg vil gerne spise taco."},{"type":"🤢","phrase":"At spise for meget taco er dårligt for mig."}]},{"slug":"peanuts","title":"Jordnødder","phrases":[{"type":"❤️","phrase":"Jeg kan godt lide at spise jordnødder."},{"type":"🙋","phrase":"Jeg vil gerne spise jordnødder."},{"type":"🤢","phrase":"At spise for meget jordnødder er dårligt for mig."}]},{"slug":"croissant","title":"croissant","phrases":[{"type":"❤️","phrase":"Jeg kan godt lide at spise croissant."},{"type":"🙋","phrase":"Jeg vil gerne spise croissant."},{"type":"🤢","phrase":"At spise for meget croissant er dårligt for mig."}]},{"slug":"cookie","title":"Cookie","phrases":[{"type":"❤️","phrase":"Jeg kan godt lide at spise cookie."},{"type":"🙋","phrase":"Jeg vil gerne spise cookie."},{"type":"🤢","phrase":"At spise for meget cookies er dårligt for mig."}]},{"slug":"burrito","title":"burrito","phrases":[{"type":"❤️","phrase":"Jeg kan godt lide at spise burrito."},{"type":"🙋","phrase":"Jeg vil gerne spise burrito."},{"type":"🤢","phrase":"At spise for meget burritos er dårligt for mig."}]},{"slug":"ramen","title":"Ramen","phrases":[{"type":"❤️","phrase":"Jeg kan godt lide at spise ramen."},{"type":"🙋","phrase":"Jeg vil spise ramen."},{"type":"🤢","phrase":"At spise for meget ramen er dårligt for mig."}]},{"slug":"sushi","title":"Sushi","phrases":[{"type":"❤️","phrase":"Jeg kan godt lide at spise sushi."},{"type":"🙋","phrase":"Jeg vil gerne spise sushi."},{"type":"🤢","phrase":"At spise for meget sushi er dårligt for mig."}]},{"slug":"chocolate","title":"Chokolade","phrases":[{"type":"❤️","phrase":"Jeg kan godt lide at spise chokolade."},{"type":"🙋","phrase":"Jeg vil gerne spise chokolade."},{"type":"🤢","phrase":"At spise for meget chokolade er dårligt for mig."}]},{"slug":"apple-pie","title":"æbletærte","phrases":[{"type":"❤️","phrase":"Jeg kan godt lide at spise æblepai."},{"type":"🙋","phrase":"Jeg vil spise æblepai."},{"type":"🤢","phrase":"At spise for meget æblepai er dårligt for mig."}]},{"slug":"muffin","title":"muffin","phrases":[{"type":"❤️","phrase":"Jeg kan godt lide at spise muffin."},{"type":"🙋","phrase":"Jeg vil spise muffin."},{"type":"🤢","phrase":"At spise for meget muffins er dårligt for mig."}]},{"slug":"pudding","title":"budding","phrases":[{"type":"❤️","phrase":"Jeg kan godt lide at spise budding."},{"type":"🙋","phrase":"Jeg vil gerne spise budding."},{"type":"🤢","phrase":"At spise for meget budding er dårligt for mig."}]},{"slug":"macaron","title":"Macaron","phrases":[{"type":"❤️","phrase":"Jeg kan godt lide at spise macaron."},{"type":"🙋","phrase":"Jeg vil spise macaron."},{"type":"🤢","phrase":"At spise for meget macaron er dårligt for mig."}]},{"slug":"crepe","title":"crepe","phrases":[{"type":"❤️","phrase":"Jeg kan godt lide at spise crepe."},{"type":"🙋","phrase":"Jeg vil spise crepe."},{"type":"🤢","phrase":"At spise for meget pandekager er dårligt for mig."}]},{"slug":"pizza","title":"pizza","phrases":[{"type":"❤️","phrase":"Jeg kan godt lide at spise pizza."},{"type":"🙋","phrase":"Jeg vil spise pizza."},{"type":"🤢","phrase":"At spise for meget pizza er dårligt for mig."}]},{"slug":"skewer","title":"Skewer","phrases":[{"type":"❤️","phrase":"Jeg kan godt lide at spise spyd."},{"type":"🙋","phrase":"Jeg vil spise spyd."},{"type":"🤢","phrase":"At spise for meget spyd er dårligt for mig."}]},{"slug":"fast-food","title":"Fastfood","phrases":[{"type":"❤️","phrase":"Jeg kan godt lide at spise fastfood."},{"type":"🙋","phrase":"Jeg vil spise fastfood."},{"type":"🤢","phrase":"At spise for meget fastfood er dårligt for mig."}]}]