[{"slug":"basketball","title":"Basketball","phrases":[{"type":"❤️","phrase":"Jeg kan godt lide at spille basketball."},{"type":"🙋","phrase":"Vil du spille basketball?"}]},{"slug":"boxing","title":"Boksning","phrases":[{"type":"❤️","phrase":"Jeg kan godt lide at bokse."},{"type":"🙋","phrase":"Vil du bokse sammen?"}]},{"slug":"tennis","title":"Tennis","phrases":[{"type":"❤️","phrase":"Jeg kan godt lide at spille tennis."},{"type":"🙋","phrase":"Vil du spille tennis?"}]},{"slug":"golf","title":"Golf","phrases":[{"type":"❤️","phrase":"Jeg kan godt lide at spille golf."},{"type":"🙋","phrase":"Vil du spille golf?"}]},{"slug":"hockey","title":"Hockey","phrases":[{"type":"❤️","phrase":"Jeg kan godt lide at spille hockey."},{"type":"🙋","phrase":"Vil du spille hockey?"}]},{"slug":"swimming","title":"svømning","phrases":[{"type":"❤️","phrase":"Jeg kan lide at svømme."},{"type":"🙋","phrase":"Vil du svømme?"}]},{"slug":"baseball","title":"Baseball","phrases":[{"type":"❤️","phrase":"Jeg kan godt lide at spille baseball."},{"type":"🙋","phrase":"Vil du spille baseball?"}]},{"slug":"american-football","title":"Amerikansk fodbold","phrases":[{"type":"❤️","phrase":"Jeg kan godt lide at spille amerikansk fodbold."},{"type":"🙋","phrase":"Vil du spille amerikansk fodbold?"}]},{"slug":"cricket","title":"Cricket","phrases":[{"type":"❤️","phrase":"Jeg kan godt lide cricket."},{"type":"🙋","phrase":"Vil du spille cricket?"}]},{"slug":"racing","title":"Racing","phrases":[{"type":"❤️","phrase":"Jeg kan godt lide racing."},{"type":"🙋","phrase":"Vil du løbe sammen?"}]},{"slug":"skiing","title":"Stå på ski","phrases":[{"type":"❤️","phrase":"Jeg kan godt lide skiløb."},{"type":"🙋","phrase":"Vil du stå på ski?"}]},{"slug":"volleyball","title":"Volleyball","phrases":[{"type":"❤️","phrase":"Jeg kan godt lide at spille volleyball."},{"type":"🙋","phrase":"Vil du spille volleyball?"}]},{"slug":"fencing","title":"Fægtning","phrases":[{"type":"❤️","phrase":"Jeg kan godt lide hegn."}]},{"slug":"referee","title":"Dommer","phrases":[{"type":"🏁","phrase":"Kan jeg være dommer?"}]},{"slug":"coach","title":"Træner","phrases":[{"type":"🏁","phrase":"Kan jeg være din coach?"}]},{"slug":"kendo","title":"Kendo","phrases":[]},{"slug":"table-tennis","title":"Bordtennis","phrases":[{"type":"❤️","phrase":"Jeg kan godt lide at spille bordtennis."},{"type":"🙋","phrase":"Vil du spille bordtennis?"}]},{"slug":"medal","title":"Medalje","phrases":[{"type":"😎","phrase":"Jeg har fået en medalje."}]},{"slug":"podium","title":"podium","phrases":[]}]