[{"slug":"doll","title":"Dukke","phrases":[{"type":"❤️","phrase":"Jeg kan godt lide dukker."},{"type":"☝️","phrase":"Kan jeg lege med mine dukker?"},{"type":"🙋","phrase":"Jeg vil have en dukke som til stede."}]},{"slug":"teddy-bear","title":"Bamse","phrases":[{"type":"❤️","phrase":"Jeg kan godt lide bamser."},{"type":"☝️","phrase":"Kan jeg lege med min bamse?"},{"type":"🙋","phrase":"Jeg vil have en bamse som til stede."}]},{"slug":"blocks","title":"blokke","phrases":[{"type":"❤️","phrase":"Jeg kan godt lide blokke."},{"type":"☝️","phrase":"Kan jeg lege med mine blokke?"},{"type":"🙋","phrase":"Jeg vil have en blokke som til stede."}]},{"slug":"spinner","title":"Spinner","phrases":[{"type":"❤️","phrase":"Jeg kan godt lide spinner."},{"type":"☝️","phrase":"Kan jeg lege med min spinner?"},{"type":"🙋","phrase":"Jeg vil have en spinner som til stede."}]},{"slug":"nutcracker","title":"Nøddeknækkeren","phrases":[{"type":"❤️","phrase":"Jeg kan godt lide nøddeknækkere."},{"type":"☝️","phrase":"Kan jeg lege med min nøddeknækker?"},{"type":"🙋","phrase":"Jeg vil have en nøddeknækker som til stede."}]},{"slug":"video-games","title":"Computerspil","phrases":[{"type":"❤️","phrase":"Jeg kan godt lide videospil."},{"type":"☝️","phrase":"Kan vi spille videospil sammen?"},{"type":"🙋","phrase":"Jeg vil have videospil som nuværende."}]},{"slug":"cards","title":"Kort","phrases":[{"type":"❤️","phrase":"Jeg kan godt lide at spille kort."},{"type":"☝️","phrase":"Kan jeg lege med mine kort?"},{"type":"🙋","phrase":"Jeg vil have kort som nuværende."}]},{"slug":"toy-car","title":"Legetøjsbil","phrases":[{"type":"❤️","phrase":"Jeg kan godt lide legetøjsbiler."},{"type":"☝️","phrase":"Kan jeg lege med min legetøjsbil?"},{"type":"🙋","phrase":"Jeg vil have en legetøjsbil som til stede."}]},{"slug":"sword","title":"Sværd","phrases":[{"type":"❤️","phrase":"Jeg kan godt lide legetøjsverd."},{"type":"☝️","phrase":"Kan jeg lege med mit legetøjssværd?"},{"type":"🙋","phrase":"Jeg vil have et sværd som til stede."}]},{"slug":"yo-yo","title":"Yo-yo","phrases":[{"type":"❤️","phrase":"Jeg kan godt lide at lege med yo-yo."},{"type":"☝️","phrase":"Kan jeg lege med min yo-yo?"},{"type":"🙋","phrase":"Jeg vil have en yo-yo som til stede."}]},{"slug":"slingshot","title":"Slingshot","phrases":[{"type":"❤️","phrase":"Jeg kan godt lide slangebilleder."},{"type":"☝️","phrase":"Kan jeg lege med min slangebøsse?"},{"type":"🙋","phrase":"Jeg vil have en slangebøsse som til stede."}]},{"slug":"water-gun","title":"Vandpistol","phrases":[{"type":"❤️","phrase":"Jeg kan godt lide vandpistol."},{"type":"☝️","phrase":"Kan jeg lege med min vandpistol?"},{"type":"🙋","phrase":"Jeg vil have en vandpistol som til stede."}]},{"slug":"doll-house","title":"Dukkehus","phrases":[{"type":"❤️","phrase":"Jeg kan godt lide at lege med dukkehus."},{"type":"☝️","phrase":"Kan jeg lege med mit dukkehus?"},{"type":"🙋","phrase":"Jeg vil have et dukkehus som til stede."}]},{"slug":"viewer","title":"Viewer","phrases":[{"type":"❤️","phrase":"Jeg kan godt lide at lege med seeren."},{"type":"🙋","phrase":"Jeg vil have en seer som til stede."}]},{"slug":"board-game","title":"Brætspil","phrases":[{"type":"❤️","phrase":"Jeg kan godt lide brætspil."},{"type":"☝️","phrase":"Kan vi spille brætspil?"},{"type":"🙋","phrase":"Jeg vil have et brætspil som nuværende."}]},{"slug":"rubiks-cube","title":"Rubiks terning","phrases":[{"type":"❤️","phrase":"Jeg kan godt lide at løse rubiks terning."},{"type":"☝️","phrase":"Kan jeg prøve at løse min rubiks terning?"},{"type":"🙋","phrase":"Jeg vil have en rubiks terning som til stede."}]},{"slug":"puzzle","title":"Gåde","phrases":[{"type":"❤️","phrase":"Jeg kan godt lide gåder."},{"type":"☝️","phrase":"Kan jeg løse gåder?"},{"type":"🙋","phrase":"Jeg vil have gåder som til stede."}]},{"slug":"remote-control-car","title":"Fjernbetjening bil","phrases":[{"type":"❤️","phrase":"Jeg kan godt lide min fjernbetjeningsbil."},{"type":"☝️","phrase":"Kan jeg lege med min fjernbetjening-bil"},{"type":"🙋","phrase":"Jeg vil have en fjernbetjeningsbil som til stede."}]},{"slug":"rocking-horse","title":"Gyngehest","phrases":[{"type":"❤️","phrase":"Jeg kan godt lide min gyngehest."},{"type":"☝️","phrase":"Kan jeg lege med gyngehesten?"}]},{"slug":"scooter","title":"Scooter","phrases":[{"type":"❤️","phrase":"Jeg kan godt lide min scooter."},{"type":"🙋","phrase":"Jeg vil have en scooter som til stede."}]},{"slug":"pyramid","title":"Pyramide","phrases":[{"type":"❤️","phrase":"Jeg kan godt lide pyramider."},{"type":"🙋","phrase":"Jeg vil have en pyramide som til stede."}]},{"slug":"cart","title":"Vogn","phrases":[{"type":"❤️","phrase":"Jeg kan godt lide min legetøjskurv."},{"type":"🙋","phrase":"Kan du hjælpe mig med at rydde op i mit legetøj?"}]},{"slug":"aeroplane","title":"Fly","phrases":[{"type":"❤️","phrase":"Jeg kan godt lide fly."},{"type":"☝️","phrase":"Kan jeg lege med mit fly?"},{"type":"🙋","phrase":"Jeg vil have et fly som til stede."}]},{"slug":"sand-bucket","title":"Sand spand","phrases":[{"type":"❤️","phrase":"Jeg kan godt lide sandspande."},{"type":"☝️","phrase":"Kan jeg bygge slot med min sandspand?"}]}]