[{"slug":"train","title":"Tog","phrases":[{"type":"🙋","phrase":"Jeg vil tage toget."},{"type":"❤️","phrase":"Jeg kan lide tog."}]},{"slug":"car","title":"Bil","phrases":[{"type":"🙋","phrase":"Jeg vil køre en bil."},{"type":"❤️","phrase":"Jeg kan godt lide biler."}]},{"slug":"bicycle","title":"Cykel","phrases":[{"type":"🙋","phrase":"Jeg vil cykle."},{"type":"❤️","phrase":"Jeg kan godt lide cykel."}]},{"slug":"motorcycle","title":"Motorcykel","phrases":[{"type":"🙋","phrase":"Jeg vil cykle."},{"type":"❤️","phrase":"Jeg kan godt lide motorcykel."}]},{"slug":"skateboard","title":"Skateboard","phrases":[{"type":"🙋","phrase":"Jeg vil skate."},{"type":"❤️","phrase":"Jeg kan godt lide skateboard."}]},{"slug":"food-truck","title":"Færge","phrases":[{"type":"🙋","phrase":"Jeg vil tage færgen."},{"type":"🧑‍🤝‍🧑","phrase":"Færgen er overfyldt."}]},{"slug":"boat","title":"Båd","phrases":[{"type":"🙋","phrase":"Jeg vil ride en båd."},{"type":"🧑‍🤝‍🧑","phrase":"Båden er overfyldt."}]},{"slug":"ship","title":"Skib","phrases":[{"type":"🙋","phrase":"Jeg vil gå om bord på et skib."},{"type":"🧑‍🤝‍🧑","phrase":"Skibet er overfyldt."}]},{"slug":"bus","title":"Bus","phrases":[{"type":"🙋","phrase":"Jeg vil tage bussen."},{"type":"🧑‍🤝‍🧑","phrase":"Bussen er overfyldt."}]},{"slug":"minibus","title":"Minibus","phrases":[{"type":"🙋","phrase":"Jeg vil tage minibussen."},{"type":"🧑‍🤝‍🧑","phrase":"Minibus er overfyldt."}]},{"slug":"wheelchair","title":"Kørestol","phrases":[{"type":"♿","phrase":"Jeg bruger en kørestol."},{"type":"👨‍🦽","phrase":"Han bruger en kørestol."},{"type":"🙋","phrase":"Kan du hjælpe mig med at bruge min kørestol."},{"type":"🖐️","phrase":"Kan du skubbe mig?"}]},{"slug":"taxi","title":"Taxa","phrases":[{"type":"🙋","phrase":"Jeg vil tage taxa."}]},{"slug":"airplane","title":"Fly","phrases":[{"type":"🙋","phrase":"Jeg vil flyve på et fly."},{"type":"❤️","phrase":"Jeg kan godt lide fly."},{"type":"🧑‍🤝‍🧑","phrase":"Flyet er overfyldt."}]},{"slug":"van","title":"Van","phrases":[{"type":"🙋","phrase":"Jeg vil køre i en varevogn."}]},{"slug":"hot-air-balloon","title":"Varmluftsballon","phrases":[{"type":"🙋","phrase":"Jeg vil flyve på en varmluftsballon."},{"type":"❤️","phrase":"Jeg kan godt lide ballon med varm luft."}]},{"slug":"fire-truck","title":"Brandbil","phrases":[{"type":"🚨","phrase":"Sirene med brandvogne."}]},{"slug":"police-car","title":"Politibil","phrases":[{"type":"🚨","phrase":"Politiets sirene."},{"type":"❤️","phrase":"Jeg kan godt lide politibiler."}]},{"slug":"ambulance","title":"Ambulance","phrases":[{"type":"🚨","phrase":"Ambulans sirene."}]},{"slug":"stretcher","title":"Båre","phrases":[{"type":"🙋","phrase":"Kan du hjælpe mig med min båre?"}]},{"slug":"helicopter","title":"Helikopter","phrases":[{"type":"🙋","phrase":"Jeg vil flyve på en helikopter."}]},{"slug":"trailer","title":"Anhænger","phrases":[{"type":"🙋","phrase":"Jeg vil køre i en trailer."}]},{"slug":"spaceship","title":"Spaceship","phrases":[{"type":"❤️","phrase":"Jeg kan godt lide rumskibe."},{"type":"🌌","phrase":"Jeg vil rejse i rummet."},{"type":"👽","phrase":"Jeg vil se udlændinge."},{"type":"👩‍🚀","phrase":"Jeg vil til Mars."},{"type":"🚀","phrase":"Kan du tage mig til mars Elon Musk?"}]}]