[{"slug":"luggage","title":"Bagage","phrases":[]},{"slug":"swimming","title":"svømning","phrases":[]},{"slug":"passport","title":"Pas","phrases":[]},{"slug":"tent","title":"Telt","phrases":[]},{"slug":"backpacking","title":"Backpacking","phrases":[]},{"slug":"beach-chair","title":"Strandstol","phrases":[]},{"slug":"room-service","title":"Room Service","phrases":[]},{"slug":"waiting-area","title":"Venteplads","phrases":[]},{"slug":"electric-socket","title":"Elstik","phrases":[]},{"slug":"bag","title":"Taske","phrases":[]},{"slug":"boarding-pass","title":"Boardingkort","phrases":[]},{"slug":"gps","title":"gps","phrases":[]},{"slug":"mountain","title":"bjerg","phrases":[]},{"slug":"camera","title":"Kamera","phrases":[]},{"slug":"hotel","title":"Hotel","phrases":[]},{"slug":"bed","title":"Seng","phrases":[]},{"slug":"hotel-key","title":"Hotelnøgle","phrases":[]},{"slug":"bonfire","title":"Bonfire","phrases":[]},{"slug":"snorkling","title":"snorkling","phrases":[]},{"slug":"action-camera","title":"Handlingskamera","phrases":[]}]