[{"slug":"cucumber","title":"Agurk","phrases":[{"type":"❤️","phrase":"Jeg kan godt lide at spise agurk."},{"type":"🙋","phrase":"Jeg vil gerne spise en agurk."},{"type":"❌","phrase":"Jeg kan ikke lide agurk."}]},{"slug":"onion","title":"Løg","phrases":[{"type":"❤️","phrase":"Jeg kan godt lide at spise løg."},{"type":"🙋","phrase":"Jeg vil spise en løg."},{"type":"❌","phrase":"Jeg kan ikke lide løg."},{"type":"❌","phrase":"Jeg kan ikke lide lugten af løg."}]},{"slug":"garlic","title":"Hvidløg","phrases":[{"type":"❤️","phrase":"Jeg kan godt lide at spise hvidløg."},{"type":"🙋","phrase":"Jeg vil spise hvidløg."},{"type":"❌","phrase":"Jeg kan ikke lide hvidløg."},{"type":"❌","phrase":"Jeg kan ikke lide lugten af hvidløg."}]},{"slug":"carrot","title":"Gulerod","phrases":[{"type":"❤️","phrase":"Jeg kan godt lide at spise gulerod."},{"type":"🙋","phrase":"Jeg vil spise en gulerod."},{"type":"❌","phrase":"Jeg kan ikke lide gulerødder."}]},{"slug":"cabbage","title":"Kål","phrases":[{"type":"❤️","phrase":"Jeg kan godt lide at spise kål."},{"type":"🙋","phrase":"Jeg vil spise kål."},{"type":"❌","phrase":"Jeg kan ikke lide kål."}]},{"slug":"tomato","title":"Tomat","phrases":[{"type":"❤️","phrase":"Jeg kan godt lide at spise tomat."},{"type":"🙋","phrase":"Jeg vil gerne spise en tomat."},{"type":"❌","phrase":"Jeg kan ikke lide tomat."},{"type":"❤️","phrase":"Jeg kan godt lide at få en tomatsuppe."}]},{"slug":"eggplant","title":"Aubergine","phrases":[{"type":"❤️","phrase":"Jeg kan godt lide at spise aubergine."},{"type":"🙋","phrase":"Jeg vil spise en aubergine."},{"type":"❌","phrase":"Jeg kan ikke lide aubergine."}]},{"slug":"mushroom","title":"Champignon","phrases":[{"type":"❤️","phrase":"Jeg kan godt lide at spise champignon."},{"type":"🙋","phrase":"Jeg vil spise en svamp."},{"type":"❌","phrase":"Jeg kan ikke lide champignon."},{"type":"❤️","phrase":"Jeg kan godt lide at have en champignonsuppe."}]},{"slug":"pepper","title":"Peber","phrases":[{"type":"❤️","phrase":"Jeg kan godt lide at spise peber."},{"type":"🙋","phrase":"Jeg vil spise en peber."},{"type":"❌","phrase":"Jeg kan ikke lide peber."}]},{"slug":"corn","title":"majs","phrases":[{"type":"❤️","phrase":"Jeg kan godt lide at spise majs."},{"type":"🙋","phrase":"Jeg vil spise et korn."},{"type":"❌","phrase":"Jeg kan ikke lide majs."},{"type":"❤️","phrase":"Jeg kan godt lide at få en majssuppe."}]},{"slug":"broccoli","title":"broccoli","phrases":[{"type":"❤️","phrase":"Jeg kan godt lide at spise broccoli."},{"type":"🙋","phrase":"Jeg vil gerne spise en broccoli."},{"type":"❌","phrase":"Jeg kan ikke lide broccoli."}]},{"slug":"celery","title":"Selleri","phrases":[{"type":"❤️","phrase":"Jeg kan godt lide at spise selleri."},{"type":"🙋","phrase":"Jeg vil spise selleri."},{"type":"❌","phrase":"Jeg kan ikke lide selleri."}]},{"slug":"chili","title":"chili","phrases":[{"type":"❤️","phrase":"Jeg kan godt lide at spise chili."},{"type":"🙋","phrase":"Jeg vil gerne spise en chili."},{"type":"❌","phrase":"Jeg kan ikke lide chili."}]},{"slug":"potato","title":"Kartoffel","phrases":[{"type":"❤️","phrase":"Jeg kan godt lide at spise kartoffel."},{"type":"🙋","phrase":"Jeg vil spise en kartoffel."},{"type":"❌","phrase":"Jeg kan ikke lide kartoffel."},{"type":"❤️","phrase":"Jeg kan godt lide at spise kartoffel-fries."}]},{"slug":"asparagus","title":"Asparges","phrases":[{"type":"❤️","phrase":"Jeg kan godt lide at spise asparges."},{"type":"🙋","phrase":"Jeg vil gerne spise en asparges."},{"type":"❌","phrase":"Jeg kan ikke lide asparges."}]},{"slug":"cauliflower","title":"Blomkål","phrases":[{"type":"❤️","phrase":"Jeg kan godt lide at spise blomkål."},{"type":"🙋","phrase":"Jeg vil spise en blomkål."},{"type":"❌","phrase":"Jeg kan ikke lide blomkål."}]},{"slug":"pumpkin","title":"Græskar","phrases":[{"type":"❤️","phrase":"Jeg kan godt lide at spise græskar."},{"type":"🙋","phrase":"Jeg vil spise et græskar."},{"type":"❌","phrase":"Jeg kan ikke lide græskar."},{"type":"❤️","phrase":"Jeg kan godt lide at have en græskar suppe."}]},{"slug":"beetroot","title":"Rødbede","phrases":[{"type":"❤️","phrase":"Jeg kan godt lide at spise rødbeder."},{"type":"🙋","phrase":"Jeg vil gerne spise en rødbeder."},{"type":"❌","phrase":"Jeg kan ikke lide rødbeder."}]},{"slug":"bean","title":"Bønne","phrases":[{"type":"❤️","phrase":"Jeg kan godt lide at spise bønner."},{"type":"🙋","phrase":"Jeg vil spise en bønne."},{"type":"❌","phrase":"Jeg kan ikke lide bønne."}]},{"slug":"lettuce","title":"Salat","phrases":[{"type":"❤️","phrase":"Jeg kan godt lide at spise salat."},{"type":"🙋","phrase":"Jeg vil gerne spise en salat."},{"type":"❌","phrase":"Jeg kan ikke lide salat."},{"type":"❤️","phrase":"Jeg kan godt lide, at min salat skal have mere salat."}]},{"slug":"radish","title":"Radise","phrases":[{"type":"❤️","phrase":"Jeg kan godt lide at spise radise."},{"type":"🙋","phrase":"Jeg vil spise en radise."},{"type":"❌","phrase":"Jeg kan ikke lide radise."}]},{"slug":"bok-choy","title":"Bok choy","phrases":[{"type":"❤️","phrase":"Jeg kan godt lide at spise bok choy."},{"type":"🙋","phrase":"Jeg vil gerne spise en bok choy."},{"type":"❌","phrase":"Jeg kan ikke lide bok choy."}]},{"slug":"leek","title":"Leek","phrases":[{"type":"❤️","phrase":"Jeg kan godt lide at spise porrer."},{"type":"🙋","phrase":"Jeg vil spise en purre."},{"type":"❌","phrase":"Jeg kan ikke lide purre."}]},{"slug":"peas","title":"ærter","phrases":[{"type":"❤️","phrase":"Jeg kan godt lide at spise ærter."},{"type":"🙋","phrase":"Jeg vil spise ærter."},{"type":"❌","phrase":"Jeg kan ikke lide ærter."}]},{"slug":"ginger","title":"ingefær","phrases":[{"type":"❤️","phrase":"Jeg kan godt lide at spise ingefær."},{"type":"🙋","phrase":"Jeg vil spise en ingefær."},{"type":"❌","phrase":"Jeg kan ikke lide ingefær."}]},{"slug":"sweet-potato","title":"Sød kartoffel","phrases":[{"type":"❤️","phrase":"Jeg kan godt lide at spise søde kartofler."},{"type":"🙋","phrase":"Jeg vil gerne spise en sød kartoffel."},{"type":"❌","phrase":"Jeg kan ikke lide søde kartofler."},{"type":"❤️","phrase":"Jeg kan godt lide at spise stegte søde kartofler."}]},{"slug":"olives","title":"oliven","phrases":[{"type":"❤️","phrase":"Jeg kan godt lide at spise oliven."},{"type":"🙋","phrase":"Jeg vil spise oliven."},{"type":"❌","phrase":"Jeg kan ikke lide oliven."},{"type":"❤️","phrase":"Jeg kan godt lide oliven i min pizza."}]}]