[{"slug":"walking","title":"হাঁটা","phrases":[{"type":"❤️","phrase":"আমি হাঁটা পছন্দ"},{"type":"❌","phrase":"আমি হাঁটা পছন্দ করি না"},{"type":"🙋","phrase":"আপনি কি একসাথে চলতে চান?"}]},{"slug":"running","title":"চলমান","phrases":[{"type":"❤️","phrase":"আমি দৌড়াতে পছন্দ করি"},{"type":"❌","phrase":"আমি দৌড়াতে পছন্দ করি না"},{"type":"🙋","phrase":"আপনি কি দৌড়াতে যেতে চান?"}]},{"slug":"talking","title":"টকিং","phrases":[{"type":"❤️","phrase":"আমি কথা বলতে পছন্দ করি।"},{"type":"❌","phrase":"আমি কথা বলতে পছন্দ করি না।"},{"type":"🙋","phrase":"তুমি কি আমার সাথে কথা বলতে চাও?"}]},{"slug":"reading","title":"পড়া","phrases":[{"type":"❤️","phrase":"আমি পড়তে পছন্দ করি"},{"type":"❌","phrase":"পড়া আমার ভাল লাগে না।"},{"type":"🙋","phrase":"আপনি কি একসাথে পড়তে চান?"}]},{"slug":"football","title":"ফুটবল","phrases":[{"type":"❤️","phrase":"আমি ফুটবল খেলতে পছন্দ করি."},{"type":"❌","phrase":"আমি ফুটবল খেলা পছন্দ করি না।"},{"type":"🙋","phrase":"তুমি কি ফুটবল খেলতে চাও?"}]},{"slug":"basketball","title":"বাস্কেটবল","phrases":[{"type":"❤️","phrase":"আমি বাস্কেটবল খেলতে পছন্দ করি."},{"type":"❌","phrase":"আমি বাস্কেটবল খেলতে পছন্দ করি না"},{"type":"🙋","phrase":"আপনি কি বাস্কেটবল খেলতে চান?"}]},{"slug":"swimming","title":"সাঁতার","phrases":[{"type":"❤️","phrase":"আমি সাঁতার পছন্দ করি."},{"type":"❌","phrase":"আমি সাঁতার পছন্দ করি না"},{"type":"🙋","phrase":"আপনি কি সাঁতার যেতে চান?"}]},{"slug":"painting","title":"পেন্টিং","phrases":[{"type":"❤️","phrase":"আমি আঁকতে পছন্দ করি."},{"type":"❌","phrase":"চিত্রকলা আমার পছন্দ নয়।"},{"type":"🙋","phrase":"আপনি কি এক সাথে আঁকা চান?"}]},{"slug":"drawing","title":"অঙ্কন","phrases":[{"type":"❤️","phrase":"আমি আঁকাআঁকি করতে পছন্দ করি."},{"type":"❌","phrase":"আমার আঁকার পছন্দ নয়"},{"type":"🙋","phrase":"আপনি কি একসাথে আঁকতে চান?"}]},{"slug":"cycling","title":"সাইকেলে চলা","phrases":[{"type":"❤️","phrase":"আমি সাইক্লিং পছন্দ করি।"},{"type":"❌","phrase":"আমি সাইক্লিং পছন্দ করি না"},{"type":"🙋","phrase":"আপনি কি সাইক্লিং যেতে চান?"}]},{"slug":"skating","title":"স্কেটিং","phrases":[{"type":"❤️","phrase":"আমি স্কেটিং পছন্দ করি"},{"type":"❌","phrase":"আমি স্কেটিং পছন্দ করি না"},{"type":"🙋","phrase":"আপনি কি স্কেটিং যেতে চান?"}]},{"slug":"sightseeing","title":"দর্শনীয় স্থানাদিদর্শন","phrases":[{"type":"❤️","phrase":"আমি দর্শনীয় স্থান পছন্দ।"},{"type":"❌","phrase":"আমি দর্শনীয় স্থান পছন্দ করি না।"},{"type":"🙋","phrase":"আপনি কি দর্শনীয় স্থান যেতে চান?"}]},{"slug":"video-games","title":"ভিডিও গেমস","phrases":[{"type":"❤️","phrase":"আমি ভিডিও গেমস খেলতে পছন্দ করি."},{"type":"❌","phrase":"আমি ভিডিও গেম খেলতে পছন্দ করি না।"},{"type":"🙋","phrase":"আপনি গেমস খেলতে চান?"}]},{"slug":"tidying","title":"tidying","phrases":[{"type":"❤️","phrase":"আমি আমার ঘর গোছানো পছন্দ করি।"},{"type":"❌","phrase":"আমি আমার ঘর পরিদর্শন পছন্দ করি না।"},{"type":"🙋","phrase":"আপনি আমার ঘর পরিপাটি করতে সাহায্য করতে পারেন?"}]},{"slug":"toys","title":"খেলনা","phrases":[{"type":"❤️","phrase":"আমি খেলনা পছন্দ করি।"},{"type":"❌","phrase":"আমি খেলনা পছন্দ করি না"},{"type":"🙋","phrase":"তুমি কি আমার খেলনা খেলতে চাও?"}]},{"slug":"puzzle","title":"ধাঁধা","phrases":[{"type":"❤️","phrase":"আমি ধাঁধা সমাধান পছন্দ করি।"},{"type":"❌","phrase":"আমি ধাঁধা সমাধান পছন্দ করি না।"},{"type":"🙋","phrase":"আপনি কি আমার সাথে ধাঁধা সমাধান করতে চান?"}]},{"slug":"comics","title":"কমিক্স","phrases":[{"type":"❤️","phrase":"আমি কমিকস পড়তে পছন্দ করি।"},{"type":"❌","phrase":"আমি কমিকস পড়া পছন্দ করি না।"},{"type":"🙋","phrase":"আপনি কি কমিকস পড়তে চান?"}]},{"slug":"chess","title":"দাবা","phrases":[{"type":"❤️","phrase":"আমি দাবা খেলা পছন্দ করি।"},{"type":"❌","phrase":"আমি দাবা খেলা পছন্দ করি না।"},{"type":"🙋","phrase":"তুমি কি আমার সাথে দাবা খেলতে চাও?"}]},{"slug":"using-leeloo","title":"লেলু ব্যবহার করা","phrases":[{"type":"❤️","phrase":"আমি লেবু ব্যবহার করতে পছন্দ করি"},{"type":"❌","phrase":"আমি লেবু ব্যবহার পছন্দ করি না"},{"type":"🙋","phrase":"আপনি কি লেবুতে কার্ড প্যাকগুলি পরিবর্তন করতে পারেন?"}]},{"slug":"texting","title":"টেক্সটিং","phrases":[{"type":"❤️","phrase":"আমি পাঠ্য পছন্দ করি।"},{"type":"❌","phrase":"আমি পাঠ্য পছন্দ করি না"}]},{"slug":"knitting","title":"সম্মিলন","phrases":[{"type":"❤️","phrase":"আমি বুনন পছন্দ করি।"},{"type":"❌","phrase":"আমি বুনন পছন্দ করি না।"},{"type":"🙋","phrase":"আমি বুনন শিখতে চাই।"}]},{"slug":"bowling","title":"বোলিং","phrases":[{"type":"❤️","phrase":"আমি বোলিং পছন্দ করি"},{"type":"❌","phrase":"আমি বোলিং পছন্দ করি না।"},{"type":"🙋","phrase":"আপনি কি আমার সাথে বোলিং খেলতে চান?"}]},{"slug":"watching-tv","title":"টিভি দেখছি","phrases":[{"type":"❤️","phrase":"আমি টিভি দেখতে পছন্দ করি."},{"type":"❌","phrase":"আমি টিভি দেখতে পছন্দ করি না।"},{"type":"🙋","phrase":"আপনি কি টিভি দেখতে চান?"}]},{"slug":"fishing","title":"মাছ ধরা","phrases":[{"type":"❤️","phrase":"আমি মাছ ধরা পছন্দ করি"},{"type":"❌","phrase":"আমি মাছ ধরা পছন্দ করি না"},{"type":"🙋","phrase":"আপনি কি মাছ ধরতে যেতে চান?"}]},{"slug":"exercising","title":"চর্চা","phrases":[{"type":"❤️","phrase":"আমি অনুশীলন পছন্দ করি।"},{"type":"❌","phrase":"আমি অনুশীলন পছন্দ করি না"},{"type":"🙋","phrase":"আপনি কি আমার সাথে অনুশীলন করতে চান?"}]},{"slug":"tennis","title":"টেনিস","phrases":[{"type":"❤️","phrase":"আমি টেনিস খেলতে পছন্দ করি."},{"type":"❌","phrase":"আমি টেনিস খেলতে পছন্দ করি না।"},{"type":"🙋","phrase":"তুমি কি আমার সাথে টেনিস খেলতে চাও?"}]}]