[{"slug":"cat","title":"বিড়াল","phrases":[{"type":"❤️","phrase":"আমি বিড়াল পছন্দ করি"},{"type":"👀","phrase":"একটা বিড়াল দেখলাম।"},{"type":"🔊","phrase":"একটি বিড়াল কি শব্দ করে?"},{"type":"🐈","phrase":"আমরা কি পোষা প্রাণী হিসাবে একটি বিড়াল পেতে পারি?"}]},{"slug":"dog","title":"কুকুর","phrases":[{"type":"❤️","phrase":"আমি কুকুর পছন্দ করি."},{"type":"👀","phrase":"আমি একটি কুকুর দেখেছি।"},{"type":"🔊","phrase":"একটি কুকুর কি শব্দ করে?"},{"type":"🐕","phrase":"আমরা কি পোষা প্রাণী হিসাবে একটি কুকুর পেতে পারি?"}]},{"slug":"fish","title":"মাছ","phrases":[{"type":"❤️","phrase":"আমি মাছ পছন্দ."},{"type":"👀","phrase":"একটা মাছ দেখলাম।"},{"type":"🔊","phrase":"কোন মাছ কি শব্দ করে?"},{"type":"🐠","phrase":"পোষা প্রাণী হিসাবে আমরা কি একটি মাছ পেতে পারি?"}]},{"slug":"rabbit","title":"খরগোশ","phrases":[{"type":"❤️","phrase":"আমি খরগোশ পছন্দ করি।"},{"type":"👀","phrase":"আমি একটি খরগোশ দেখেছি।"},{"type":"🔊","phrase":"কোন খরগোশ কী শব্দ করে?"},{"type":"🐇","phrase":"আমরা কি পোষা প্রাণী হিসাবে একটি খরগোশ পেতে পারি?"}]},{"slug":"butterfly","title":"প্রজাপতি","phrases":[{"type":"❤️","phrase":"আমি প্রজাপতি পছন্দ করি"},{"type":"👀","phrase":"আমি একটি প্রজাপতি দেখেছি।"},{"type":"🔊","phrase":"প্রজাপতি কী শব্দ করে?"}]},{"slug":"kangaroo","title":"ক্যাঙ্গারু","phrases":[{"type":"❤️","phrase":"আমি ক্যাঙ্গারু পছন্দ করি।"},{"type":"👀","phrase":"আমি একটা ক্যাঙ্গারু দেখলাম।"},{"type":"🔊","phrase":"কোন ক্যাঙ্গারু কী শব্দ করে?"}]},{"slug":"turtle","title":"কচ্ছপ","phrases":[{"type":"❤️","phrase":"আমি কচ্ছপ পছন্দ করি."},{"type":"👀","phrase":"একটা কচ্ছপ দেখলাম।"},{"type":"🔊","phrase":"একটি কচ্ছপ কি শব্দ তোলে?"}]},{"slug":"giraffe","title":"জিরাফ","phrases":[{"type":"❤️","phrase":"আমি জিরাফ পছন্দ করি"},{"type":"👀","phrase":"একটা জিরাফ দেখলাম।"},{"type":"🔊","phrase":"জিরাফ কী শব্দ করে?"}]},{"slug":"frog","title":"ব্যাঙ","phrases":[{"type":"❤️","phrase":"আমি ব্যাঙ পছন্দ করি"},{"type":"👀","phrase":"আমি একটি ব্যাঙ দেখলাম।"},{"type":"🔊","phrase":"ব্যাঙ কী শব্দ করে?"}]},{"slug":"swan","title":"রাজহাঁস","phrases":[{"type":"❤️","phrase":"আমি রাজহাঁস পছন্দ করি"},{"type":"👀","phrase":"একটা রাজহাঁস দেখলাম।"},{"type":"🔊","phrase":"রাজহাঁস কী শব্দ করে?"}]},{"slug":"spider","title":"মাকড়সা","phrases":[{"type":"❤️","phrase":"আমি মাকড়সা পছন্দ করি"},{"type":"👀","phrase":"একটা মাকড়সা দেখলাম।"},{"type":"🔊","phrase":"কোন মাকড়সা কী শব্দ করে?"}]},{"slug":"cow","title":"গাভী","phrases":[{"type":"❤️","phrase":"আমি গরু পছন্দ করি"},{"type":"👀","phrase":"একটা গরু দেখলাম।"},{"type":"🔊","phrase":"গরু কী শব্দ করে?"}]},{"slug":"duck","title":"হাঁস","phrases":[{"type":"❤️","phrase":"আমি হাঁস পছন্দ করি"},{"type":"👀","phrase":"আমি একটি হাঁস দেখেছি।"},{"type":"🔊","phrase":"হাঁস কী শব্দ করে?"}]},{"slug":"horse","title":"ঘোড়া","phrases":[{"type":"❤️","phrase":"আমি ঘোড়া পছন্দ করি."},{"type":"👀","phrase":"একটা ঘোড়া দেখলাম।"},{"type":"🔊","phrase":"ঘোড়া কী শব্দ করে?"}]},{"slug":"chicken","title":"মুরগির মাংস","phrases":[{"type":"❤️","phrase":"আমি মুরগি পছন্দ করি"},{"type":"👀","phrase":"আমি একটি মুরগি দেখেছি।"},{"type":"🔊","phrase":"মুরগি কী আওয়াজ করে?"}]},{"slug":"bee","title":"মৌমাছি","phrases":[{"type":"❤️","phrase":"আমি মৌমাছি পছন্দ করি।"},{"type":"👀","phrase":"আমি একটা মৌমাছি দেখেছি।"},{"type":"🔊","phrase":"মৌমাছি কী আওয়াজ করে?"}]},{"slug":"pig","title":"শূকর","phrases":[{"type":"❤️","phrase":"আমি শুকর পছন্দ করি"},{"type":"👀","phrase":"আমি একটি শূকর দেখতে পেলাম।"},{"type":"🔊","phrase":"শূকর কিসের শব্দ করে?"}]},{"slug":"dove","title":"ঘুঘু","phrases":[{"type":"❤️","phrase":"আমি কবুতর পছন্দ করি"},{"type":"👀","phrase":"একটা ঘুঘু দেখলাম।"},{"type":"🔊","phrase":"একটি ঘুঘু কী শব্দ করে?"}]},{"slug":"crab","title":"কাঁকড়া","phrases":[{"type":"❤️","phrase":"আমি কাঁকড়া পছন্দ করি"},{"type":"👀","phrase":"একটা কাঁকড়া দেখলাম।"},{"type":"🔊","phrase":"একটি কাঁকড়া কি আওয়াজ তোলে?"}]},{"slug":"penguin","title":"পেংগুইন","phrases":[{"type":"❤️","phrase":"আমি পেঙ্গুইন পছন্দ করি"},{"type":"👀","phrase":"আমি একটি পেঙ্গুইন দেখেছি।"},{"type":"🔊","phrase":"একটি পেঙ্গুইন কি শব্দ করে?"}]},{"slug":"elephant","title":"হাতি","phrases":[{"type":"❤️","phrase":"আমি হাতি পছন্দ করি"},{"type":"👀","phrase":"আমি একটি হাতি দেখেছি।"},{"type":"🔊","phrase":"একটি হাতি কী শব্দ করে?"}]},{"slug":"zebra","title":"জেব্রা","phrases":[{"type":"❤️","phrase":"আমি জেব্রা পছন্দ করি।"},{"type":"👀","phrase":"একটা জেব্রা দেখলাম।"},{"type":"🔊","phrase":"একটি জেব্রা কি আওয়াজ করে?"}]},{"slug":"panda","title":"পান্ডা","phrases":[{"type":"❤️","phrase":"আমি পান্ডা পছন্দ করি"},{"type":"👀","phrase":"একটা পান্ডা দেখলাম।"},{"type":"🔊","phrase":"কোন পান্ডা কি শব্দ করে?"}]},{"slug":"monkey","title":"বানর","phrases":[{"type":"❤️","phrase":"আমি বানর পছন্দ করি"},{"type":"👀","phrase":"একটা বানর দেখলাম।"},{"type":"🔊","phrase":"বানর কী শব্দ করে?"}]},{"slug":"camel","title":"উট","phrases":[{"type":"❤️","phrase":"আমি উট পছন্দ করি"},{"type":"👀","phrase":"আমি একটা উট দেখলাম।"},{"type":"🔊","phrase":"উট কী শব্দ করে?"}]},{"slug":"mouse","title":"মাউস","phrases":[{"type":"❤️","phrase":"আমি ইঁদুর পছন্দ করি"},{"type":"👀","phrase":"আমি একটি ইঁদুর দেখেছি।"},{"type":"🔊","phrase":"মাউস কী শব্দ করে?"}]},{"slug":"tiger","title":"বাঘ","phrases":[{"type":"❤️","phrase":"আমি বাঘ পছন্দ করি"},{"type":"👀","phrase":"একটা বাঘ দেখলাম।"},{"type":"🔊","phrase":"বাঘ কী শব্দ করে?"}]},{"slug":"jellyfish","title":"জেলি-মাছ","phrases":[{"type":"❤️","phrase":"আমি জেলিফিশ পছন্দ করি।"},{"type":"👀","phrase":"আমি একটি জেলিফিশ দেখেছি।"},{"type":"🔊","phrase":"জেলিফিশ কী শব্দ করে?"}]},{"slug":"crocodile","title":"কুম্ভীর","phrases":[{"type":"❤️","phrase":"আমি কুমির পছন্দ করি"},{"type":"👀","phrase":"একটা কুমির দেখলাম।"},{"type":"🔊","phrase":"কুমির কী শব্দ করে?"}]},{"slug":"koala","title":"কোয়ালা","phrases":[{"type":"❤️","phrase":"আমি কোয়ালাস পছন্দ করি।"},{"type":"👀","phrase":"একটা কোয়ালা দেখলাম।"},{"type":"🔊","phrase":"কোয়ালা কি শব্দ করে?"}]},{"slug":"ostrich","title":"উটপাখী","phrases":[{"type":"❤️","phrase":"আমি উটপাখি পছন্দ করি।"},{"type":"👀","phrase":"আমি একটা উটপাখি দেখেছি।"},{"type":"🔊","phrase":"উটপাখি কী গোলমাল করে?"}]},{"slug":"racoon","title":"র্যাকুন","phrases":[{"type":"❤️","phrase":"আমি রাকুন পছন্দ করি"},{"type":"👀","phrase":"আমি একটি রাকুন দেখেছি।"},{"type":"🔊","phrase":"একটি রাকুন কি শব্দ করতে পারে?"}]},{"slug":"bat","title":"বাদুড়","phrases":[{"type":"❤️","phrase":"আমি বাদুড় পছন্দ করি।"},{"type":"👀","phrase":"একটা ব্যাট দেখলাম।"},{"type":"🔊","phrase":"কোন ব্যাট গোলমাল করে?"}]},{"slug":"eagle","title":"গল","phrases":[{"type":"❤️","phrase":"আমি agগল পছন্দ করি"},{"type":"👀","phrase":"একটা sawগল দেখলাম।"},{"type":"🔊","phrase":"Agগল কী শব্দ করে?"}]},{"slug":"hippopotamus","title":"জলহস্তী","phrases":[{"type":"❤️","phrase":"আমি হিপ্পোপটামাস পছন্দ করি।"},{"type":"👀","phrase":"আমি একটি হিপ্পোপটামাস দেখেছি।"},{"type":"🔊","phrase":"হিপ্পোপটামাস কী শব্দ করে?"}]},{"slug":"seal","title":"সীল","phrases":[{"type":"❤️","phrase":"আমি সীল পছন্দ করি"},{"type":"👀","phrase":"আমি একটি সিল দেখেছি।"},{"type":"🔊","phrase":"একটি সীল কি শব্দ তোলে?"}]},{"slug":"walrus","title":"সিন্ধুঘোটক","phrases":[{"type":"❤️","phrase":"আমি ওয়ালুরস পছন্দ করি।"},{"type":"👀","phrase":"আমি একটি ওয়ালরাসকে দেখলাম।"},{"type":"🔊","phrase":"ওয়ালরাস কি আওয়াজ করে?"}]},{"slug":"seahorse","title":"সিহর্স","phrases":[{"type":"❤️","phrase":"আমি সমুদ্র ঘোড়া পছন্দ করি।"},{"type":"👀","phrase":"আমি একটি সমুদ্রের ঘোড়া দেখেছি।"},{"type":"🔊","phrase":"সমুদ্রের ঘোড়া কি শব্দ করে?"}]},{"slug":"bull","title":"ষাঁড়","phrases":[{"type":"❤️","phrase":"আমি ষাঁড় পছন্দ করি"},{"type":"👀","phrase":"একটা ষাঁড় দেখলাম।"},{"type":"🔊","phrase":"ষাঁড় কী শব্দ করে?"}]},{"slug":"pelican","title":"চাতক","phrases":[{"type":"❤️","phrase":"আমি পেলিকান পছন্দ করি।"},{"type":"👀","phrase":"আমি পেলিক্যান দেখেছি।"},{"type":"🔊","phrase":"কোন পেলিক্যান কী শব্দ করে?"}]},{"slug":"beaver","title":"বীবর","phrases":[{"type":"❤️","phrase":"আমি বিভার পছন্দ করি।"},{"type":"👀","phrase":"আমি একটি বিভার দেখেছি।"},{"type":"🔊","phrase":"বিভার কি শব্দ করে?"}]},{"slug":"goldfish","title":"গোল্ডফিশ","phrases":[{"type":"❤️","phrase":"আমি গোল্ডফিশ পছন্দ করি।"},{"type":"👀","phrase":"আমি একটা সোনারফিশ দেখেছি।"},{"type":"🔊","phrase":"গোল্ডফিশ কী গোলমাল করে?"},{"type":"🐠","phrase":"পোষা প্রাণীর মতো আমরা কি গোল্ডফিশ পেতে পারি?"}]},{"slug":"rhinoceros","title":"গণ্ডার","phrases":[{"type":"❤️","phrase":"আমি গণ্ডার পছন্দ করি"},{"type":"👀","phrase":"আমি গণ্ডার দেখেছি।"},{"type":"🔊","phrase":"গণ্ডার কী শব্দ করে?"}]},{"slug":"snake","title":"সাপ","phrases":[{"type":"❤️","phrase":"আমি সাপ পছন্দ করি"},{"type":"👀","phrase":"একটা সাপ দেখলাম।"},{"type":"🔊","phrase":"সাপ কি শব্দ করে?"}]},{"slug":"lion","title":"সিংহ","phrases":[{"type":"❤️","phrase":"আমি সিংহ পছন্দ করি"},{"type":"👀","phrase":"সিংহকে দেখলাম।"},{"type":"🔊","phrase":"সিংহ কী শব্দ করে?"}]},{"slug":"squid","title":"স্কুইড","phrases":[{"type":"❤️","phrase":"আমি স্কুইড পছন্দ করি।"},{"type":"👀","phrase":"আমি একটি স্কুইড দেখেছি।"},{"type":"🔊","phrase":"স্কুইড কী শব্দ করে?"}]},{"slug":"whale","title":"হোয়েল","phrases":[{"type":"❤️","phrase":"আমি তিমি পছন্দ করি"},{"type":"👀","phrase":"আমি একটি তিমি দেখেছি।"},{"type":"🔊","phrase":"কোন তিমি কী শব্দ করে?"}]},{"slug":"beetle","title":"পোকা","phrases":[{"type":"❤️","phrase":"আমি বিটল পছন্দ করি।"},{"type":"👀","phrase":"আমি একটি বিটল দেখেছি।"},{"type":"🔊","phrase":"পোকা কী শব্দ করে?"}]},{"slug":"dolphin","title":"শুশুক","phrases":[{"type":"❤️","phrase":"আমি ডলফিন পছন্দ করি"},{"type":"👀","phrase":"একটা ডলফিন দেখলাম।"},{"type":"🔊","phrase":"ডলফিন কী শব্দ করে?"}]},{"slug":"starfish","title":"তারামাছ","phrases":[{"type":"❤️","phrase":"আমি স্টারফিশ পছন্দ করি।"},{"type":"👀","phrase":"আমি একটি স্টারফিশ দেখেছি।"},{"type":"🔊","phrase":"স্টারফিশ কী শব্দ করে?"}]},{"slug":"parakeet","title":"টিয়া","phrases":[{"type":"❤️","phrase":"আমি প্যারাকিট পছন্দ করি।"},{"type":"👀","phrase":"আমি পরকীয়া দেখলাম।"},{"type":"🔊","phrase":"একজন পরকীয়া কী শব্দ করে?"}]},{"slug":"owl","title":"পেঁচা","phrases":[{"type":"❤️","phrase":"আমি পেঁচা পছন্দ করি"},{"type":"👀","phrase":"আমি পেঁচা দেখলাম।"},{"type":"🔊","phrase":"পেঁচা কী শব্দ করে?"}]},{"slug":"sheep","title":"মেষ","phrases":[{"type":"❤️","phrase":"আমি ভেড়া পছন্দ করি"},{"type":"👀","phrase":"একটা ভেড়া দেখলাম।"},{"type":"🔊","phrase":"ভেড়া কোন শব্দ করে?"}]}]