[{"slug":"pants","title":"প্যান্ট","phrases":[{"type":"🧼","phrase":"আমার প্যান্ট নোংরা।"},{"type":"🙋","phrase":"আপনি আমার প্যান্ট পরতে সাহায্য করতে পারেন?"}]},{"slug":"shirt","title":"শার্ট","phrases":[{"type":"🧼","phrase":"আমার শার্ট নোংরা।"},{"type":"🙋","phrase":"আপনি আমার শার্ট পরতে সাহায্য করতে পারেন?"}]},{"slug":"skirt","title":"স্কার্ট","phrases":[{"type":"🧼","phrase":"আমার স্কার্ট নোংরা।"},{"type":"🙋","phrase":"আপনি আমার স্কার্ট পরতে সাহায্য করতে পারেন?"}]},{"slug":"panty","title":"ভোদার","phrases":[{"type":"🧼","phrase":"আমার অন্তর্বাস নোংরা।"},{"type":"🙋","phrase":"আপনি আমার প্যান্টি পরতে সাহায্য করতে পারেন?"}]},{"slug":"jacket","title":"জ্যাকেট","phrases":[{"type":"🧼","phrase":"আমার জ্যাকেটটি নোংরা।"},{"type":"🙋","phrase":"আপনি আমার জ্যাকেট পরতে সাহায্য করতে পারেন?"}]},{"slug":"tie","title":"টাই","phrases":[{"type":"❤️","phrase":"আমি টাই পরা পছন্দ করি।"},{"type":"🙋","phrase":"আপনি আমার টাই বাঁধতে সাহায্য করতে পারেন?"}]},{"slug":"baseball-cap","title":"বেসবল ক্যাপ","phrases":[{"type":"❤️","phrase":"আমি বেসবল ক্যাপ পরতে পছন্দ করি।"},{"type":"❓","phrase":"আমার কোন বেসবল ক্যাপটি পরা উচিত?"}]},{"slug":"dress","title":"পোশাক","phrases":[{"type":"🧼","phrase":"আমার পোশাক নোংরা।"},{"type":"🙋","phrase":"আপনি আমার পোষাক পরতে সাহায্য করতে পারেন?"}]},{"slug":"shoes","title":"জুতা","phrases":[{"type":"🧼","phrase":"আমার জুতো নোংরা।"},{"type":"🙋","phrase":"আপনি আমার জুতো পরতে সাহায্য করতে পারেন?"}]},{"slug":"boots","title":"বুট","phrases":[{"type":"🧼","phrase":"আমার বুট নোংরা।"},{"type":"🙋","phrase":"আপনি আমার বুট পরতে সাহায্য করতে পারেন?"}]},{"slug":"sneakers","title":"কেডস","phrases":[{"type":"🎈","phrase":"আমি আমার স্নিকার পরতে চাই"},{"type":"🙋","phrase":"আপনি আমার স্নিকারস পরতে সাহায্য করতে পারেন?"}]},{"slug":"slippers","title":"চপ্পল","phrases":[{"type":"🎈","phrase":"আমি আমার চপ্পল পরতে চাই"},{"type":"🙋","phrase":"আপনি আমার চপ্পল পরতে সাহায্য করতে পারেন?"}]},{"slug":"belt","title":"বেল্ট","phrases":[{"type":"❤️","phrase":"আমি বেল্ট পরতে পছন্দ করি"},{"type":"🙋","phrase":"আপনি আমার বেল্ট পরতে সাহায্য করতে পারেন?"}]},{"slug":"socks","title":"মোজা","phrases":[{"type":"🧼","phrase":"আমার মোজা নোংরা।"},{"type":"🙋","phrase":"আপনি কি আমার মোজা পরতে সাহায্য করতে পারেন?"}]},{"slug":"swimsuit","title":"সাঁতারের পোষাক","phrases":[{"type":"❤️","phrase":"আমি আমার সাঁতারের পোশাক পরতে চাই"},{"type":"🙋","phrase":"আপনি আমার সাঁতারের পোশাক পরতে সাহায্য করতে পারেন?"}]},{"slug":"sweater","title":"সোয়েটার","phrases":[{"type":"🧼","phrase":"আমার সোয়েটার নোংরা।"},{"type":"🙋","phrase":"আপনি কি আমার সোয়েটার পরতে সাহায্য করতে পারেন?"}]},{"slug":"scarf","title":"ওড়না","phrases":[{"type":"❤️","phrase":"আমি স্কার্ফ পরা পছন্দ করি।"},{"type":"🙋","phrase":"আপনি আমার স্কার্ফ পরতে সাহায্য করতে পারেন?"}]},{"slug":"denim-shorts","title":"জিন্সের হাফপ্যান্ট","phrases":[{"type":"🧼","phrase":"আমার ডেনিম শর্টস নোংরা।"},{"type":"🙋","phrase":"আপনি আমার ডেনিম শর্টস পরতে সাহায্য করতে পারেন?"}]},{"slug":"hoodies","title":"Hoodies","phrases":[{"type":"❤️","phrase":"আমি হুডি পরতে পছন্দ করি।"},{"type":"🙋","phrase":"আপনি আমাকে আমার হুডি পরতে সাহায্য করতে পারেন?"}]},{"slug":"swimming-shorts","title":"সাঁতার হাফপ্যান্ট","phrases":[{"type":"🧼","phrase":"আমার সাঁতার শর্টস নোংরা।"},{"type":"🙋","phrase":"আপনি আমার সাঁতার শর্টস পরতে সাহায্য করতে পারেন?"}]},{"slug":"bow-tie","title":"বো টাই","phrases":[{"type":"❤️","phrase":"আমি নম টাই পরেন"},{"type":"🙋","phrase":"আপনি কি আমাকে আমার টাই টাই পরতে সাহায্য করতে পারেন?"}]},{"slug":"leather-jacket","title":"চামড়ার জ্যাকেট","phrases":[{"type":"❤️","phrase":"আমি চামড়ার জ্যাকেট পরতে পছন্দ করি"},{"type":"🙋","phrase":"আপনি আমার চামড়ার জ্যাকেট পরতে সাহায্য করতে পারেন?"}]},{"slug":"bathrobe","title":"Bathrope","phrases":[{"type":"❤️","phrase":"আমি বাথরোব পরতে পছন্দ করি।"},{"type":"🙋","phrase":"আপনি আমার বাথরোব পরতে সাহায্য করতে পারেন?"}]},{"slug":"jumpsuit","title":"জাম্পস্যুট","phrases":[{"type":"❤️","phrase":"আমি জাম্পসুট পরতে পছন্দ করি।"},{"type":"🙋","phrase":"আপনি আমার জাম্পসুট পরতে সাহায্য করতে পারেন?"}]},{"slug":"fedora-hat","title":"ফেডোরার টুপি","phrases":[{"type":"❤️","phrase":"আমি ফেডোরার টুপি পছন্দ করি।"},{"type":"🙋","phrase":"আপনি কি আমার ফেডোরার টুপি পরতে সাহায্য করতে পারেন?"}]},{"slug":"t-shirt","title":"টি-শার্ট","phrases":[{"type":"❤️","phrase":"আমি টি-শার্ট পরা পছন্দ করি।"},{"type":"🙋","phrase":"আপনি কি আমার টি-শার্ট পরতে সাহায্য করতে পারেন?"}]},{"slug":"sleeveless","title":"হাতাহীন","phrases":[{"type":"❤️","phrase":"আমি স্লিভলেস পরতে পছন্দ করি।"},{"type":"🙋","phrase":"আপনি আমার হাতহাতা না পরতে সাহায্য করতে পারেন?"}]},{"slug":"boxers","title":"মুষ্টিযোদ্ধাদের","phrases":[{"type":"❤️","phrase":"আমি বক্সার পরা পছন্দ করি।"},{"type":"🙋","phrase":"আপনি কি আমাকে আমার বক্সার পরতে সাহায্য করতে পারেন?"}]},{"slug":"vest","title":"ন্যস্ত করা","phrases":[{"type":"❤️","phrase":"আমি ন্যস্ত পরা পছন্দ করি"},{"type":"🙋","phrase":"তুমি কি আমাকে আমার ন্যস্ত করতে পারো?"}]},{"slug":"pamela-hat","title":"পামেলা টুপি","phrases":[{"type":"❤️","phrase":"আমি পামেলার টুপি পছন্দ করি।"},{"type":"🙋","phrase":"আপনি আমার পামেলা টুপি পরতে সাহায্য করতে পারেন?"}]},{"slug":"high-heels","title":"হাই হিলস","phrases":[{"type":"❤️","phrase":"আমি হাই হিল পরতে পছন্দ করি।"},{"type":"🙋","phrase":"আপনি আমার হাই হিল পরতে সাহায্য করতে পারেন?"}]},{"slug":"overalls","title":"overalls","phrases":[{"type":"❤️","phrase":"আমি চকচকে পরতে পছন্দ করি"},{"type":"🙋","phrase":"আপনি আমার চটপটি পরতে সাহায্য করতে পারেন?"}]},{"slug":"kimono","title":"কিমোনো","phrases":[{"type":"❤️","phrase":"আমি কিমনো পরতে পছন্দ করি।"},{"type":"🙋","phrase":"আপনি কি আমার কিমনো পরতে সাহায্য করতে পারেন?"}]},{"slug":"raincoat","title":"রেইনকোট","phrases":[{"type":"❤️","phrase":"আমি রেইনকোট পরা পছন্দ করি।"},{"type":"🙋","phrase":"আপনি আমার রেইনকোট পরতে সাহায্য করতে পারেন?"}]},{"slug":"bandana","title":"পট্টি","phrases":[{"type":"❤️","phrase":"আমি বন্দনা পরতে পছন্দ করি।"},{"type":"🙋","phrase":"তুমি কি আমাকে আমার বন্দনা পরতে সাহায্য করতে পারবে?"}]},{"slug":"beret","title":"টুপিবিশেষ","phrases":[{"type":"❤️","phrase":"আমি ব্রেট পরতে পছন্দ করি"},{"type":"🙋","phrase":"আপনি আমার ব্রেট পরতে সাহায্য করতে পারেন?"}]},{"slug":"knit-hat","title":"বুনা টুপি","phrases":[{"type":"❤️","phrase":"আমি বোনা টুপি পরতে পছন্দ করি।"},{"type":"🙋","phrase":"আপনি কি আমার বোনা টুপি পরতে সাহায্য করতে পারেন?"}]},{"slug":"suspenders","title":"suspenders","phrases":[{"type":"❤️","phrase":"আমি সাসপেন্ডার পরা পছন্দ করি।"},{"type":"🙋","phrase":"আপনি কি আমাকে আমার সাসপেন্ডার্স পরতে সাহায্য করতে পারেন?"}]},{"slug":"mitten","title":"দস্তানাবিশেষ","phrases":[{"type":"❤️","phrase":"আমি mitten পরা পছন্দ।"},{"type":"🙋","phrase":"আপনি কি আমার পিত্তবিন্যাস পরতে সাহায্য করতে পারেন?"}]},{"slug":"suit","title":"মামলা","phrases":[{"type":"❤️","phrase":"আমি স্যুট পরতে পছন্দ করি"},{"type":"🙋","phrase":"আপনি আমার স্যুট পরতে সাহায্য করতে পারেন?"}]},{"slug":"coat","title":"কোট","phrases":[{"type":"❤️","phrase":"আমি কোট পরতে পছন্দ করি"},{"type":"🙋","phrase":"আপনি আমার জামা পরতে সাহায্য করতে পারেন?"}]},{"slug":"trench-coat","title":"সৈন্যদের জলাভেদ্য কোট","phrases":[{"type":"❤️","phrase":"আমি ট্রেঞ্চ কোট পরতে পছন্দ করি।"},{"type":"🙋","phrase":"আপনি কি আমাকে আমার পরিখা কোট পরতে সাহায্য করতে পারেন?"}]}]