[{"slug":"crayons","title":"crayons","phrases":[{"type":"❤️","phrase":"আমি ক্রাইওন পছন্দ করি"},{"type":"🙋","phrase":"আপনি আমাকে crayons দিতে পারেন?"},{"type":"🖍️","phrase":"আমি আমার ক্রেইনগুলি ব্যবহার করে আঁকতে চাই।"}]},{"slug":"red","title":"লাল","phrases":[{"type":"👉","phrase":"এটা লাল."},{"type":"💜","phrase":"আমার প্রিয় রঙ হয় লাল."},{"type":"🙋","phrase":"আপনি আমাকে লাল পেইন্ট দিতে পারেন?"}]},{"slug":"blue","title":"নীল","phrases":[{"type":"👉","phrase":"এটা নীল."},{"type":"💜","phrase":"আমার প্রিয় রঙ নীল।"},{"type":"🙋","phrase":"আপনি আমাকে নীল রঙ দিতে পারেন?"}]},{"slug":"orange","title":"কমলা","phrases":[{"type":"👉","phrase":"এটি কমলা রঙের।"},{"type":"💜","phrase":"আমার প্রিয় রঙ কমলা।"},{"type":"🙋","phrase":"আপনি আমাকে কমলা রঙ দিতে পারেন?"}]},{"slug":"green","title":"সবুজ","phrases":[{"type":"👉","phrase":"এটা সবুজ."},{"type":"💜","phrase":"আমার প্রিয় রঙ সবুজ."},{"type":"🙋","phrase":"আপনি আমাকে সবুজ পেইন্ট দিতে পারেন?"}]},{"slug":"yellow","title":"হলুদ","phrases":[{"type":"👉","phrase":"এটা হলুদ."},{"type":"💜","phrase":"আমার প্রিয় রঙ হলুদ।"},{"type":"🙋","phrase":"আপনি কি আমাকে হলুদ রঙ দিতে পারেন?"}]},{"slug":"purple","title":"রক্তবর্ণ","phrases":[{"type":"👉","phrase":"এটি বেগুনি।"},{"type":"💜","phrase":"বেগুনি রং আমার পছন্দের রং."},{"type":"🙋","phrase":"আপনি আমাকে বেগুনি পেইন্ট দিতে পারেন?"}]},{"slug":"pink","title":"পরাকাষ্ঠা","phrases":[{"type":"👉","phrase":"এটি গোলাপী।"},{"type":"💜","phrase":"আমার প্রিয় রঙ গোলাপী।"},{"type":"🙋","phrase":"আপনি আমাকে গোলাপী রঙ দিতে পারেন?"}]},{"slug":"brown","title":"বাদামী","phrases":[{"type":"👉","phrase":"এটা বাদামী."},{"type":"💜","phrase":"আমার প্রিয় রঙ বাদামী।"},{"type":"🙋","phrase":"আপনি আমাকে ব্রাউন পেইন্ট দিতে পারেন?"}]},{"slug":"black","title":"কালো","phrases":[{"type":"👉","phrase":"এটা কালো."},{"type":"💜","phrase":"আমার প্রিয় রঙ কালো।"},{"type":"🙋","phrase":"আপনি আমাকে কালো পেইন্ট দিতে পারেন?"}]},{"slug":"white","title":"সাদা","phrases":[{"type":"👉","phrase":"ইহা সাদা."},{"type":"💜","phrase":"আমার প্রিয় রঙ সাদা।"},{"type":"🙋","phrase":"আপনি আমাকে সাদা পেইন্ট দিতে পারেন?"}]},{"slug":"gray","title":"ধূসর","phrases":[{"type":"👉","phrase":"এটি ধূসর।"},{"type":"💜","phrase":"আমার প্রিয় রঙ ধূসর।"},{"type":"🙋","phrase":"আপনি আমাকে ধূসর রঙ দিতে পারেন?"}]},{"slug":"transparent","title":"স্বচ্ছ","phrases":[{"type":"👉","phrase":"এটা স্বচ্ছ।"},{"type":"👀","phrase":"আমি স্বচ্ছ রঙের পিছনে দেখতে পাচ্ছি।"},{"type":"🙋","phrase":"আপনি আমাকে মুছতে সাহায্য করতে পারেন?"}]},{"slug":"cyan","title":"সায়ান","phrases":[{"type":"👉","phrase":"এটা সায়ান।"},{"type":"💜","phrase":"আমার প্রিয় রঙ সায়ান।"},{"type":"🙋","phrase":"আপনি আমাকে সায়ান পেইন্ট দিতে পারেন?"}]},{"slug":"violet","title":"বেগুনী","phrases":[{"type":"👉","phrase":"এটি বেগুনি হয়।"},{"type":"💜","phrase":"আমার প্রিয় রঙটি বেগুনি।"},{"type":"🙋","phrase":"আপনি আমাকে ভায়োলেট পেইন্ট দিতে পারেন?"}]},{"slug":"turquoise","title":"ফিরোজা","phrases":[{"type":"👉","phrase":"এটি ফিরোজা।"},{"type":"💜","phrase":"আমার প্রিয় রঙ টার্কোজ ose"},{"type":"🙋","phrase":"আপনি আমাকে টার্কোজ পেইন্ট দিতে পারেন?"}]},{"slug":"lime","title":"চুন","phrases":[{"type":"👉","phrase":"এটা চুন।"},{"type":"💜","phrase":"আমার প্রিয় রঙ চুন।"},{"type":"🙋","phrase":"আপনি আমাকে চুন পেইন্ট দিতে পারেন?"}]},{"slug":"plum","title":"বরই","phrases":[{"type":"👉","phrase":"এটা বরই।"},{"type":"💜","phrase":"আমার প্রিয় রঙ বরই।"},{"type":"🙋","phrase":"আমাকে প্লাম পেইন্ট দিতে পারেন?"}]},{"slug":"tan","title":"কষা","phrases":[{"type":"👉","phrase":"এটি ট্যান কালার।"},{"type":"💜","phrase":"আমার প্রিয় রঙ ট্যান রঙ।"},{"type":"🙋","phrase":"আপনি আমাকে ট্যান রঙের পেইন্ট দিতে পারেন?"}]},{"slug":"avocado","title":"আভাকাডো","phrases":[{"type":"👉","phrase":"এটি অ্যাভোকাডো রঙ।"},{"type":"💜","phrase":"আমার প্রিয় রঙ অ্যাভোকাডো রঙ।"},{"type":"🙋","phrase":"আপনি আমাকে অ্যাভোকাডো রঙিন পেইন্ট দিতে পারেন?"}]},{"slug":"barbie-pink","title":"বার্বি গোলাপী","phrases":[{"type":"👉","phrase":"এটি বারবি গোলাপী রঙ।"},{"type":"💜","phrase":"আমার প্রিয় রঙটি বার্বি গোলাপী।"},{"type":"🙋","phrase":"আপনি আমাকে বার্বি গোলাপী পেইন্ট দিতে পারেন?"}]},{"slug":"blizzard-blue","title":"বরফ ঝর্ণা নীল","phrases":[{"type":"👉","phrase":"এটি বরফখণ্ড নীল বর্ণের।"},{"type":"💜","phrase":"আমার প্রিয় রঙ হ'ল ব্লিজার্ড নীল রঙ।"},{"type":"🙋","phrase":"তুমি কি আমাকে ব্লিজার্ড ব্লু পেইন্ট দিতে পারবে?"}]}]