[{"slug":"coffee","title":"কফি","phrases":[{"type":"❤️","phrase":"আমি কফি পান করতে পছন্দ করি"},{"type":"🙋","phrase":"আমি কফি পান করতে চাই"}]},{"slug":"water","title":"পানি","phrases":[{"type":"☝️","phrase":"আমার জল খাওয়া দরকার।"},{"type":"🙋","phrase":"আমি পানি খেতে চাই."}]},{"slug":"juice","title":"রস","phrases":[{"type":"❤️","phrase":"আমি রস পান করতে পছন্দ করি"},{"type":"🙋","phrase":"আমি রস খেতে চাই"}]},{"slug":"tea","title":"চা","phrases":[{"type":"❤️","phrase":"আমি চা পান পছন্দ করি"},{"type":"🙋","phrase":"আমি চা পান করতে চাই"}]},{"slug":"grape-juice","title":"আঙ্গুরের রস","phrases":[{"type":"❤️","phrase":"আমি আঙ্গুরের রস পান করতে পছন্দ করি।"},{"type":"🙋","phrase":"আমি আঙ্গুরের রস পান করতে চাই।"}]},{"slug":"milk","title":"দুধ","phrases":[{"type":"❤️","phrase":"আমি দুধ পান করতে পছন্দ করি"},{"type":"🙋","phrase":"আমি দুধ পান করতে চাই"}]},{"slug":"milkshake","title":"মিল্ক শেক","phrases":[{"type":"❤️","phrase":"আমি মিল্কশেক পান করতে পছন্দ করি।"},{"type":"🙋","phrase":"আমি মিল্কশেক পান করতে চাই।"}]},{"slug":"orange-juice","title":"কমলার শরবত","phrases":[{"type":"❤️","phrase":"আমি কমলার রস পান করতে পছন্দ করি।"},{"type":"🙋","phrase":"আমি কমলার রস খেতে চাই।"}]},{"slug":"apple-juice","title":"আপেলের রস","phrases":[{"type":"❤️","phrase":"আমি আপেলের রস পান করতে পছন্দ করি।"},{"type":"🙋","phrase":"আমি আপেলের রস পান করতে চাই"}]},{"slug":"pineapple-juice","title":"আনারসের সরবত","phrases":[{"type":"❤️","phrase":"আমি আনারসের রস পান করতে পছন্দ করি।"},{"type":"🙋","phrase":"আমি আনারসের রস খেতে চাই।"}]},{"slug":"lemonade","title":"সরবৎ","phrases":[{"type":"❤️","phrase":"আমি লেবু জল খেতে পছন্দ করি"},{"type":"🙋","phrase":"আমি লেবু জল খেতে চাই।"}]},{"slug":"coke","title":"কোক-কয়লা","phrases":[{"type":"❤️","phrase":"আমি কোক পান করা পছন্দ করি"},{"type":"🙋","phrase":"আমি কোক পান করতে চাই"}]},{"slug":"soda","title":"সোডা","phrases":[{"type":"❤️","phrase":"আমি সোডা পান পছন্দ করি।"},{"type":"🙋","phrase":"আমি সোডা পান করতে চাই"}]},{"slug":"frappe","title":"ফ্র্যাপে","phrases":[{"type":"❤️","phrase":"আমি ফ্রেপ পান করা পছন্দ করি"},{"type":"🙋","phrase":"আমি ফ্রেপ পান করতে চাই"}]},{"slug":"smoothie","title":"মধুভাষী ব্যক্তি","phrases":[{"type":"❤️","phrase":"আমি স্মুদি পান করা পছন্দ করি।"},{"type":"🙋","phrase":"আমি স্মুদি পান করতে চাই।"}]},{"slug":"iced-tea","title":"বরফ চা","phrases":[{"type":"❤️","phrase":"আমি আইসড চা পান করা পছন্দ করি।"},{"type":"🙋","phrase":"আমি আইসড চা পান করতে চাই"}]},{"slug":"hot-chocolate","title":"গরম চকলেট","phrases":[{"type":"❤️","phrase":"আমি গরম চকোলেট পান করতে পছন্দ করি।"},{"type":"🙋","phrase":"আমি গরম চকোলেট পান করতে চাই"}]},{"slug":"mineral-water","title":"খনিজ জল","phrases":[{"type":"❤️","phrase":"আমি খনিজ জল খাওয়া পছন্দ করি।"},{"type":"🙋","phrase":"আমি খনিজ জল খেতে চাই"}]}]