[{"slug":"cotton-candy","title":"কট্টো ক্যান্ডি","phrases":[{"type":"❤️","phrase":"আমি সুতির মিছরি খেতে পছন্দ করি।"}]},{"slug":"magic-hat","title":"যাদু টুপি","phrases":[{"type":"❤️","phrase":"আমি যাদু টুপি পরতে পছন্দ করি।"}]},{"slug":"ferris-wheel","title":"ফেরিস হুইল","phrases":[{"type":"❤️","phrase":"আমি ফেরি চাকায় চড়তে পছন্দ করি।"}]},{"slug":"bowling","title":"বোলিং","phrases":[{"type":"❤️","phrase":"আমি বোলিং খেলতে পছন্দ করি।"}]},{"slug":"bumper-car","title":"উচ্চ স্বরে পড়া","phrases":[{"type":"❤️","phrase":"আমি বাম্পার গাড়িতে চড়তে পছন্দ করি।"}]},{"slug":"carousel","title":"ক্যারাউজেল","phrases":[{"type":"❤️","phrase":"আমি কারাউসলে চড়তে পছন্দ করি।"}]},{"slug":"balloons","title":"বেলুন","phrases":[{"type":"❤️","phrase":"আমি বেলুন পছন্দ করি"}]},{"slug":"cups","title":"কাপ","phrases":[]},{"slug":"unicycle","title":"Unicylce","phrases":[]},{"slug":"circus-tent","title":"সার্কাসের তাঁবু","phrases":[]},{"slug":"food-truck","title":"খাদ্য ট্রাক","phrases":[]},{"slug":"tea-cup-ride","title":"চা কাপ রাইড","phrases":[]},{"slug":"whack-a-mole","title":"একটি আঁচিল অংশ","phrases":[]},{"slug":"food-stall","title":"খাবারের দোকান","phrases":[]},{"slug":"claw-machine","title":"নখর যন্ত্র","phrases":[]},{"slug":"shooting-target","title":"শুটিং লক্ষ্য","phrases":[]},{"slug":"teddy-bear","title":"টেডি বিয়ার","phrases":[]},{"slug":"fireworks","title":"বাজি","phrases":[]},{"slug":"caramelized-apple","title":"ক্যারামেলাইজড আপেল","phrases":[]},{"slug":"ring","title":"রিং","phrases":[]}]