[{"slug":"happy","title":"খুশি","phrases":[{"type":"🖐️","phrase":"আমি খুশি."},{"type":"🙋","phrase":"আমি সুখী অনুভব করছি."},{"type":"❓","phrase":"আপনি কি খুশি মনে করেন?"},{"type":"☝️","phrase":"আমি খুশি বোধ করতে চাই"},{"type":"🎈","phrase":"তুমি আমাকে খুশি করছ"}]},{"slug":"sad","title":"দু: খিত","phrases":[{"type":"🖐️","phrase":"আমি দু: খিত"},{"type":"🙋","phrase":"আমি দুঃখ অনুভব করছি."},{"type":"❓","phrase":"তুমি কি খারাপ লাগছে?"},{"type":"☝️","phrase":"আমি দুঃখ বোধ করতে চাই না।"},{"type":"😠","phrase":"তুমি আমাকে দুঃখ দিচ্ছ"}]},{"slug":"exhausted","title":"ক্লান্ত","phrases":[{"type":"🖐️","phrase":"আমি প্রচুর ক্লান্ত."},{"type":"🙋","phrase":"আমি ক্লান্ত বোধ করছি."},{"type":"❓","phrase":"আপনি ক্লান্ত বোধ করেন?"},{"type":"☝️","phrase":"আমি ক্লান্ত হতে চাই না।"}]},{"slug":"relaxed","title":"নিরুদ্বেগ","phrases":[{"type":"🖐️","phrase":"আমি নিশ্চিন্ত."},{"type":"🙋","phrase":"আমি স্বাচ্ছন্দ্য বোধ করি"},{"type":"❓","phrase":"আপনি কি স্বাচ্ছন্দবোধ করেন?"},{"type":"☝️","phrase":"আমি স্বাচ্ছন্দ্য বোধ করতে চাই"}]},{"slug":"in-love","title":"প্রণয়াসক্ত","phrases":[{"type":"🖐️","phrase":"আমি প্রেমে পড়েছি."},{"type":"🙋","phrase":"আমি প্রেমে অনুভব করি"},{"type":"❓","phrase":"আপনি প্রেমে আছেন?"},{"type":"☝️","phrase":"আমি প্রেমে পড়তে চাই"},{"type":"👉","phrase":"তুমি কি আমাকে ভালোবাসো?"}]},{"slug":"stressed","title":"জোর","phrases":[{"type":"🖐️","phrase":"আমি চাপ অনুভব করছি."},{"type":"🙋","phrase":"আমি মানুষিক চাপ অনুভব করছি."},{"type":"❓","phrase":"আপনি কি স্ট্রেস অনুভব করছেন?"},{"type":"☝️","phrase":"আমি মানসিক চাপ বোধ করতে চাই না।"}]},{"slug":"thankful","title":"কৃতজ্ঞ","phrases":[{"type":"🖐️","phrase":"আমি কৃতজ্ঞ."},{"type":"🙋","phrase":"আমি কৃতজ্ঞতা বোধ করছি।"},{"type":"❓","phrase":"আপনি কি কৃতজ্ঞতা বোধ করেন?"},{"type":"☝️","phrase":"আমি কৃতজ্ঞতা বোধ করতে চাই"}]},{"slug":"confused","title":"বিভ্রান্ত","phrases":[{"type":"🖐️","phrase":"আমি বিভ্রান্ত"},{"type":"🙋","phrase":"আমি বিভ্রান্ত বোধ."},{"type":"❓","phrase":"আপনি কি বিভ্রান্ত বোধ করেন?"},{"type":"☝️","phrase":"আপনি আমাকে বিভ্রান্ত করছেন।"}]},{"slug":"joyful","title":"আনন্দদায়ক","phrases":[{"type":"🖐️","phrase":"আমি আনন্দিত"},{"type":"🙋","phrase":"আমি আনন্দিত বোধ করি।"},{"type":"❓","phrase":"আপনি কি আনন্দ বোধ করেন?"},{"type":"☝️","phrase":"আমি আনন্দিত বোধ করতে চাই"}]},{"slug":"angry","title":"ক্রুদ্ধ","phrases":[{"type":"🖐️","phrase":"আমি রাগান্বিত."},{"type":"🙋","phrase":"আমার রাগ হচ্ছে."},{"type":"❓","phrase":"তোমার কি রাগ লাগছে?"},{"type":"☝️","phrase":"আমি তোমার উপর রাগান্বিত."},{"type":"😠","phrase":"আপনি আমাকে রাগ করছেন।"}]},{"slug":"smart","title":"স্মার্ট","phrases":[{"type":"🖐️","phrase":"আমি বিচক্ষণ."},{"type":"🙋","phrase":"আমি স্মার্ট বোধ করি।"},{"type":"❓","phrase":"আপনি কি স্মার্ট বোধ করেন?"},{"type":"☝️","phrase":"আমি কি স্মার্ট?"},{"type":"👉","phrase":"তুমি স্মার্ট!"}]},{"slug":"afraid","title":"ভীত","phrases":[{"type":"🖐️","phrase":"আমি আশংকা করছি."},{"type":"🙋","phrase":"আমার ভয় লাগে"},{"type":"❓","phrase":"তুমি কি ভয় পাচ্ছ?"},{"type":"☝️","phrase":"আমি ভয় পেতে চাই না।"},{"type":"😠","phrase":"তুমি আমাকে ভয় দিচ্ছ"}]},{"slug":"ashamed","title":"লজ্জিত","phrases":[{"type":"🖐️","phrase":"আমি লজ্জিত."},{"type":"🙋","phrase":"আমি লজ্জিত বোধ করি."},{"type":"❓","phrase":"আপনি কি লজ্জা বোধ করেন?"},{"type":"☝️","phrase":"আমি লজ্জা পেতে চাই না।"}]},{"slug":"shocked","title":"বিস্মিত","phrases":[{"type":"🖐️","phrase":"আমি বিষ্মিত."},{"type":"🙋","phrase":"আমি হতবাক বোধ করি"},{"type":"❓","phrase":"আপনি কি হতবাক বোধ করেন?"},{"type":"☝️","phrase":"তুমি আমাকে হতবাক করে দিয়েছ।"}]},{"slug":"sick","title":"অসুস্থ","phrases":[{"type":"🖐️","phrase":"আমি অসুস্থ"},{"type":"🙋","phrase":"আমি অসুস্থবোধ করছি."},{"type":"❓","phrase":"আপনি কি অসুস্থ বোধ করছেন?"},{"type":"☝️","phrase":"আমি অসুস্থ হতে চাই না।"},{"type":"🤢","phrase":"আমি খাবারে অসুস্থ।"}]},{"slug":"frustrated","title":"হতাশ","phrases":[{"type":"🖐️","phrase":"আমি হতাশ"},{"type":"🙋","phrase":"আমি হতাশ বোধ করছি।"},{"type":"❓","phrase":"আপনি হতাশ বোধ করেন?"},{"type":"☝️","phrase":"আমি হতাশ বোধ করতে চাই না।"}]},{"slug":"excited","title":"উত্তেজিত","phrases":[{"type":"🖐️","phrase":"আমি উত্তেজিত."},{"type":"🙋","phrase":"আমি উত্তেজিত অনুভব করছি."},{"type":"❓","phrase":"আপনি কি উত্তেজিত বোধ করেন?"},{"type":"☝️","phrase":"আমি উত্তেজিত বোধ করতে চাই না।"}]},{"slug":"nauseated","title":"Nauseated","phrases":[{"type":"🖐️","phrase":"আমি বমি বমি ভাব করছি।"},{"type":"🙋","phrase":"আমি বমি বমি ভাব বোধ করছি।"},{"type":"❓","phrase":"আপনি কি বমি বমি বোধ করছেন?"},{"type":"☝️","phrase":"আমি বমি বমি ভাব অনুভব করতে চাই না।"}]},{"slug":"agitated","title":"ক্ষুব্ধ","phrases":[{"type":"🖐️","phrase":"আমি বিক্ষুব্ধ"},{"type":"🙋","phrase":"আমি বিরক্ত বোধ করছি।"},{"type":"❓","phrase":"আপনি কি বিরক্ত বোধ করেন?"},{"type":"☝️","phrase":"আমি বিরক্ত বোধ করতে চাই না।"}]}]