[{"slug":"hungry","title":"ক্ষুধার্ত","phrases":[{"type":"‼️","phrase":"আমি ক্ষুধার্ত."},{"type":"❓","phrase":"তুমি কী ক্ষুধার্ত?"},{"type":"🙋","phrase":"আপনি আমাকে খাবার করতে পারেন?"},{"type":"🍳","phrase":"রাতের খাবারের জন্য কী?"}]},{"slug":"thirsty","title":"তৃষ্ণার্ত","phrases":[{"type":"‼️","phrase":"আমি তৃষ্ণার্ত."},{"type":"🌊","phrase":"আমি কি পানি পেতে পারি?"},{"type":"🥛","phrase":"আমি কি এক গ্লাস পানি পেতে পারি?"},{"type":"🙋","phrase":"আমি কিছু পান করতে চাই"}]},{"slug":"cutlery","title":"ছুরি-কাঁচির ব্যবসায়","phrases":[{"type":"🙋","phrase":"আমার কাটলারি দরকার"},{"type":"🍽️","phrase":"আমাকে কাটলারি ব্যবহার করতে সহায়তা করুন।"},{"type":"🍴","phrase":"আমার কাঁটাচামচ লাগবে"},{"type":"🥄","phrase":"আমার এক চামচ দরকার।"},{"type":"🥢","phrase":"আমার চপস্টিক লাগবে।"},{"type":"🔪","phrase":"আমার একটা ছুরি লাগবে"},{"type":"🧻","phrase":"আমার একটা ন্যাপকিন দরকার"}]},{"slug":"apple","title":"আপেল","phrases":[{"type":"❤️","phrase":"আমি আপেল পছন্দ করি."},{"type":"❌","phrase":"আমি আপেল পছন্দ করি না"},{"type":"🙋","phrase":"আমি একটি আপেল খেতে চাই"}]},{"slug":"carrot","title":"গাজর","phrases":[{"type":"❤️","phrase":"আমি গাজর পছন্দ করি"},{"type":"❌","phrase":"আমি গাজর পছন্দ করি না"},{"type":"🙋","phrase":"আমি একটি গাজর খেতে চাই"}]},{"slug":"beans","title":"মটরশুটি","phrases":[{"type":"❤️","phrase":"আমি মটরশুটি পছন্দ করি।"},{"type":"❌","phrase":"আমি মটরশুটি পছন্দ করি না।"},{"type":"🙋","phrase":"আমি মটরশুটি খেতে চাই।"}]},{"slug":"chicken","title":"মুরগির মাংস","phrases":[{"type":"❤️","phrase":"আমি মুরগি পছন্দ করি."},{"type":"❌","phrase":"আমি মুরগি পছন্দ করি না"},{"type":"🙋","phrase":"আমি মুরগি খেতে চাই"},{"type":"🍗","phrase":"আমি ভাজা চিকেন চাই"},{"type":"🐣","phrase":"আমি সিদ্ধ মুরগি চাই"}]},{"slug":"chocolate","title":"চকলেট","phrases":[{"type":"❤️","phrase":"আমি চকলেট পছন্দ করি."},{"type":"❌","phrase":"আমি চকোলেট পছন্দ করি না"},{"type":"🙋","phrase":"আমি চকোলেট খেতে চাই"},{"type":"⚫","phrase":"আমি ডার্ক চকোলেট চাই"},{"type":"⚪","phrase":"আমি সাদা চকোলেট চাই"}]},{"slug":"milk","title":"দুধ","phrases":[{"type":"❤️","phrase":"আমি দুধ পছন্দ করি."},{"type":"❌","phrase":"আমি দুধ পছন্দ করি না"},{"type":"🙋","phrase":"আমি দুধ পান করতে চাই"},{"type":"🍳","phrase":"আমি কি এক গ্লাস দুধ পেতে পারি?"}]},{"slug":"sandwich","title":"স্যান্ডউইচ","phrases":[{"type":"❤️","phrase":"আমি স্যান্ডউইচ পছন্দ করি"},{"type":"❌","phrase":"আমি স্যান্ডউইচ পছন্দ করি না"},{"type":"🙋","phrase":"আমি একটি স্যান্ডউইচ খেতে চাই"},{"type":"🍳","phrase":"আপনি কি আমাকে স্যান্ডউইচ বানাতে পারেন?"}]},{"slug":"steak","title":"মাংসের ফালি","phrases":[{"type":"❤️","phrase":"আমি স্টেক পছন্দ করি"},{"type":"❌","phrase":"আমি স্টেক পছন্দ করি না"},{"type":"🙋","phrase":"আমি স্টেক খেতে চাই"},{"type":"🍳","phrase":"আপনি কি আমার জন্য স্টেক রান্না করতে পারেন?"}]},{"slug":"banana","title":"কলা","phrases":[{"type":"❤️","phrase":"আমি কলা পছন্দ করি."},{"type":"❌","phrase":"আমি কলা পছন্দ করি না"},{"type":"🙋","phrase":"আমি কলা খেতে চাই।"}]},{"slug":"pie","title":"পাই","phrases":[{"type":"❤️","phrase":"পাই পাই"},{"type":"❌","phrase":"পাই পাই না।"},{"type":"🙋","phrase":"আমি পাই খেতে চাই"},{"type":"🍳","phrase":"আপনি কি আমার জন্য পাই বেক করতে পারেন?"}]},{"slug":"egg","title":"ডিম","phrases":[{"type":"❤️","phrase":"আমি ডিম পছন্দ করি"},{"type":"❌","phrase":"আমি ডিম পছন্দ করি না"},{"type":"🙋","phrase":"আমি ডিম খেতে চাই"},{"type":"🍳","phrase":"আমি ভাজা ডিম চাই"},{"type":"🥚","phrase":"আমি সিদ্ধ ডিম চাই"}]},{"slug":"noodles","title":"নুডলস","phrases":[{"type":"❤️","phrase":"আমি নুডলস পছন্দ করি"},{"type":"❌","phrase":"আমি নুডলস পছন্দ করি না"},{"type":"🙋","phrase":"আমি নুডলস খেতে চাই"},{"type":"🍳","phrase":"আপনি কি আমার জন্য নুডলস রান্না করতে পারেন?"}]},{"slug":"salt","title":"লবণ","phrases":[{"type":"🙋","phrase":"আমি নুন চাই"},{"type":"❓","phrase":"আপনি আমাকে লবণ প্রেরণ করতে পারেন?"},{"type":"🧂","phrase":"খাবার খুব নোনতা।"},{"type":"🧂","phrase":"আমার খাবারে কিছুটা নুন দরকার।"}]},{"slug":"spices","title":"মসলা","phrases":[{"type":"❤️","phrase":"আমি মশলাদার খাবার পছন্দ করি।"},{"type":"❌","phrase":"আমি মশলাদার খাবার পছন্দ করি না।"},{"type":"🙋","phrase":"আমি পাপ্রিকা চাই"},{"type":"⚫","phrase":"আমি কালো মরিচ চাই"}]},{"slug":"pizza","title":"পিজা","phrases":[{"type":"❤️","phrase":"আমি পিজা পছন্দ করি."},{"type":"❌","phrase":"আমি পিজ্জা পছন্দ করি না"},{"type":"🙋","phrase":"আমি পিজা খেতে চাই."},{"type":"🍳","phrase":"আপনি আমার জন্য পিজ্জা রান্না করতে পারেন?"},{"type":"☝️","phrase":"আমরা কি পিজ্জা অর্ডার করতে পারি?"}]},{"slug":"cheese","title":"পনির","phrases":[{"type":"❤️","phrase":"আমি পনির পছন্দ করি."},{"type":"❌","phrase":"আমি পনির পছন্দ করি না"},{"type":"🙋","phrase":"আমি পনির খেতে চাই"}]},{"slug":"fish","title":"মাছ","phrases":[{"type":"❤️","phrase":"আমি মাছ পছন্দ."},{"type":"❌","phrase":"আমি মাছ পছন্দ করি না"},{"type":"🙋","phrase":"আমি মাছ খেতে চাই"},{"type":"🍳","phrase":"আপনি আমার জন্য মাছ রান্না করতে পারেন?"}]},{"slug":"ice-cream","title":"আইসক্রিম","phrases":[{"type":"❤️","phrase":"আমি আইসক্রিম পছন্দ করি."},{"type":"❌","phrase":"আমি আইসক্রিম পছন্দ করি না"},{"type":"🙋","phrase":"আমি আইসক্রিম খেতে চাই"},{"type":"☝️","phrase":"আপনি কি আমার জন্য আইসক্রিম কিনতে পারবেন?"}]},{"slug":"tea","title":"চা","phrases":[{"type":"❤️","phrase":"আমি চা পছন্দ করি."},{"type":"❌","phrase":"আমি চা পছন্দ করি না"},{"type":"🙋","phrase":"আমি চা পান করতে চাই"},{"type":"🍳","phrase":"আপনি আমার জন্য চা করতে পারেন?"}]},{"slug":"coffee","title":"কফি","phrases":[{"type":"❤️","phrase":"আমি কফি চান."},{"type":"❌","phrase":"আমি কফি পছন্দ করি না"},{"type":"🙋","phrase":"আমি কফি পান করতে চাই"},{"type":"🍳","phrase":"আপনি কি আমার জন্য কফি বানাতে পারেন?"}]},{"slug":"tomato","title":"টমেটো","phrases":[{"type":"❤️","phrase":"আমি টমেটো পছন্দ করি।"},{"type":"❌","phrase":"আমি টমেটো পছন্দ করি না"},{"type":"🙋","phrase":"আমি টমেটো খেতে চাই"}]},{"slug":"cereal","title":"খাদ্যশস্য","phrases":[{"type":"❤️","phrase":"আমি সিরিয়াল পছন্দ করি"},{"type":"❌","phrase":"আমি সিরিয়াল পছন্দ করি না"},{"type":"🙋","phrase":"আমি সিরিয়াল খেতে চাই"},{"type":"🍳","phrase":"আপনি আমাকে সিরিয়াল করতে পারেন?"}]},{"slug":"burger","title":"বার্গার","phrases":[{"type":"❤️","phrase":"আমি বার্গার পছন্দ করি"},{"type":"❌","phrase":"আমি বার্গার পছন্দ করি না"},{"type":"🙋","phrase":"আমি বার্গার খেতে চাই"},{"type":"🍳","phrase":"আপনি আমার জন্য বার্গার রান্না করতে পারেন?"},{"type":"☝️","phrase":"আমরা কি বার্গার অর্ডার করতে পারি?"}]},{"slug":"french-fries","title":"ফ্রেঞ্চ ফ্রাই","phrases":[{"type":"❤️","phrase":"আমার ফ্রেঞ্চফ্রাই পছন্দ."},{"type":"❌","phrase":"আমি ফ্রেঞ্চ ফ্রাই পছন্দ করি না"},{"type":"🙋","phrase":"আমি ফ্রেঞ্চ ফ্রাই খেতে চাই"},{"type":"🍳","phrase":"আপনি কি আমার জন্য ফ্রেঞ্চ ফ্রাই রান্না করতে পারেন?"},{"type":"☝️","phrase":"আমরা ফ্রেঞ্চ ফ্রাই অর্ডার করতে পারি?"}]},{"slug":"spinach","title":"শাক","phrases":[{"type":"❤️","phrase":"আমি পালং শাক পছন্দ করি।"},{"type":"❌","phrase":"আমি পালং পছন্দ করি না।"},{"type":"🙋","phrase":"আমি পালং শাক খেতে চাই।"}]},{"slug":"rice","title":"ধান","phrases":[{"type":"❤️","phrase":"আমি ভাত পছন্দ করি."},{"type":"❌","phrase":"আমি ভাত পছন্দ করি না"},{"type":"🙋","phrase":"আমি ভাত খেতে চাই."},{"type":"🍳","phrase":"তুমি কি আমার জন্য ভাত রান্না করতে পারবে?"}]},{"slug":"bread","title":"রুটি","phrases":[{"type":"❤️","phrase":"আমার রুটি ভালো লাগে."},{"type":"❌","phrase":"আমি রুটি পছন্দ করি না"},{"type":"🙋","phrase":"আমি রুটি খেতে চাই"},{"type":"☝️","phrase":"আপনি কিছু রুটি কিনতে পারেন?"}]},{"slug":"pasta","title":"পাস্তা","phrases":[{"type":"❤️","phrase":"আমি পাস্তা পছন্দ করি"},{"type":"❌","phrase":"আমি পাস্তা পছন্দ করি না"},{"type":"🙋","phrase":"আমি পাস্তা খেতে চাই।"},{"type":"🍳","phrase":"আপনি আমার জন্য পাস্তা রান্না করতে পারেন?"}]},{"slug":"sauce","title":"সস","phrases":[{"type":"❤️","phrase":"আমি সস পছন্দ করি"},{"type":"❌","phrase":"আমি সস পছন্দ করি না"},{"type":"🙋","phrase":"আমি কিছু সস চাই।"},{"type":"🔴","phrase":"আমি কি কেচাপ নিতে পারি?"},{"type":"⚪","phrase":"আমার কি মেয়োনিজ থাকতে পারে?"},{"type":"🟡","phrase":"আমি কি সরিষা পেতে পারি?"},{"type":"🚜","phrase":"আমি কি রানচ সস পেতে পারি?"}]},{"slug":"kebab","title":"কাবাব","phrases":[{"type":"❤️","phrase":"আমি কাবাব পছন্দ করি।"},{"type":"❌","phrase":"আমি কাবাব পছন্দ করি না"},{"type":"🙋","phrase":"আমি কাবাব খেতে চাই।"},{"type":"🍳","phrase":"আপনি কি আমার জন্য কাবাব রান্না করতে পারেন?"},{"type":"☝️","phrase":"আমরা কি কাবাব অর্ডার করতে পারি?"}]}]