[{"slug":"apple","title":"আপেল","phrases":[{"type":"❤️","phrase":"আমি আপেল খেতে পছন্দ করি"},{"type":"🙋","phrase":"আমি একটি আপেল খেতে চাই"},{"type":"❌","phrase":"আমি আপেল পছন্দ করি না"}]},{"slug":"watermelon","title":"তরমুজ","phrases":[{"type":"❤️","phrase":"আমি তরমুজ খেতে পছন্দ করি।"},{"type":"🙋","phrase":"আমি একটি তরমুজ খেতে চাই।"},{"type":"❌","phrase":"আমি তরমুজ পছন্দ করি না"}]},{"slug":"orange","title":"কমলা","phrases":[{"type":"❤️","phrase":"আমি কমলা খেতে পছন্দ করি।"},{"type":"🙋","phrase":"আমি কমলা খেতে চাই।"},{"type":"❌","phrase":"আমি কমলা পছন্দ করি না"}]},{"slug":"strawberry","title":"স্ট্রবেরি","phrases":[{"type":"❤️","phrase":"আমি স্ট্রবেরি খেতে পছন্দ করি"},{"type":"🙋","phrase":"আমি কিছু স্ট্রবেরি খেতে চাই"},{"type":"❌","phrase":"আমি স্ট্রবেরি পছন্দ করি না"}]},{"slug":"grape","title":"দ্রাক্ষা","phrases":[{"type":"❤️","phrase":"আমি দ্রাক্ষা খেতে পছন্দ করি।"},{"type":"🙋","phrase":"আমি কিছু আঙ্গুর খেতে চাই"},{"type":"❌","phrase":"আমি আঙ্গুর পছন্দ করি না"}]},{"slug":"cherry","title":"চেরি","phrases":[{"type":"❤️","phrase":"আমি চেরি খেতে পছন্দ করি"},{"type":"🙋","phrase":"আমি কিছু চেরি খেতে চাই"},{"type":"❌","phrase":"আমি চেরি পছন্দ করি না"}]},{"slug":"mango","title":"আম","phrases":[{"type":"❤️","phrase":"আম খেতে পছন্দ করি।"},{"type":"🙋","phrase":"আমি একটা আম খেতে চাই"},{"type":"❌","phrase":"আমি আমের পছন্দ করি না।"}]},{"slug":"guava","title":"পেয়ারা","phrases":[{"type":"❤️","phrase":"আমি পেয়ারা খেতে পছন্দ করি"},{"type":"🙋","phrase":"আমি পেয়ারা খেতে চাই"},{"type":"❌","phrase":"আমি পেয়ারা পছন্দ করি না"}]},{"slug":"banana","title":"কলা","phrases":[{"type":"❤️","phrase":"আমি কলা খেতে পছন্দ করি।"},{"type":"🙋","phrase":"আমি কলা খেতে চাই।"},{"type":"❌","phrase":"আমি কলা পছন্দ করি না"}]},{"slug":"pomegranate","title":"ডালিম","phrases":[{"type":"❤️","phrase":"আমি ডালিম খেতে পছন্দ করি।"},{"type":"🙋","phrase":"আমি ডালিম খেতে চাই।"},{"type":"❌","phrase":"আমি ডালিম পছন্দ করি না।"}]},{"slug":"raspberry","title":"ফলবিশেষ","phrases":[{"type":"❤️","phrase":"আমি রাস্পবেরি খেতে পছন্দ করি।"},{"type":"🙋","phrase":"আমি কিছু রাস্পবেরি খেতে চাই।"},{"type":"❌","phrase":"আমি রাস্পবেরি পছন্দ করি না।"}]},{"slug":"papaya","title":"পেঁপে","phrases":[{"type":"❤️","phrase":"আমি পেঁপে খেতে পছন্দ করি"},{"type":"🙋","phrase":"আমি পেঁপে খেতে চাই"},{"type":"❌","phrase":"আমি পেঁপে পছন্দ করি না"}]},{"slug":"kiwi","title":"কিউই","phrases":[{"type":"❤️","phrase":"আমি কিউই খাওয়া পছন্দ করি।"},{"type":"🙋","phrase":"আমি কিউই খেতে চাই"},{"type":"❌","phrase":"আমি কিউই পছন্দ করি না"}]},{"slug":"pineapple","title":"আনারস","phrases":[{"type":"❤️","phrase":"আমি আনারস খেতে পছন্দ করি।"},{"type":"🙋","phrase":"আমি কিছু আনারস খেতে চাই"},{"type":"❌","phrase":"আমি আনারস পছন্দ করি না"}]},{"slug":"lemon","title":"লেবু","phrases":[{"type":"❤️","phrase":"লেবু খেতে আমার ভাল লাগে।"},{"type":"🙋","phrase":"আমি একটি লেবু খেতে চাই"},{"type":"❌","phrase":"আমি লেবু পছন্দ করি না"},{"type":"🍋","phrase":"লেবু টকযুক্ত।"}]},{"slug":"apricot","title":"খুবানি","phrases":[{"type":"❤️","phrase":"আমি এপ্রিকট খাওয়া পছন্দ করি।"},{"type":"🙋","phrase":"আমি একটি এপ্রিকট খেতে চাই"},{"type":"❌","phrase":"আমি এপ্রিকট পছন্দ করি না"}]},{"slug":"dragon-fruit","title":"ড্রাগন ফল","phrases":[{"type":"❤️","phrase":"আমি ড্রাগন ফল খেতে পছন্দ করি।"},{"type":"🙋","phrase":"আমি ড্রাগনের ফল খেতে চাই।"},{"type":"❌","phrase":"আমি ড্রাগন ফল পছন্দ করি না।"}]},{"slug":"peach","title":"পীচ","phrases":[{"type":"❤️","phrase":"আমি পীচ খাওয়া পছন্দ করি।"},{"type":"🙋","phrase":"আমি একটি পীচ খেতে চাই"},{"type":"❌","phrase":"আমি পীচ পছন্দ করি না"}]},{"slug":"avocado","title":"আভাকাডো","phrases":[{"type":"❤️","phrase":"আমি অ্যাভোকাডো খেতে পছন্দ করি।"},{"type":"🙋","phrase":"আমি একটি অ্যাভোকাডো খেতে চাই।"},{"type":"❌","phrase":"আমি অ্যাভোকাডো পছন্দ করি না।"}]},{"slug":"fig","title":"ডুমুর","phrases":[{"type":"❤️","phrase":"আমি ডুমুর খেতে পছন্দ করি"},{"type":"🙋","phrase":"আমি একটা ডুমুর খেতে চাই"},{"type":"❌","phrase":"আমি ডুমুর পছন্দ করি না"}]},{"slug":"lychee","title":"লিচু","phrases":[{"type":"❤️","phrase":"আমি লিচি খেতে পছন্দ করি"},{"type":"🙋","phrase":"আমি একটি লিচি খেতে চাই"},{"type":"❌","phrase":"আমি লিচি পছন্দ করি না"}]},{"slug":"passion-fruit","title":"প্যাশন ফল","phrases":[{"type":"❤️","phrase":"আমি আবেগের ফল খাওয়া পছন্দ করি।"},{"type":"🙋","phrase":"আমি একটি আবেগ ফল খেতে চাই।"},{"type":"❌","phrase":"আমি আবেগের ফল পছন্দ করি না।"}]},{"slug":"blueberry","title":"ব্লুবেরি","phrases":[{"type":"❤️","phrase":"আমি ব্লুবেরি খেতে পছন্দ করি"},{"type":"🙋","phrase":"আমি কিছু ব্লুবেরি খেতে চাই"},{"type":"❌","phrase":"আমি ব্লুবেরি পছন্দ করি না"}]},{"slug":"coconut","title":"নারিকেল","phrases":[{"type":"❤️","phrase":"আমি নারকেল খাওয়া পছন্দ করি।"},{"type":"🙋","phrase":"আমি কিছু নারকেল খেতে চাই"},{"type":"❌","phrase":"আমি নারকেল পছন্দ করি না"}]}]