[{"slug":"gardener","title":"মালী","phrases":[]},{"slug":"sprout","title":"প্ররোহ","phrases":[]},{"slug":"hose","title":"কোমোর","phrases":[]},{"slug":"glove","title":"দস্তানা","phrases":[]},{"slug":"flowers","title":"ফুল","phrases":[]},{"slug":"seeds","title":"বীজ এবং গাছ-","phrases":[]},{"slug":"shovel","title":"বেলচা","phrases":[]},{"slug":"watering","title":"জলসেচন","phrases":[]},{"slug":"scarecrow","title":"কাকতাড়ুয়া","phrases":[]},{"slug":"tree","title":"গাছ","phrases":[]},{"slug":"fertilizer","title":"সার","phrases":[]},{"slug":"pitchfork","title":"Pitchfork","phrases":[]},{"slug":"bucket","title":"বালতি","phrases":[]},{"slug":"fence","title":"বেড়া","phrases":[]},{"slug":"leaf","title":"গাছের পাতা","phrases":[]},{"slug":"windmill","title":"বাতচক্র","phrases":[]},{"slug":"spray","title":"স্প্রে","phrases":[]},{"slug":"shears","title":"কাঁচি","phrases":[]},{"slug":"sprinkler","title":"স্প্রিংকলার","phrases":[]},{"slug":"tractor","title":"ট্র্যাক্টর","phrases":[]},{"slug":"jam","title":"জ্যাম","phrases":[]},{"slug":"bonsai","title":"বনসাই","phrases":[]},{"slug":"wheelbarrow","title":"ঠেলাগাড়ি","phrases":[]},{"slug":"birdhouse","title":"কুলায়","phrases":[]}]