[{"slug":"mixer","title":"মিশুক ব্যক্তি","phrases":[{"type":"🙋","phrase":"আপনি কি আমাকে একটি মিশুক ব্যবহার করতে পারেন তা দেখাতে পারেন?"},{"type":"🤞","phrase":"আমার বাবা-মা ছাড়া আমার মিক্সার ব্যবহার করা উচিত নয়।"}]},{"slug":"apron","title":"পরিচ্চদ-রক্ষক বহিরাবরণ","phrases":[{"type":"👚","phrase":"আমি রান্না করার সময় একটি এপ্রোন পরে থাকি।"},{"type":"👚","phrase":"আমার মা রান্না করার সময় একটি এপ্রোন পরেন।"}]},{"slug":"fryer","title":"fryer","phrases":[{"type":"🙋","phrase":"আপনি কী আমাকে ফ্রায়ার ব্যবহার করবেন তা আমাকে দেখাতে পারেন?"},{"type":"🤞","phrase":"আমার বাবা-মা ছাড়া ফ্রায়ার ব্যবহার করা উচিত নয়।"}]},{"slug":"rolling-pin","title":"ঘূর্ণায়মান পিন","phrases":[{"type":"🙋","phrase":"আপনি আমাকে কীভাবে রোলিং পিন ব্যবহার করবেন তা দেখাতে পারেন?"},{"type":"💡","phrase":"আমি ময়দা রোল আউট রোলিং পিন ব্যবহার।"}]},{"slug":"coffee-machine","title":"কফি বানানোর যন্ত্র","phrases":[{"type":"🙋","phrase":"আপনি কীভাবে একটি কফি মেশিন ব্যবহার করবেন তা আমাকে দেখাতে পারেন?"},{"type":"🤞","phrase":"আমার বাবা-মা ছাড়া কফি মেশিন ব্যবহার করা উচিত নয়।"}]},{"slug":"fridge","title":"রেফ্রিজারেটর","phrases":[{"type":"🙋","phrase":"আপনি কীভাবে একটি ফ্রিজ ব্যবহার করবেন তা আমাকে দেখাতে পারেন?"},{"type":"💡","phrase":"ফ্রিজ খাবারগুলি ঠান্ডা রাখে।"}]},{"slug":"pot","title":"পাত্র","phrases":[{"type":"🙋","phrase":"আপনি আমাকে কীভাবে পাত্র ব্যবহার করবেন তা দেখাতে পারেন?"},{"type":"🤞","phrase":"আমার বাবা-মা ছাড়া আমার পাত্র ব্যবহার করা উচিত নয়।"}]},{"slug":"toaster","title":"টোস্ট করার বৈদু্যতিক যন্ত্র","phrases":[{"type":"🙋","phrase":"কিভাবে আপনি আমাকে টোস্টার ব্যবহার করবেন তা দেখাতে পারেন?"},{"type":"🤞","phrase":"আমার বাবা-মা ছাড়া টোস্টার ব্যবহার করা উচিত নয়।"}]},{"slug":"cutlery","title":"ছুরি-কাঁচির ব্যবসায়","phrases":[{"type":"🙋","phrase":"আপনি কি আমাকে কীভাবে কাটলেট ব্যবহার করবেন তা দেখাতে পারেন?"},{"type":"😋","phrase":"আমি কাটলারি দিয়ে খেতে শিখছি।"}]},{"slug":"spatula","title":"চমস","phrases":[{"type":"🙋","phrase":"আপনি কি আমাকে একটি স্প্যাটুলা ব্যবহার করবেন তা দেখাতে পারেন?"}]},{"slug":"oven","title":"চুলা","phrases":[{"type":"🙋","phrase":"ওভেন কীভাবে ব্যবহার করতে হয় তা আমাকে দেখাতে পারেন?"},{"type":"🤞","phrase":"আমার বাবা-মা ছাড়া চুলা ব্যবহার করা উচিত নয়।"}]},{"slug":"kitchen-timer","title":"রান্নাঘর টাইমার","phrases":[{"type":"🙋","phrase":"আপনি কি আমাকে রান্নাঘরের টাইমার ব্যবহার করতে পারেন?"},{"type":"⏱️","phrase":"রান্নাঘরের টাইমার বিপ করছে।"}]},{"slug":"pizza-cutter","title":"পিজা কাটার চাকু","phrases":[{"type":"🙋","phrase":"আপনি কি আমাকে পিজ্জা কর্তনকারী ব্যবহার করতে পারেন?"},{"type":"🤞","phrase":"আমার বাবা-মা ছাড়া পিজ্জার কাটার ব্যবহার করা উচিত নয়।"}]},{"slug":"grater","title":"আঁচড়া","phrases":[{"type":"🙋","phrase":"কিভাবে আপনি একটি ছাঁক ব্যবহার করতে পারেন আমাকে দেখাতে পারেন?"},{"type":"🤞","phrase":"আমার বাবা-মা ছাড়া খালি ব্যবহার করা উচিত নয়।"}]},{"slug":"grill","title":"ভাজাভুজি","phrases":[{"type":"🙋","phrase":"আপনি গ্রিলটি কীভাবে ব্যবহার করবেন তা আমাকে দেখাতে পারেন?"},{"type":"🤞","phrase":"আমার বাবা-মা ছাড়া গ্রিল ব্যবহার করা উচিত নয়।"}]},{"slug":"recipe-book","title":"রেসিপি - খাতা","phrases":[{"type":"🙋","phrase":"আমি রান্না করতে একটি রেসিপি চয়ন করতে পারেন?"},{"type":"🍳","phrase":"আমরা কি এই রেসিপি রান্না করতে পারি?"}]},{"slug":"kitchen-utensils","title":"রান্নার ঘরের বাসনাদী","phrases":[{"type":"❤️","phrase":"আমি রান্নাঘরের বাসন ব্যবহার করতে পছন্দ করি"},{"type":"🤞","phrase":"আমার বাবা-মা ছাড়া রান্নাঘরের বাসন ব্যবহার করা উচিত নয়।"}]},{"slug":"stove","title":"চুলা","phrases":[{"type":"🙋","phrase":"কিভাবে আপনি চুলা ব্যবহার করতে পারেন আমাকে দেখাতে পারেন?"},{"type":"🤞","phrase":"আমার বাবা-মা ছাড়া চুলা ব্যবহার করা উচিত নয়।"}]},{"slug":"salt-and-pepper","title":"লবণ এবং মরিচ","phrases":[{"type":"🙋","phrase":"আপনি কি লবণ এবং মরিচ আনতে পারেন?"}]},{"slug":"kitchen-board","title":"রান্নাঘর বোর্ড","phrases":[{"type":"🙋","phrase":"আমি কি রান্নাঘরের বোর্ডে লিখতে পারি?"}]},{"slug":"scale","title":"স্কেল","phrases":[{"type":"🙋","phrase":"আপনি কি আমাকে রান্নাঘরের স্কেল কীভাবে ব্যবহার করবেন তা দেখাতে পারেন?"}]},{"slug":"teapot","title":"চা তৈয়ারি করার পাত্র","phrases":[{"type":"🙋","phrase":"আপনি কীভাবে টিপট ব্যবহার করবেন তা আমাকে দেখাতে পারেন?"},{"type":"🤞","phrase":"আমার পিতা-মাতাকে ছাড়া আমার চাঘাটি ব্যবহার করা উচিত নয়।"}]},{"slug":"microwave","title":"মাইক্রোওয়েভ","phrases":[{"type":"🙋","phrase":"আপনি কি আমাকে মাইক্রোওয়েভ ব্যবহার করবেন তা দেখাতে পারেন?"},{"type":"🤞","phrase":"আমার বাবা-মা ছাড়া আমার মাইক্রোওয়েভ ব্যবহার করা উচিত নয়।"}]}]