[{"slug":"hospital-bed","title":"হাসপাতালের বিছানা","phrases":[{"type":"🙋","phrase":"আপনি কি আমাকে হাসপাতালের বিছানাতে সাহায্য করতে পারেন?"}]},{"slug":"weight-loss","title":"ওজন কমানো","phrases":[{"type":"🏋️","phrase":"আমার খাওয়ার পরিমাণ কমিয়ে আনতে হবে।"},{"type":"🏃‍♀️","phrase":"আমি ওজন হারাচ্ছি।"},{"type":"🥩","phrase":"আমার ওজন বাড়ছে।"}]},{"slug":"exercise","title":"ব্যায়াম","phrases":[{"type":"🏋️","phrase":"আমি অনুশীলন করছি।"},{"type":"⏲️","phrase":"আমার একটা ব্যায়ামের রুটিন আছে।"}]},{"slug":"medical-history","title":"চিকিৎসা ইতিহাস","phrases":[{"type":"📂","phrase":"এখানে আমার চিকিত্সা ইতিহাস।"}]},{"slug":"vitamin-c","title":"ভিটামিন সি","phrases":[{"type":"🍹","phrase":"আমার ভিটামিন সি নেওয়া উচিত।"},{"type":"🍊","phrase":"কমলাতে ভিটামিন সি থাকে contain"}]},{"slug":"thermometer","title":"থার্মোমিটার","phrases":[{"type":"🤒","phrase":"আপনি আমার জ্বর পরিমাপ করতে পারেন?"},{"type":"🌡️","phrase":"একটি থার্মোমিটার কিভাবে কাজ করে?"}]},{"slug":"pills","title":"বড়ি","phrases":[{"type":"💊","phrase":"আমার বড়ি খাওয়া দরকার।"},{"type":"👉","phrase":"আপনি আপনার বড়ি গ্রহণ করেছেন?"}]},{"slug":"medical-mask","title":"মেডিকেল মাস্ক","phrases":[]},{"slug":"dental-care","title":"দাঁতের যত্ন","phrases":[{"type":"🦷","phrase":"আমার দাঁতে ব্যথা"},{"type":"🦷","phrase":"আমি আমার দাঁত মাজিতেছি."}]},{"slug":"hearing-exam","title":"শুনানি পরীক্ষা","phrases":[{"type":"👂","phrase":"আমার শোনার সমস্যা আছে।"},{"type":"🦻","phrase":"আমার শুনানির পরীক্ষা হবে।"}]},{"slug":"hospital","title":"হাসপাতাল","phrases":[{"type":"🏥","phrase":"আমি হাসপাতালে যাচ্ছি।"},{"type":"🏥","phrase":"আমি হাসপাতালে আছি"}]},{"slug":"stethoscope","title":"স্টেথিস্কপ্","phrases":[{"type":"👨‍⚕️","phrase":"চিকিত্সকরা স্টেথোস্কোপ ব্যবহার করেন।"},{"type":"🩺","phrase":"আমি কি খেলনা স্টেথোস্কোপ পেতে পারি?"}]},{"slug":"ambulance","title":"অ্যাম্বুলেন্স","phrases":[{"type":"👀","phrase":"আমি একটি অ্যাম্বুলেন্স দেখেছি।"},{"type":"👂","phrase":"আমি একটি অ্যাম্বুলেন্স ভয়েস শুনেছি।"}]},{"slug":"drugstore","title":"ঔষধের দোকান","phrases":[{"type":"🧾","phrase":"আমার প্রেসক্রিপশনটি পূরণ করতে হবে।"},{"type":"➡️","phrase":"এখানে আমার প্রেসক্রিপশন।"}]},{"slug":"emergency","title":"জরুরি অবস্থা","phrases":[{"type":"🚨","phrase":"আমার একটি স্বাস্থ্য জরুরী অবস্থা রয়েছে।"},{"type":"🚑","phrase":"আমি জরুরি ঘরে যাচ্ছি।"}]},{"slug":"health-insurance","title":"স্বাস্থ্য বীমা","phrases":[{"type":"⚕️","phrase":"আমার স্বাস্থ্য বীমা আছে।"},{"type":"❌","phrase":"আমার স্বাস্থ্য বীমা নেই।"}]},{"slug":"doctor","title":"ডাক্তার","phrases":[{"type":"❤️","phrase":"আমি আমার ডাক্তার পছন্দ করি"},{"type":"🤩","phrase":"ডাক্তার আমাকে সহায়তা করছেন।"}]},{"slug":"nurse","title":"নার্স","phrases":[{"type":"❤️","phrase":"আমি আমার নার্স পছন্দ করি"},{"type":"🤩","phrase":"নার্স আমাকে সহায়তা করছেন।"}]}]