[{"id":1,"slug":"conversation","color":"#FFE5E6","premium":0,"locale":"কথোপকথন","count":18},{"id":2,"slug":"people","color":"#E3F3FF","premium":0,"locale":"সম্প্রদায়","count":21},{"id":3,"slug":"feelings","color":"#FFF6D6","premium":0,"locale":"অনুভূতি","count":18},{"id":4,"slug":"food","color":"#EEF7F2","premium":0,"locale":"খাদ্য","count":33},{"id":5,"slug":"animals","color":"#FFE7F4","premium":0,"locale":"জীবজন্তু","count":53},{"id":6,"slug":"school","color":"#F5F3FE","premium":0,"locale":"বিদ্যালয়","count":21},{"id":7,"slug":"activities","color":"#FFEAD1","premium":0,"locale":"ক্রিয়াকলাপ","count":26},{"id":8,"slug":"shapes","color":"#EAFDFF","premium":0,"locale":"আকার","count":18},{"id":9,"slug":"colors","color":"#FFDEEA","premium":0,"locale":"রং","count":22},{"id":10,"slug":"clothes","color":"#C9D3FF","premium":0,"locale":"বস্ত্র","count":42},{"id":11,"slug":"numbers","color":"#FFD8D8","premium":0,"locale":"নাম্বার","count":18},{"id":12,"slug":"transport","color":"#FFE6BA","premium":0,"locale":"পরিবহন","count":22},{"id":13,"slug":"quarantine","color":"#E8F6F8","premium":0,"locale":"পৃথকীকরণ","count":21},{"id":15,"slug":"toys","color":"#F9D9FF","premium":1,"locale":"খেলনা","count":24},{"id":16,"slug":"drinks","color":"#FDCBD8","premium":1,"locale":"পানীয়","count":18},{"id":17,"slug":"snacks","color":"#C7F5F7","premium":1,"locale":"খাবার","count":19},{"id":18,"slug":"occupations","color":"#EDEEE7","premium":1,"locale":"পেশা","count":47},{"id":19,"slug":"party","color":"#EDE7F9","premium":1,"locale":"পার্টি","count":27},{"id":20,"slug":"fruits","color":"#E9F5FE","premium":1,"locale":"ফল","count":25},{"id":21,"slug":"vegetables","color":"#E6F5F3","premium":1,"locale":"শাকসবজি","count":27},{"id":22,"slug":"fair","color":"#FFEAD1","premium":1,"locale":"ন্যায্য","count":20},{"id":23,"slug":"sports","color":"#DCDFE1","premium":1,"locale":"স্পোর্টস","count":19},{"id":24,"slug":"pirates","color":"#EDF8FF","premium":1,"locale":"খালেদার","count":21},{"id":25,"slug":"travel","color":"#E6F5F3","premium":1,"locale":"ভ্রমণ","count":20},{"id":26,"slug":"gardening","color":"#DFF4F1","premium":1,"locale":"উদ্যানপালন","count":24},{"id":27,"slug":"medical","color":"#E6F7FD","premium":1,"locale":"চিকিৎসা","count":21},{"id":28,"slug":"kitchen","color":"#F1F7F3","premium":1,"locale":"রান্নাঘর","count":26},{"id":29,"slug":"places","color":"#F4C6E3","premium":1,"locale":"জায়গা","count":24}]