[{"slug":"one","title":"এক","phrases":[{"type":"➖","phrase":"দু'জনের আগে একজন আসে।"},{"type":"➕","phrase":"এক আসে শূন্য পরে।"},{"type":"🙋","phrase":"আমি একটি চাই."}]},{"slug":"two","title":"দুই","phrases":[{"type":"➖","phrase":"দু'জনের আগে তিনজনের আগমন ঘটে।"},{"type":"➕","phrase":"দু'জন একের পরে আসে।"},{"type":"🙋","phrase":"আমি দুটি চাই।"}]},{"slug":"three","title":"তিন","phrases":[{"type":"➖","phrase":"চারজনের আগে তিনজন আসে।"},{"type":"➕","phrase":"দু'জনের পরে তিনজন আসে।"},{"type":"🙋","phrase":"আমি তিনটি চাই।"}]},{"slug":"four","title":"চার","phrases":[{"type":"➖","phrase":"পাঁচটি আগে পাঁচ আসে।"},{"type":"➕","phrase":"চার পরে তিন পরে আসে।"},{"type":"🙋","phrase":"আমি চার চাই।"}]},{"slug":"five","title":"পাঁচ","phrases":[{"type":"➖","phrase":"পাঁচ ছয় আগে আসে।"},{"type":"➕","phrase":"পাঁচ পরে চার আসে।"},{"type":"🙋","phrase":"আমি পাঁচ চাই।"}]},{"slug":"six","title":"ছয়","phrases":[{"type":"➖","phrase":"ছয়টি আসবে সাতটার আগে।"},{"type":"➕","phrase":"পাঁচ পরে ছয় আসে।"},{"type":"🙋","phrase":"আমি ঠিক করতে চাই"}]},{"slug":"seven","title":"সাত","phrases":[{"type":"➖","phrase":"সাত আসার আগে আসে।"},{"type":"➕","phrase":"সাত ছয় পরে আসে।"},{"type":"🙋","phrase":"আমি সাত চাই।"}]},{"slug":"eight","title":"আট","phrases":[{"type":"➖","phrase":"আটটা আসে নয়টার আগে।"},{"type":"➕","phrase":"আট পরে আসে সাত।"},{"type":"🙋","phrase":"আমি আট চাই।"}]},{"slug":"nine","title":"নয়","phrases":[{"type":"➖","phrase":"দশটার আগে নয়জন আসে।"},{"type":"➕","phrase":"আট পরে আসে নাইন।"},{"type":"🙋","phrase":"আমি নয়টি চাই।"}]},{"slug":"ten","title":"দশ","phrases":[{"type":"➖","phrase":"দশটা এগারোর আগে আসে।"},{"type":"➕","phrase":"দশটা আসে নয়টার পরে।"},{"type":"🙋","phrase":"আমি দশ চাই।"}]},{"slug":"eleven","title":"এগার","phrases":[{"type":"➖","phrase":"এগারোটি তেরো আগে আসে।"},{"type":"➕","phrase":"দশটার পরে এগারো জন আসে।"},{"type":"🙋","phrase":"আমি এগারোটা চাই"}]},{"slug":"twenty","title":"বিশ","phrases":[{"type":"🔢","phrase":"আমি বিশ পর্যন্ত গণনা করতে পারি।"}]},{"slug":"thirty","title":"ত্রিশ","phrases":[{"type":"🔢","phrase":"আমি ত্রিশ পর্যন্ত গণনা করতে পারি"}]},{"slug":"forty","title":"চল্লিশ","phrases":[{"type":"🔢","phrase":"আমি চল্লিশ পর্যন্ত গণনা করতে পারি"}]},{"slug":"fifty","title":"পঞ্চাশ","phrases":[{"type":"🔢","phrase":"আমি পঞ্চাশ পর্যন্ত গণনা করতে পারি।"}]},{"slug":"hundred","title":"শত","phrases":[{"type":"🔢","phrase":"আমি একশো পর্যন্ত গুনতে পারি।"}]},{"slug":"thousand","title":"হাজার","phrases":[{"type":"🔢","phrase":"আমি হাজার পর্যন্ত গণনা করতে পারি।"}]},{"slug":"calculator","title":"গণক","phrases":[{"type":"🖩","phrase":"আমি একটি ক্যালকুলেটর ব্যবহার করতে চাই"},{"type":"🧮","phrase":"আপনি কি আমাকে একটি ক্যালকুলেটর ব্যবহার করতে শেখাতে পারেন?"},{"type":"🙋","phrase":"আমি কি আপনার ক্যালকুলেটরটি বারো করতে পারি?"}]}]