[{"slug":"teacher","title":"শিক্ষক","phrases":[{"type":"❓","phrase":"একজন শিক্ষক কী করেন?"},{"type":"🙋","phrase":"আমি শিক্ষক হতে চাই"}]},{"slug":"police-officer","title":"পুলিশ কর্মকর্তা মো","phrases":[{"type":"❓","phrase":"একজন পুলিশ কর্মকর্তা কী করেন?"},{"type":"🙋","phrase":"আমি পুলিশ অফিসার হতে চাই"}]},{"slug":"writer","title":"লেখক","phrases":[{"type":"❓","phrase":"একজন লেখক কী করেন?"},{"type":"🙋","phrase":"আমি লেখক হতে চাই"}]},{"slug":"doctor","title":"ডাক্তার","phrases":[{"type":"❓","phrase":"একজন ডাক্তার কী করেন?"},{"type":"🙋","phrase":"আমি একজন ডাক্তার হতে চাই."}]},{"slug":"detective","title":"গোয়েন্দা","phrases":[{"type":"❓","phrase":"একজন গোয়েন্দা কী করে?"},{"type":"🙋","phrase":"আমি গোয়েন্দা হতে চাই"}]},{"slug":"artist","title":"শিল্পী","phrases":[{"type":"❓","phrase":"একজন শিল্পী কী করেন?"},{"type":"🙋","phrase":"আমি শিল্পী হতে চাই"}]},{"slug":"singer","title":"গায়ক","phrases":[{"type":"❓","phrase":"একজন গায়ক কী করেন?"},{"type":"🙋","phrase":"আমি গায়ক হতে চাই"}]},{"slug":"astronaut","title":"নভশ্চর","phrases":[{"type":"❓","phrase":"একজন মহাকাশচারী কী করে?"},{"type":"🙋","phrase":"আমি একজন নভোচারী হতে চাই।"}]},{"slug":"sailor","title":"নাবিক","phrases":[{"type":"❓","phrase":"একজন নাবিক কী করে?"},{"type":"🙋","phrase":"আমি নাবিক হতে চাই"}]},{"slug":"chef","title":"পাচক","phrases":[{"type":"❓","phrase":"একজন শেফ কী করে?"},{"type":"🙋","phrase":"আমি শেফ হতে চাই"}]},{"slug":"farmer","title":"কৃষক","phrases":[{"type":"❓","phrase":"একজন কৃষক কী করেন?"},{"type":"🙋","phrase":"আমি কৃষক হতে চাই"}]},{"slug":"construction-worker","title":"নির্মাণ শ্রমিক","phrases":[{"type":"❓","phrase":"একজন নির্মাণ শ্রমিক কী করেন?"},{"type":"🙋","phrase":"আমি একজন নির্মাণ শ্রমিক হতে চাই"}]},{"slug":"baker","title":"রূটিত্তয়ালা","phrases":[{"type":"❓","phrase":"একজন বেকার কী করে?"},{"type":"🙋","phrase":"আমি বেকার হতে চাই"}]},{"slug":"lifeguard","title":"দেহরক্ষী","phrases":[{"type":"❓","phrase":"একজন লাইফগার্ড কী করে?"},{"type":"🙋","phrase":"আমি লাইফগার্ড হতে চাই"}]},{"slug":"astronomer","title":"জ্যোতিষী","phrases":[{"type":"❓","phrase":"একজন জ্যোতির্বিদ কী করেন?"},{"type":"🙋","phrase":"আমি একজন জ্যোতির্বিদ হতে চাই।"}]},{"slug":"journalist","title":"সাংবাদিক","phrases":[{"type":"❓","phrase":"একজন সাংবাদিক কী করেন?"},{"type":"🙋","phrase":"আমি সাংবাদিক হতে চাই"}]},{"slug":"archeologist","title":"প্রত্নতত্ত্ববিৎ","phrases":[{"type":"❓","phrase":"একজন প্রত্নতত্ত্ববিদ কী করেন?"},{"type":"🙋","phrase":"আমি প্রত্নতত্ববিদ হতে চাই"}]},{"slug":"musician","title":"সুরকার","phrases":[{"type":"❓","phrase":"একজন সংগীতশিল্পী কী করেন?"},{"type":"🙋","phrase":"আমি একজন সংগীতশিল্পী হতে চাই"}]},{"slug":"magician","title":"ঐন্দ্রজালিক","phrases":[{"type":"❓","phrase":"একজন যাদুকর কী করে?"},{"type":"🙋","phrase":"আমি যাদুকর হতে চাই"}]},{"slug":"soccer-player","title":"ফুটবল খেলোয়াড়","phrases":[{"type":"❓","phrase":"একটি ফুটবল খেলোয়াড় কি করে?"},{"type":"🙋","phrase":"আমি ফুটবল খেলোয়াড় হতে চাই"}]},{"slug":"postwoman","title":"ডাকপিয়ন","phrases":[{"type":"❓","phrase":"একজন পোস্টউম্যান কী করে?"},{"type":"🙋","phrase":"আমি পোস্টউইউম্যান হতে চাই"}]},{"slug":"firefighter","title":"অগ্নিকাণ্ড-নির্বাপণকারী দমকলকর্মী","phrases":[{"type":"❓","phrase":"দমকলকর্মী কী করে?"},{"type":"🙋","phrase":"আমি ফায়ার ফাইটার হতে চাই"}]},{"slug":"scientist","title":"বিজ্ঞানী","phrases":[{"type":"❓","phrase":"একজন বিজ্ঞানী কী করেন?"},{"type":"🙋","phrase":"আমি বিজ্ঞানী হতে চাই"}]},{"slug":"gardener","title":"মালী","phrases":[{"type":"❓","phrase":"একজন মালী কি করে?"},{"type":"🙋","phrase":"আমি উদ্যান হতে চাই"}]},{"slug":"butcher","title":"কসাই","phrases":[{"type":"❓","phrase":"কসাই কি করে?"},{"type":"🙋","phrase":"আমি কসাই হতে চাই"}]},{"slug":"veterinarian","title":"গোবৈদ্য","phrases":[{"type":"❓","phrase":"একজন পশুচিকিত্সক কী করেন?"},{"type":"🙋","phrase":"আমি পশুচিকিত্সক হতে চাই"}]},{"slug":"lumber-jack","title":"কাঠের জ্যাক","phrases":[{"type":"❓","phrase":"একটি কাঠের জ্যাক কী করে?"},{"type":"🙋","phrase":"আমি একটি কাঠের জ্যাক হতে চাই"}]},{"slug":"miner","title":"খনিজীবী","phrases":[{"type":"❓","phrase":"একজন খনি শ্রমিক কী করে?"},{"type":"🙋","phrase":"আমি খনিতে পরিণত হতে চাই"}]},{"slug":"nun","title":"মঠবাসিনী","phrases":[{"type":"❓","phrase":"নুন কি করে?"},{"type":"🙋","phrase":"আমি নুন হয়ে যেতে চাই"}]},{"slug":"fisher-woman","title":"ফিশার মহিলা","phrases":[{"type":"❓","phrase":"একজন ফিশার-মহিলা কী করে?"},{"type":"🙋","phrase":"আমি একজন ফিশার মহিলা হতে চাই"}]},{"slug":"hair-dresser","title":"চুলের ড্রেসার","phrases":[{"type":"❓","phrase":"একটি চুল-ড্রেসার কি করে?"},{"type":"🙋","phrase":"আমি চুলের ড্রেসার হতে চাই।"}]},{"slug":"mechanic","title":"মিস্ত্রি","phrases":[{"type":"❓","phrase":"একজন মেকানিক কী করে?"},{"type":"🙋","phrase":"আমি মেকানিক হয়ে উঠতে চাই"}]},{"slug":"electrician","title":"তাড়িতী","phrases":[{"type":"❓","phrase":"একজন বৈদ্যুতিক কী করেন?"},{"type":"🙋","phrase":"আমি ইলেক্ট্রিশিয়ান হতে চাই"}]},{"slug":"swimmer","title":"সাঁতারু","phrases":[{"type":"❓","phrase":"একজন সাঁতারু কী করে?"},{"type":"🙋","phrase":"আমি সাঁতারু হতে চাই"}]},{"slug":"photographer","title":"ফটোগ্রাফার","phrases":[{"type":"❓","phrase":"একজন ফটোগ্রাফার কী করেন?"},{"type":"🙋","phrase":"আমি একজন ফটোগ্রাফার হতে চাই"}]},{"slug":"priest","title":"যাজক","phrases":[{"type":"❓","phrase":"একজন পুরোহিত কী করবেন?"},{"type":"🙋","phrase":"আমি পুরোহিত হতে চাই"}]},{"slug":"soldier","title":"সৈনিক","phrases":[{"type":"❓","phrase":"একজন সৈনিক কী করে?"},{"type":"🙋","phrase":"আমি সৈনিক হতে চাই"}]},{"slug":"carpenter","title":"কাঠমিস্ত্রি","phrases":[{"type":"❓","phrase":"ছুতার কী করে?"},{"type":"🙋","phrase":"আমি ছুতার হতে চাই"}]},{"slug":"plumber","title":"প্লাম্বার","phrases":[{"type":"❓","phrase":"প্লাম্বার কী করে?"},{"type":"🙋","phrase":"আমি প্লাম্বার হতে চাই"}]},{"slug":"wall-painter","title":"ওয়াল পেইন্টার","phrases":[{"type":"❓","phrase":"প্রাচীর চিত্রকর কী করে?"},{"type":"🙋","phrase":"আমি একটি প্রাচীর চিত্রশিল্পী হতে চাই।"}]},{"slug":"nurse","title":"নার্স","phrases":[{"type":"❓","phrase":"একজন নার্স কী করেন?"},{"type":"🙋","phrase":"আমি নার্স হতে চাই"}]},{"slug":"judge","title":"বিচারক","phrases":[{"type":"❓","phrase":"একজন বিচারক কী করেন?"},{"type":"🙋","phrase":"আমি বিচারক হতে চাই"}]},{"slug":"waiter","title":"ওয়েটার","phrases":[{"type":"❓","phrase":"ওয়েটার কী করে?"},{"type":"🙋","phrase":"আমি ওয়েটার হতে চাই"}]},{"slug":"pilot","title":"বিমান - চালক","phrases":[{"type":"❓","phrase":"একজন পাইলট কী করেন?"},{"type":"🙋","phrase":"আমি পাইলট হতে চাই"}]},{"slug":"welder","title":"ঢালাইকর","phrases":[{"type":"❓","phrase":"ওয়েল্ডার কী করে?"},{"type":"🙋","phrase":"আমি ওয়েল্ডার হতে চাই"}]},{"slug":"executive","title":"কার্যনির্বাহী","phrases":[{"type":"❓","phrase":"একজন নির্বাহী কী করে?"},{"type":"🙋","phrase":"আমি এক্সিকিউটিভ হতে চাই"}]},{"slug":"hostess","title":"অতিথিসেবিকা","phrases":[{"type":"❓","phrase":"একজন হোস্টেস কী করে?"},{"type":"🙋","phrase":"আমি হোস্টেস হতে চাই"}]}]