[{"slug":"confetti","title":"মিঠাইসমূহ","phrases":[{"type":"❤️","phrase":"আমি কনফিটি পছন্দ করি"},{"type":"🙋","phrase":"আমি কনফিটি পপ করতে পারি?"}]},{"slug":"party-blower","title":"পার্টি ব্লোয়ার","phrases":[{"type":"❤️","phrase":"আমি পার্টি ব্লোয়ারদের পছন্দ করি।"},{"type":"🔊","phrase":"আমার পার্টি কি গোলমাল করছে?"}]},{"slug":"gift","title":"উপহার","phrases":[{"type":"❤️","phrase":"আমি উপহার পছন্দ।"},{"type":"🎁","phrase":"আপনি আমাকে উপহার হিসাবে কি পেয়েছেন?"}]},{"slug":"candle","title":"বাতি","phrases":[{"type":"❤️","phrase":"আমি পার্টি মোমবাতি পছন্দ করি।"},{"type":"🕯️","phrase":"আমি কি মোমবাতি ফুঁকতে পারি?"},{"type":"🎂","phrase":"কত মোমবাতি আছে?"}]},{"slug":"party-hat","title":"অনুষ্ঠান টুপি","phrases":[{"type":"❤️","phrase":"আমি পার্টির টুপি পরতে পছন্দ করি।"},{"type":"👚","phrase":"আমি পার্টির সময় পার্টির টুপি পরব।"}]},{"slug":"balloons","title":"বেলুন","phrases":[{"type":"❤️","phrase":"আমি বেলুন পছন্দ করি"},{"type":"🎈","phrase":"আমি কি বেলুনগুলি পপ করতে পারি?"}]},{"slug":"garlands","title":"মালা","phrases":[{"type":"❤️","phrase":"আমি মালা পছন্দ করি।"},{"type":"🙋","phrase":"আমি আমার পার্টিতে মালা পরতে চাই।"},{"type":"🙋","phrase":"আপনি কি আমার বাহুতে এই মালা লাগাতে পারেন?"}]},{"slug":"cake","title":"পিষ্টক","phrases":[{"type":"❤️","phrase":"আমি কেক খেতে পছন্দ করি"},{"type":"🙋","phrase":"আমি কি এক টুকরো পিঠা পেতে পারি?"}]},{"slug":"ice-cream","title":"আইসক্রিম","phrases":[{"type":"❤️","phrase":"আমি আইসক্রিম খেতে পছন্দ করি।"},{"type":"🍭","phrase":"আপনার প্রিয় গন্ধ কি?"}]},{"slug":"microphone","title":"মাইক","phrases":[{"type":"❤️","phrase":"আমি কারাওকে খেলতে পছন্দ করি।"},{"type":"❤️","phrase":"আমি গান গাইতে পছন্দ করি।"}]},{"slug":"music","title":"সঙ্গীত","phrases":[{"type":"❤️","phrase":"আমি গান বাজনা পছন্দ করি।"},{"type":"🎶","phrase":"তুমি কি ধরনের গান পছন্দ করো?"}]},{"slug":"magician","title":"ঐন্দ্রজালিক","phrases":[{"type":"❤️","phrase":"আমি যাদুকরদের পছন্দ করি"},{"type":"✨","phrase":"আমি একজন যাদুকর হতে চাই"},{"type":"🙋","phrase":"আপনি আমাকে কিছু যাদু কৌশল শিখিয়ে দিতে পারেন?"}]},{"slug":"taking-photos","title":"ছবি তোলা","phrases":[{"type":"❤️","phrase":"আমি ছবি তোলা পছন্দ করি"},{"type":"🙋","phrase":"আমি কি আপনার ফোন ব্যবহার করে ছবি তুলতে পারি?"}]},{"slug":"invitation","title":"আমন্ত্রণ","phrases":[{"type":"📧","phrase":"আমি একটি আমন্ত্রণ পেয়েছি।"},{"type":"📨","phrase":"আমি কি আমার বন্ধুদের পার্টিতে আমন্ত্রণ জানাতে পারি?"},{"type":"📨","phrase":"আমি কি আমার বন্ধুদের আমার জন্মদিনের পার্টিতে আমন্ত্রণ জানাতে পারি?"},{"type":"📨","phrase":"আমরা কি আমার বন্ধুদের আমার বোনের পার্টিতে আমন্ত্রণ জানাতে পারি?"},{"type":"📨","phrase":"আমরা কি আমার বন্ধুদের আমার ভাইয়ের পার্টিতে আমন্ত্রণ জানাতে পারি?"}]},{"slug":"candy","title":"মিছরি","phrases":[{"type":"❤️","phrase":"আমি ক্যান্ডি পছন্দ করি।"},{"type":"🙋","phrase":"আমি কিছু মিছরি খেতে পারি?"}]},{"slug":"popsicle","title":"popsicle","phrases":[{"type":"❤️","phrase":"আমি পপসিকল পছন্দ করি।"},{"type":"🙋","phrase":"আমি কিছু পপসিকল খেতে পারি?"},{"type":"🙋","phrase":"আমরা কি কিছু পপসিকল তৈরি করতে পারি?"},{"type":"🙋","phrase":"আপনি পপসিকল খেতে চান?"}]},{"slug":"cupcake","title":"cupcake","phrases":[{"type":"❤️","phrase":"আমি কাপকেক পছন্দ করি।"},{"type":"🙋","phrase":"আমি কি কাপকেক খেতে পারি?"}]},{"slug":"costume","title":"পরিচ্ছদ","phrases":[{"type":"❤️","phrase":"আমি পোশাক পরতে পছন্দ করি"},{"type":"🦸","phrase":"আমি কি স্পাইডার-ম্যান পোশাক পরতে পারি?"},{"type":"🦸‍♂️","phrase":"আমি কি ব্যাটম্যানের পোশাক পরতে পারি?"},{"type":"🦸‍♀️","phrase":"আমি কি আশ্চর্য মহিলার পোশাক পরতে পারি?"}]},{"slug":"party-glasses","title":"পার্টি চশমা","phrases":[{"type":"❤️","phrase":"আমি পার্টি চশমা পছন্দ করি।"},{"type":"🙋","phrase":"আমি কি পার্টির চশমা পরতে পারি?"}]},{"slug":"spotlights","title":"স্পটলাইট","phrases":[{"type":"❤️","phrase":"আমি স্পটলাইট পছন্দ করি।"},{"type":"❌","phrase":"আমি স্পটলাইট পছন্দ করি না।"}]},{"slug":"marshmallow","title":"Marshmallow এ","phrases":[{"type":"❤️","phrase":"আমি মার্শমেলো পছন্দ করি।"},{"type":"🔥","phrase":"আমি শিবিরের আগুনের উপরে মার্শমালো রান্না করছি।"},{"type":"🙋","phrase":"আমি মার্শমালো খেতে চাই।"}]},{"slug":"guacamole","title":"guacamole","phrases":[{"type":"❤️","phrase":"আমি গুয়াকামোল পছন্দ করি।"},{"type":"🙋","phrase":"আমি কি কিছু গুয়াকামোল খেতে পারি?"},{"type":"❌","phrase":"আমি গুয়াকামোল খেতে পছন্দ করি না"}]},{"slug":"hotdog","title":"হট ডগ","phrases":[{"type":"❤️","phrase":"আমি হটডগ পছন্দ করি।"},{"type":"🙋","phrase":"আমি কি একটি হটডগ পেতে পারি?"},{"type":"❌","phrase":"হটডগ খেতে আমার পছন্দ হয় না।"},{"type":"🙋","phrase":"আমি কি কিছু হটডগ খেতে পারি?"}]},{"slug":"bouncy-castle","title":"Bouncy দুর্গ","phrases":[{"type":"❤️","phrase":"আমি বাউন্সি দুর্গ পছন্দ করি।"},{"type":"🙋","phrase":"আমি বাউন্সি দুর্গে খেলতে চাই।"},{"type":"🙋","phrase":"বাউন্সি দুর্গে খেলি"}]},{"slug":"clown","title":"চাষা","phrases":[{"type":"❤️","phrase":"আমি ক্লাউনগুলি পছন্দ করি।"},{"type":"❌","phrase":"আমি ক্লাউন পছন্দ করি না"},{"type":"🙋","phrase":"আমি ক্লাউন হতে চাই"}]},{"slug":"magic-hat","title":"যাদু টুপি","phrases":[{"type":"❤️","phrase":"আমি ম্যাজিক টুপি পছন্দ করি।"},{"type":"🧙‍♂️","phrase":"আমি একজন উইজার্ড!"},{"type":"🙋","phrase":"আমি যাদু চাই।"}]},{"slug":"dart-board","title":"ডার্ট বোর্ড","phrases":[{"type":"❤️","phrase":"আমি ডার্ট খেলতে পছন্দ করি।"},{"type":"🎯","phrase":"ডার্ট বাজানো বিপজ্জনক হতে পারে।"}]}]