[{"slug":"mother","title":"মা","phrases":[]},{"slug":"father","title":"পিতা","phrases":[]},{"slug":"parents","title":"মাতাপিতা","phrases":[]},{"slug":"grandparents","title":"দাদা - দাদী","phrases":[]},{"slug":"brother","title":"ভাই","phrases":[]},{"slug":"sister","title":"বোন","phrases":[]},{"slug":"uncle","title":"চাচা","phrases":[{"type":"💘","phrase":"আমি তোমাকে ভালবাসি কাকা।"}]},{"slug":"aunt","title":"মাসি","phrases":[]},{"slug":"teacher","title":"শিক্ষক","phrases":[{"type":"💔","phrase":"আমি আমার শিক্ষক পছন্দ করি না।"}]},{"slug":"therapist","title":"ভেষজবিজ্ঞানী","phrases":[]},{"slug":"doctor","title":"ডাক্তার","phrases":[{"type":"🙏🏼","phrase":"আমাকে নিরাময়ের জন্য আপনাকে ধন্যবাদ।"}]},{"slug":"friends","title":"বন্ধুরা","phrases":[{"type":"💑","phrase":"আমি আমার বন্ধুদের ভালবাসি."}]},{"slug":"cousins","title":"চাচাতো ভাই","phrases":[{"type":"💑","phrase":"আমি আমার কাজিনকে ভালবাসি।"}]},{"slug":"grandmother","title":"নানী","phrases":[{"type":"☹️","phrase":"আমি আমার ঠাকুমাকে মিস করছি।"}]},{"slug":"grandfather","title":"পিতামহ","phrases":[{"type":"👉🏼","phrase":"সে আমার দাদা।"}]},{"slug":"stepfather","title":"বিপিতা","phrases":[]},{"slug":"stepmother","title":"বিমাতা","phrases":[]},{"slug":"stepsister","title":"সৎ বোন","phrases":[]},{"slug":"stepbrother","title":"সৎ ভাই","phrases":[{"type":"👉🏼","phrase":"তিনি আমার সৎবন্ধী।"}]},{"slug":"half-brother","title":"সৎ ভাই","phrases":[]},{"slug":"half-sister","title":"আধো বোন","phrases":[]}]