[{"slug":"captain","title":"অধিনায়ক","phrases":[]},{"slug":"pirate-crew","title":"জলদস্যু ক্রু","phrases":[]},{"slug":"treasure","title":"ধন","phrases":[]},{"slug":"hook","title":"হুক","phrases":[]},{"slug":"compass","title":"কম্পাস","phrases":[]},{"slug":"pirate-ship","title":"জলদস্যু জাহাজ","phrases":[]},{"slug":"pirate-gun","title":"জলদস্যু বন্দুক","phrases":[]},{"slug":"pirate-sword","title":"জলদস্যু তরোয়াল","phrases":[]},{"slug":"barrel","title":"পিপা","phrases":[]},{"slug":"pirate-flag","title":"জলদস্যু পতাকা","phrases":[]},{"slug":"treasure-map","title":"ধন মানচিত্র","phrases":[]},{"slug":"spyglass","title":"ক্ষুদ্র দুরবিনবিশেষ","phrases":[]},{"slug":"cannon","title":"কামান","phrases":[]},{"slug":"helm","title":"হাল","phrases":[]},{"slug":"lighthouse","title":"বাতিঘর","phrases":[]},{"slug":"anchor","title":"নোঙ্গর","phrases":[]},{"slug":"bomb","title":"বোমা","phrases":[]},{"slug":"coin","title":"মুদ্রা","phrases":[]},{"slug":"candle","title":"বাতি","phrases":[]},{"slug":"knife","title":"ছুরি","phrases":[]}]