[{"slug":"park","title":"পার্ক","phrases":[{"type":"🙋","phrase":"আমি পার্কে যেতে চাই"},{"type":"☝️","phrase":"তুমি কি পার্কে নিয়ে যেতে পারবে?"},{"type":"💡","phrase":"আমি পার্কে খেলতে পারি"}]},{"slug":"mall","title":"মুদ্গর","phrases":[{"type":"🙋","phrase":"আমি মলে যেতে চাই"},{"type":"☝️","phrase":"আপনি আমাকে মলে নিতে পারেন?"},{"type":"💡","phrase":"আমি মলে কেনাকাটা করতে পারি"}]},{"slug":"restaurant","title":"রেঁস্তোরা","phrases":[{"type":"🙋","phrase":"আমি রেস্টুরেন্ট যেতে চাই।"},{"type":"☝️","phrase":"তুমি কি আমাকে রেস্টুরেন্টে নিয়ে যেতে পারবে?"},{"type":"💡","phrase":"রেস্তোঁরাতে খাবার খেতে পারি।"}]},{"slug":"cinema","title":"সিনেমা","phrases":[{"type":"🙋","phrase":"আমি সিনেমা যেতে চাই।"},{"type":"☝️","phrase":"তুমি আমাকে সিনেমাতে নিয়ে যেতে পারবে?"},{"type":"💡","phrase":"আমি সিনেমাতে সিনেমা দেখতে পারি।"}]},{"slug":"school","title":"বিদ্যালয়","phrases":[{"type":"🙋","phrase":"আমি স্কুল এ যেতে চাই."},{"type":"☝️","phrase":"তুমি কি আমাকে স্কুলে নিয়ে যেতে পারবে?"},{"type":"💡","phrase":"আমি স্কুলে শিখতে পারি।"}]},{"slug":"library","title":"গ্রন্থাগার","phrases":[{"type":"🙋","phrase":"আমি লাইব্রেরিতে যেতে চাই"},{"type":"☝️","phrase":"তুমি কি আমাকে লাইব্রেরিতে নিয়ে যেতে পারবে?"},{"type":"💡","phrase":"আমি লাইব্রেরিতে পড়াশোনা করতে পারি।"}]},{"slug":"fair","title":"ন্যায্য","phrases":[{"type":"🙋","phrase":"আমি মেলায় যেতে চাই"},{"type":"☝️","phrase":"আপনি আমাকে ফর্সা নিতে পারেন?"},{"type":"💡","phrase":"আমি মজা করতে পারি।"}]},{"slug":"drugstore","title":"ঔষধের দোকান","phrases":[{"type":"🙋","phrase":"আমি ওষুধের দোকানে যেতে চাই"},{"type":"☝️","phrase":"তুমি কি আমাকে ওষুধের দোকানে নিয়ে যেতে পারবে?"},{"type":"💡","phrase":"আমি ওষুধের দোকানে আমার ওষুধ কিনতে পারি।"}]},{"slug":"hospital","title":"হাসপাতাল","phrases":[{"type":"🙋","phrase":"আমি হাসপাতালে যেতে চাই"},{"type":"☝️","phrase":"তুমি কি আমাকে হাসপাতালে নিতে পারবে?"},{"type":"💡","phrase":"অসুস্থ লোকেরা হাসপাতালে যেতে পারেন।"}]},{"slug":"amusement-park","title":"বিনোদন পার্ক","phrases":[{"type":"🙋","phrase":"আমি বিনোদন পার্ক যেতে চাই।"},{"type":"☝️","phrase":"তুমি কি আমাকে বিনোদন পার্কে নিয়ে যেতে পারবে?"},{"type":"💡","phrase":"আমি বিনোদন পার্কে মজা করতে পারি।"}]},{"slug":"dormitory","title":"ছাত্রাবাস","phrases":[{"type":"🙋","phrase":"আমি ছাত্রাবাসে যেতে চাই"},{"type":"☝️","phrase":"তুমি কি আমাকে ছাত্রাবাসে নিয়ে যেতে পারবে?"},{"type":"💡","phrase":"আমি ছাত্রাবাসে থাকতে পারি"}]},{"slug":"laundry-place","title":"লন্ড্রি জায়গা","phrases":[{"type":"🙋","phrase":"আমি লন্ড্রি জায়গায় যেতে চাই।"},{"type":"☝️","phrase":"তুমি কি আমাকে লন্ড্রি জায়গায় নিয়ে যেতে পারবে?"},{"type":"💡","phrase":"আমি লন্ড্রি জায়গায় আমার লন্ড্রি পরিষ্কার করতে পারেন।"}]},{"slug":"barber-shop","title":"সেলুন","phrases":[{"type":"🙋","phrase":"আমি নাপিতের দোকানে যেতে চাই।"},{"type":"☝️","phrase":"আপনি আমাকে নাপিত দোকানে নিতে পারেন?"},{"type":"💡","phrase":"নাপিতের দোকানে চুল কাটা পেতে পারি।"}]},{"slug":"hotel","title":"হোটেল","phrases":[{"type":"🙋","phrase":"আমি হোটেলে যেতে চাই"},{"type":"☝️","phrase":"তুমি কি আমাকে হোটেলে নিয়ে যেতে পারবে?"},{"type":"💡","phrase":"আমি একটা হোটেলে থাকতে পারি"}]},{"slug":"kindergarten","title":"শিশুবিদ্যালয়","phrases":[{"type":"🙋","phrase":"আমি কিন্ডারগার্টেন যেতে চাই"},{"type":"☝️","phrase":"আপনি আমাকে কিন্ডারগার্টেন নিতে পারেন?"}]},{"slug":"parking-lot","title":"পার্কিং লট","phrases":[{"type":"🙋","phrase":"আমি পার্কিং লট যেতে চাই।"},{"type":"☝️","phrase":"তুমি কি আমাকে পার্কিং এ নিয়ে যেতে পারবে?"}]},{"slug":"elevator","title":"লিফট","phrases":[{"type":"🙋","phrase":"আমি লিফটটি ব্যবহার করতে চাই"},{"type":"💗","phrase":"আমি লিফট ব্যবহার করতে চান?"},{"type":"💡","phrase":"আমি লিফট ব্যবহার করে উপরে উঠতে পারি।"}]},{"slug":"bank","title":"ব্যাংক","phrases":[{"type":"🙋","phrase":"আমি ব্যাঙ্কে যেতে চাই"},{"type":"☝️","phrase":"আপনি আমাকে ব্যাঙ্কে নিতে পারেন?"},{"type":"💡","phrase":"আমি ব্যাংকে টাকা তুলতে পারি"}]},{"slug":"skycraper","title":"Skycraper","phrases":[{"type":"🙋","phrase":"আমি স্কাইক্র্যাপারে যেতে চাই।"},{"type":"☝️","phrase":"আপনি কি আমাকে স্কাইক্র্যাপারে নিয়ে যেতে পারবেন?"}]},{"slug":"stadium","title":"স্টেডিয়ামে","phrases":[{"type":"🙋","phrase":"আমি স্টেডিয়াম যেতে চাই।"},{"type":"☝️","phrase":"আপনি আমাকে স্টেডিয়ামে নিতে পারেন?"}]},{"slug":"cruise-ship","title":"প্রমোদ তরী","phrases":[{"type":"🙋","phrase":"আমি ক্রুজ জাহাজে উঠতে চাই।"},{"type":"☝️","phrase":"আপনি কি আমাকে ক্রুজ শিপে নিয়ে যেতে পারবেন?"}]},{"slug":"forest","title":"বন। জংগল","phrases":[{"type":"🙋","phrase":"আমি বনে যেতে চাই"},{"type":"☝️","phrase":"তুমি কি আমাকে বনে নিয়ে যেতে পারবে?"}]},{"slug":"tent","title":"তাঁবু","phrases":[{"type":"🙋","phrase":"আমি তাঁবুতে যেতে চাই"},{"type":"☝️","phrase":"আমরা কি তাঁবুতে থাকতে পারি?"}]},{"slug":"beach","title":"সৈকত","phrases":[{"type":"🙋","phrase":"আমি সৈকতে যেতে চাই"},{"type":"☝️","phrase":"তুমি কি আমাকে সৈকতে নিয়ে যেতে পারবে?"},{"type":"💡","phrase":"আমি সৈকত রোদ করতে পারি।"}]}]