[{"slug":"protective-mask","title":"প্রতিরক্ষামূলক মুখোশ","phrases":[{"type":"🛡️","phrase":"আমি প্রতিরক্ষামূলক মুখোশ ব্যবহার করছি।"},{"type":"😷","phrase":"আমি প্রতিরক্ষামূলক মুখোশ ছাড়া বাইরে যেতে পারবেন না।"}]},{"slug":"stay-home","title":"বাড়িতে থাকুন","phrases":[{"type":"🏠","phrase":"তোমাকে বাড়িতে থাকতে হবে"},{"type":"🏡","phrase":"আমি বাসায় থাকি।"}]},{"slug":"toilet-paper","title":"টয়লেট পেপার","phrases":[]},{"slug":"sprayer","title":"সিঞ্চক","phrases":[]},{"slug":"disinfectant","title":"বীজঘ্ন","phrases":[{"type":"🧼","phrase":"আমি জীবাণুনাশক ব্যবহার করছি"},{"type":"🙋","phrase":"আপনি কি আমাকে জীবাণুনাশক ব্যবহার করতে সাহায্য করতে পারেন?"}]},{"slug":"coughing","title":"কাশি","phrases":[{"type":"🤒","phrase":"আমি কাশি করছি"},{"type":"🏥","phrase":"কাশি ভাইরাসের লক্ষণ is"}]},{"slug":"medical-assistance","title":"চিকিৎসা সহায়তা","phrases":[{"type":"⚕️","phrase":"আমার চিকিত্সা সহায়তা দরকার।"},{"type":"❓","phrase":"আপনার কি চিকিত্সা সহায়তা দরকার?"}]},{"slug":"hand-sanitizer","title":"হাতের স্যানিটাইজার","phrases":[{"type":"🚰","phrase":"আমি হ্যান্ড স্যানিটাইজার ব্যবহার করছি।"},{"type":"🙋","phrase":"আপনি কি আমাকে হাতের স্যানিটাইজার ব্যবহার করতে সাহায্য করতে পারেন?"}]},{"slug":"gloves","title":"গ্লাভস","phrases":[{"type":"🧤","phrase":"আমি গ্লাভস ব্যবহার করছি"},{"type":"🙋","phrase":"আপনি কি আমার গ্লোভস লাগাতে সাহায্য করতে পারেন?"}]},{"slug":"social-distancing","title":"সামাজিক দূরত্ব স্থাপন","phrases":[{"type":"🖐️","phrase":"আমি সামাজিক দূরত্ব অনুশীলন করছি।"},{"type":"📏","phrase":"আমাদের মধ্যে আমাদের দূরত্ব রাখা উচিত।"}]},{"slug":"mouth-mask","title":"মুখোশ","phrases":[{"type":"😷","phrase":"আমি মুখোশ ব্যবহার করছি।"},{"type":"🏡","phrase":"মুখের মুখোশ ছাড়া আমি বাইরে যেতে পারি না।"}]},{"slug":"pandemic","title":"পৃথিবীব্যাপী","phrases":[{"type":"🌐","phrase":"মহামারী কী?"},{"type":"⏱️","phrase":"কখন মহামারী শেষ হবে?"},{"type":"⌚","phrase":"সেখানে মহামারী চলছে।"}]},{"slug":"working-at-home","title":"বাড়ীতে কাজ","phrases":[{"type":"🏠","phrase":"আমি ঘরে বসে কাজ করছি।"},{"type":"👪","phrase":"আমার বাবা-মা ঘরে বসে কাজ করছেন।"}]},{"slug":"wet-wipes","title":"ভিজা টিস্যু","phrases":[{"type":"🤧","phrase":"আমার ভিজে মুছা দরকার।"}]},{"slug":"quarantine","title":"পৃথকীকরণ","phrases":[{"type":"🔲","phrase":"কোয়ারানটাইন কী?"},{"type":"🙋","phrase":"আমি পৃথকীকরণে আছি."}]},{"slug":"first-aid-kit","title":"প্রাথমিক চিকিৎসার সরঞ্জাম","phrases":[{"type":"❓","phrase":"প্রাথমিক চিকিত্সার কিটটি কোথায়?"},{"type":"🙋","phrase":"আপনি কি আমাকে প্রাথমিক চিকিত্সার কিটটি ব্যবহার করতে সহায়তা করতে পারেন?"}]},{"slug":"fitness","title":"জুত","phrases":[{"type":"🤸","phrase":"আমি ফিটনেস করতে পছন্দ করি"},{"type":"🤼","phrase":"আমি ফিটনেস করতে পছন্দ করি"}]},{"slug":"e-learning","title":"ই-লার্নিং","phrases":[{"type":"💻","phrase":"আমি বাসা থেকে শিখছি।"},{"type":"📱","phrase":"আমি ই-লার্নিং অ্যাপস ব্যবহার করছি।"}]},{"slug":"virus","title":"ভাইরাস","phrases":[{"type":"🦠","phrase":"ভাইরাস কী?"},{"type":"💉","phrase":"ভাইরাসের লক্ষণগুলি কী?"}]},{"slug":"cleaning","title":"পরিষ্কারের","phrases":[{"type":"🧼","phrase":"আমি আমার ঘর পরিষ্কার করছি."},{"type":"🔲","phrase":"আপনার ঘরটি পরিষ্কার রাখা জরুরী।"}]}]