[{"slug":"desk","title":"ডেস্ক","phrases":[{"type":"🙋","phrase":"আমি কি এই ডেস্কটি ব্যবহার করতে পারি?"},{"type":"❓","phrase":"আমার কোন ডেস্ক?"},{"type":"🥛","phrase":"আমি আমার ডেস্কে ছড়িয়ে পড়েছি।"},{"type":"❌","phrase":"আপনার ডেস্ক স্ক্র্যাচ করবেন না।"}]},{"slug":"chair","title":"চেয়ার","phrases":[{"type":"🙋","phrase":"আমি কি তোমার সাথে বসে থাকতে পারি?"},{"type":"❓","phrase":"আমার কোন চেয়ার?"},{"type":"☝️","phrase":"এই চেয়ার নেওয়া হয়?"},{"type":"🥛","phrase":"আমি আমার চেয়ারে ছিটকে গেলাম।"}]},{"slug":"book","title":"বই","phrases":[{"type":"📙","phrase":"পাঠ্যপুস্তক"},{"type":"📒","phrase":"কার্যপুস্তিকা"},{"type":"📚","phrase":"একটি বই পড়া."},{"type":"😇","phrase":"আমি কি তোমার বইটি ধার করতে পারি?"},{"type":"📃","phrase":"আমরা কোন পৃষ্ঠায় আছি?"},{"type":"☝️","phrase":"পৃষ্ঠাটি ফ্লিপ করুন।"},{"type":"😱","phrase":"আমি আমার বই হারিয়েছি।"}]},{"slug":"notebook","title":"নোটবই","phrases":[{"type":"📝","phrase":"নোট গ্রহণ."},{"type":"🖐️","phrase":"আমি নোট নিচ্ছি"},{"type":"😱","phrase":"আমি আমার নোটবুক হারিয়েছি।"}]},{"slug":"backpack","title":"ব্যাকপ্যাক","phrases":[{"type":"👜","phrase":"আমার ব্যাকপ্যাকটি বহন করছে।"},{"type":"💡","phrase":"আমার বই আমার ব্যাকপ্যাকে রেখেছি।"},{"type":"🙋","phrase":"আমার একটি নতুন ব্যাকপ্যাক দরকার।"},{"type":"🙏🏼","phrase":"আমার ব্যাকপ্যাকটি বহন করার জন্য আপনাকে ধন্যবাদ।"},{"type":"😱","phrase":"আমি আমার ব্যাকপ্যাকটি হারিয়েছি।"},{"type":"⚖️","phrase":"আমার ব্যাকপ্যাকটি ভারী।"}]},{"slug":"blackboard","title":"বিদ্যালয়ে লিপির জন্য তক্তা","phrases":[{"type":"👀","phrase":"ব্ল্যাকবোর্ডের দিকে তাকাও."},{"type":"🧽","phrase":"ব্ল্যাকবোর্ড পরিষ্কার করছি।"},{"type":"🧮","phrase":"ব্ল্যাকবোর্ডে সমস্যা সমাধান করা।"},{"type":"📝","phrase":"ব্ল্যাকবোর্ডে নোট নিচ্ছি।"},{"type":"🖊️","phrase":"আমাকে একটি খড়ি দাও।"}]},{"slug":"teacher","title":"শিক্ষক","phrases":[{"type":"🤔","phrase":"আমি এই অংশটি বুঝতে পারি না।"},{"type":"🔁","phrase":"আপনি শেষ অংশ পুনরাবৃত্তি করতে পারেন?"},{"type":"🚻","phrase":"আমি কি বিশ্রামাগারে যেতে পারি?"},{"type":"❓","phrase":"কোন বিষয়?"},{"type":"😀","phrase":"আমি এই বিষয়টি পছন্দ।"},{"type":"😔","phrase":"আমি এই বিষয়টি পছন্দ করি না।"},{"type":"🙏🏼","phrase":"পাঠের জন্য আপনাকে ধন্যবাদ।"}]},{"slug":"school-bus","title":"স্কুল বাস","phrases":[{"type":"⌛","phrase":"স্কুল বাস আসছে।"},{"type":"❓","phrase":"আমি কি তোমার পাশে বসে থাকতে পারি?"},{"type":"🙏🏼","phrase":"থ্যাঙ্কস বাস ড্রাইভার!"},{"type":"⏱️","phrase":"স্কুল বাসে দেরি হয়েছিল।"}]},{"slug":"pencil","title":"পেন্সিল","phrases":[{"type":"✏️","phrase":"আমি লিখছি."},{"type":"🎓","phrase":"আমি লিখতে শিখছি।"},{"type":"🙋","phrase":"আমার একটি নতুন পেন্সিল দরকার।"},{"type":"😇","phrase":"আমি কি তোমার পেন্সিল ধার নিতে পারি?"},{"type":"😱","phrase":"আমি আমার পেন্সিলটি হারিয়েছি।"}]},{"slug":"eraser","title":"রবার","phrases":[{"type":"🧽","phrase":"আমি মুছে ফেলছি"},{"type":"🙋","phrase":"আমার নতুন ইরেজার দরকার।"},{"type":"😇","phrase":"আমি কি আপনার ইরেজার ধার নিতে পারি?"},{"type":"😱","phrase":"আমি আমার ইরেজারটি হারিয়েছি।"}]},{"slug":"ruler","title":"শাসক","phrases":[{"type":"📏","phrase":"আমি মাপছি।"},{"type":"🙋","phrase":"আমার নতুন শাসক দরকার"},{"type":"😇","phrase":"আমি কি আপনার শাসককে ধার নিতে পারি?"},{"type":"😱","phrase":"আমি আমার শাসককে হারিয়েছি"}]},{"slug":"sharpener","title":"শার্পনার","phrases":[{"type":"🔪","phrase":"আমি আমার পেন্সিলটি তীক্ষ্ণ করছি"},{"type":"🙋","phrase":"আমার একটি নতুন শার্পার দরকার"},{"type":"😇","phrase":"আমি কি তোমার ধার ধারক নিতে পারি?"},{"type":"😱","phrase":"আমি আমার ধারালো হারিয়েছি।"}]},{"slug":"mathematics","title":"গণিত","phrases":[{"type":"❤️","phrase":"আমি গণিত পছন্দ করি"},{"type":"🙋","phrase":"আমি গণিত পড়তে চাই"},{"type":"❌","phrase":"আমি গণিত পছন্দ করি না"},{"type":"⌚","phrase":"গণিতের ক্লাস কখন?"},{"type":"☝️","phrase":"আপনি আমার গণিতের হোম ওয়ার্কে আমাকে সাহায্য করতে পারেন?"}]},{"slug":"literature","title":"সাহিত্য","phrases":[{"type":"❤️","phrase":"আমি সাহিত্য পছন্দ করি।"},{"type":"🙋","phrase":"আমি সাহিত্য পড়তে চাই।"},{"type":"❌","phrase":"সাহিত্য আমার পছন্দ নয়।"},{"type":"⌚","phrase":"সাহিত্যের ক্লাস কখন?"},{"type":"☝️","phrase":"আপনি আমার সাহিত্যের হোম ওয়ার্ক সম্পর্কে আমাকে সাহায্য করতে পারেন?"}]},{"slug":"science","title":"বিজ্ঞান","phrases":[{"type":"❤️","phrase":"আমি বিজ্ঞান পছন্দ করি."},{"type":"🙋","phrase":"আমি বিজ্ঞান পড়তে চাই"},{"type":"❌","phrase":"আমি বিজ্ঞান পছন্দ করি না।"},{"type":"⌚","phrase":"কবে বিজ্ঞান ক্লাস হয়?"},{"type":"☝️","phrase":"আপনি কি আমার বিজ্ঞানের হোম ওয়ার্কে আমাকে সাহায্য করতে পারেন?"}]},{"slug":"art-class","title":"আর্ট ক্লাস","phrases":[{"type":"❤️","phrase":"আমি আর্ট ক্লাস পছন্দ করি।"},{"type":"🙋","phrase":"আমি শিল্প দক্ষতা অনুশীলন করতে চান।"},{"type":"❌","phrase":"আমি আর্ট ক্লাস পছন্দ করি না"},{"type":"⌚","phrase":"আর্ট ক্লাস কখন?"},{"type":"☝️","phrase":"আপনি আমার শিল্প বর্গ হোমওয়ার্ক সাহায্য করতে পারেন?"}]},{"slug":"music-class","title":"সঙ্গীতের ক্লাস","phrases":[{"type":"❤️","phrase":"আমি গানের ক্লাস পছন্দ করি"},{"type":"🙋","phrase":"আমি গানের দক্ষতা অনুশীলন করতে চাই।"},{"type":"❌","phrase":"আমি গানের ক্লাস পছন্দ করি না"},{"type":"⌚","phrase":"সংগীত ক্লাস কখন?"},{"type":"☝️","phrase":"আপনি কি আমার সংগীত শ্রেণীর হোমওয়ার্কে আমাকে সহায়তা করতে পারেন?"}]},{"slug":"geography","title":"ভূগোল","phrases":[{"type":"❤️","phrase":"আমি ভূগোল পছন্দ করি।"},{"type":"🙋","phrase":"আমি ভূগোল পড়তে চাই"},{"type":"❌","phrase":"আমি ভূগোল পছন্দ করি না।"},{"type":"⌚","phrase":"ভূগোল কখন?"},{"type":"☝️","phrase":"আপনি কি আমার ভূগোলের হোমওয়ার্কে আমাকে সহায়তা করতে পারেন?"}]},{"slug":"telescope","title":"দূরবীন","phrases":[{"type":"🌎","phrase":"আমি টেলিস্কোপ ব্যবহার করছি"},{"type":"🙋","phrase":"আমি টেলিস্কোপ ব্যবহার করতে চাই"},{"type":"🌟","phrase":"আমি তারকাদের দেখতে চাই।"}]},{"slug":"glue","title":"আঠা","phrases":[{"type":"👌","phrase":"আমি আঠালো ব্যবহার করছি।"},{"type":"🙋","phrase":"আমার নতুন আঠা লাগবে।"},{"type":"😇","phrase":"আমি কি আপনার আঠালো ধার নিতে পারি?"},{"type":"😱","phrase":"আমি আমার আঠা হারিয়েছি।"}]}]