[{"slug":"circle","title":"বৃত্ত","phrases":[{"type":"👉","phrase":"এটি বৃত্ত আকৃতির।"},{"type":"❓","phrase":"আপনি আমাকে বৃত্ত আঁকতে শিখাতে পারেন?"}]},{"slug":"triangle","title":"ত্রিভুজ","phrases":[{"type":"👉","phrase":"এটি ত্রিভুজ আকারের।"},{"type":"❓","phrase":"ত্রিভুজ আঁকতে কিভাবে আমাকে শিখিয়ে দিতে পারেন?"}]},{"slug":"square","title":"বর্গক্ষেত্র","phrases":[{"type":"👉","phrase":"এটি বর্গাকার আকারের।"},{"type":"❓","phrase":"আপনি আমাকে স্কোয়ার আঁকতে শেখাতে পারেন?"}]},{"slug":"rectangle","title":"আয়তক্ষেত্র","phrases":[{"type":"👉","phrase":"এটি আয়তক্ষেত্র আকারযুক্ত।"},{"type":"❓","phrase":"আয়তক্ষেত্র আঁকতে কীভাবে আমাকে শিখাতে পারেন?"}]},{"slug":"star","title":"তারকা","phrases":[{"type":"👉","phrase":"এটি তারকা আকৃতির।"},{"type":"❓","phrase":"আপনি কি আমাকে আঁকতে পারেন তা শেখাতে পারেন?"}]},{"slug":"pentagon","title":"পঁচকোণ","phrases":[{"type":"👉","phrase":"এটি পেন্টাগনের আকারের।"},{"type":"❓","phrase":"আপনি কী আমাকে পেন্টাগন আঁকতে শেখাতে পারেন?"}]},{"slug":"hexagon","title":"ষট্কোণ","phrases":[{"type":"👉","phrase":"এটি ষড়ভুজ আকারের।"},{"type":"❓","phrase":"Youষধাগুলি আঁকতে কীভাবে আমাকে শিখাতে পারেন?"}]},{"slug":"cross","title":"ক্রস","phrases":[{"type":"👉","phrase":"এটি ক্রস শেপড।"},{"type":"❓","phrase":"ক্রস আঁকতে কিভাবে আমাকে শিখিয়ে দিতে পারেন?"}]},{"slug":"ellipse","title":"উপবৃত্ত","phrases":[{"type":"👉","phrase":"এটি উপবৃত্তাকার আকারের।"},{"type":"❓","phrase":"উপবৃত্ত আঁকতে কীভাবে আমাকে শিখাতে পারেন?"}]},{"slug":"arrow","title":"তীর","phrases":[{"type":"👉","phrase":"এটি তীরের আকারের।"},{"type":"❓","phrase":"আপনি আমাকে শিখতে পারেন কিভাবে তীর আঁকতে হয়?"}]},{"slug":"crescent","title":"অর্ধচন্দ্রাকার","phrases":[{"type":"👉","phrase":"এটি ক্রিসেন্ট আকারের।"},{"type":"❓","phrase":"আপনি আমাকে ক্রিসেন্ট আঁকতে শেখাতে পারেন?"}]},{"slug":"heart","title":"হৃদয়","phrases":[{"type":"👉","phrase":"এটি হৃদয় আকৃতির।"},{"type":"❓","phrase":"আপনি আমাকে হৃদয় আঁকতে কিভাবে শিখাতে পারেন?"}]},{"slug":"rhombus","title":"অসমকোণ সমবাহু চতুর্ভুজ ক্ষেত্র","phrases":[{"type":"👉","phrase":"এটি রম্বস আকারের।"},{"type":"❓","phrase":"আপনি কীভাবে রম্বস আঁকবেন তা শিখিয়ে দিতে পারেন?"}]},{"slug":"ring","title":"রিং","phrases":[{"type":"👉","phrase":"এটি রিং আকারযুক্ত।"},{"type":"❓","phrase":"আপনি আমাকে রিং আঁকতে শেখাতে পারেন?"}]},{"slug":"semicircle","title":"অর্ধবৃত্ত","phrases":[{"type":"👉","phrase":"এটি অর্ধবৃত্ত আকারযুক্ত।"},{"type":"❓","phrase":"আপনি আমাকে অর্ধবৃত্ত আঁকতে শেখাতে পারেন?"}]},{"slug":"trapezoid","title":"ট্র্যাপিজয়েড","phrases":[{"type":"👉","phrase":"এটি ট্র্যাপিজয়েড আকারের।"},{"type":"❓","phrase":"আপনি আমাকে ট্র্যাপিজয়েড আঁকতে শিখিয়ে দিতে পারেন?"}]},{"slug":"cube","title":"ঘনক্ষেত্র","phrases":[{"type":"👉","phrase":"এটি কিউব আকৃতির।"},{"type":"❓","phrase":"আপনি কিউব আঁকতে পারেন তা আমাকে শিখিয়ে দিতে পারেন?"}]},{"slug":"cylinder","title":"নল","phrases":[{"type":"👉","phrase":"এটি সিলিন্ডার আকারের।"},{"type":"❓","phrase":"আপনি কি আমাকে সিলিন্ডার আঁকতে শেখাতে পারেন?"}]}]