[{"slug":"chips","title":"চিপস","phrases":[{"type":"❤️","phrase":"আমি চিপস খেতে পছন্দ করি"},{"type":"🙋","phrase":"আমি চিপস খেতে চাই"},{"type":"🤢","phrase":"বেশি চিপস খাওয়া আমার পক্ষে খারাপ।"}]},{"slug":"donut","title":"ডোনাট","phrases":[{"type":"❤️","phrase":"আমি ডোনাট খাওয়া পছন্দ করি।"},{"type":"🙋","phrase":"আমি ডোনাট খেতে চাই"},{"type":"🤢","phrase":"খুব বেশি ডোনেট খাওয়া আমার পক্ষে খারাপ।"}]},{"slug":"taco","title":"ট্যাকো","phrases":[{"type":"❤️","phrase":"আমি টাকো খাওয়া পছন্দ করি।"},{"type":"🙋","phrase":"আমি টাকো খেতে চাই"},{"type":"🤢","phrase":"বেশি টাকো খাওয়া আমার পক্ষে খারাপ।"}]},{"slug":"peanuts","title":"চিনাবাদাম","phrases":[{"type":"❤️","phrase":"আমি চিনাবাদাম খেতে পছন্দ করি"},{"type":"🙋","phrase":"আমি চিনাবাদাম খেতে চাই"},{"type":"🤢","phrase":"বেশি পরিমাণে চিনাবাদাম খাওয়া আমার পক্ষে খারাপ।"}]},{"slug":"croissant","title":"ক্রয়স্যান্ট","phrases":[{"type":"❤️","phrase":"আমি ক্রাইস্যান্ট খেতে পছন্দ করি।"},{"type":"🙋","phrase":"আমি ক্রাইস্যান্ট খেতে চাই"},{"type":"🤢","phrase":"বেশি ক্রোস্যান্ট খাওয়া আমার পক্ষে খারাপ।"}]},{"slug":"cookie","title":"মিষ্ট রূটি","phrases":[{"type":"❤️","phrase":"আমি কুকি খেতে পছন্দ করি"},{"type":"🙋","phrase":"আমি কুকি খেতে চাই"},{"type":"🤢","phrase":"বেশি কুকিজ খাওয়া আমার পক্ষে খারাপ।"}]},{"slug":"burrito","title":"burrito","phrases":[{"type":"❤️","phrase":"আমি বুড়ি খাওয়া পছন্দ করি।"},{"type":"🙋","phrase":"আমি বুড়িটা খেতে চাই।"},{"type":"🤢","phrase":"অত্যধিক বুড়ি খাওয়া আমার পক্ষে খারাপ।"}]},{"slug":"ramen","title":"রামেন","phrases":[{"type":"❤️","phrase":"আমি রামেন খেতে পছন্দ করি।"},{"type":"🙋","phrase":"আমি রামেন খেতে চাই"},{"type":"🤢","phrase":"বেশি বেশি রামেন খাওয়া আমার পক্ষে খারাপ।"}]},{"slug":"sushi","title":"সুশি","phrases":[{"type":"❤️","phrase":"আমি সুশী খেতে পছন্দ করি"},{"type":"🙋","phrase":"আমি সুশী খেতে চাই"},{"type":"🤢","phrase":"বেশি পরিমাণে সুশি খাওয়া আমার পক্ষে খারাপ।"}]},{"slug":"chocolate","title":"চকলেট","phrases":[{"type":"❤️","phrase":"আমি চকোলেট খেতে পছন্দ করি"},{"type":"🙋","phrase":"আমি চকোলেট খেতে চাই"},{"type":"🤢","phrase":"বেশি চকোলেট খাওয়া আমার পক্ষে খারাপ।"}]},{"slug":"apple-pie","title":"আপেল পাই","phrases":[{"type":"❤️","phrase":"আমি আপেল পাই খাওয়া পছন্দ করি।"},{"type":"🙋","phrase":"আমি আপেল পাই খেতে চাই"},{"type":"🤢","phrase":"বেশি পরিমাণে অ্যাপল পাই খাওয়া আমার পক্ষে খারাপ।"}]},{"slug":"muffin","title":"মাফিন","phrases":[{"type":"❤️","phrase":"আমি মাফিন খেতে পছন্দ করি"},{"type":"🙋","phrase":"আমি মাফিন খেতে চাই"},{"type":"🤢","phrase":"বেশি মাফিন খাওয়া আমার পক্ষে খারাপ।"}]},{"slug":"pudding","title":"পুডিং","phrases":[{"type":"❤️","phrase":"আমি পুডিং খেতে পছন্দ করি"},{"type":"🙋","phrase":"আমি পুডিং খেতে চাই"},{"type":"🤢","phrase":"খুব বেশি পুডিং খাওয়া আমার পক্ষে খারাপ।"}]},{"slug":"macaron","title":"Macaron","phrases":[{"type":"❤️","phrase":"আমি ম্যাকারন খেতে পছন্দ করি।"},{"type":"🙋","phrase":"আমি ম্যাকারন খেতে চাই।"},{"type":"🤢","phrase":"বেশি ম্যাকারন খাওয়া আমার পক্ষে খারাপ।"}]},{"slug":"crepe","title":"ক্রেপ কাপড়","phrases":[{"type":"❤️","phrase":"আমি ক্রেপ খেতে পছন্দ করি"},{"type":"🙋","phrase":"আমি ক্রেপ খেতে চাই"},{"type":"🤢","phrase":"খুব বেশি ক্রেপ খাওয়া আমার পক্ষে খারাপ।"}]},{"slug":"pizza","title":"পিজা","phrases":[{"type":"❤️","phrase":"আমি পিজ্জা খেতে পছন্দ করি"},{"type":"🙋","phrase":"আমি পিজা খেতে চাই."},{"type":"🤢","phrase":"বেশি পিজ্জা খাওয়া আমার পক্ষে খারাপ।"}]},{"slug":"skewer","title":"শঙ্কু","phrases":[{"type":"❤️","phrase":"আমি স্কুয়ার খাওয়া পছন্দ করি।"},{"type":"🙋","phrase":"আমি স্কুয়ার খেতে চাই"},{"type":"🤢","phrase":"খুব বেশি স্কিওয়ার খাওয়া আমার পক্ষে খারাপ।"}]},{"slug":"fast-food","title":"ফাস্ট ফুড","phrases":[{"type":"❤️","phrase":"আমি ফাস্ট ফুড খাওয়া পছন্দ করি।"},{"type":"🙋","phrase":"আমি ফাস্ট ফুড খেতে চাই।"},{"type":"🤢","phrase":"অতিরিক্ত ফাস্টফুড খাওয়া আমার পক্ষে খারাপ।"}]}]