[{"slug":"basketball","title":"বাস্কেটবল","phrases":[{"type":"❤️","phrase":"আমি বাস্কেটবল খেলতে পছন্দ করি."},{"type":"🙋","phrase":"আপনি কি বাস্কেটবল খেলতে চান?"}]},{"slug":"boxing","title":"বক্সিং","phrases":[{"type":"❤️","phrase":"আমার বক্সিং পছন্দ"},{"type":"🙋","phrase":"আপনি কি একসাথে বক্স করতে চান?"}]},{"slug":"tennis","title":"টেনিস","phrases":[{"type":"❤️","phrase":"আমি টেনিস খেলতে পছন্দ করি."},{"type":"🙋","phrase":"আপনি কি টেনিস খেলতে চান?"}]},{"slug":"golf","title":"গলফ","phrases":[{"type":"❤️","phrase":"আমি গল্ফ খেলতে পছন্দ করি"},{"type":"🙋","phrase":"আপনি কি গল্ফ খেলতে চান?"}]},{"slug":"hockey","title":"হকিখেলা","phrases":[{"type":"❤️","phrase":"আমি হকি খেলতে পছন্দ করি।"},{"type":"🙋","phrase":"আপনি কি হকি খেলতে চান?"}]},{"slug":"swimming","title":"সাঁতার","phrases":[{"type":"❤️","phrase":"আমি সাঁতার পছন্দ করি."},{"type":"🙋","phrase":"তুমি কি সাঁতার কাটতে চাও?"}]},{"slug":"baseball","title":"বেসবল","phrases":[{"type":"❤️","phrase":"আমি বেসবল খেলতে পছন্দ করি"},{"type":"🙋","phrase":"আপনি কি বেসবল খেলতে চান?"}]},{"slug":"american-football","title":"আমেরিকান ফুটবল","phrases":[{"type":"❤️","phrase":"আমি আমেরিকান ফুটবল খেলতে পছন্দ করি।"},{"type":"🙋","phrase":"আপনি কি আমেরিকান ফুটবল খেলতে চান?"}]},{"slug":"cricket","title":"ক্রিকেট","phrases":[{"type":"❤️","phrase":"আমি ক্রিকেট পছন্দ করি।"},{"type":"🙋","phrase":"আপনি কি ক্রিকেট খেলতে চান?"}]},{"slug":"racing","title":"ধাবমান","phrases":[{"type":"❤️","phrase":"আমি রেসিং পছন্দ করি"},{"type":"🙋","phrase":"আপনি কি একসাথে রেস করতে চান?"}]},{"slug":"skiing","title":"স্কিইং","phrases":[{"type":"❤️","phrase":"আমি স্কিইং পছন্দ করি"},{"type":"🙋","phrase":"আপনি স্কি করতে চান?"}]},{"slug":"volleyball","title":"ভলিবলখেলা","phrases":[{"type":"❤️","phrase":"আমি ভলিবল খেলতে পছন্দ করি।"},{"type":"🙋","phrase":"আপনি কি ভলিবল খেলতে চান?"}]},{"slug":"fencing","title":"পরিবেষ্টনী","phrases":[{"type":"❤️","phrase":"আমি বেড়া পছন্দ।"}]},{"slug":"referee","title":"বিচারক","phrases":[{"type":"🏁","phrase":"আমি কি রেফারি হতে পারি?"}]},{"slug":"coach","title":"কোচ","phrases":[{"type":"🏁","phrase":"আমি কি তোমার কোচ হতে পারি?"}]},{"slug":"kendo","title":"Kendo","phrases":[]},{"slug":"table-tennis","title":"টেবিল টেনিস","phrases":[{"type":"❤️","phrase":"আমি টেবিল টেনিস খেলতে পছন্দ করি।"},{"type":"🙋","phrase":"আপনি কি টেবিল টেনিস খেলতে চান?"}]},{"slug":"medal","title":"পদক","phrases":[{"type":"😎","phrase":"আমি একটি পদক পেয়েছি।"}]},{"slug":"podium","title":"মঁচ","phrases":[]}]