[{"slug":"doll","title":"পুতুল","phrases":[{"type":"❤️","phrase":"আমি পুতুল পছন্দ করি"},{"type":"☝️","phrase":"আমি কি আমার পুতুলের সাথে খেলতে পারি?"},{"type":"🙋","phrase":"আমি উপস্থিত হিসাবে একটি পুতুল চাই।"}]},{"slug":"teddy-bear","title":"টেডি বিয়ার","phrases":[{"type":"❤️","phrase":"আমি টেডি বিয়ার পছন্দ করি।"},{"type":"☝️","phrase":"আমি কি আমার টেডি-ভাল্লুকের সাথে খেলতে পারি?"},{"type":"🙋","phrase":"আমি বর্তমান হিসাবে একটি টেডি বিয়ার চাই।"}]},{"slug":"blocks","title":"ব্লক","phrases":[{"type":"❤️","phrase":"আমি ব্লক পছন্দ করি"},{"type":"☝️","phrase":"আমি কি আমার ব্লক নিয়ে খেলতে পারি?"},{"type":"🙋","phrase":"আমি উপস্থিত হিসাবে একটি ব্লক চাই।"}]},{"slug":"spinner","title":"স্পিনার","phrases":[{"type":"❤️","phrase":"আমি স্পিনার পছন্দ করি"},{"type":"☝️","phrase":"আমি কি আমার স্পিনারের সাথে খেলতে পারি?"},{"type":"🙋","phrase":"আমি উপস্থিত হিসাবে একজন স্পিনার চাই।"}]},{"slug":"nutcracker","title":"পক্ষীবিশেষ","phrases":[{"type":"❤️","phrase":"আমি নিউট্র্যাকার পছন্দ করি।"},{"type":"☝️","phrase":"আমি কি আমার নটক্র্যাকার দিয়ে খেলতে পারি?"},{"type":"🙋","phrase":"আমি বর্তমান হিসাবে একটি নটক্র্যাকার চাই।"}]},{"slug":"video-games","title":"ভিডিও গেমস","phrases":[{"type":"❤️","phrase":"আমি ভিডিও গেম পছন্দ করি।"},{"type":"☝️","phrase":"আমরা কি এক সাথে ভিডিও গেম খেলতে পারি?"},{"type":"🙋","phrase":"আমি উপস্থিত হিসাবে ভিডিও গেম চাই।"}]},{"slug":"cards","title":"তাস","phrases":[{"type":"❤️","phrase":"আমি তাস খেলতে পছন্দ করি"},{"type":"☝️","phrase":"আমি কি আমার কার্ড নিয়ে খেলতে পারি?"},{"type":"🙋","phrase":"আমি উপস্থিত হিসাবে কার্ড খেলতে চাই।"}]},{"slug":"toy-car","title":"খেলনা গাড়ী","phrases":[{"type":"❤️","phrase":"আমি খেলনা গাড়ি পছন্দ করি।"},{"type":"☝️","phrase":"আমি কি আমার খেলনা গাড়ি নিয়ে খেলতে পারি?"},{"type":"🙋","phrase":"আমি উপস্থিত হিসাবে একটি খেলনা গাড়ি চাই।"}]},{"slug":"sword","title":"তরবারি","phrases":[{"type":"❤️","phrase":"আমি খেলনা তরোয়াল পছন্দ করি"},{"type":"☝️","phrase":"আমি কি আমার খেলনা তরোয়াল দিয়ে খেলতে পারি?"},{"type":"🙋","phrase":"আমি উপস্থিত হিসাবে একটি তরোয়াল চাই।"}]},{"slug":"yo-yo","title":"ইয়োইয়ো","phrases":[{"type":"❤️","phrase":"আমি ইয়ো-ইওয়ের সাথে খেলতে পছন্দ করি।"},{"type":"☝️","phrase":"আমি কি আমার ইয়ো-ইয়োর সাথে খেলতে পারি?"},{"type":"🙋","phrase":"আমি উপস্থিত হিসাবে একটি ইয়ো-ইও চাই"}]},{"slug":"slingshot","title":"slingshot","phrases":[{"type":"❤️","phrase":"আমি স্লিংশট পছন্দ করি"},{"type":"☝️","phrase":"আমি কি আমার স্লিংশট নিয়ে খেলতে পারি?"},{"type":"🙋","phrase":"আমি উপস্থিত হিসাবে একটি স্লিংশট চাই।"}]},{"slug":"water-gun","title":"জল কামান","phrases":[{"type":"❤️","phrase":"আমি জলের বন্দুক পছন্দ করি।"},{"type":"☝️","phrase":"আমি কি আমার জলের বন্দুক নিয়ে খেলতে পারি?"},{"type":"🙋","phrase":"আমি উপস্থিত হিসাবে একটি জল বন্দুক চাই।"}]},{"slug":"doll-house","title":"পুতুল বাড়ি","phrases":[{"type":"❤️","phrase":"আমি পুতুলের সাথে খেলা পছন্দ করি।"},{"type":"☝️","phrase":"আমি কি আমার পুতুল বাড়ির সাথে খেলতে পারি?"},{"type":"🙋","phrase":"আমি উপস্থিত হিসাবে একটি পুতুল ঘর চাই।"}]},{"slug":"viewer","title":"দর্শক","phrases":[{"type":"❤️","phrase":"আমি দর্শকের সাথে খেলতে পছন্দ করি।"},{"type":"🙋","phrase":"আমি উপস্থিত হিসাবে একটি দর্শক চাই।"}]},{"slug":"board-game","title":"বোর্ড গেম","phrases":[{"type":"❤️","phrase":"আমি বোর্ড গেম পছন্দ করি।"},{"type":"☝️","phrase":"আমরা কি বোর্ড গেম খেলতে পারি?"},{"type":"🙋","phrase":"আমি বর্তমান হিসাবে একটি বোর্ড খেলা চাই।"}]},{"slug":"rubiks-cube","title":"রুবিক্স কিউব","phrases":[{"type":"❤️","phrase":"আমি রুবিকের কিউব সমাধান করতে পছন্দ করি।"},{"type":"☝️","phrase":"আমি কি আমার রুবিকের কিউব সমাধান করার চেষ্টা করতে পারি?"},{"type":"🙋","phrase":"আমি উপস্থিত হিসাবে একটি রুবিক ঘনক চাই।"}]},{"slug":"puzzle","title":"ধাঁধা","phrases":[{"type":"❤️","phrase":"আমি ধাঁধা পছন্দ করি।"},{"type":"☝️","phrase":"আমি ধাঁধা সমাধান করতে পারি?"},{"type":"🙋","phrase":"আমি উপস্থিত হিসাবে ধাঁধা চাই।"}]},{"slug":"remote-control-car","title":"রিমোট কন্ট্রোল কার","phrases":[{"type":"❤️","phrase":"আমি আমার রিমোট কন্ট্রোল কারটি পছন্দ করি।"},{"type":"☝️","phrase":"আমি কি আমার রিমোট-কন্ট্রোল-গাড়ী নিয়ে খেলতে পারি?"},{"type":"🙋","phrase":"আমি উপস্থিত হিসাবে একটি রিমোট কন্ট্রোল গাড়ি চাই।"}]},{"slug":"rocking-horse","title":"দোলান - ঘোড়া","phrases":[{"type":"❤️","phrase":"আমি আমার দোলনা ঘোড়া পছন্দ করি"},{"type":"☝️","phrase":"আমি কি দোল ঘোড়া নিয়ে খেলতে পারি?"}]},{"slug":"scooter","title":"স্কুটার","phrases":[{"type":"❤️","phrase":"আমি আমার স্কুটারটি পছন্দ করি।"},{"type":"🙋","phrase":"আমি উপস্থিত হিসাবে একটি স্কুটার চাই।"}]},{"slug":"pyramid","title":"পিরামিড","phrases":[{"type":"❤️","phrase":"আমি পিরামিড পছন্দ করি"},{"type":"🙋","phrase":"আমি উপস্থিত হিসাবে একটি পিরামিড চাই।"}]},{"slug":"cart","title":"কার্ট","phrases":[{"type":"❤️","phrase":"আমি আমার খেলনা গাড়ি পছন্দ করি।"},{"type":"🙋","phrase":"আপনি আমার খেলনা পরিপাটি করতে সাহায্য করতে পারেন?"}]},{"slug":"aeroplane","title":"বিমান","phrases":[{"type":"❤️","phrase":"আমি বিমানগুলি পছন্দ করি।"},{"type":"☝️","phrase":"আমি কি আমার বিমান নিয়ে খেলতে পারি?"},{"type":"🙋","phrase":"আমি উপস্থিত হিসাবে একটি বিমান চাই।"}]},{"slug":"sand-bucket","title":"বালির বালতি","phrases":[{"type":"❤️","phrase":"আমি বালির বালতি পছন্দ করি"},{"type":"☝️","phrase":"আমি কি আমার বালির বালতি দিয়ে দুর্গ তৈরি করতে পারি?"}]}]