[{"slug":"train","title":"রেলগাড়ি","phrases":[{"type":"🙋","phrase":"আমি ট্রেন নিতে চাই"},{"type":"❤️","phrase":"আমি ট্রেন পছন্দ করি."}]},{"slug":"car","title":"গাড়ী","phrases":[{"type":"🙋","phrase":"আমি গাড়ি চালাতে চাই"},{"type":"❤️","phrase":"আমি গাড়ি পছন্দ করি"}]},{"slug":"bicycle","title":"সাইকেল","phrases":[{"type":"🙋","phrase":"আমি সাইকেল চালাতে চাই"},{"type":"❤️","phrase":"আমি সাইকেল পছন্দ করি"}]},{"slug":"motorcycle","title":"মোটরসাইকেল","phrases":[{"type":"🙋","phrase":"আমি মোটরসাইকেল চালাতে চাই"},{"type":"❤️","phrase":"আমি মোটরসাইকেল পছন্দ করি।"}]},{"slug":"skateboard","title":"স্কেটবোর্ডের","phrases":[{"type":"🙋","phrase":"আমি স্কেট করতে চাই"},{"type":"❤️","phrase":"আমি স্কেটবোর্ড পছন্দ করি"}]},{"slug":"food-truck","title":"খেয়া","phrases":[{"type":"🙋","phrase":"আমি ফেরি নিতে চাই"},{"type":"🧑‍🤝‍🧑","phrase":"ফেরি ভিড় করছে।"}]},{"slug":"boat","title":"নৌকা","phrases":[{"type":"🙋","phrase":"আমি নৌকায় চড়তে চাই"},{"type":"🧑‍🤝‍🧑","phrase":"নৌকায় ভিড়।"}]},{"slug":"ship","title":"জাহাজ","phrases":[{"type":"🙋","phrase":"আমি একটা জাহাজে উঠতে চাই"},{"type":"🧑‍🤝‍🧑","phrase":"জাহাজে ভিড় হয়।"}]},{"slug":"bus","title":"বাস","phrases":[{"type":"🙋","phrase":"আমি বাসে উঠতে চাই"},{"type":"🧑‍🤝‍🧑","phrase":"বাসে ভিড়।"}]},{"slug":"minibus","title":"মিনিবাস","phrases":[{"type":"🙋","phrase":"আমি মিনিবাস নিতে চাই"},{"type":"🧑‍🤝‍🧑","phrase":"মিনিবাসে ভিড়।"}]},{"slug":"wheelchair","title":"চাকাত্তয়ালা চেয়ারবিশেষ","phrases":[{"type":"♿","phrase":"আমি হুইলচেয়ার ব্যবহার করছি"},{"type":"👨‍🦽","phrase":"তিনি হুইলচেয়ার ব্যবহার করছেন।"},{"type":"🙋","phrase":"আপনি কি আমাকে আমার হুইলচেয়ার ব্যবহার করতে সহায়তা করতে পারেন?"},{"type":"🖐️","phrase":"আমাকে ঠেলাতে পারবে?"}]},{"slug":"taxi","title":"ট্যাক্সি","phrases":[{"type":"🙋","phrase":"আমি ট্যাক্সি নিতে চাই"}]},{"slug":"airplane","title":"বিমান","phrases":[{"type":"🙋","phrase":"আমি একটি বিমানে উড়তে চাই"},{"type":"❤️","phrase":"আমি বিমানগুলি পছন্দ করি।"},{"type":"🧑‍🤝‍🧑","phrase":"বিমান ভিড় করে।"}]},{"slug":"van","title":"অগ্রদূত","phrases":[{"type":"🙋","phrase":"আমি একটি ভ্যানে গাড়ি চালাতে চাই"}]},{"slug":"hot-air-balloon","title":"গরম এয়ার বেলুন","phrases":[{"type":"🙋","phrase":"আমি একটি গরম এয়ার বালুনে উড়তে চাই।"},{"type":"❤️","phrase":"আমি গরম এয়ার বেলুন পছন্দ করি।"}]},{"slug":"fire-truck","title":"ফায়ার ট্রাক","phrases":[{"type":"🚨","phrase":"ফায়ার ট্রাক সাইরেন"}]},{"slug":"police-car","title":"পুলিশ গাড়ী","phrases":[{"type":"🚨","phrase":"পুলিশের গাড়ি সাইরেন।"},{"type":"❤️","phrase":"আমি পুলিশের গাড়ি পছন্দ করি"}]},{"slug":"ambulance","title":"অ্যাম্বুলেন্স","phrases":[{"type":"🚨","phrase":"অ্যাম্বুলেন্স সাইরেন"}]},{"slug":"stretcher","title":"স্ট্রেচার","phrases":[{"type":"🙋","phrase":"আপনি আমার স্ট্রেচার সাহায্য করতে পারেন?"}]},{"slug":"helicopter","title":"হেলিকপ্টার","phrases":[{"type":"🙋","phrase":"আমি একটি হেলিকপ্টারে চড়তে চাই"}]},{"slug":"trailer","title":"লতা","phrases":[{"type":"🙋","phrase":"আমি ট্রেলারে গাড়ি চালাতে চাই"}]},{"slug":"spaceship","title":"মহাকাশযান","phrases":[{"type":"❤️","phrase":"আমি স্পেসশিপ পছন্দ করি।"},{"type":"🌌","phrase":"আমি মহাকাশ ভ্রমণ করতে চাই।"},{"type":"👽","phrase":"আমি এলিয়েন দেখতে চাই"},{"type":"👩‍🚀","phrase":"আমি মঙ্গল গ্রহে যেতে চাই"},{"type":"🚀","phrase":"আপনি আমাকে মঙ্গলন ইলন কস্তুরী নিতে পারেন?"}]}]