[{"slug":"luggage","title":"লটবহর","phrases":[]},{"slug":"swimming","title":"সাঁতার","phrases":[]},{"slug":"passport","title":"পাসপোর্ট","phrases":[]},{"slug":"tent","title":"তাঁবু","phrases":[]},{"slug":"backpacking","title":"ব্যকপ্যাকিং","phrases":[]},{"slug":"beach-chair","title":"সৈকত চেয়ার","phrases":[]},{"slug":"room-service","title":"রুম সার্ভিস","phrases":[]},{"slug":"waiting-area","title":"অপেক্ষা ক্ষেত্র","phrases":[]},{"slug":"electric-socket","title":"বৈদ্যুতিক সকেট","phrases":[]},{"slug":"bag","title":"থলে","phrases":[]},{"slug":"boarding-pass","title":"বোর্ডিং পাস","phrases":[]},{"slug":"gps","title":"জিপিএস","phrases":[]},{"slug":"mountain","title":"পর্বত","phrases":[]},{"slug":"camera","title":"ক্যামেরা","phrases":[]},{"slug":"hotel","title":"হোটেল","phrases":[]},{"slug":"bed","title":"বিছানা","phrases":[]},{"slug":"hotel-key","title":"হোটেল চাবি","phrases":[]},{"slug":"bonfire","title":"অগ্ন্যুত্সব","phrases":[]},{"slug":"snorkling","title":"Snorkling","phrases":[]},{"slug":"action-camera","title":"অ্যাকশন ক্যামেরা","phrases":[]}]