[{"slug":"cucumber","title":"শসা","phrases":[{"type":"❤️","phrase":"আমি শশা খেতে পছন্দ করি।"},{"type":"🙋","phrase":"আমি শশা খেতে চাই"},{"type":"❌","phrase":"আমি শশা পছন্দ করি না"}]},{"slug":"onion","title":"পেঁয়াজ","phrases":[{"type":"❤️","phrase":"আমি পেঁয়াজ খেতে পছন্দ করি।"},{"type":"🙋","phrase":"আমি একটি পেঁয়াজ খেতে চাই"},{"type":"❌","phrase":"আমি পেঁয়াজ পছন্দ করি না"},{"type":"❌","phrase":"আমি পেঁয়াজের গন্ধ পছন্দ করি না।"}]},{"slug":"garlic","title":"রসুন","phrases":[{"type":"❤️","phrase":"আমি রসুন খেতে পছন্দ করি।"},{"type":"🙋","phrase":"আমি একটি রসুন খেতে চাই"},{"type":"❌","phrase":"আমি রসুন পছন্দ করি না।"},{"type":"❌","phrase":"আমি রসুনের গন্ধ পছন্দ করি না।"}]},{"slug":"carrot","title":"গাজর","phrases":[{"type":"❤️","phrase":"আমি গাজর খেতে পছন্দ করি।"},{"type":"🙋","phrase":"আমি একটি গাজর খেতে চাই"},{"type":"❌","phrase":"আমি গাজর পছন্দ করি না"}]},{"slug":"cabbage","title":"বাঁধাকপি","phrases":[{"type":"❤️","phrase":"আমি বাঁধাকপি খেতে পছন্দ করি।"},{"type":"🙋","phrase":"আমি একটি বাঁধাকপি খেতে চাই"},{"type":"❌","phrase":"আমি বাঁধাকপি পছন্দ করি না"}]},{"slug":"tomato","title":"টমেটো","phrases":[{"type":"❤️","phrase":"টমেটো খেতে আমার ভাল লাগে।"},{"type":"🙋","phrase":"আমি টমেটো খেতে চাই"},{"type":"❌","phrase":"আমি টমেটো পছন্দ করি না"},{"type":"❤️","phrase":"আমি টমেটো স্যুপ খেতে চাই।"}]},{"slug":"eggplant","title":"বেগুন","phrases":[{"type":"❤️","phrase":"আমি বেগুন খেতে পছন্দ করি।"},{"type":"🙋","phrase":"আমি বেগুন খেতে চাই"},{"type":"❌","phrase":"আমি বেগুন পছন্দ করি না"}]},{"slug":"mushroom","title":"মাশরুম","phrases":[{"type":"❤️","phrase":"আমি মাশরুম খেতে পছন্দ করি।"},{"type":"🙋","phrase":"আমি মাশরুম খেতে চাই"},{"type":"❌","phrase":"আমি মাশরুম পছন্দ করি না"},{"type":"❤️","phrase":"আমি মাশরুম স্যুপ রাখতে চাই"}]},{"slug":"pepper","title":"মরিচ","phrases":[{"type":"❤️","phrase":"আমি মরিচ খেতে পছন্দ করি।"},{"type":"🙋","phrase":"আমি একটি মরিচ খেতে চাই"},{"type":"❌","phrase":"আমি মরিচ পছন্দ করি না"}]},{"slug":"corn","title":"ভূট্টা","phrases":[{"type":"❤️","phrase":"আমি ভুট্টা খেতে পছন্দ করি"},{"type":"🙋","phrase":"আমি একটা ভুট্টা খেতে চাই"},{"type":"❌","phrase":"আমি ভুট্টা পছন্দ করি না"},{"type":"❤️","phrase":"আমি একটি কর্ন স্যুপ পেতে চাই"}]},{"slug":"broccoli","title":"ব্রোকলি","phrases":[{"type":"❤️","phrase":"আমি ব্রকলি খেতে পছন্দ করি।"},{"type":"🙋","phrase":"আমি ব্রোকলি খেতে চাই"},{"type":"❌","phrase":"আমি ব্রোকলি পছন্দ করি না।"}]},{"slug":"celery","title":"সেলারি","phrases":[{"type":"❤️","phrase":"আমি সেলারি খেতে পছন্দ করি।"},{"type":"🙋","phrase":"আমি সেলারি খেতে চাই।"},{"type":"❌","phrase":"আমি সেলারি পছন্দ করি না"}]},{"slug":"chili","title":"কাঁচা মরিচ","phrases":[{"type":"❤️","phrase":"আমি মরিচ খেতে পছন্দ করি"},{"type":"🙋","phrase":"আমি মরিচ খেতে চাই"},{"type":"❌","phrase":"আমি মরিচ পছন্দ করি না"}]},{"slug":"potato","title":"আলু","phrases":[{"type":"❤️","phrase":"আমি আলু খেতে পছন্দ করি"},{"type":"🙋","phrase":"আমি একটি আলু খেতে চাই"},{"type":"❌","phrase":"আমি আলু পছন্দ করি না"},{"type":"❤️","phrase":"আমি আলুর ফ্রাই খেতে পছন্দ করি"}]},{"slug":"asparagus","title":"শতমূলী","phrases":[{"type":"❤️","phrase":"আমি অ্যাসপারাগাস খেতে পছন্দ করি।"},{"type":"🙋","phrase":"আমি একটি অ্যাস্পারাগাস খেতে চাই"},{"type":"❌","phrase":"আমি অ্যাসপারাগাস পছন্দ করি না।"}]},{"slug":"cauliflower","title":"ফুলকপি","phrases":[{"type":"❤️","phrase":"ফুলকপি খেতে আমার ভাল লাগে।"},{"type":"🙋","phrase":"আমি একটি ফুলকপি খেতে চাই"},{"type":"❌","phrase":"আমি ফুলকপি পছন্দ করি না"}]},{"slug":"pumpkin","title":"কুমড়া","phrases":[{"type":"❤️","phrase":"আমি কুমড়ো খেতে পছন্দ করি"},{"type":"🙋","phrase":"আমি কুমড়ো খেতে চাই।"},{"type":"❌","phrase":"আমি কুমড়ো পছন্দ করি না"},{"type":"❤️","phrase":"আমি কুমড়ো স্যুপ খেতে চাই।"}]},{"slug":"beetroot","title":"বীট-পালং","phrases":[{"type":"❤️","phrase":"আমি বিটরুট খেতে পছন্দ করি।"},{"type":"🙋","phrase":"আমি বিটরুট খেতে চাই।"},{"type":"❌","phrase":"আমি বিটরুট পছন্দ করি না।"}]},{"slug":"bean","title":"শিম","phrases":[{"type":"❤️","phrase":"আমি মটরশুটি খেতে পছন্দ করি।"},{"type":"🙋","phrase":"আমি একটি শিম খেতে চাই"},{"type":"❌","phrase":"আমি শিম পছন্দ করি না"}]},{"slug":"lettuce","title":"লেটুস","phrases":[{"type":"❤️","phrase":"আমি লেটুস খাওয়া পছন্দ করি।"},{"type":"🙋","phrase":"আমি একটি লেটুস খেতে চাই।"},{"type":"❌","phrase":"আমি লেটুস পছন্দ করি না"},{"type":"❤️","phrase":"আমি আমার সালাদ আরও লেটুস পেতে পছন্দ করি।"}]},{"slug":"radish","title":"মূলা","phrases":[{"type":"❤️","phrase":"আমি মুলা খেতে পছন্দ করি।"},{"type":"🙋","phrase":"আমি মূলা খেতে চাই"},{"type":"❌","phrase":"আমি মূলা পছন্দ করি না"}]},{"slug":"bok-choy","title":"বোক চয়ে","phrases":[{"type":"❤️","phrase":"বোক চয়ে খেতে আমার ভাল লাগে।"},{"type":"🙋","phrase":"আমি বোক ছাই খেতে চাই"},{"type":"❌","phrase":"আমি বোক ছাই পছন্দ করি না"}]},{"slug":"leek","title":"পেঁয়াজ","phrases":[{"type":"❤️","phrase":"আমি লেকস খেতে পছন্দ করি"},{"type":"🙋","phrase":"আমি একটি জোঁক খেতে চাই"},{"type":"❌","phrase":"আমি লিক পছন্দ করি না"}]},{"slug":"peas","title":"ডাল","phrases":[{"type":"❤️","phrase":"আমি মটর খাওয়া পছন্দ করি।"},{"type":"🙋","phrase":"আমি একটি মটর খেতে চাই"},{"type":"❌","phrase":"আমি মটর পছন্দ করি না"}]},{"slug":"ginger","title":"আদা","phrases":[{"type":"❤️","phrase":"আমি আদা খেতে পছন্দ করি।"},{"type":"🙋","phrase":"আমি একটা আদা খেতে চাই।"},{"type":"❌","phrase":"আমি আদা পছন্দ করি না।"}]},{"slug":"sweet-potato","title":"মিষ্টি আলু","phrases":[{"type":"❤️","phrase":"আমি মিষ্টি আলু খেতে পছন্দ করি"},{"type":"🙋","phrase":"আমি একটা মিষ্টি আলু খেতে চাই"},{"type":"❌","phrase":"আমি মিষ্টি আলু পছন্দ করি না"},{"type":"❤️","phrase":"আমি ভাজা মিষ্টি আলু খেতে পছন্দ করি।"}]},{"slug":"olives","title":"জলপাই","phrases":[{"type":"❤️","phrase":"আমি জলপাই খেতে পছন্দ করি।"},{"type":"🙋","phrase":"আমি জলপাই খেতে চাই"},{"type":"❌","phrase":"আমি জলপাই পছন্দ করি না"},{"type":"❤️","phrase":"আমি আমার পিজ্জাতে জলপাই পছন্দ করি।"}]}]