[{"slug":"walking","title":"Walking","phrases":[{"type":"❤️","phrase":"szeretek sétálni"},{"type":"❌","phrase":"Nem szeretem sétálni"},{"type":"🙋","phrase":"Szeretne együtt sétálni?"}]},{"slug":"running","title":"Futás","phrases":[{"type":"❤️","phrase":"Szeretek futni."},{"type":"❌","phrase":"Nem szeretem futni."},{"type":"🙋","phrase":"Futni akarsz?"}]},{"slug":"talking","title":"Beszél","phrases":[{"type":"❤️","phrase":"Szeretek beszélni."},{"type":"❌","phrase":"Nem szeretek beszélni."},{"type":"🙋","phrase":"Akarsz beszélni velem?"}]},{"slug":"reading","title":"Olvasás","phrases":[{"type":"❤️","phrase":"Szeretek olvasni."},{"type":"❌","phrase":"Nem szeretek olvasni."},{"type":"🙋","phrase":"Szeretne együtt olvasni?"}]},{"slug":"football","title":"Futball","phrases":[{"type":"❤️","phrase":"Szeretek focizni."},{"type":"❌","phrase":"Nem szeretek focizni."},{"type":"🙋","phrase":"Futballozni akarsz?"}]},{"slug":"basketball","title":"Kosárlabda","phrases":[{"type":"❤️","phrase":"Szeretek kosárlabdázni."},{"type":"❌","phrase":"Nem szeretem kosárlabdázni."},{"type":"🙋","phrase":"Kosárlabdázni akarsz?"}]},{"slug":"swimming","title":"Úszás","phrases":[{"type":"❤️","phrase":"Szeretek úszni."},{"type":"❌","phrase":"Nem szeretek úszni."},{"type":"🙋","phrase":"Úszni akarsz úszni?"}]},{"slug":"painting","title":"Festés","phrases":[{"type":"❤️","phrase":"Szeretek festeni."},{"type":"❌","phrase":"Nem szeretem festeni."},{"type":"🙋","phrase":"Szeretne együtt festeni?"}]},{"slug":"drawing","title":"Rajz","phrases":[{"type":"❤️","phrase":"Szeretek rajzolni."},{"type":"❌","phrase":"Nem szeretek rajzolni."},{"type":"🙋","phrase":"Szeretne rajzolni?"}]},{"slug":"cycling","title":"Kerékpározás","phrases":[{"type":"❤️","phrase":"Szeretem a kerékpározást."},{"type":"❌","phrase":"Nem szeretem a kerékpározást."},{"type":"🙋","phrase":"Kerékpározni akarsz?"}]},{"slug":"skating","title":"Korcsolyázás","phrases":[{"type":"❤️","phrase":"Szeretek korcsolyázni."},{"type":"❌","phrase":"Nem szeretek korcsolyázni."},{"type":"🙋","phrase":"Korcsolyázni akarsz?"}]},{"slug":"sightseeing","title":"Városnézés","phrases":[{"type":"❤️","phrase":"Szeretem a városnézést."},{"type":"❌","phrase":"Nem szeretem a városnézést."},{"type":"🙋","phrase":"Városnézésre vágyik?"}]},{"slug":"video-games","title":"Videójátékok","phrases":[{"type":"❤️","phrase":"Szeretek videojátékokat játszani."},{"type":"❌","phrase":"Nem szeretem videojátékokat játszani."},{"type":"🙋","phrase":"Szeretne játszani?"}]},{"slug":"tidying","title":"Takarítás","phrases":[{"type":"❤️","phrase":"Szeretem takarítani a szobámat."},{"type":"❌","phrase":"Nem szeretem takarítani a szobámat."},{"type":"🙋","phrase":"Tudsz segíteni nekem a szobám takarításában?"}]},{"slug":"toys","title":"Játékok","phrases":[{"type":"❤️","phrase":"Szeretem a játékokat."},{"type":"❌","phrase":"Nem szeretem a játékokat."},{"type":"🙋","phrase":"Szeretne játszani a játékommal?"}]},{"slug":"puzzle","title":"Kirakós játék","phrases":[{"type":"❤️","phrase":"Szeretem a rejtvényeket megoldani."},{"type":"❌","phrase":"Nem szeretem a rejtvényeket megoldani."},{"type":"🙋","phrase":"Szeretnél rejtvényeket megoldani velem?"}]},{"slug":"comics","title":"Képregény","phrases":[{"type":"❤️","phrase":"Szeretek képregényeket olvasni."},{"type":"❌","phrase":"Nem szeretem a képregényeket olvasni."},{"type":"🙋","phrase":"Szeretne olvasni képregényeket?"}]},{"slug":"chess","title":"Sakk","phrases":[{"type":"❤️","phrase":"Szeretek sakkozni."},{"type":"❌","phrase":"Nem szeretem sakkozni."},{"type":"🙋","phrase":"Sakkozni akarsz velem?"}]},{"slug":"using-leeloo","title":"Leeloo használata","phrases":[{"type":"❤️","phrase":"Szeretek leeloo-t használni."},{"type":"❌","phrase":"Nem szeretem a leeloo használatát."},{"type":"🙋","phrase":"Meg lehet változtatni a kártyacsomagokat a leeloo-on?"}]},{"slug":"texting","title":"Szövegezés","phrases":[{"type":"❤️","phrase":"Szeretem a sms-t."},{"type":"❌","phrase":"Nem szeretem a sms-t."}]},{"slug":"knitting","title":"Kötés","phrases":[{"type":"❤️","phrase":"Szeretek kötés."},{"type":"❌","phrase":"Nem szeretek kötés."},{"type":"🙋","phrase":"Meg akarom tanulni, hogyan kell kötni."}]},{"slug":"bowling","title":"Bowling","phrases":[{"type":"❤️","phrase":"Szeretem a teke."},{"type":"❌","phrase":"Nem szeretem a bowlingot."},{"type":"🙋","phrase":"Szeretnél bowlingozni velem?"}]},{"slug":"watching-tv","title":"TV-t nézek","phrases":[{"type":"❤️","phrase":"Szeretek tv-t nézni."},{"type":"❌","phrase":"Nem szeretek tévét nézni."},{"type":"🙋","phrase":"TV-t akar nézni?"}]},{"slug":"fishing","title":"Halászat","phrases":[{"type":"❤️","phrase":"Szeretem horgászni."},{"type":"❌","phrase":"Nem szeretem a horgászatot."},{"type":"🙋","phrase":"Horgászni akarsz?"}]},{"slug":"exercising","title":"Testmozgás","phrases":[{"type":"❤️","phrase":"Szeretek gyakorolni."},{"type":"❌","phrase":"Nem szeretem gyakorolni."},{"type":"🙋","phrase":"Szeretne velem edzni?"}]},{"slug":"tennis","title":"Tenisz","phrases":[{"type":"❤️","phrase":"Szeretek teniszezni."},{"type":"❌","phrase":"Nem szeretek teniszezni."},{"type":"🙋","phrase":"Szeretnél velem teniszezni?"}]}]