[{"slug":"cat","title":"Macska","phrases":[{"type":"❤️","phrase":"Szeretem a macskákat."},{"type":"👀","phrase":"Láttam egy macskát."},{"type":"🔊","phrase":"Milyen zajt ad egy macska?"},{"type":"🐈","phrase":"Lehet-e macskát kedvtelésből tartani?"}]},{"slug":"dog","title":"Kutya","phrases":[{"type":"❤️","phrase":"Szeretem a kutyát."},{"type":"👀","phrase":"Láttam egy kutyát."},{"type":"🔊","phrase":"Milyen zajt ad egy kutya?"},{"type":"🐕","phrase":"Lehet kutya háziállatként?"}]},{"slug":"fish","title":"Hal","phrases":[{"type":"❤️","phrase":"Szeretem a halat."},{"type":"👀","phrase":"Láttam egy halat."},{"type":"🔊","phrase":"Milyen zajt ad a hal?"},{"type":"🐠","phrase":"Hozhatunk halot háziállatként?"}]},{"slug":"rabbit","title":"Nyúl","phrases":[{"type":"❤️","phrase":"Szeretem a nyulakat."},{"type":"👀","phrase":"Láttam egy nyúlot."},{"type":"🔊","phrase":"Milyen zajt ad a nyúl?"},{"type":"🐇","phrase":"Lehet nyúl mint háziállat?"}]},{"slug":"butterfly","title":"Pillangó","phrases":[{"type":"❤️","phrase":"Szeretem a pillangók."},{"type":"👀","phrase":"Láttam egy pillangót."},{"type":"🔊","phrase":"Milyen zajt ad egy pillangó?"}]},{"slug":"kangaroo","title":"Kenguru","phrases":[{"type":"❤️","phrase":"Szeretem a kengurut."},{"type":"👀","phrase":"Láttam egy kenguru."},{"type":"🔊","phrase":"Milyen zajt ad egy kenguru?"}]},{"slug":"turtle","title":"Teknősbéka","phrases":[{"type":"❤️","phrase":"Szeretem a teknősöket."},{"type":"👀","phrase":"Láttam egy teknősöt."},{"type":"🔊","phrase":"Milyen zajt ad egy teknős?"}]},{"slug":"giraffe","title":"Zsiráf","phrases":[{"type":"❤️","phrase":"Szeretem a zsiráfokat."},{"type":"👀","phrase":"Láttam egy zsiráfot."},{"type":"🔊","phrase":"Milyen zajt ad egy zsiráf?"}]},{"slug":"frog","title":"Béka","phrases":[{"type":"❤️","phrase":"Szeretem a békákat."},{"type":"👀","phrase":"Láttam egy béka."},{"type":"🔊","phrase":"Milyen zajt ad a béka?"}]},{"slug":"swan","title":"Hattyú","phrases":[{"type":"❤️","phrase":"Szeretem a hattyúkat."},{"type":"👀","phrase":"Láttam egy hattyút."},{"type":"🔊","phrase":"Milyen zajt ad egy hattyú?"}]},{"slug":"spider","title":"Pók","phrases":[{"type":"❤️","phrase":"Szeretem a pókokat."},{"type":"👀","phrase":"Láttam egy pókot."},{"type":"🔊","phrase":"Milyen zajt ad a pók?"}]},{"slug":"cow","title":"Tehén","phrases":[{"type":"❤️","phrase":"Szeretem a teheneket."},{"type":"👀","phrase":"Láttam egy tehén."},{"type":"🔊","phrase":"Milyen zajt ad egy tehén?"}]},{"slug":"duck","title":"Kacsa","phrases":[{"type":"❤️","phrase":"Szeretem a kacsákat."},{"type":"👀","phrase":"Láttam egy kacsa."},{"type":"🔊","phrase":"Milyen zajt ad a kacsa?"}]},{"slug":"horse","title":"Ló","phrases":[{"type":"❤️","phrase":"Szeretem a lovakat."},{"type":"👀","phrase":"Láttam egy lovat."},{"type":"🔊","phrase":"Milyen zajt ad egy ló?"}]},{"slug":"chicken","title":"Csirke","phrases":[{"type":"❤️","phrase":"Szeretem a csirkéket."},{"type":"👀","phrase":"Láttam egy csirkét."},{"type":"🔊","phrase":"Milyen zajt ad egy csirke?"}]},{"slug":"bee","title":"Méh","phrases":[{"type":"❤️","phrase":"Szeretem a méheket."},{"type":"👀","phrase":"Láttam egy méheket."},{"type":"🔊","phrase":"Milyen zajt ad a méh?"}]},{"slug":"pig","title":"malac","phrases":[{"type":"❤️","phrase":"Szeretem a sertéseket."},{"type":"👀","phrase":"Láttam egy disznót."},{"type":"🔊","phrase":"Milyen zajt ad egy disznó?"}]},{"slug":"dove","title":"Galamb","phrases":[{"type":"❤️","phrase":"Szeretem a galambok."},{"type":"👀","phrase":"Láttam egy galambot."},{"type":"🔊","phrase":"Milyen zajt ad egy galamb?"}]},{"slug":"crab","title":"Rák","phrases":[{"type":"❤️","phrase":"Szeretem a rákokat."},{"type":"👀","phrase":"Láttam egy rákot."},{"type":"🔊","phrase":"Milyen zajt ad a rák?"}]},{"slug":"penguin","title":"Pingvin","phrases":[{"type":"❤️","phrase":"Szeretem a pingvineket."},{"type":"👀","phrase":"Láttam egy pingvint."},{"type":"🔊","phrase":"Milyen zajt ad a pingvin?"}]},{"slug":"elephant","title":"Elefánt","phrases":[{"type":"❤️","phrase":"Szeretem az elefántokat."},{"type":"👀","phrase":"Láttam egy elefántot."},{"type":"🔊","phrase":"Milyen zajt ad az elefánt?"}]},{"slug":"zebra","title":"Zebra","phrases":[{"type":"❤️","phrase":"Szeretem a zebrákat."},{"type":"👀","phrase":"Láttam egy zebrát."},{"type":"🔊","phrase":"Milyen zajt ad egy zebra?"}]},{"slug":"panda","title":"pandamackó","phrases":[{"type":"❤️","phrase":"Szeretem a pandákat."},{"type":"👀","phrase":"Láttam egy pandát."},{"type":"🔊","phrase":"Milyen zajt ad a panda?"}]},{"slug":"monkey","title":"Majom","phrases":[{"type":"❤️","phrase":"Szeretem a majmokat."},{"type":"👀","phrase":"Láttam egy majomot."},{"type":"🔊","phrase":"Milyen zajt ad a majom?"}]},{"slug":"camel","title":"Teve","phrases":[{"type":"❤️","phrase":"Szeretem a tevék."},{"type":"👀","phrase":"Láttam egy tevet."},{"type":"🔊","phrase":"Milyen zajt ad egy teve?"}]},{"slug":"mouse","title":"Egér","phrases":[{"type":"❤️","phrase":"Szeretem az egereket."},{"type":"👀","phrase":"Láttam egy egeret."},{"type":"🔊","phrase":"Milyen zajt ad az egér?"}]},{"slug":"tiger","title":"Tigris","phrases":[{"type":"❤️","phrase":"Szeretem a tigriseket."},{"type":"👀","phrase":"Láttam egy tigris."},{"type":"🔊","phrase":"Milyen zajt ad egy tigris?"}]},{"slug":"jellyfish","title":"medúza","phrases":[{"type":"❤️","phrase":"Szeretem a medúzákat."},{"type":"👀","phrase":"Láttam egy medúzát."},{"type":"🔊","phrase":"Milyen zajt ad a medúza?"}]},{"slug":"crocodile","title":"Krokodil","phrases":[{"type":"❤️","phrase":"Szeretem a krokodilokat."},{"type":"👀","phrase":"Láttam egy krokodilt."},{"type":"🔊","phrase":"Milyen zajt ad egy krokodil?"}]},{"slug":"koala","title":"Koala","phrases":[{"type":"❤️","phrase":"Szeretem a koalas."},{"type":"👀","phrase":"Láttam egy koalát."},{"type":"🔊","phrase":"Milyen zajt okoz egy koala?"}]},{"slug":"ostrich","title":"Strucc","phrases":[{"type":"❤️","phrase":"Szeretem a struccokat."},{"type":"👀","phrase":"Láttam egy struccot."},{"type":"🔊","phrase":"Milyen zajt ad egy strucc?"}]},{"slug":"racoon","title":"Mosómedve","phrases":[{"type":"❤️","phrase":"Szeretem a mosómedveket."},{"type":"👀","phrase":"Láttam egy mosómedve."},{"type":"🔊","phrase":"Milyen zajt ad egy mosómedve?"}]},{"slug":"bat","title":"Denevér","phrases":[{"type":"❤️","phrase":"Szeretem a denevéreket."},{"type":"👀","phrase":"Láttam egy denevárt."},{"type":"🔊","phrase":"Milyen zajt ad a denevér?"}]},{"slug":"eagle","title":"Sas","phrases":[{"type":"❤️","phrase":"Szeretem a sasokat."},{"type":"👀","phrase":"Láttam egy sasat."},{"type":"🔊","phrase":"Milyen zajt ad a sas?"}]},{"slug":"hippopotamus","title":"Víziló","phrases":[{"type":"❤️","phrase":"Szeretem a vízilókat."},{"type":"👀","phrase":"Láttam egy vízilókat."},{"type":"🔊","phrase":"Milyen zajt ad az víziló?"}]},{"slug":"seal","title":"Fóka","phrases":[{"type":"❤️","phrase":"Szeretem a pecséteket."},{"type":"👀","phrase":"Láttam egy pecsétet."},{"type":"🔊","phrase":"Milyen zajt ad a pecsét?"}]},{"slug":"walrus","title":"Rozmár","phrases":[{"type":"❤️","phrase":"Szeretem a zoknit."},{"type":"👀","phrase":"Láttam egy rozmárt."},{"type":"🔊","phrase":"Milyen zajt ad egy eper?"}]},{"slug":"seahorse","title":"csikóhal","phrases":[{"type":"❤️","phrase":"Szeretem a tengeri lovakat."},{"type":"👀","phrase":"Láttam egy csikóhalot."},{"type":"🔊","phrase":"Milyen zajt ad egy csikóhal?"}]},{"slug":"bull","title":"Bika","phrases":[{"type":"❤️","phrase":"Szeretem a bikákat."},{"type":"👀","phrase":"Láttam egy bikát."},{"type":"🔊","phrase":"Milyen zajt ad a bika?"}]},{"slug":"pelican","title":"Pelikán","phrases":[{"type":"❤️","phrase":"Szeretem a pelikánokat."},{"type":"👀","phrase":"Láttam egy pelikánt."},{"type":"🔊","phrase":"Milyen zajt ad egy pelikán?"}]},{"slug":"beaver","title":"Hód","phrases":[{"type":"❤️","phrase":"Szeretem a hódokat."},{"type":"👀","phrase":"Láttam egy hódot."},{"type":"🔊","phrase":"Milyen zajt ad a hód?"}]},{"slug":"goldfish","title":"Aranyhal","phrases":[{"type":"❤️","phrase":"Szeretem az aranyhalokat."},{"type":"👀","phrase":"Láttam egy aranyhalat."},{"type":"🔊","phrase":"Milyen zajt ad egy aranyhal?"},{"type":"🐠","phrase":"Kaphatunk egy aranyhalat háziállatként?"}]},{"slug":"rhinoceros","title":"Orrszarvú","phrases":[{"type":"❤️","phrase":"Szeretem az orrszarvúkat."},{"type":"👀","phrase":"Láttam egy orrszarvút."},{"type":"🔊","phrase":"Milyen zajt ad az orrszarvú?"}]},{"slug":"snake","title":"Kígyó","phrases":[{"type":"❤️","phrase":"Szeretem a kígyókat."},{"type":"👀","phrase":"Láttam egy kígyót."},{"type":"🔊","phrase":"Milyen zajt ad egy kígyó?"}]},{"slug":"lion","title":"Oroszlán","phrases":[{"type":"❤️","phrase":"Szeretem az oroszlánokat."},{"type":"👀","phrase":"Láttam egy oroszlánt."},{"type":"🔊","phrase":"Milyen zajt ad az oroszlán?"}]},{"slug":"squid","title":"Tintahal","phrases":[{"type":"❤️","phrase":"Szeretem a tintahalagokat."},{"type":"👀","phrase":"Láttam egy tintahalat."},{"type":"🔊","phrase":"Milyen zajt ad a tintahal?"}]},{"slug":"whale","title":"Bálna","phrases":[{"type":"❤️","phrase":"Szeretem a bálnákat."},{"type":"👀","phrase":"Láttam egy bálnát."},{"type":"🔊","phrase":"Milyen zajt ad a bálna?"}]},{"slug":"beetle","title":"Bogár","phrases":[{"type":"❤️","phrase":"Szeretem a bogarak."},{"type":"👀","phrase":"Láttam egy bogarat."},{"type":"🔊","phrase":"Milyen zajt ad a bogár?"}]},{"slug":"dolphin","title":"Delfin","phrases":[{"type":"❤️","phrase":"Szeretem a delfineket."},{"type":"👀","phrase":"Láttam egy delfint."},{"type":"🔊","phrase":"Milyen zajt ad egy delfin?"}]},{"slug":"starfish","title":"Tengeri csillag","phrases":[{"type":"❤️","phrase":"Szeretem a tengeri csillagokat."},{"type":"👀","phrase":"Láttam egy tengeri csillagot."},{"type":"🔊","phrase":"Milyen zajt ad a tengeri csillag?"}]},{"slug":"parakeet","title":"Ara papagáj","phrases":[{"type":"❤️","phrase":"Szeretem a papagájokat."},{"type":"👀","phrase":"Láttam egy papagát."},{"type":"🔊","phrase":"Milyen zajt okoz a papagáj?"}]},{"slug":"owl","title":"Bagoly","phrases":[{"type":"❤️","phrase":"Szeretem a baglyokat."},{"type":"👀","phrase":"Láttam egy baglyot."},{"type":"🔊","phrase":"Milyen zajt ad egy bagoly?"}]},{"slug":"sheep","title":"Juh","phrases":[{"type":"❤️","phrase":"Szeretem a birkák."},{"type":"👀","phrase":"Láttam egy birkát."},{"type":"🔊","phrase":"Milyen zajt ad a juh?"}]}]