[{"slug":"pants","title":"Nadrág","phrases":[{"type":"🧼","phrase":"A nadrágom piszkos."},{"type":"🙋","phrase":"Tudna segíteni a nadrágom viselésében?"}]},{"slug":"shirt","title":"Ing","phrases":[{"type":"🧼","phrase":"Ingem piszkos."},{"type":"🙋","phrase":"Tudna segíteni az ingem viselésében?"}]},{"slug":"skirt","title":"Szoknya","phrases":[{"type":"🧼","phrase":"A szoknyám piszkos."},{"type":"🙋","phrase":"Tudsz segíteni nekem a szoknyám viselésében?"}]},{"slug":"panty","title":"panty","phrases":[{"type":"🧼","phrase":"A fehérneműm piszkos."},{"type":"🙋","phrase":"Tudna segíteni a nadrágom viselésében?"}]},{"slug":"jacket","title":"dzseki","phrases":[{"type":"🧼","phrase":"A kabátom piszkos."},{"type":"🙋","phrase":"Tudna segíteni a kabátom viselésében?"}]},{"slug":"tie","title":"Nyakkendő","phrases":[{"type":"❤️","phrase":"Szeretek nyakkendőt viselni."},{"type":"🙋","phrase":"Tudsz segíteni a nyakkendőm kötésében?"}]},{"slug":"baseball-cap","title":"Baseball sapka","phrases":[{"type":"❤️","phrase":"Szeretek baseball sapkát viselni."},{"type":"❓","phrase":"Melyik baseball sapkát kell viselnem?"}]},{"slug":"dress","title":"Ruha","phrases":[{"type":"🧼","phrase":"A ruhám piszkos."},{"type":"🙋","phrase":"Tudsz segíteni nekem a ruhám viselésében?"}]},{"slug":"shoes","title":"cipő","phrases":[{"type":"🧼","phrase":"A cipőm piszkos."},{"type":"🙋","phrase":"Tudna segíteni a cipőmben?"}]},{"slug":"boots","title":"Csizma","phrases":[{"type":"🧼","phrase":"A csizmám piszkos."},{"type":"🙋","phrase":"Tudna segíteni a csizmám viselésében?"}]},{"slug":"sneakers","title":"Tornacipő","phrases":[{"type":"🎈","phrase":"Viselni akarom a cipőmet."},{"type":"🙋","phrase":"Tudna segíteni a cipőm viselésében?"}]},{"slug":"slippers","title":"Papucs","phrases":[{"type":"🎈","phrase":"Szeretnék viselni a papucsomat."},{"type":"🙋","phrase":"Tudna segíteni a papucs viselésében?"}]},{"slug":"belt","title":"Öv","phrases":[{"type":"❤️","phrase":"Szeretek övet viselni."},{"type":"🙋","phrase":"Tudna segíteni az öv viselésében?"}]},{"slug":"socks","title":"Zokni","phrases":[{"type":"🧼","phrase":"Zokni piszkos."},{"type":"🙋","phrase":"Tudna segíteni a zokni viselésében?"}]},{"slug":"swimsuit","title":"Fürdőruha","phrases":[{"type":"❤️","phrase":"Szeretnék viselni a fürdőruhámat."},{"type":"🙋","phrase":"Tudsz segíteni a fürdőruhám viselésében?"}]},{"slug":"sweater","title":"Pulóver","phrases":[{"type":"🧼","phrase":"A pulóverm piszkos."},{"type":"🙋","phrase":"Tudsz segíteni nekem a pulóvem viselésében?"}]},{"slug":"scarf","title":"Sál","phrases":[{"type":"❤️","phrase":"Szeretek sálat viselni."},{"type":"🙋","phrase":"Segíthetsz nekem a sálat viselni?"}]},{"slug":"denim-shorts","title":"Farmer rövidnadrág","phrases":[{"type":"🧼","phrase":"A farmer rövidnadrágom piszkos."},{"type":"🙋","phrase":"Tudna segíteni a farmer rövidnadrágom viselésében?"}]},{"slug":"hoodies","title":"Kapucnis","phrases":[{"type":"❤️","phrase":"Szeretek kapucnis pulcsit viselni."},{"type":"🙋","phrase":"Tudsz segíteni nekem a kapucnis pulcsom viselésében?"}]},{"slug":"swimming-shorts","title":"Úszó nadrág","phrases":[{"type":"🧼","phrase":"Az úszási rövidnadrágom piszkos."},{"type":"🙋","phrase":"Tudsz segíteni nekem az úszó nadrágom viselésében?"}]},{"slug":"bow-tie","title":"Csokornyakkendő","phrases":[{"type":"❤️","phrase":"Szeretek csokornyakkendőt viselni."},{"type":"🙋","phrase":"Tudna segíteni a csokornyakkendőm viselésében?"}]},{"slug":"leather-jacket","title":"Bőrkabát","phrases":[{"type":"❤️","phrase":"Szeretek bőrkabátot viselni."},{"type":"🙋","phrase":"Tudna segíteni a bőrdzseki viselésében?"}]},{"slug":"bathrobe","title":"Bathrope","phrases":[{"type":"❤️","phrase":"Szeretek fürdőköpenyt viselni."},{"type":"🙋","phrase":"Tudna segíteni a fürdőköpeny viselésében?"}]},{"slug":"jumpsuit","title":"kezeslábas","phrases":[{"type":"❤️","phrase":"Szeretem a felsőruhát viselni."},{"type":"🙋","phrase":"Tudsz segíteni nekem a felsőruhámat?"}]},{"slug":"fedora-hat","title":"Fedora kalap","phrases":[{"type":"❤️","phrase":"Szeretek fedora kalapot viselni."},{"type":"🙋","phrase":"Tudna segíteni nekem a fedora kalap viselésében?"}]},{"slug":"t-shirt","title":"póló","phrases":[{"type":"❤️","phrase":"Szeretek pólót viselni."},{"type":"🙋","phrase":"Tudna segíteni a pólóm viselésében?"}]},{"slug":"sleeveless","title":"Ujjatlan","phrases":[{"type":"❤️","phrase":"Szeretem ujjatlanul viselni."},{"type":"🙋","phrase":"Tudna segíteni az ujjatlan ruhám viselésében?"}]},{"slug":"boxers","title":"Boxer","phrases":[{"type":"❤️","phrase":"Szeretek bokszolókat viselni."},{"type":"🙋","phrase":"Tudna segíteni, hogy viseljem a bokszereimet?"}]},{"slug":"vest","title":"Mellény","phrases":[{"type":"❤️","phrase":"Szeretem mellényt viselni."},{"type":"🙋","phrase":"Tudsz segíteni nekem a mellényem viselésében?"}]},{"slug":"pamela-hat","title":"Pamela kalap","phrases":[{"type":"❤️","phrase":"Szeretek pamela kalapot viselni."},{"type":"🙋","phrase":"Tudsz segíteni nekem a pamela kalap viselésében?"}]},{"slug":"high-heels","title":"Magassarkú","phrases":[{"type":"❤️","phrase":"Szeretek magas sarkú cipőt viselni."},{"type":"🙋","phrase":"Tudna segíteni a magas sarkú cipőm viselésében?"}]},{"slug":"overalls","title":"Overall","phrases":[{"type":"❤️","phrase":"Szeretek overallt viselni."},{"type":"🙋","phrase":"Tudna segíteni az overám viselésében?"}]},{"slug":"kimono","title":"Kimonó","phrases":[{"type":"❤️","phrase":"Szeretek kimono-t viselni."},{"type":"🙋","phrase":"Tudna segíteni nekem a kimonó viselésében?"}]},{"slug":"raincoat","title":"Esőkabát","phrases":[{"type":"❤️","phrase":"Szeretek esőkabátot viselni."},{"type":"🙋","phrase":"Tudna segíteni az esőkabát viselésében?"}]},{"slug":"bandana","title":"Bandanna","phrases":[{"type":"❤️","phrase":"Szeretek bandanát viselni."},{"type":"🙋","phrase":"Tudna segíteni a bandanám viselésében?"}]},{"slug":"beret","title":"Svájcisapka","phrases":[{"type":"❤️","phrase":"Szeretek svájcisapkát viselni."},{"type":"🙋","phrase":"Tudsz segíteni nekem a svájcisapka viselésében?"}]},{"slug":"knit-hat","title":"Kötött kalap","phrases":[{"type":"❤️","phrase":"Szeretek kötött sapkát viselni."},{"type":"🙋","phrase":"Tudsz segíteni nekem a kötött kalap viselésében?"}]},{"slug":"suspenders","title":"Harisnyatartó","phrases":[{"type":"❤️","phrase":"Szeretek harisnyatartót viselni."},{"type":"🙋","phrase":"Tudna segíteni a harisnyatartóm viselésében?"}]},{"slug":"mitten","title":"Ujjatlan kesztyű","phrases":[{"type":"❤️","phrase":"Szeretek kesztyűt viselni."},{"type":"🙋","phrase":"Tudna segíteni az ujjatlan kesztyűmben?"}]},{"slug":"suit","title":"Öltöny","phrases":[{"type":"❤️","phrase":"Szeretek öltönyt viselni."},{"type":"🙋","phrase":"Tudsz segíteni nekem a ruha viselésében?"}]},{"slug":"coat","title":"Kabát","phrases":[{"type":"❤️","phrase":"Szeretek kabátot viselni."},{"type":"🙋","phrase":"Tudsz segíteni nekem a kabátam viselésében?"}]},{"slug":"trench-coat","title":"Viharkabát","phrases":[{"type":"❤️","phrase":"Szeretek árokkabátot viselni."},{"type":"🙋","phrase":"Tudna segíteni az árok kabátom viselésében?"}]}]