[{"slug":"crayons","title":"ceruzák","phrases":[{"type":"❤️","phrase":"Szeretem a ceruzákat."},{"type":"🙋","phrase":"Adhatsz nekünk ceruzákat?"},{"type":"🖍️","phrase":"Rajzolni akarok a ceruzáim segítségével."}]},{"slug":"red","title":"Piros","phrases":[{"type":"👉","phrase":"Ez piros."},{"type":"💜","phrase":"A kedvenc szinem a piros."},{"type":"🙋","phrase":"Tudsz adni nekem vörös festéket?"}]},{"slug":"blue","title":"Kék","phrases":[{"type":"👉","phrase":"Ez kék."},{"type":"💜","phrase":"A kedvenc színem a kék."},{"type":"🙋","phrase":"Tudsz nekem kék festéket adni?"}]},{"slug":"orange","title":"narancssárga","phrases":[{"type":"👉","phrase":"Narancssárga színű."},{"type":"💜","phrase":"Kedvenc színem a narancs."},{"type":"🙋","phrase":"Adhat nekem narancssárga festéket?"}]},{"slug":"green","title":"Zöld","phrases":[{"type":"👉","phrase":"Ez zöld."},{"type":"💜","phrase":"Kedvenc színem a zöld."},{"type":"🙋","phrase":"Adhat nekem zöld festéket?"}]},{"slug":"yellow","title":"Sárga","phrases":[{"type":"👉","phrase":"Ez sárga."},{"type":"💜","phrase":"Kedvenc színem a sárga."},{"type":"🙋","phrase":"Tudsz nekem sárga festéket adni?"}]},{"slug":"purple","title":"Lila","phrases":[{"type":"👉","phrase":"Lila."},{"type":"💜","phrase":"A kedvenc színem a lila."},{"type":"🙋","phrase":"Adhatsz nekem lila festéket?"}]},{"slug":"pink","title":"Rózsaszín","phrases":[{"type":"👉","phrase":"Rózsaszín."},{"type":"💜","phrase":"A kedvenc színem a rózsaszín."},{"type":"🙋","phrase":"Tudsz rózsaszínű festéket adni?"}]},{"slug":"brown","title":"Barna","phrases":[{"type":"👉","phrase":"Barna."},{"type":"💜","phrase":"Kedvenc színem a barna."},{"type":"🙋","phrase":"Adhatsz nekem barna festéket?"}]},{"slug":"black","title":"Fekete","phrases":[{"type":"👉","phrase":"Ez fekete."},{"type":"💜","phrase":"Kedvenc színem a fekete."},{"type":"🙋","phrase":"Tudsz adni nekem fekete festéket?"}]},{"slug":"white","title":"fehér","phrases":[{"type":"👉","phrase":"Ez fehér."},{"type":"💜","phrase":"Kedvenc színem a fehér."},{"type":"🙋","phrase":"Adhat nekem fehér festéket?"}]},{"slug":"gray","title":"szürke","phrases":[{"type":"👉","phrase":"Szürke."},{"type":"💜","phrase":"Kedvenc színem a szürke."},{"type":"🙋","phrase":"Adhat nekem szürke festéket?"}]},{"slug":"transparent","title":"Átlátszó","phrases":[{"type":"👉","phrase":"Átlátszó."},{"type":"👀","phrase":"Látom az átlátszó szín mögött."},{"type":"🙋","phrase":"Segíthetsz törölni?"}]},{"slug":"cyan","title":"Cián","phrases":[{"type":"👉","phrase":"Ciánkék."},{"type":"💜","phrase":"Kedvenc színem a cián."},{"type":"🙋","phrase":"Tudsz nekem ciánképet festeni?"}]},{"slug":"violet","title":"Ibolya","phrases":[{"type":"👉","phrase":"Ibolya."},{"type":"💜","phrase":"Kedvenc színem az ibolya."},{"type":"🙋","phrase":"Adhatsz nekem lila festéket?"}]},{"slug":"turquoise","title":"Türkiz","phrases":[{"type":"👉","phrase":"Türkiz."},{"type":"💜","phrase":"Kedvenc színem a türkiz."},{"type":"🙋","phrase":"Adhat nekem türkizfestéket?"}]},{"slug":"lime","title":"Mész","phrases":[{"type":"👉","phrase":"Ez mész."},{"type":"💜","phrase":"Kedvenc színem a mész."},{"type":"🙋","phrase":"Tudsz nekem mészfestéket adni?"}]},{"slug":"plum","title":"Szilva","phrases":[{"type":"👉","phrase":"Szilva."},{"type":"💜","phrase":"Kedvenc színem a szilva."},{"type":"🙋","phrase":"Tudsz nekem szilvafestéket adni?"}]},{"slug":"tan","title":"Cser","phrases":[{"type":"👉","phrase":"Barna színű."},{"type":"💜","phrase":"Kedvenc színem a barnás szín."},{"type":"🙋","phrase":"Adhatsz nekem barna színű festéket?"}]},{"slug":"avocado","title":"Avokádó","phrases":[{"type":"👉","phrase":"Avokádó színű."},{"type":"💜","phrase":"Kedvenc színem az avokádó szín."},{"type":"🙋","phrase":"Tudsz adni nekem avokádó színes festéket?"}]},{"slug":"barbie-pink","title":"Barbie rózsaszín","phrases":[{"type":"👉","phrase":"Barbie rózsaszín."},{"type":"💜","phrase":"Kedvenc színem a barbie rózsaszín."},{"type":"🙋","phrase":"Adhatsz nekem barbie rózsaszín festéket?"}]},{"slug":"blizzard-blue","title":"Hóvihar kék","phrases":[{"type":"👉","phrase":"Ez hóvihar színű."},{"type":"💜","phrase":"Kedvenc színem a hóvihar."},{"type":"🙋","phrase":"Adhat nekem hóvihar kék festéket?"}]}]