[{"slug":"coffee","title":"Kávé","phrases":[{"type":"❤️","phrase":"Szeretek kávét inni."},{"type":"🙋","phrase":"Kávét akarok inni."}]},{"slug":"water","title":"Víz","phrases":[{"type":"☝️","phrase":"Inni kell vizet."},{"type":"🙋","phrase":"Vizet akarok inni."}]},{"slug":"juice","title":"Gyümölcslé","phrases":[{"type":"❤️","phrase":"Szeretek inni levet."},{"type":"🙋","phrase":"Levet akarok inni."}]},{"slug":"tea","title":"Tea","phrases":[{"type":"❤️","phrase":"Szeretek teát inni."},{"type":"🙋","phrase":"Teát akarok inni."}]},{"slug":"grape-juice","title":"Szőlőlé","phrases":[{"type":"❤️","phrase":"Szeretek szőlőlevet inni."},{"type":"🙋","phrase":"Szőlőlevet akarok inni."}]},{"slug":"milk","title":"Tej","phrases":[{"type":"❤️","phrase":"Szeretek tejet inni."},{"type":"🙋","phrase":"Inni akarok tejet."}]},{"slug":"milkshake","title":"Milkshake","phrases":[{"type":"❤️","phrase":"Szeretek turmixot inni."},{"type":"🙋","phrase":"Inni akarok turmixot."}]},{"slug":"orange-juice","title":"narancslé","phrases":[{"type":"❤️","phrase":"Szeretek narancslevet inni."},{"type":"🙋","phrase":"Narancslevet akarok inni."}]},{"slug":"apple-juice","title":"Almalé","phrases":[{"type":"❤️","phrase":"Szeretek almalémet inni."},{"type":"🙋","phrase":"Almalét akarok inni."}]},{"slug":"pineapple-juice","title":"Ananászlé","phrases":[{"type":"❤️","phrase":"Szeretek ananászlevet inni."},{"type":"🙋","phrase":"Ananászlevet akarok inni."}]},{"slug":"lemonade","title":"Limonádé","phrases":[{"type":"❤️","phrase":"Szeretek limonádét inni."},{"type":"🙋","phrase":"Limonádét akarok inni."}]},{"slug":"coke","title":"Koksz","phrases":[{"type":"❤️","phrase":"Szeretek kokszot inni."},{"type":"🙋","phrase":"Kokszot akarok inni."}]},{"slug":"soda","title":"Szóda","phrases":[{"type":"❤️","phrase":"Szeretek szódat inni."},{"type":"🙋","phrase":"Szódát akarok inni."}]},{"slug":"frappe","title":"Frappé","phrases":[{"type":"❤️","phrase":"Szeretek frappe-t inni."},{"type":"🙋","phrase":"Inni akarok frappe-t."}]},{"slug":"smoothie","title":"Turmix","phrases":[{"type":"❤️","phrase":"Szeretek turmixot inni."},{"type":"🙋","phrase":"Inni turmixot akarok."}]},{"slug":"iced-tea","title":"Jeges tea","phrases":[{"type":"❤️","phrase":"Szeretek jeges teát inni."},{"type":"🙋","phrase":"Inni akarok jeges teát."}]},{"slug":"hot-chocolate","title":"Forró csokoládé","phrases":[{"type":"❤️","phrase":"Szeretek forró csokoládét inni."},{"type":"🙋","phrase":"Forró csokoládét akarok inni."}]},{"slug":"mineral-water","title":"Ásványvíz","phrases":[{"type":"❤️","phrase":"Szeretek ásványvizet inni."},{"type":"🙋","phrase":"Ásványvizet akarok inni."}]}]