[{"slug":"cotton-candy","title":"Cotto cukorka","phrases":[{"type":"❤️","phrase":"Szeretek pamut cukorkát enni."}]},{"slug":"magic-hat","title":"Mágikus kalap","phrases":[{"type":"❤️","phrase":"Szeretek varázs kalapot viselni."}]},{"slug":"ferris-wheel","title":"óriáskerék","phrases":[{"type":"❤️","phrase":"Szeretek lovagolni az óriáskerékben."}]},{"slug":"bowling","title":"Bowling","phrases":[{"type":"❤️","phrase":"Szeretek bowlingozni."}]},{"slug":"bumper-car","title":"Dodzsem","phrases":[{"type":"❤️","phrase":"Szeretek lovagolni a lökhárító-autóban."}]},{"slug":"carousel","title":"Körhinta","phrases":[{"type":"❤️","phrase":"Szeretek lovagolni a körhintaban."}]},{"slug":"balloons","title":"lufi","phrases":[{"type":"❤️","phrase":"Szeretem a léggömböket."}]},{"slug":"cups","title":"A csészék","phrases":[]},{"slug":"unicycle","title":"Unicylce","phrases":[]},{"slug":"circus-tent","title":"Cirkuszi sátor","phrases":[]},{"slug":"food-truck","title":"Büfékocsi","phrases":[]},{"slug":"tea-cup-ride","title":"Teáscsésze lovagolni","phrases":[]},{"slug":"whack-a-mole","title":"Dobj egy anyajegyet","phrases":[]},{"slug":"food-stall","title":"Élelmiszer bódé","phrases":[]},{"slug":"claw-machine","title":"Körmös gép","phrases":[]},{"slug":"shooting-target","title":"Lövési cél","phrases":[]},{"slug":"teddy-bear","title":"Teddi maci","phrases":[]},{"slug":"fireworks","title":"Tűzijáték","phrases":[]},{"slug":"caramelized-apple","title":"Karamellizált alma","phrases":[]},{"slug":"ring","title":"Gyűrű","phrases":[]}]