[{"slug":"happy","title":"Boldog","phrases":[{"type":"🖐️","phrase":"Boldog vagyok."},{"type":"🙋","phrase":"Boldognak érzem magam."},{"type":"❓","phrase":"Boldog vagy?"},{"type":"☝️","phrase":"Boldog akarok lenni."},{"type":"🎈","phrase":"Te boldoggá teszel."}]},{"slug":"sad","title":"Szomorú","phrases":[{"type":"🖐️","phrase":"Szomorú vagyok."},{"type":"🙋","phrase":"Szomorúnak érzem magam."},{"type":"❓","phrase":"Szomorú vagy?"},{"type":"☝️","phrase":"Nem akarom szomorúnak lenni."},{"type":"😠","phrase":"Szomorúvá teszel."}]},{"slug":"exhausted","title":"Kimerült","phrases":[{"type":"🖐️","phrase":"Kimerült vagyok."},{"type":"🙋","phrase":"Kimerült vagyok."},{"type":"❓","phrase":"Kimerültnek érzi magát?"},{"type":"☝️","phrase":"Nem akarok kimerülni."}]},{"slug":"relaxed","title":"Kipihent","phrases":[{"type":"🖐️","phrase":"Nyugodt vagyok."},{"type":"🙋","phrase":"Nyugodtan érzem magam."},{"type":"❓","phrase":"Nyugodtan érzi magát?"},{"type":"☝️","phrase":"Nyugodni akarok."}]},{"slug":"in-love","title":"Szerelmes","phrases":[{"type":"🖐️","phrase":"Szerelmes vagyok."},{"type":"🙋","phrase":"Szerelmes vagyok."},{"type":"❓","phrase":"Szerelmes vagy?"},{"type":"☝️","phrase":"Szerelmes akarok lenni."},{"type":"👉","phrase":"Szeretsz?"}]},{"slug":"stressed","title":"kiemelt","phrases":[{"type":"🖐️","phrase":"Stressz vagyok."},{"type":"🙋","phrase":"Feszültnek érzem magam."},{"type":"❓","phrase":"Nem érzi magát stresszel?"},{"type":"☝️","phrase":"Nem akarom stresszesnek érezni."}]},{"slug":"thankful","title":"Hálás","phrases":[{"type":"🖐️","phrase":"Hálás vagyok."},{"type":"🙋","phrase":"Hálás vagyok."},{"type":"❓","phrase":"Hálás vagy?"},{"type":"☝️","phrase":"Szeretnék hálás lenni."}]},{"slug":"confused","title":"Zavaros","phrases":[{"type":"🖐️","phrase":"Össze vagyok zavarodva."},{"type":"🙋","phrase":"Zavarban vagyok."},{"type":"❓","phrase":"Összezavarod?"},{"type":"☝️","phrase":"Összezavarsz."}]},{"slug":"joyful","title":"Vidám","phrases":[{"type":"🖐️","phrase":"Örülök."},{"type":"🙋","phrase":"Örülök."},{"type":"❓","phrase":"Örülök?"},{"type":"☝️","phrase":"Örülni akarok."}]},{"slug":"angry","title":"Mérges","phrases":[{"type":"🖐️","phrase":"Dühös vagyok."},{"type":"🙋","phrase":"Mérges vagyok."},{"type":"❓","phrase":"Dühös vagy?"},{"type":"☝️","phrase":"Mérges vagyok rád."},{"type":"😠","phrase":"Dühös vagy."}]},{"slug":"smart","title":"Okos","phrases":[{"type":"🖐️","phrase":"Okos vagyok."},{"type":"🙋","phrase":"Okosnak érzem magam."},{"type":"❓","phrase":"Okosnak érzi magát?"},{"type":"☝️","phrase":"Okos vagyok?"},{"type":"👉","phrase":"Okos vagy!"}]},{"slug":"afraid","title":"Félsz","phrases":[{"type":"🖐️","phrase":"Attól tartok."},{"type":"🙋","phrase":"Félek."},{"type":"❓","phrase":"Félsz?"},{"type":"☝️","phrase":"Nem akarok félni."},{"type":"😠","phrase":"Megijesztesz."}]},{"slug":"ashamed","title":"Megszégyenülve","phrases":[{"type":"🖐️","phrase":"Szégyellem."},{"type":"🙋","phrase":"Én szégyellem magam."},{"type":"❓","phrase":"Szégyelli magát?"},{"type":"☝️","phrase":"Nem akarok szégyellni."}]},{"slug":"shocked","title":"Döbbent","phrases":[{"type":"🖐️","phrase":"Meg vagyok döbbenve."},{"type":"🙋","phrase":"Sokkoltam."},{"type":"❓","phrase":"Döbbenten érzi magát?"},{"type":"☝️","phrase":"Megdöbbent."}]},{"slug":"sick","title":"Beteg","phrases":[{"type":"🖐️","phrase":"Beteg vagyok."},{"type":"🙋","phrase":"Rosszul érzem magam."},{"type":"❓","phrase":"Rosszul érzed magad?"},{"type":"☝️","phrase":"Nem akarok beteg lenni."},{"type":"🤢","phrase":"Beteg vagyok az ételtől."}]},{"slug":"frustrated","title":"Frusztrált","phrases":[{"type":"🖐️","phrase":"Frusztrált vagyok."},{"type":"🙋","phrase":"Csalódottnak érzem magam."},{"type":"❓","phrase":"Frusztráltan érzed magad?"},{"type":"☝️","phrase":"Nem akarom csalódni."}]},{"slug":"excited","title":"Izgatott","phrases":[{"type":"🖐️","phrase":"Izgatott vagyok."},{"type":"🙋","phrase":"Izgatott vagyok."},{"type":"❓","phrase":"Izgatottan érzi magát?"},{"type":"☝️","phrase":"Nem akarom izgatottan érezni."}]},{"slug":"nauseated","title":"hányingere","phrases":[{"type":"🖐️","phrase":"Hányingert vagyok."},{"type":"🙋","phrase":"Hányinom van."},{"type":"❓","phrase":"Émelyg?"},{"type":"☝️","phrase":"Nem akarom émelygni."}]},{"slug":"agitated","title":"izgatott","phrases":[{"type":"🖐️","phrase":"Izgatott vagyok."},{"type":"🙋","phrase":"Izgatottan érzem magam."},{"type":"❓","phrase":"Izgatottan érzi magát?"},{"type":"☝️","phrase":"Nem akarom izgatottan érezni."}]}]