[{"slug":"hungry","title":"Éhes","phrases":[{"type":"‼️","phrase":"Éhes vagyok."},{"type":"❓","phrase":"Éhes vagy?"},{"type":"🙋","phrase":"Tudsz enni?"},{"type":"🍳","phrase":"Mi van vacsorára?"}]},{"slug":"thirsty","title":"Szomjas","phrases":[{"type":"‼️","phrase":"Szomjas vagyok."},{"type":"🌊","phrase":"Kaphatnék egy kis vizet?"},{"type":"🥛","phrase":"Kaphatok egy pohár vizet?"},{"type":"🙋","phrase":"Inni akarok valamit."}]},{"slug":"cutlery","title":"Evőeszköz","phrases":[{"type":"🙋","phrase":"Evőeszközre van szükségem."},{"type":"🍽️","phrase":"Segítsen az evőeszközök használatában."},{"type":"🍴","phrase":"Szükségem van egy villára."},{"type":"🥄","phrase":"Szükségem van egy kanálra."},{"type":"🥢","phrase":"Pálcika van szükségem."},{"type":"🔪","phrase":"Késre van szükségem."},{"type":"🧻","phrase":"Szükségem van egy szalvétára."}]},{"slug":"apple","title":"alma","phrases":[{"type":"❤️","phrase":"Szeretem az almát."},{"type":"❌","phrase":"Nem szeretem az almát."},{"type":"🙋","phrase":"Enni akarok egy almát."}]},{"slug":"carrot","title":"Sárgarépa","phrases":[{"type":"❤️","phrase":"Szeretem a sárgarépát."},{"type":"❌","phrase":"Nem szeretem a sárgarépát."},{"type":"🙋","phrase":"Sárgarépát akarok enni."}]},{"slug":"beans","title":"bab","phrases":[{"type":"❤️","phrase":"Szeretem a babot."},{"type":"❌","phrase":"Nem szeretem a babot."},{"type":"🙋","phrase":"Babot akarok enni."}]},{"slug":"chicken","title":"Csirke","phrases":[{"type":"❤️","phrase":"Szeretem a csirkét."},{"type":"❌","phrase":"Nem szeretem a csirkét."},{"type":"🙋","phrase":"Csirkét akarok enni."},{"type":"🍗","phrase":"Sült csirkét akarok."},{"type":"🐣","phrase":"Főzött csirkét akarok."}]},{"slug":"chocolate","title":"Csokoládé","phrases":[{"type":"❤️","phrase":"Szeretem a csokoládét."},{"type":"❌","phrase":"Nem szeretem a csokoládét."},{"type":"🙋","phrase":"Csokoládét akarok enni."},{"type":"⚫","phrase":"Sötét csokoládét akarok."},{"type":"⚪","phrase":"Fehér csokoládét akarok."}]},{"slug":"milk","title":"Tej","phrases":[{"type":"❤️","phrase":"Szeretem a tejet."},{"type":"❌","phrase":"Nem szeretem a tejet."},{"type":"🙋","phrase":"Inni akarok tejet."},{"type":"🍳","phrase":"Lehetek egy pohár tejet?"}]},{"slug":"sandwich","title":"Szendvics","phrases":[{"type":"❤️","phrase":"Szeretem a szendvicset."},{"type":"❌","phrase":"Nem szeretem a szendvicset."},{"type":"🙋","phrase":"Egy szendvicset akarok enni."},{"type":"🍳","phrase":"Tudsz nekem egy szendvicset készíteni?"}]},{"slug":"steak","title":"Steak","phrases":[{"type":"❤️","phrase":"Tetszik steak."},{"type":"❌","phrase":"Nem szeretem a steak."},{"type":"🙋","phrase":"Steakot akarok enni."},{"type":"🍳","phrase":"Tud főzni steak nekem?"}]},{"slug":"banana","title":"Banán","phrases":[{"type":"❤️","phrase":"Szeretem a banánt."},{"type":"❌","phrase":"Nem szeretem a banánt."},{"type":"🙋","phrase":"Banánt akarok enni."}]},{"slug":"pie","title":"Pite","phrases":[{"type":"❤️","phrase":"Szeretem a pitét."},{"type":"❌","phrase":"Nem szeretem a pitet."},{"type":"🙋","phrase":"Pitet akarok enni."},{"type":"🍳","phrase":"Tudsz sütni nekem egy tortát?"}]},{"slug":"egg","title":"Tojás","phrases":[{"type":"❤️","phrase":"Szeretem a tojást."},{"type":"❌","phrase":"Nem szeretem a tojást."},{"type":"🙋","phrase":"Tojást akarok enni."},{"type":"🍳","phrase":"Sült tojást akarok."},{"type":"🥚","phrase":"Főtt tojást akarok."}]},{"slug":"noodles","title":"Tészta","phrases":[{"type":"❤️","phrase":"Szeretem a tésztát."},{"type":"❌","phrase":"Nem szeretem a tésztát."},{"type":"🙋","phrase":"Tésztát akarok enni."},{"type":"🍳","phrase":"Tud főzni tésztát nekem?"}]},{"slug":"salt","title":"Só","phrases":[{"type":"🙋","phrase":"Sót akarok."},{"type":"❓","phrase":"Átadhatja nekem a sót?"},{"type":"🧂","phrase":"Az étel túl sós."},{"type":"🧂","phrase":"Az ételemnek szüksége van némi sóra."}]},{"slug":"spices","title":"fűszerek","phrases":[{"type":"❤️","phrase":"Szeretem a fűszeres ételeket."},{"type":"❌","phrase":"Nem szeretem a fűszeres ételeket."},{"type":"🙋","phrase":"Paprikát akarok."},{"type":"⚫","phrase":"Fekete borsot akarok."}]},{"slug":"pizza","title":"pizza","phrases":[{"type":"❤️","phrase":"Szeretem a pizzát."},{"type":"❌","phrase":"Nem szeretem a pizzát."},{"type":"🙋","phrase":"Pizzát akarok enni."},{"type":"🍳","phrase":"Tudsz nekem pizzát főzni?"},{"type":"☝️","phrase":"Megrendelhetünk pizzát?"}]},{"slug":"cheese","title":"Sajt","phrases":[{"type":"❤️","phrase":"Szeretem a sajtot."},{"type":"❌","phrase":"Nem szeretem a sajtot."},{"type":"🙋","phrase":"Sajt akarok enni."}]},{"slug":"fish","title":"Hal","phrases":[{"type":"❤️","phrase":"Szeretem a halat."},{"type":"❌","phrase":"Nem szeretem a halakat."},{"type":"🙋","phrase":"Halni akarok."},{"type":"🍳","phrase":"Tud főzni halat nekem?"}]},{"slug":"ice-cream","title":"Jégkrém","phrases":[{"type":"❤️","phrase":"Szeretem a jégkrémet."},{"type":"❌","phrase":"Nem szeretem a fagylaltot."},{"type":"🙋","phrase":"Fagylaltot akarok enni."},{"type":"☝️","phrase":"Vásárolhat nekem fagylaltot?"}]},{"slug":"tea","title":"Tea","phrases":[{"type":"❤️","phrase":"Szeretem a teát."},{"type":"❌","phrase":"Nem szeretem a teát."},{"type":"🙋","phrase":"Teát akarok inni."},{"type":"🍳","phrase":"Tudsz teát csinálni nekem?"}]},{"slug":"coffee","title":"Kávé","phrases":[{"type":"❤️","phrase":"Szeretem a kávét."},{"type":"❌","phrase":"Nem szeretem a kávét."},{"type":"🙋","phrase":"Kávét akarok inni."},{"type":"🍳","phrase":"Készíthet nekem kávét?"}]},{"slug":"tomato","title":"Paradicsom","phrases":[{"type":"❤️","phrase":"Szeretem a paradicsomot."},{"type":"❌","phrase":"Nem szeretem a paradicsomot."},{"type":"🙋","phrase":"Paradicsomot akarok enni."}]},{"slug":"cereal","title":"Gabona","phrases":[{"type":"❤️","phrase":"Szeretem a gabonaféléket."},{"type":"❌","phrase":"Nem szeretem a gabonaféléket."},{"type":"🙋","phrase":"Gabonaféléket akarok enni."},{"type":"🍳","phrase":"Tudsz nekem gabonaféléket készíteni?"}]},{"slug":"burger","title":"Burger","phrases":[{"type":"❤️","phrase":"Szeretem a hamburgert."},{"type":"❌","phrase":"Nem szeretem a hamburgert."},{"type":"🙋","phrase":"Hamburgert akarok enni."},{"type":"🍳","phrase":"Tud főzni hamburgert nekem?"},{"type":"☝️","phrase":"Megrendelhetünk hamburgert?"}]},{"slug":"french-fries","title":"sult krumpli","phrases":[{"type":"❤️","phrase":"Szeretem a sült krumplit."},{"type":"❌","phrase":"Nem szeretem a sült krumplit."},{"type":"🙋","phrase":"Enni akarok sült krumplit."},{"type":"🍳","phrase":"Főzhetsz nekem hasábburgonyát?"},{"type":"☝️","phrase":"Megrendelhetünk hasábburgonyát?"}]},{"slug":"spinach","title":"Spenót","phrases":[{"type":"❤️","phrase":"Szeretem a spenótot."},{"type":"❌","phrase":"Nem szeretem a spenótot."},{"type":"🙋","phrase":"Spenótot akarok enni."}]},{"slug":"rice","title":"Rizs","phrases":[{"type":"❤️","phrase":"Szeretem a rizst."},{"type":"❌","phrase":"Nem szeretem a rizst."},{"type":"🙋","phrase":"Rizst akarok enni."},{"type":"🍳","phrase":"Főzhet nekem rizst?"}]},{"slug":"bread","title":"Kenyér","phrases":[{"type":"❤️","phrase":"Szeretem a kenyeret."},{"type":"❌","phrase":"Nem szeretem a kenyeret."},{"type":"🙋","phrase":"Kenyeret akarok enni."},{"type":"☝️","phrase":"Lehet vásárolni kenyeret?"}]},{"slug":"pasta","title":"Tészta","phrases":[{"type":"❤️","phrase":"Szeretem a tésztát."},{"type":"❌","phrase":"Nem szeretem a tésztát."},{"type":"🙋","phrase":"Tésztát akarok enni."},{"type":"🍳","phrase":"Főzhet nekem tésztát?"}]},{"slug":"sauce","title":"Szósz","phrases":[{"type":"❤️","phrase":"Szeretem a mártást."},{"type":"❌","phrase":"Nem szeretem a mártást."},{"type":"🙋","phrase":"Szeretnék mártást."},{"type":"🔴","phrase":"Lehetek ketchupot?"},{"type":"⚪","phrase":"Lehet majonéz?"},{"type":"🟡","phrase":"Lehetek mustárt?"},{"type":"🚜","phrase":"Lehetséges ranch szósz?"}]},{"slug":"kebab","title":"Kebab","phrases":[{"type":"❤️","phrase":"Szeretem a kebabot."},{"type":"❌","phrase":"Nem szeretem a kebabot."},{"type":"🙋","phrase":"Kebabot akarok enni."},{"type":"🍳","phrase":"Tudsz főzni nekem kebabot?"},{"type":"☝️","phrase":"Megrendelhetünk kebabot?"}]}]