[{"slug":"apple","title":"alma","phrases":[{"type":"❤️","phrase":"Szeretek almát enni."},{"type":"🙋","phrase":"Enni akarok egy almát."},{"type":"❌","phrase":"Nem szeretem az almát."}]},{"slug":"watermelon","title":"Görögdinnye","phrases":[{"type":"❤️","phrase":"Szeretem enni görögdinnye."},{"type":"🙋","phrase":"Enni egy görögdinnye."},{"type":"❌","phrase":"Nem szeretem a görögdinnye."}]},{"slug":"orange","title":"narancssárga","phrases":[{"type":"❤️","phrase":"Szeretek narancsot enni."},{"type":"🙋","phrase":"Narancsot akarok enni."},{"type":"❌","phrase":"Nem szeretem a narancsot."}]},{"slug":"strawberry","title":"Eper","phrases":[{"type":"❤️","phrase":"Szeretek eperrel étkezni."},{"type":"🙋","phrase":"Szeretnék enni néhány szamócát."},{"type":"❌","phrase":"Nem szeretem a szamócát."}]},{"slug":"grape","title":"Szőlő","phrases":[{"type":"❤️","phrase":"Szeretek szőlőt enni."},{"type":"🙋","phrase":"Enni akarok néhány szőlőt."},{"type":"❌","phrase":"Nem szeretem a szőlőt."}]},{"slug":"cherry","title":"Cseresznye","phrases":[{"type":"❤️","phrase":"Szeretek cseresznyét enni."},{"type":"🙋","phrase":"Meg akarok enni cseresznye."},{"type":"❌","phrase":"Nem szeretem a cseresznye."}]},{"slug":"mango","title":"Mangó","phrases":[{"type":"❤️","phrase":"Szeretek mangot enni."},{"type":"🙋","phrase":"Egy mangot akarok enni."},{"type":"❌","phrase":"Nem szeretem a mangot."}]},{"slug":"guava","title":"Gujávafa","phrases":[{"type":"❤️","phrase":"Szeretek guavaát enni."},{"type":"🙋","phrase":"Gvavavat akarok enni."},{"type":"❌","phrase":"Nem szeretem a guavát."}]},{"slug":"banana","title":"Banán","phrases":[{"type":"❤️","phrase":"Szeretek banánt eszni."},{"type":"🙋","phrase":"Banánt akarok enni."},{"type":"❌","phrase":"Nem szeretem a banánt."}]},{"slug":"pomegranate","title":"Gránátalma","phrases":[{"type":"❤️","phrase":"Szeretek gránátalma enni."},{"type":"🙋","phrase":"Gránátalmát akarok enni."},{"type":"❌","phrase":"Nem szeretem a gránátalma."}]},{"slug":"raspberry","title":"Málna","phrases":[{"type":"❤️","phrase":"Szeretek málnát enni."},{"type":"🙋","phrase":"Enni akarok málna."},{"type":"❌","phrase":"Nem szeretem a málnát."}]},{"slug":"papaya","title":"papaya","phrases":[{"type":"❤️","phrase":"Szeretek papayát enni."},{"type":"🙋","phrase":"Papayát akarok enni."},{"type":"❌","phrase":"Nem szeretem a papayát."}]},{"slug":"kiwi","title":"Kiwi","phrases":[{"type":"❤️","phrase":"Szeretek kivit enni."},{"type":"🙋","phrase":"Kiwit akarok enni."},{"type":"❌","phrase":"Nem szeretem a kivit."}]},{"slug":"pineapple","title":"Ananász","phrases":[{"type":"❤️","phrase":"Szeretek ananászot enni."},{"type":"🙋","phrase":"Enni akarok ananászot."},{"type":"❌","phrase":"Nem szeretem az ananászot."}]},{"slug":"lemon","title":"Citrom","phrases":[{"type":"❤️","phrase":"Szeretek enni citromot."},{"type":"🙋","phrase":"Egy citromot akarok enni."},{"type":"❌","phrase":"Nem szeretem a citromot."},{"type":"🍋","phrase":"A citrom savanyú."}]},{"slug":"apricot","title":"Sárgabarack","phrases":[{"type":"❤️","phrase":"Szeretek barackot enni."},{"type":"🙋","phrase":"Kajszibarackot akarok enni."},{"type":"❌","phrase":"Nem szeretem a sárgabarackot."}]},{"slug":"dragon-fruit","title":"sárkány gyümölcs","phrases":[{"type":"❤️","phrase":"Szeretek sárkány gyümölcsöt enni."},{"type":"🙋","phrase":"Sárkány gyümölcsöt akarok enni."},{"type":"❌","phrase":"Nem szeretem a sárkány gyümölcsét."}]},{"slug":"peach","title":"Őszibarack","phrases":[{"type":"❤️","phrase":"Szeretek őszibarackot enni."},{"type":"🙋","phrase":"Őszibarackot akarok enni."},{"type":"❌","phrase":"Nem szeretem az őszibarackot."}]},{"slug":"avocado","title":"Avokádó","phrases":[{"type":"❤️","phrase":"Szeretek avokádót enni."},{"type":"🙋","phrase":"Enni akarok egy avokádót."},{"type":"❌","phrase":"Nem szeretem az avokádót."}]},{"slug":"fig","title":"Ábra","phrases":[{"type":"❤️","phrase":"Szeretek füget"},{"type":"🙋","phrase":"Füget akarok enni"},{"type":"❌","phrase":"Nem szeretem a fig."}]},{"slug":"lychee","title":"Licsi","phrases":[{"type":"❤️","phrase":"Szeretek enni licsi."},{"type":"🙋","phrase":"Enni akarok egy licsi."},{"type":"❌","phrase":"Nem szeretem a licsi."}]},{"slug":"passion-fruit","title":"Maracuja","phrases":[{"type":"❤️","phrase":"Szeretek szenvedélyes gyümölcsöt eszni."},{"type":"🙋","phrase":"Enni akarok egy szenvedélyes gyümölcsöt."},{"type":"❌","phrase":"Nem szeretem a szenvedély gyümölcsöt."}]},{"slug":"blueberry","title":"Áfonya","phrases":[{"type":"❤️","phrase":"Szeretek áfonyát enni."},{"type":"🙋","phrase":"Enni akarok áfonya."},{"type":"❌","phrase":"Nem szeretem az áfonya."}]},{"slug":"coconut","title":"Kókuszdió","phrases":[{"type":"❤️","phrase":"Szeretek kókuszdiót eszni."},{"type":"🙋","phrase":"Enni akarok egy kókuszdiót."},{"type":"❌","phrase":"Nem szeretem a kókuszdiót."}]}]