[{"slug":"gardener","title":"Kertész","phrases":[]},{"slug":"sprout","title":"Hajtás","phrases":[]},{"slug":"hose","title":"tömlő","phrases":[]},{"slug":"glove","title":"Kesztyű","phrases":[]},{"slug":"flowers","title":"Virágok","phrases":[]},{"slug":"seeds","title":"Magok","phrases":[]},{"slug":"shovel","title":"Lapát","phrases":[]},{"slug":"watering","title":"Locsolás","phrases":[]},{"slug":"scarecrow","title":"Madárijesztő","phrases":[]},{"slug":"tree","title":"Fa","phrases":[]},{"slug":"fertilizer","title":"Trágya","phrases":[]},{"slug":"pitchfork","title":"Vasvilla","phrases":[]},{"slug":"bucket","title":"Vödör","phrases":[]},{"slug":"fence","title":"Kerítés","phrases":[]},{"slug":"leaf","title":"Levél növényen","phrases":[]},{"slug":"windmill","title":"Szélmalom","phrases":[]},{"slug":"spray","title":"Permet","phrases":[]},{"slug":"shears","title":"Nyírók","phrases":[]},{"slug":"sprinkler","title":"locsoló","phrases":[]},{"slug":"tractor","title":"Traktor","phrases":[]},{"slug":"jam","title":"Lekvár","phrases":[]},{"slug":"bonsai","title":"bonsai","phrases":[]},{"slug":"wheelbarrow","title":"Talicska","phrases":[]},{"slug":"birdhouse","title":"Madárház","phrases":[]}]