[{"slug":"mixer","title":"Keverő","phrases":[{"type":"🙋","phrase":"Meg tudja mutatni, hogyan kell használni a keverőt?"},{"type":"🤞","phrase":"A szüleim nélkül nem szabad keverőt használni."}]},{"slug":"apron","title":"Kötény","phrases":[{"type":"👚","phrase":"Főzés közben kötényt hordok."},{"type":"👚","phrase":"Anyukám kötényt visel főzés közben."}]},{"slug":"fryer","title":"olajsütő","phrases":[{"type":"🙋","phrase":"Meg tudja mutatni, hogyan kell használni a sütőt?"},{"type":"🤞","phrase":"Nem szabad sütőt használni a szüleim nélkül."}]},{"slug":"rolling-pin","title":"Sodrófa","phrases":[{"type":"🙋","phrase":"Meg tudja mutatni, hogyan kell használni a sodrófaot?"},{"type":"💡","phrase":"A tésztát gördülő tűvel használom."}]},{"slug":"coffee-machine","title":"Kávéautómata","phrases":[{"type":"🙋","phrase":"Meg tudja mutatni, hogyan kell használni egy kávéfőzőt?"},{"type":"🤞","phrase":"A szüleim nélkül nem szabad kávéfőzőt használni."}]},{"slug":"fridge","title":"Hűtőgép","phrases":[{"type":"🙋","phrase":"Meg tudja mutatni, hogyan kell használni a hűtőszekrényt?"},{"type":"💡","phrase":"A hűtőszekrény az ételeket hidegen tartja."}]},{"slug":"pot","title":"Fazék","phrases":[{"type":"🙋","phrase":"Meg tudja mutatni, hogyan kell használni a bankot?"},{"type":"🤞","phrase":"A szüleim nélkül nem szabad potot használni."}]},{"slug":"toaster","title":"Kenyérpirító","phrases":[{"type":"🙋","phrase":"Meg tudja mutatni, hogyan kell használni a kenyérpirítót?"},{"type":"🤞","phrase":"A szüleim nélkül nem szabad kenyérpirítót használni."}]},{"slug":"cutlery","title":"Evőeszköz","phrases":[{"type":"🙋","phrase":"Meg tudja mutatni, hogyan kell használni az evőeszközöket?"},{"type":"😋","phrase":"Tanulok evőeszközökkel enni."}]},{"slug":"spatula","title":"Spatula","phrases":[{"type":"🙋","phrase":"Meg tudja mutatni, hogyan kell egy spatulat használni?"}]},{"slug":"oven","title":"Sütő","phrases":[{"type":"🙋","phrase":"Meg tudja mutatni, hogyan kell használni a sütőt?"},{"type":"🤞","phrase":"A szüleim nélkül nem szabad sütőt használni."}]},{"slug":"kitchen-timer","title":"Konyhai időzítő","phrases":[{"type":"🙋","phrase":"Meg tudja mutatni, hogyan kell használni a konyhai időzítőt?"},{"type":"⏱️","phrase":"A konyhai időzítő sípol."}]},{"slug":"pizza-cutter","title":"Pizza vágó","phrases":[{"type":"🙋","phrase":"Meg tudja mutatni, hogyan kell használni a pizza vágót?"},{"type":"🤞","phrase":"A szüleim nélkül nem szabad pizza vágót használni."}]},{"slug":"grater","title":"Konyhai reszelő","phrases":[{"type":"🙋","phrase":"Meg tudja mutatni, hogyan kell használni a reszelőt?"},{"type":"🤞","phrase":"A szüleim nélkül nem szabad reszelt használni."}]},{"slug":"grill","title":"rostély","phrases":[{"type":"🙋","phrase":"Meg tudja mutatni, hogyan kell használni a rácsot?"},{"type":"🤞","phrase":"A szüleim nélkül nem szabad grillt használni."}]},{"slug":"recipe-book","title":"Receptkönyv","phrases":[{"type":"🙋","phrase":"Kiválaszthatom a főzés receptjét?"},{"type":"🍳","phrase":"Készíthetjük ezt a receptet?"}]},{"slug":"kitchen-utensils","title":"Konyhai eszközök","phrases":[{"type":"❤️","phrase":"Szeretek konyhai eszközöket használni."},{"type":"🤞","phrase":"A szüleim nélkül nem szabad konyhai eszközöket használni."}]},{"slug":"stove","title":"Tűzhely","phrases":[{"type":"🙋","phrase":"Meg tudja mutatni, hogyan kell használni a tűzhelyet?"},{"type":"🤞","phrase":"A szüleim nélkül nem szabad kályhát használni."}]},{"slug":"salt-and-pepper","title":"Só, bors","phrases":[{"type":"🙋","phrase":"Hozhat sót és borsot?"}]},{"slug":"kitchen-board","title":"Konyhadeszka","phrases":[{"type":"🙋","phrase":"Írok a konyhaasztalon?"}]},{"slug":"scale","title":"Skála","phrases":[{"type":"🙋","phrase":"Meg tudja mutatni, hogyan kell használni a konyhai mérleget?"}]},{"slug":"teapot","title":"Teáskanna","phrases":[{"type":"🙋","phrase":"Meg tudja mutatni, hogyan kell használni a teáskannát?"},{"type":"🤞","phrase":"A szüleim nélkül nem szabad teáskannát használni."}]},{"slug":"microwave","title":"mikrohullámú sütő","phrases":[{"type":"🙋","phrase":"Meg tudja mutatni, hogyan kell használni a mikrohullámú sütőt?"},{"type":"🤞","phrase":"A szüleim nélkül nem szabad mikrohullámú sütőt használni."}]}]