[{"slug":"hospital-bed","title":"Kórházi ágy","phrases":[{"type":"🙋","phrase":"Segíthetsz nekem kórházi ágyon?"}]},{"slug":"weight-loss","title":"Fogyás","phrases":[{"type":"🏋️","phrase":"Mérsékeltnek kell lennem az étkezésem."},{"type":"🏃‍♀️","phrase":"Fogyni fogok."},{"type":"🥩","phrase":"Hízni fogok."}]},{"slug":"exercise","title":"Gyakorlat","phrases":[{"type":"🏋️","phrase":"Gyakorlok."},{"type":"⏲️","phrase":"Van egy edzésprogramom."}]},{"slug":"medical-history","title":"Kórtörténet","phrases":[{"type":"📂","phrase":"Itt van a kórtörténet."}]},{"slug":"vitamin-c","title":"C vitamin","phrases":[{"type":"🍹","phrase":"Be kell vennem c-vitamint."},{"type":"🍊","phrase":"A narancs c-vitamint tartalmaz."}]},{"slug":"thermometer","title":"Hőmérő","phrases":[{"type":"🤒","phrase":"Meg tudja mérni a lázomat?"},{"type":"🌡️","phrase":"Hogyan működik a hőmérő?"}]},{"slug":"pills","title":"Pills","phrases":[{"type":"💊","phrase":"Ki kell vennem a tablettáimat."},{"type":"👉","phrase":"Bevette a tablettákat?"}]},{"slug":"medical-mask","title":"Orvosi maszk","phrases":[]},{"slug":"dental-care","title":"Fogápolás","phrases":[{"type":"🦷","phrase":"Fáj a fogam."},{"type":"🦷","phrase":"Mosom a fogamat."}]},{"slug":"hearing-exam","title":"Hallóvizsga","phrases":[{"type":"👂","phrase":"Hallásproblémáim vannak."},{"type":"🦻","phrase":"Meghallgatási vizsga lesz."}]},{"slug":"hospital","title":"Kórház","phrases":[{"type":"🏥","phrase":"Megyek a kórházba."},{"type":"🏥","phrase":"Kórházban vagyok."}]},{"slug":"stethoscope","title":"Sztetoszkóp","phrases":[{"type":"👨‍⚕️","phrase":"Az orvosok sztetoszkópot használnak."},{"type":"🩺","phrase":"Lehet egy játék-sztetoszkópot?"}]},{"slug":"ambulance","title":"Mentőautó","phrases":[{"type":"👀","phrase":"Láttam egy mentőt."},{"type":"👂","phrase":"Hallottam egy mentő hangját."}]},{"slug":"drugstore","title":"Gyógyszertár","phrases":[{"type":"🧾","phrase":"Meg kell töltenem a receptomat."},{"type":"➡️","phrase":"Itt a recept."}]},{"slug":"emergency","title":"Vészhelyzet","phrases":[{"type":"🚨","phrase":"Van egy egészségügyi sürgősségem."},{"type":"🚑","phrase":"Megyek a mentõszobába."}]},{"slug":"health-insurance","title":"Egészségbiztosítás","phrases":[{"type":"⚕️","phrase":"Van egészségbiztosításom."},{"type":"❌","phrase":"Nincs egészségbiztosításom."}]},{"slug":"doctor","title":"Orvos","phrases":[{"type":"❤️","phrase":"Szeretem az orvosomat."},{"type":"🤩","phrase":"Orvos segít nekem."}]},{"slug":"nurse","title":"Ápoló","phrases":[{"type":"❤️","phrase":"Szeretem a nővérem."},{"type":"🤩","phrase":"A nővér segít nekem."}]}]