[{"id":1,"slug":"conversation","color":"#FFE5E6","premium":0,"locale":"Beszélgetés","count":18},{"id":2,"slug":"people","color":"#E3F3FF","premium":0,"locale":"Emberek","count":21},{"id":3,"slug":"feelings","color":"#FFF6D6","premium":0,"locale":"érzések","count":18},{"id":4,"slug":"food","color":"#EEF7F2","premium":0,"locale":"Étel","count":33},{"id":5,"slug":"animals","color":"#FFE7F4","premium":0,"locale":"állatok","count":53},{"id":6,"slug":"school","color":"#F5F3FE","premium":0,"locale":"Iskola","count":21},{"id":7,"slug":"activities","color":"#FFEAD1","premium":0,"locale":"Tevékenységek","count":26},{"id":8,"slug":"shapes","color":"#EAFDFF","premium":0,"locale":"alakzatok","count":18},{"id":9,"slug":"colors","color":"#FFDEEA","premium":0,"locale":"Színek","count":22},{"id":10,"slug":"clothes","color":"#C9D3FF","premium":0,"locale":"Ruházat","count":42},{"id":11,"slug":"numbers","color":"#FFD8D8","premium":0,"locale":"számok","count":18},{"id":12,"slug":"transport","color":"#FFE6BA","premium":0,"locale":"Szállítás","count":22},{"id":13,"slug":"quarantine","color":"#E8F6F8","premium":0,"locale":"Karantén","count":21},{"id":15,"slug":"toys","color":"#F9D9FF","premium":1,"locale":"Játékok","count":24},{"id":16,"slug":"drinks","color":"#FDCBD8","premium":1,"locale":"italok","count":18},{"id":17,"slug":"snacks","color":"#C7F5F7","premium":1,"locale":"Snack","count":19},{"id":18,"slug":"occupations","color":"#EDEEE7","premium":1,"locale":"foglalkozások","count":47},{"id":19,"slug":"party","color":"#EDE7F9","premium":1,"locale":"Buli","count":27},{"id":20,"slug":"fruits","color":"#E9F5FE","premium":1,"locale":"Gyümölcsök","count":25},{"id":21,"slug":"vegetables","color":"#E6F5F3","premium":1,"locale":"Zöldségek","count":27},{"id":22,"slug":"fair","color":"#FFEAD1","premium":1,"locale":"Becsületes","count":20},{"id":23,"slug":"sports","color":"#DCDFE1","premium":1,"locale":"Sport","count":19},{"id":24,"slug":"pirates","color":"#EDF8FF","premium":1,"locale":"Pirates","count":21},{"id":25,"slug":"travel","color":"#E6F5F3","premium":1,"locale":"Utazás","count":20},{"id":26,"slug":"gardening","color":"#DFF4F1","premium":1,"locale":"Kertészkedés","count":24},{"id":27,"slug":"medical","color":"#E6F7FD","premium":1,"locale":"Orvosi","count":21},{"id":28,"slug":"kitchen","color":"#F1F7F3","premium":1,"locale":"Konyha","count":26},{"id":29,"slug":"places","color":"#F4C6E3","premium":1,"locale":"Helyek","count":24}]