[{"slug":"one","title":"Egy","phrases":[{"type":"➖","phrase":"Az egyik kettő előtt jön."},{"type":"➕","phrase":"Az egyik nulla után jön."},{"type":"🙋","phrase":"Szeretnék egy."}]},{"slug":"two","title":"Két","phrases":[{"type":"➖","phrase":"A kettő három előtt jön."},{"type":"➕","phrase":"Két jön az egyik után."},{"type":"🙋","phrase":"Kettőt akarok."}]},{"slug":"three","title":"Három","phrases":[{"type":"➖","phrase":"Három jön négy előtt."},{"type":"➕","phrase":"Három jön kettő után."},{"type":"🙋","phrase":"Három akarok."}]},{"slug":"four","title":"négy","phrases":[{"type":"➖","phrase":"Négy öt előtt jön."},{"type":"➕","phrase":"Négy jön három után."},{"type":"🙋","phrase":"Négyet akarok."}]},{"slug":"five","title":"Öt","phrases":[{"type":"➖","phrase":"Öt érkezik hat előtt."},{"type":"➕","phrase":"Öt jön négy után."},{"type":"🙋","phrase":"Öt akarok."}]},{"slug":"six","title":"Hat","phrases":[{"type":"➖","phrase":"A hat hét előtt jön."},{"type":"➕","phrase":"Hat öt után jön."},{"type":"🙋","phrase":"Javítást akarok."}]},{"slug":"seven","title":"hét","phrases":[{"type":"➖","phrase":"Hét jön nyolc előtt."},{"type":"➕","phrase":"Hét jön hat után."},{"type":"🙋","phrase":"Hétre akarok."}]},{"slug":"eight","title":"Nyolc","phrases":[{"type":"➖","phrase":"Nyolc eljön kilenc előtt."},{"type":"➕","phrase":"Nyolc hét után jön."},{"type":"🙋","phrase":"Nyolcra akarok."}]},{"slug":"nine","title":"Kilenc","phrases":[{"type":"➖","phrase":"Kilenc jön tíz előtt."},{"type":"➕","phrase":"Kilenc jön nyolc után."},{"type":"🙋","phrase":"Kilencre akarok."}]},{"slug":"ten","title":"Tíz","phrases":[{"type":"➖","phrase":"Tíz tizenegy előtt jön."},{"type":"➕","phrase":"Tíz kilenc után jön."},{"type":"🙋","phrase":"Tízet akarok."}]},{"slug":"eleven","title":"Tizenegy","phrases":[{"type":"➖","phrase":"Tizenegy tizenhárom előtt jön."},{"type":"➕","phrase":"Tizenegy tíz után jön."},{"type":"🙋","phrase":"Tizenegyet akarok."}]},{"slug":"twenty","title":"Húsz","phrases":[{"type":"🔢","phrase":"Számolok akár húsz."}]},{"slug":"thirty","title":"Harminc","phrases":[{"type":"🔢","phrase":"Számíthatok akár harmincra."}]},{"slug":"forty","title":"Negyven","phrases":[{"type":"🔢","phrase":"Számolok akár negyven."}]},{"slug":"fifty","title":"Ötven","phrases":[{"type":"🔢","phrase":"Számolok akár ötvenet."}]},{"slug":"hundred","title":"Száz","phrases":[{"type":"🔢","phrase":"Számolok akár száz."}]},{"slug":"thousand","title":"Ezer","phrases":[{"type":"🔢","phrase":"Számolok akár ezernek."}]},{"slug":"calculator","title":"Számológép","phrases":[{"type":"🖩","phrase":"Számológépet akarok használni."},{"type":"🧮","phrase":"Meg tudja tanítani nekem, hogyan kell használni a számológépet?"},{"type":"🙋","phrase":"Lóghatom a számológépét?"}]}]