[{"slug":"teacher","title":"Tanár","phrases":[{"type":"❓","phrase":"Mit csinál egy tanár?"},{"type":"🙋","phrase":"Tanár akarok lenni."}]},{"slug":"police-officer","title":"Rendőr","phrases":[{"type":"❓","phrase":"Mit csinál egy rendőr?"},{"type":"🙋","phrase":"Rendőrnek akarok lenni."}]},{"slug":"writer","title":"Író","phrases":[{"type":"❓","phrase":"Mit csinál egy író?"},{"type":"🙋","phrase":"Írni akarok."}]},{"slug":"doctor","title":"Orvos","phrases":[{"type":"❓","phrase":"Mit csinál egy orvos?"},{"type":"🙋","phrase":"Orvos akarok lenni."}]},{"slug":"detective","title":"Nyomozó","phrases":[{"type":"❓","phrase":"Mit csinál egy nyomozó?"},{"type":"🙋","phrase":"Nyomozó akarok lenni."}]},{"slug":"artist","title":"Művész","phrases":[{"type":"❓","phrase":"Mit csinál egy művész?"},{"type":"🙋","phrase":"Művész akarok lenni."}]},{"slug":"singer","title":"Énekes","phrases":[{"type":"❓","phrase":"Mit csinál egy énekes?"},{"type":"🙋","phrase":"Énekesnek akarok lenni."}]},{"slug":"astronaut","title":"Űrhajós","phrases":[{"type":"❓","phrase":"Mit csinál egy űrhajós?"},{"type":"🙋","phrase":"Űrhajós akarok lenni."}]},{"slug":"sailor","title":"Tengerész","phrases":[{"type":"❓","phrase":"Mit csinál egy tengerész?"},{"type":"🙋","phrase":"Tengerész akarok lenni."}]},{"slug":"chef","title":"Séf","phrases":[{"type":"❓","phrase":"Mit csinál egy séf?"},{"type":"🙋","phrase":"Séf akarok lenni."}]},{"slug":"farmer","title":"Gazda","phrases":[{"type":"❓","phrase":"Mit csinál egy gazda?"},{"type":"🙋","phrase":"Farmer akarok lenni."}]},{"slug":"construction-worker","title":"Építőipari munkás","phrases":[{"type":"❓","phrase":"Mit csinál egy építőmunkás?"},{"type":"🙋","phrase":"Építőmunkássá akarok válni."}]},{"slug":"baker","title":"Pék","phrases":[{"type":"❓","phrase":"Mit csinál egy pék?"},{"type":"🙋","phrase":"Pékré válni akarok."}]},{"slug":"lifeguard","title":"Testőr","phrases":[{"type":"❓","phrase":"Mit csinál egy mentő?"},{"type":"🙋","phrase":"Mentővé akarok válni."}]},{"slug":"astronomer","title":"Csillagász","phrases":[{"type":"❓","phrase":"Mit csinál egy csillagász?"},{"type":"🙋","phrase":"Csillagász akarok lenni."}]},{"slug":"journalist","title":"Újságíró","phrases":[{"type":"❓","phrase":"Mit csinál egy újságíró?"},{"type":"🙋","phrase":"Újságíró akarok lenni."}]},{"slug":"archeologist","title":"Régész","phrases":[{"type":"❓","phrase":"Mit csinál egy régész?"},{"type":"🙋","phrase":"Régésznek akarok lenni."}]},{"slug":"musician","title":"Zenész","phrases":[{"type":"❓","phrase":"Mit csinál egy zenész?"},{"type":"🙋","phrase":"Zenész akarok lenni."}]},{"slug":"magician","title":"Bűvész","phrases":[{"type":"❓","phrase":"Mit csinál egy mágus?"},{"type":"🙋","phrase":"Varázslóvá akarok válni."}]},{"slug":"soccer-player","title":"Focista","phrases":[{"type":"❓","phrase":"Mit csinál egy futballista?"},{"type":"🙋","phrase":"Futballista akarok lenni."}]},{"slug":"postwoman","title":"Postwoman","phrases":[{"type":"❓","phrase":"Mit csinál egy posztnő?"},{"type":"🙋","phrase":"Postai asszony akarok lenni."}]},{"slug":"firefighter","title":"Tűzoltó","phrases":[{"type":"❓","phrase":"Mit csinál egy tűzoltó?"},{"type":"🙋","phrase":"Tűzoltó akarok lenni."}]},{"slug":"scientist","title":"Tudós","phrases":[{"type":"❓","phrase":"Mit csinál egy tudós?"},{"type":"🙋","phrase":"Tudós akarok lenni."}]},{"slug":"gardener","title":"Kertész","phrases":[{"type":"❓","phrase":"Mit csinál egy kertész?"},{"type":"🙋","phrase":"Kertész akarok lenni."}]},{"slug":"butcher","title":"Hentes","phrases":[{"type":"❓","phrase":"Mit csinál egy hentes?"},{"type":"🙋","phrase":"Mészáros akarok lenni."}]},{"slug":"veterinarian","title":"Állatorvos","phrases":[{"type":"❓","phrase":"Mit csinál egy állatorvos?"},{"type":"🙋","phrase":"Állatorvos akarok lenni."}]},{"slug":"lumber-jack","title":"Favágó","phrases":[{"type":"❓","phrase":"Mit csinál egy fűrészáru?"},{"type":"🙋","phrase":"Fafajta jacká akarok válni."}]},{"slug":"miner","title":"Bányász","phrases":[{"type":"❓","phrase":"Mit csinál egy bányász?"},{"type":"🙋","phrase":"Bányász akarok lenni."}]},{"slug":"nun","title":"Apáca","phrases":[{"type":"❓","phrase":"Mit csinál egy apáca?"},{"type":"🙋","phrase":"Apáca akarok lenni."}]},{"slug":"fisher-woman","title":"Fisher nő","phrases":[{"type":"❓","phrase":"Mit csinál egy halásznő?"},{"type":"🙋","phrase":"Halásznővé akarok válni."}]},{"slug":"hair-dresser","title":"Fodrász","phrases":[{"type":"❓","phrase":"Mit csinál a fodrász?"},{"type":"🙋","phrase":"Fodrász akarok lenni."}]},{"slug":"mechanic","title":"Szerelő","phrases":[{"type":"❓","phrase":"Mit csinál egy szerelő?"},{"type":"🙋","phrase":"Szeretnék szerelővé válni."}]},{"slug":"electrician","title":"Villanyszerelő","phrases":[{"type":"❓","phrase":"Mit csinál egy villanyszerelő?"},{"type":"🙋","phrase":"Villanyszerelővé akarok válni."}]},{"slug":"swimmer","title":"Úszó","phrases":[{"type":"❓","phrase":"Mit csinál egy úszó?"},{"type":"🙋","phrase":"Úszni akarok."}]},{"slug":"photographer","title":"Fotós","phrases":[{"type":"❓","phrase":"Mit csinál egy fotós?"},{"type":"🙋","phrase":"Fotós akarok lenni."}]},{"slug":"priest","title":"Pap","phrases":[{"type":"❓","phrase":"Mit csinál egy pap?"},{"type":"🙋","phrase":"Pap akarok lenni."}]},{"slug":"soldier","title":"Katona","phrases":[{"type":"❓","phrase":"Mit csinál egy katona?"},{"type":"🙋","phrase":"Katona akarok lenni."}]},{"slug":"carpenter","title":"Ács","phrases":[{"type":"❓","phrase":"Mit csinál egy asztalos?"},{"type":"🙋","phrase":"Ács akarok lenni."}]},{"slug":"plumber","title":"Vízvezeték-szerelő","phrases":[{"type":"❓","phrase":"Mit csinál a vízvezeték-szerelő?"},{"type":"🙋","phrase":"Szeretnék vízvezeték-szerelővé válni."}]},{"slug":"wall-painter","title":"Falfestő","phrases":[{"type":"❓","phrase":"Mit csinál egy falfestő?"},{"type":"🙋","phrase":"Falfestőnek akarok lenni."}]},{"slug":"nurse","title":"Ápoló","phrases":[{"type":"❓","phrase":"Mit csinál egy nővér?"},{"type":"🙋","phrase":"Nővér akarok lenni."}]},{"slug":"judge","title":"Bíró","phrases":[{"type":"❓","phrase":"Mit csinál egy bíró?"},{"type":"🙋","phrase":"Bíróvá akarok válni."}]},{"slug":"waiter","title":"Pincér","phrases":[{"type":"❓","phrase":"Mit csinál egy pincér?"},{"type":"🙋","phrase":"Pincér akarok lenni."}]},{"slug":"pilot","title":"Pilóta","phrases":[{"type":"❓","phrase":"Mit csinál a pilóta?"},{"type":"🙋","phrase":"Pilóta akarok lenni."}]},{"slug":"welder","title":"Hegesztő","phrases":[{"type":"❓","phrase":"Mit csinál egy hegesztő?"},{"type":"🙋","phrase":"Hegesztővé akarok válni."}]},{"slug":"executive","title":"Végrehajtó","phrases":[{"type":"❓","phrase":"Mit csinál egy végrehajtó?"},{"type":"🙋","phrase":"Végrehajtó akarok lenni."}]},{"slug":"hostess","title":"Hosztesz","phrases":[{"type":"❓","phrase":"Mit csinál egy háziasszony?"},{"type":"🙋","phrase":"Szeretnék háziasszony lenni."}]}]