[{"slug":"confetti","title":"Konfetti","phrases":[{"type":"❤️","phrase":"Szeretem a konfetti."},{"type":"🙋","phrase":"Feldobhatom a konfettet?"}]},{"slug":"party-blower","title":"Fél fúvó","phrases":[{"type":"❤️","phrase":"Szeretem a pártfúvókat."},{"type":"🔊","phrase":"Zajos a pártom fúvója?"}]},{"slug":"gift","title":"Ajándék","phrases":[{"type":"❤️","phrase":"Szeretem az ajándékokat."},{"type":"🎁","phrase":"Mit kaptál ajándékba?"}]},{"slug":"candle","title":"Gyertya","phrases":[{"type":"❤️","phrase":"Szeretem a party gyertyákat."},{"type":"🕯️","phrase":"Fújhatom a gyertyákat?"},{"type":"🎂","phrase":"Hány gyertya van?"}]},{"slug":"party-hat","title":"Bulikalap","phrases":[{"type":"❤️","phrase":"Szeretek parti kalapot viselni."},{"type":"👚","phrase":"A parti alatt pártot viselök."}]},{"slug":"balloons","title":"lufi","phrases":[{"type":"❤️","phrase":"Szeretem a léggömböket."},{"type":"🎈","phrase":"Fellobbanhatom a léggömböket?"}]},{"slug":"garlands","title":"füzérek","phrases":[{"type":"❤️","phrase":"Szeretem a koszorúkat."},{"type":"🙋","phrase":"Koszorúkat akarok viselni a partámhoz."},{"type":"🙋","phrase":"Tudod ezeket a koszorúkat a karomba?"}]},{"slug":"cake","title":"Torta","phrases":[{"type":"❤️","phrase":"Szeretek tortát enni."},{"type":"🙋","phrase":"Lehet egy szelet tortát?"}]},{"slug":"ice-cream","title":"Jégkrém","phrases":[{"type":"❤️","phrase":"Szeretek fagylaltot enni."},{"type":"🍭","phrase":"Mi a kedvenc íze?"}]},{"slug":"microphone","title":"Mikrofon","phrases":[{"type":"❤️","phrase":"Szeretek karaoke-t játszani."},{"type":"❤️","phrase":"Szeretek énekelni."}]},{"slug":"music","title":"Zene","phrases":[{"type":"❤️","phrase":"Szeretek zenélni."},{"type":"🎶","phrase":"Miféle zenét szeretsz?"}]},{"slug":"magician","title":"Bűvész","phrases":[{"type":"❤️","phrase":"Szeretem a varázslókat."},{"type":"✨","phrase":"Varázsló akarok lenni."},{"type":"🙋","phrase":"Meg tudsz tanítani nekem mágikus trükköket?"}]},{"slug":"taking-photos","title":"Fotózni","phrases":[{"type":"❤️","phrase":"Szeretek fényképezni."},{"type":"🙋","phrase":"Fényképezhetek a telefonoddal?"}]},{"slug":"invitation","title":"Meghívás","phrases":[{"type":"📧","phrase":"Kaptam egy meghívást."},{"type":"📨","phrase":"Meghívhatom a barátaimat a partira?"},{"type":"📨","phrase":"Meghívhatom a barátaimat a születésnapi partira?"},{"type":"📨","phrase":"Meghívhatjuk a barátaimat a nővérem partjára?"},{"type":"📨","phrase":"Meghívhatjuk a barátaimat a bátyám partijára?"}]},{"slug":"candy","title":"Cukorka","phrases":[{"type":"❤️","phrase":"Szeretem a cukorkát."},{"type":"🙋","phrase":"Lehetek enni cukorkát?"}]},{"slug":"popsicle","title":"jégkrém","phrases":[{"type":"❤️","phrase":"Szeretem a popsicle-t."},{"type":"🙋","phrase":"Mehetek egy popsicle-t?"},{"type":"🙋","phrase":"Készíthetünk néhány popsiklt?"},{"type":"🙋","phrase":"Akarsz enni popsicket?"}]},{"slug":"cupcake","title":"Muffin","phrases":[{"type":"❤️","phrase":"Szeretem a cupcake-t."},{"type":"🙋","phrase":"Mehetek egy cupcake-t?"}]},{"slug":"costume","title":"Kosztüm","phrases":[{"type":"❤️","phrase":"Szeretek jelmezeket viselni."},{"type":"🦸","phrase":"Viselhetek pókember jelmezet?"},{"type":"🦸‍♂️","phrase":"Viselhetek batman jelmezt?"},{"type":"🦸‍♀️","phrase":"Viselhetek csodás nő jelmezét?"}]},{"slug":"party-glasses","title":"Fél szemüveg","phrases":[{"type":"❤️","phrase":"Szeretem a szemüveget."},{"type":"🙋","phrase":"Viselhetek parti szemüveget?"}]},{"slug":"spotlights","title":"Spotlámpák","phrases":[{"type":"❤️","phrase":"Szeretem a reflektorfényeket."},{"type":"❌","phrase":"Nem szeretem a reflektorokat."}]},{"slug":"marshmallow","title":"Mályvacukor","phrases":[{"type":"❤️","phrase":"Szeretem a mályvacukrot."},{"type":"🔥","phrase":"A mályvacukrot főzöm a tábortűz felett."},{"type":"🙋","phrase":"Marshmallowokat akarok enni."}]},{"slug":"guacamole","title":"guacamole","phrases":[{"type":"❤️","phrase":"Szeretem a guacamole-t."},{"type":"🙋","phrase":"Ehetek egy guacamolt?"},{"type":"❌","phrase":"Nem szeretek enni guacamole-t."}]},{"slug":"hotdog","title":"Hot dog","phrases":[{"type":"❤️","phrase":"Szeretem a hotdog-t."},{"type":"🙋","phrase":"Lehetek hotdog?"},{"type":"❌","phrase":"Nem szeretek enni hotdog-kat."},{"type":"🙋","phrase":"Mehetek ennivalókat?"}]},{"slug":"bouncy-castle","title":"Ugrálóvár","phrases":[{"type":"❤️","phrase":"Szeretem a goromba várot."},{"type":"🙋","phrase":"A goromba kastélyban akarok játszani."},{"type":"🙋","phrase":"Játsszunk a pattogó kastélyban."}]},{"slug":"clown","title":"Bohóc","phrases":[{"type":"❤️","phrase":"Szeretem a bohócokat."},{"type":"❌","phrase":"Nem szeretem a bohócokat."},{"type":"🙋","phrase":"Bohóc akarok lenni."}]},{"slug":"magic-hat","title":"Mágikus kalap","phrases":[{"type":"❤️","phrase":"Szeretem a mágikus kalapokat."},{"type":"🧙‍♂️","phrase":"Varázsló vagyok!"},{"type":"🙋","phrase":"Azt akarom, mint a varázslat."}]},{"slug":"dart-board","title":"Dart tábla","phrases":[{"type":"❤️","phrase":"Szeretek dartot játszani."},{"type":"🎯","phrase":"A dart lejátszása veszélyes lehet."}]}]