[{"slug":"mother","title":"Anya","phrases":[{"type":"⁉️","phrase":"Mami!"},{"type":"💘","phrase":"Szeretem az anyámat."},{"type":"❤️","phrase":"Szeretlek anya."},{"type":"☹️","phrase":"Hiányzik az anyukám."},{"type":"🙏🏼","phrase":"Köszönöm, hogy vigyázott rám."},{"type":"👉🏼","phrase":"Ő az édesanyám."},{"type":"❓","phrase":"Tudna segíteni az anyám megtalálásában?"}]},{"slug":"father","title":"Apa","phrases":[{"type":"⁉️","phrase":"Apu!"},{"type":"💘","phrase":"Szeretem az apámat."},{"type":"❤️","phrase":"Szeretlek apa."},{"type":"☹️","phrase":"Hiányzik az apukám."},{"type":"🙏🏼","phrase":"Köszönöm, hogy vigyázott rám."},{"type":"👉🏼","phrase":"Ő az apukám."},{"type":"❓","phrase":"Tudna segíteni az apám megtalálásában?"}]},{"slug":"parents","title":"A szülők","phrases":[{"type":"💑","phrase":"Szeretem a szüleimet."},{"type":"💘","phrase":"Szeretem a szüleimet."},{"type":"☹️","phrase":"Hiányzik a szüleim."},{"type":"👉🏼","phrase":"Ők a szüleim."},{"type":"👨‍👩‍👧","phrase":"A szüleim törődnek velem."},{"type":"❓","phrase":"Tudna segíteni a szüleim megtalálásában?"}]},{"slug":"grandparents","title":"Nagyszülők","phrases":[{"type":"💑","phrase":"Szeretem a nagyszüleimet."},{"type":"💘","phrase":"Szeretlek nagyszülők."},{"type":"☹️","phrase":"Hiányzik a nagyszüleim."},{"type":"👉🏼","phrase":"Ők a nagyszüleim."},{"type":"👨‍👩‍👧","phrase":"Nagyszüleim vigyáznak rám."},{"type":"❓","phrase":"Tudna segíteni a nagyszüleim megtalálásában?"}]},{"slug":"brother","title":"fiú testvér","phrases":[{"type":"💑","phrase":"Szeretem a testvéremet."},{"type":"💘","phrase":"Szeretlek testvérem."},{"type":"☹️","phrase":"Hiányzik a bátyám."},{"type":"👉🏼","phrase":"Ő az én testvérem."},{"type":"🙎‍♂️","phrase":"A bátyám vigyáz rám."},{"type":"❓","phrase":"Tudna segíteni a testvérem megtalálásában?"}]},{"slug":"sister","title":"lánytestvér","phrases":[{"type":"💑","phrase":"Szeretem a nővéremet."},{"type":"💘","phrase":"Szeretlek hugi."},{"type":"☹️","phrase":"Hiányzik a nővérem."},{"type":"👉🏼","phrase":"Ő a nővérem."},{"type":"🙍‍♀️","phrase":"A nővérem vigyáz rám."},{"type":"❓","phrase":"Tudna segíteni a nővérem megtalálásában?"}]},{"slug":"uncle","title":"Nagybácsi","phrases":[{"type":"💑","phrase":"Szeretem a nagybátyám."},{"type":"💘","phrase":"Szeretlek nagybátyám."},{"type":"☹️","phrase":"Hiányzik a nagybátyám."},{"type":"👉🏼","phrase":"Ő a nagybátyám."},{"type":"❓","phrase":"Tudna segíteni nekem a nagybátyám megtalálásában?"}]},{"slug":"aunt","title":"Néni","phrases":[{"type":"💑","phrase":"Imádom a nagynéném."},{"type":"💘","phrase":"Szeretlek néni."},{"type":"☹️","phrase":"Hiányzik a nagynéném."},{"type":"👉🏼","phrase":"Ő a nagynéném."},{"type":"❓","phrase":"Tudna segíteni a nagynéném megtalálásában?"}]},{"slug":"teacher","title":"Tanár","phrases":[{"type":"💑","phrase":"Imádom a tanáromat."},{"type":"💘","phrase":"Szeretlek tanár."},{"type":"💔","phrase":"Nem szeretem a tanárt."},{"type":"☹️","phrase":"Hiányzik a tanárom."},{"type":"🙏🏼","phrase":"Köszönöm a leckét."}]},{"slug":"therapist","title":"gyógyász","phrases":[{"type":"💑","phrase":"Szeretem a terapeutamat."},{"type":"💘","phrase":"Szeretlek terapeuta."},{"type":"💔","phrase":"Nem szeretem a terapeutamat."},{"type":"☹️","phrase":"Hiányzik a terapeutam."},{"type":"🙏🏼","phrase":"Köszönöm az ülést."}]},{"slug":"doctor","title":"Orvos","phrases":[{"type":"💑","phrase":"Imádom az orvosomat."},{"type":"💘","phrase":"Szeretlek orvos."},{"type":"💔","phrase":"Nem szeretem az orvosomat."},{"type":"☹️","phrase":"Hiányzik az orvosom."},{"type":"🙏🏼","phrase":"Köszönöm, hogy meggyógyítottál."}]},{"slug":"friends","title":"barátok","phrases":[{"type":"💑","phrase":"Szeretem a barátaimat."},{"type":"❓","phrase":"Akarsz a barátom lenni?"},{"type":"💔","phrase":"Nem szeretem a barátaimat."},{"type":"☹️","phrase":"Hiányoznak a barátaim."},{"type":"👉🏼","phrase":"Ők a barátaim."},{"type":"🙏🏼","phrase":"Köszönöm, hogy velem játszik."}]},{"slug":"cousins","title":"cousins","phrases":[{"type":"💑","phrase":"Imádom az unokatestvéreimet."},{"type":"❌","phrase":"Nincsenek unokatestvéreim."},{"type":"☹️","phrase":"Hiányzik az unokatestvéreim."},{"type":"👉🏼","phrase":"Ők az unokatestvéreim."}]},{"slug":"grandmother","title":"Nagymama","phrases":[{"type":"💑","phrase":"Szeretem a nagymamám."},{"type":"💘","phrase":"Szeretlek nagymama."},{"type":"☹️","phrase":"Hiányzik a nagymamám."},{"type":"👉🏼","phrase":"Ő a nagymamám."}]},{"slug":"grandfather","title":"Nagyapa","phrases":[{"type":"💑","phrase":"Szeretem a nagyapámat."},{"type":"💘","phrase":"Szeretlek nagypapa."},{"type":"☹️","phrase":"Hiányzik a nagyapám."},{"type":"👉🏼","phrase":"Ő a nagypapa."}]},{"slug":"stepfather","title":"Mostohaapa","phrases":[{"type":"💑","phrase":"Szeretem a mostohanapám."},{"type":"👉🏼","phrase":"Ő a mostohanapám."},{"type":"☹️","phrase":"Hiányzik a mostohaapám."},{"type":"👉🏼","phrase":"Ő a mostohanapám."}]},{"slug":"stepmother","title":"Mostohaanya","phrases":[{"type":"💑","phrase":"Szeretem a mostohaanyámat."},{"type":"👉🏼","phrase":"Ő a mostohaanyám."},{"type":"☹️","phrase":"Hiányzik a mostohaanyám."},{"type":"👉🏼","phrase":"Ő a mostohaanyám."}]},{"slug":"stepsister","title":"Mostohanővér","phrases":[{"type":"💑","phrase":"Imádom mostohanővérem."},{"type":"👉🏼","phrase":"Ő a mostohanővérem."},{"type":"☹️","phrase":"Hiányzik mostohanővérem."},{"type":"👉🏼","phrase":"Ő a mostohanővérem."}]},{"slug":"stepbrother","title":"Mostoha testvér","phrases":[{"type":"💑","phrase":"Imádom mostohanyámat."},{"type":"👉🏼","phrase":"Ő a mostohatestvérem."},{"type":"☹️","phrase":"Hiányzik a mostohatestvérem."},{"type":"👉🏼","phrase":"Ő a mostohatestvérem."}]},{"slug":"half-brother","title":"Féltestvér","phrases":[{"type":"💑","phrase":"Szeretem a testvérem."},{"type":"👉🏼","phrase":"Ő a féltestvérem."},{"type":"☹️","phrase":"Hiányzik a testvérem."},{"type":"👉🏼","phrase":"Ő a féltestvérem."}]},{"slug":"half-sister","title":"Féltestvér","phrases":[{"type":"💑","phrase":"Szeretem a testvérem."},{"type":"👉🏼","phrase":"Ő a testvérem."},{"type":"☹️","phrase":"Hiányzik a testvérem."},{"type":"👉🏼","phrase":"Ő a testvérem."}]}]