[{"slug":"captain","title":"Kapitány","phrases":[]},{"slug":"pirate-crew","title":"Kalóz legénység","phrases":[]},{"slug":"treasure","title":"Kincs","phrases":[]},{"slug":"hook","title":"Horog","phrases":[]},{"slug":"compass","title":"Iránytű","phrases":[]},{"slug":"pirate-ship","title":"Kalózhajó","phrases":[]},{"slug":"pirate-gun","title":"Kalóz pisztoly","phrases":[]},{"slug":"pirate-sword","title":"Kalóz kard","phrases":[]},{"slug":"barrel","title":"Hordó","phrases":[]},{"slug":"pirate-flag","title":"Kalóz zászló","phrases":[]},{"slug":"treasure-map","title":"Kincses térkép","phrases":[]},{"slug":"spyglass","title":"Messzelátó","phrases":[]},{"slug":"cannon","title":"Ágyú","phrases":[]},{"slug":"helm","title":"Sisak","phrases":[]},{"slug":"lighthouse","title":"Világítótorony","phrases":[]},{"slug":"anchor","title":"Horgony","phrases":[]},{"slug":"bomb","title":"Bomba","phrases":[]},{"slug":"coin","title":"Érme","phrases":[]},{"slug":"candle","title":"Gyertya","phrases":[]},{"slug":"knife","title":"Kés","phrases":[]}]