[{"slug":"park","title":"Park","phrases":[{"type":"🙋","phrase":"Parkolni akarok."},{"type":"☝️","phrase":"El tudsz vinni parkolni?"},{"type":"💡","phrase":"Játszhatok a parkban."}]},{"slug":"mall","title":"Pláza","phrases":[{"type":"🙋","phrase":"Be akarok menni mallba."},{"type":"☝️","phrase":"El tudsz vinni bevásárlóközpontba?"},{"type":"💡","phrase":"Bevásárolhatok a plázában."}]},{"slug":"restaurant","title":"Étterem","phrases":[{"type":"🙋","phrase":"Én akarok menni étterembe."},{"type":"☝️","phrase":"El tudsz vinni az étterembe?"},{"type":"💡","phrase":"Étkezhetek az étteremben."}]},{"slug":"cinema","title":"Mozi","phrases":[{"type":"🙋","phrase":"Moziba akarok menni."},{"type":"☝️","phrase":"El tudsz vinni moziba?"},{"type":"💡","phrase":"Filmet nézhetek a moziban."}]},{"slug":"school","title":"Iskola","phrases":[{"type":"🙋","phrase":"Iskolába akarok menni."},{"type":"☝️","phrase":"El tudsz vinni az iskolába?"},{"type":"💡","phrase":"Tanulok az iskolában."}]},{"slug":"library","title":"Könyvtár","phrases":[{"type":"🙋","phrase":"Be akarok menni a könyvtárba."},{"type":"☝️","phrase":"Elvisz könyvtárba?"},{"type":"💡","phrase":"Tudok tanulni a könyvtárban."}]},{"slug":"fair","title":"Becsületes","phrases":[{"type":"🙋","phrase":"Vásárolni akarok."},{"type":"☝️","phrase":"El tudsz vinni vásárolni?"},{"type":"💡","phrase":"Jól szórakozhatok tisztességesen."}]},{"slug":"drugstore","title":"Gyógyszertár","phrases":[{"type":"🙋","phrase":"A drogériába akarok menni."},{"type":"☝️","phrase":"Elvisz gyógyszertárba?"},{"type":"💡","phrase":"Vegyék a gyógyszertárban."}]},{"slug":"hospital","title":"Kórház","phrases":[{"type":"🙋","phrase":"Kórházba akarok menni."},{"type":"☝️","phrase":"Elvihetsz kórházba?"},{"type":"💡","phrase":"A beteg emberek kórházba kerülhetnek."}]},{"slug":"amusement-park","title":"Vidámpark","phrases":[{"type":"🙋","phrase":"Vidámparkba akarok menni."},{"type":"☝️","phrase":"El tudsz vinni vidámparkba?"},{"type":"💡","phrase":"Szórakozhatok a vidámparkban."}]},{"slug":"dormitory","title":"Hálóterem","phrases":[{"type":"🙋","phrase":"Kollégiumba akarok menni."},{"type":"☝️","phrase":"El tudsz vinni kollégiumba?"},{"type":"💡","phrase":"Tudok maradni kollégiumban."}]},{"slug":"laundry-place","title":"Mosodai hely","phrases":[{"type":"🙋","phrase":"Mosni akarok."},{"type":"☝️","phrase":"Elvisz mosodaba?"},{"type":"💡","phrase":"Mosodaban tisztíthatom a ruháimat."}]},{"slug":"barber-shop","title":"fodrászat","phrases":[{"type":"🙋","phrase":"Fodrászatba akarok menni."},{"type":"☝️","phrase":"El tudsz vinni fodrászatba?"},{"type":"💡","phrase":"Fodrászatban kapok fodrászatot."}]},{"slug":"hotel","title":"Szálloda","phrases":[{"type":"🙋","phrase":"Szállodába akarok menni."},{"type":"☝️","phrase":"El tudsz vinni a szállodába?"},{"type":"💡","phrase":"Lehetek maradni egy szállodában."}]},{"slug":"kindergarten","title":"Óvoda","phrases":[{"type":"🙋","phrase":"Óvodába akarok menni."},{"type":"☝️","phrase":"El tudsz vinni óvodába?"}]},{"slug":"parking-lot","title":"Parkoló","phrases":[{"type":"🙋","phrase":"Parkolni akarok."},{"type":"☝️","phrase":"Elviszel a parkolóba?"}]},{"slug":"elevator","title":"Lift","phrases":[{"type":"🙋","phrase":"Fel akarom használni a liftet."},{"type":"💗","phrase":"Szeretem a liftet használni?"},{"type":"💡","phrase":"Fel tudok menni az emeletre lifttel."}]},{"slug":"bank","title":"Bank","phrases":[{"type":"🙋","phrase":"Bankba akarok menni."},{"type":"☝️","phrase":"Elviszel bankba?"},{"type":"💡","phrase":"Pénzt tudok venni a bankban."}]},{"slug":"skycraper","title":"skycraper","phrases":[{"type":"🙋","phrase":"Menni akarok a felhőkarcolóhoz."},{"type":"☝️","phrase":"El tudsz vinni a felhőkarcolóhoz?"}]},{"slug":"stadium","title":"stádium","phrases":[{"type":"🙋","phrase":"Stadionba akarok menni."},{"type":"☝️","phrase":"El tudsz vinni a stadionra?"}]},{"slug":"cruise-ship","title":"Óceánjáró","phrases":[{"type":"🙋","phrase":"Fel akarok szállni egy tengerjáró hajóra."},{"type":"☝️","phrase":"El tudsz vinni tengerjáró hajóra?"}]},{"slug":"forest","title":"Erdő","phrases":[{"type":"🙋","phrase":"Erdőbe akarok menni."},{"type":"☝️","phrase":"El tudsz vinni erdőbe?"}]},{"slug":"tent","title":"Sátor","phrases":[{"type":"🙋","phrase":"Sátorba akarok menni."},{"type":"☝️","phrase":"Maradhatunk egy sátorban?"}]},{"slug":"beach","title":"Strand","phrases":[{"type":"🙋","phrase":"Strandra akarok menni."},{"type":"☝️","phrase":"El tudsz vinni strandra?"},{"type":"💡","phrase":"Napozhatok a tengerparton."}]}]