[{"slug":"protective-mask","title":"Védő maszk","phrases":[{"type":"🛡️","phrase":"Védő maszkot használok."},{"type":"😷","phrase":"Védőmaszk nélkül nem mehetek ki."}]},{"slug":"stay-home","title":"Otthon maradni","phrases":[{"type":"🏠","phrase":"Haza kell maradnod."},{"type":"🏡","phrase":"Otthon maradok."}]},{"slug":"toilet-paper","title":"Vécé papír","phrases":[]},{"slug":"sprayer","title":"Permetező","phrases":[]},{"slug":"disinfectant","title":"Fertőtlenítő","phrases":[{"type":"🧼","phrase":"Fertőtlenítőszert használok."},{"type":"🙋","phrase":"Tudna segíteni a fertőtlenítőszer használatában?"}]},{"slug":"coughing","title":"Köhögés","phrases":[{"type":"🤒","phrase":"Köhögök."},{"type":"🏥","phrase":"A köhögés a vírus tünete."}]},{"slug":"medical-assistance","title":"Orvosi ellátás","phrases":[{"type":"⚕️","phrase":"Orvosi segítségre van szükségem."},{"type":"❓","phrase":"Szüksége van orvosi segítségre?"}]},{"slug":"hand-sanitizer","title":"Kézfertőtlenítő","phrases":[{"type":"🚰","phrase":"Kézi fertőtlenítőt használok."},{"type":"🙋","phrase":"Tudna segíteni a kéztisztító használatában?"}]},{"slug":"gloves","title":"kesztyű","phrases":[{"type":"🧤","phrase":"Kesztyűt használok."},{"type":"🙋","phrase":"Tudna segíteni a kesztyűm felvételében?"}]},{"slug":"social-distancing","title":"Társadalmi távolságtartás","phrases":[{"type":"🖐️","phrase":"Távoli távolságot gyakorolok."},{"type":"📏","phrase":"Meg kell őriznünk a távolságot köztünk."}]},{"slug":"mouth-mask","title":"Szájmaszk","phrases":[{"type":"😷","phrase":"Szájmaszkot használok."},{"type":"🏡","phrase":"Nem tudok kimegyni szájmaszk nélkül."}]},{"slug":"pandemic","title":"Világjárvány","phrases":[{"type":"🌐","phrase":"Mi a világjárvány?"},{"type":"⏱️","phrase":"Mikor véget ér a járvány?"},{"type":"⌚","phrase":"Pandémia folyik."}]},{"slug":"working-at-home","title":"Otthon dolgozik","phrases":[{"type":"🏠","phrase":"Otthon dolgozom."},{"type":"👪","phrase":"A szüleim otthon dolgoznak."}]},{"slug":"wet-wipes","title":"Nedves törlőkendők","phrases":[{"type":"🤧","phrase":"Szükségem van nedves törlőkre."}]},{"slug":"quarantine","title":"Karantén","phrases":[{"type":"🔲","phrase":"Mi a karantén?"},{"type":"🙋","phrase":"Karantén alatt vagyok."}]},{"slug":"first-aid-kit","title":"Elsősegély csomag","phrases":[{"type":"❓","phrase":"Hol van az elsősegély-készlet?"},{"type":"🙋","phrase":"Tudna segíteni az elsősegély-készlet használatában?"}]},{"slug":"fitness","title":"alkalmasság","phrases":[{"type":"🤸","phrase":"Szeretek fitneszolni."},{"type":"🤼","phrase":"Szeretek fitneszolni."}]},{"slug":"e-learning","title":"E-learning","phrases":[{"type":"💻","phrase":"Otthon tanulok."},{"type":"📱","phrase":"E-learning alkalmazásokat használok."}]},{"slug":"virus","title":"Vírus","phrases":[{"type":"🦠","phrase":"Mi a vírus?"},{"type":"💉","phrase":"Milyen tünetei vannak a vírusnak?"}]},{"slug":"cleaning","title":"Tisztítás","phrases":[{"type":"🧼","phrase":"Takarítom a szobámat."},{"type":"🔲","phrase":"Fontos a szoba tiszta tartása."}]}]