[{"slug":"desk","title":"Asztal","phrases":[{"type":"🙋","phrase":"Használhatom ezt az íróasztalot?"},{"type":"❓","phrase":"Melyik asztal van az enyém?"},{"type":"🥛","phrase":"Kiömlött az asztalomra."},{"type":"❌","phrase":"Ne karcolja meg az asztalát."}]},{"slug":"chair","title":"Szék","phrases":[{"type":"🙋","phrase":"Ülhetek veled?"},{"type":"❓","phrase":"Melyik szék az enyém?"},{"type":"☝️","phrase":"Fogják ezt a széket?"},{"type":"🥛","phrase":"Kiömlött a székemre."}]},{"slug":"book","title":"Könyv","phrases":[{"type":"📙","phrase":"Tankönyv"},{"type":"📒","phrase":"Munkafüzet"},{"type":"📚","phrase":"Könyvet olvas."},{"type":"😇","phrase":"Kölcsönkérhetem a könyved?"},{"type":"📃","phrase":"Melyik oldalon vagyunk?"},{"type":"☝️","phrase":"Fordítsa meg az oldalt."},{"type":"😱","phrase":"Elvesztettem a könyvemet."}]},{"slug":"notebook","title":"Jegyzetfüzet","phrases":[{"type":"📝","phrase":"Jegyzetel."},{"type":"🖐️","phrase":"Jegyzeteket készítek."},{"type":"😱","phrase":"Elvesztettem a notebookomat."}]},{"slug":"backpack","title":"Hátizsák","phrases":[{"type":"👜","phrase":"A hátizsákomat hordom."},{"type":"💡","phrase":"A könyvemet a hátizsákomba helyezem."},{"type":"🙋","phrase":"Új hátizsákra van szükségem."},{"type":"🙏🏼","phrase":"Köszönöm, hogy hordtam a hátizsákomat."},{"type":"😱","phrase":"Elvesztettem a hátizsákomat."},{"type":"⚖️","phrase":"A hátizsákom nehéz."}]},{"slug":"blackboard","title":"iskolai tábla","phrases":[{"type":"👀","phrase":"Nézd meg a táblát."},{"type":"🧽","phrase":"A tábla tisztítása."},{"type":"🧮","phrase":"A tábla megoldása."},{"type":"📝","phrase":"Megjegyzés: a táblára."},{"type":"🖊️","phrase":"Adj nekem egy krétát."}]},{"slug":"teacher","title":"Tanár","phrases":[{"type":"🤔","phrase":"Nem értem ezt a részt."},{"type":"🔁","phrase":"Megismételheti az utolsó részt?"},{"type":"🚻","phrase":"Kimehetek a mosdóba?"},{"type":"❓","phrase":"Melyik téma?"},{"type":"😀","phrase":"Tetszik ez a téma."},{"type":"😔","phrase":"Nem szeretem ezt a témát."},{"type":"🙏🏼","phrase":"Köszönöm a leckét."}]},{"slug":"school-bus","title":"Iskolabusz","phrases":[{"type":"⌛","phrase":"Iskolabusz jön."},{"type":"❓","phrase":"Ülhetek melletted?"},{"type":"🙏🏼","phrase":"Köszönöm buszsofőr!"},{"type":"⏱️","phrase":"Az iskolabusz késett."}]},{"slug":"pencil","title":"Ceruza","phrases":[{"type":"✏️","phrase":"Írok."},{"type":"🎓","phrase":"Tanulok írni."},{"type":"🙋","phrase":"Új ceruzára van szükségem."},{"type":"😇","phrase":"Kölcsönkérhetem a ceruzád?"},{"type":"😱","phrase":"Elvesztettem a ceruza."}]},{"slug":"eraser","title":"Radír","phrases":[{"type":"🧽","phrase":"Kitörölöm."},{"type":"🙋","phrase":"Új radírra van szükségem."},{"type":"😇","phrase":"Kölcsön tudom venni a radírot?"},{"type":"😱","phrase":"Elvesztettem a radírot."}]},{"slug":"ruler","title":"Vonalzó","phrases":[{"type":"📏","phrase":"Mérlek."},{"type":"🙋","phrase":"Új vonalzóra van szükségem."},{"type":"😇","phrase":"Kölcsön tudom venni az uralkodót?"},{"type":"😱","phrase":"Elvesztettem az uralkodómat."}]},{"slug":"sharpener","title":"Élesítő","phrases":[{"type":"🔪","phrase":"Élezem a ceruzaomat."},{"type":"🙋","phrase":"Új hegyezőre van szükségem."},{"type":"😇","phrase":"Kölcsön tudom venni a hegyeződet?"},{"type":"😱","phrase":"Elvesztettem az élezőm."}]},{"slug":"mathematics","title":"Matematika","phrases":[{"type":"❤️","phrase":"Szeretem a matematikát."},{"type":"🙋","phrase":"Matematikát akarok tanulni."},{"type":"❌","phrase":"Nem szeretem a matematikát."},{"type":"⌚","phrase":"Mikor van a matematika osztály?"},{"type":"☝️","phrase":"Segíthetsz nekem a matematikai házi feladatomban?"}]},{"slug":"literature","title":"Irodalom","phrases":[{"type":"❤️","phrase":"Szeretem az irodalmat."},{"type":"🙋","phrase":"Tanulni akarok irodalmat."},{"type":"❌","phrase":"Nem szeretem az irodalmat."},{"type":"⌚","phrase":"Mikor van az irodalom órája?"},{"type":"☝️","phrase":"Segíthet nekem az irodalmi házi feladatomban?"}]},{"slug":"science","title":"Tudomány","phrases":[{"type":"❤️","phrase":"Szeretem a tudományt."},{"type":"🙋","phrase":"Tudományt akarok tanulni."},{"type":"❌","phrase":"Nem szeretem a tudományt."},{"type":"⌚","phrase":"Mikor van a tudományos osztály?"},{"type":"☝️","phrase":"Segíthetsz nekem a tudományos házi feladatomban?"}]},{"slug":"art-class","title":"Rajz óra","phrases":[{"type":"❤️","phrase":"Szeretem a művészeti órát."},{"type":"🙋","phrase":"A művészeti készségeket akarom gyakorolni."},{"type":"❌","phrase":"Nem szeretem a művészeti órát."},{"type":"⌚","phrase":"Mikor van a művészeti osztály?"},{"type":"☝️","phrase":"Segíthetsz nekem a művészeti osztály házi feladatában?"}]},{"slug":"music-class","title":"Zene óra","phrases":[{"type":"❤️","phrase":"Szeretem a zene órát."},{"type":"🙋","phrase":"Gyakorolni szeretnék a zenei készségeket."},{"type":"❌","phrase":"Nem szeretem a zene órát."},{"type":"⌚","phrase":"Mikor van a zenei osztály?"},{"type":"☝️","phrase":"Segíthetsz nekem a zenei osztály házi feladatomban?"}]},{"slug":"geography","title":"Földrajz","phrases":[{"type":"❤️","phrase":"Szeretem a földrajzot."},{"type":"🙋","phrase":"Földrajzot akarok tanulni."},{"type":"❌","phrase":"Nem szeretem a földrajzot."},{"type":"⌚","phrase":"Mikor van a földrajz?"},{"type":"☝️","phrase":"Segíthetsz nekem a földrajzi házi feladatomban?"}]},{"slug":"telescope","title":"Távcső","phrases":[{"type":"🌎","phrase":"A távcsövet használom."},{"type":"🙋","phrase":"A távcsövet akarom használni."},{"type":"🌟","phrase":"Nézni akarom a csillagokat."}]},{"slug":"glue","title":"Ragasztó","phrases":[{"type":"👌","phrase":"Ragasztót használok."},{"type":"🙋","phrase":"Új ragasztóra van szükségem."},{"type":"😇","phrase":"Kölcsön tudom kölcsönözni a ragasztódat?"},{"type":"😱","phrase":"Elvesztettem a ragasztómat."}]}]