[{"slug":"circle","title":"Kör","phrases":[{"type":"👉","phrase":"Ez kör alakú."},{"type":"❓","phrase":"Meg tudnál tanítani, hogyan kell rajzolni a kört?"}]},{"slug":"triangle","title":"Háromszög","phrases":[{"type":"👉","phrase":"Ez háromszög alakú."},{"type":"❓","phrase":"Meg tudsz tanítani nekem, hogyan kell felhívni a háromszöget?"}]},{"slug":"square","title":"Négyzet","phrases":[{"type":"👉","phrase":"Ez négyzet alakú."},{"type":"❓","phrase":"Meg tudsz tanítani nekem, hogyan kell rajzolni a négyzetet?"}]},{"slug":"rectangle","title":"Téglalap","phrases":[{"type":"👉","phrase":"Ez téglalap alakú."},{"type":"❓","phrase":"Meg tudnál tanítani téglalap rajzolását?"}]},{"slug":"star","title":"Csillag","phrases":[{"type":"👉","phrase":"Ez csillag alakú."},{"type":"❓","phrase":"Meg tudsz tanítani, hogyan kell rajzolni a csillagot?"}]},{"slug":"pentagon","title":"Pentagon","phrases":[{"type":"👉","phrase":"Ez ötszög alakú."},{"type":"❓","phrase":"Meg tudsz tanítani nekem, hogyan kell rajzolni ötszögöt?"}]},{"slug":"hexagon","title":"Hatszög","phrases":[{"type":"👉","phrase":"Ez hatszög alakú."},{"type":"❓","phrase":"Meg tudnál tanítani hatszög rajzolására?"}]},{"slug":"cross","title":"Kereszt","phrases":[{"type":"👉","phrase":"Ez kereszt alakú."},{"type":"❓","phrase":"Meg tudnál tanítani, hogyan kell rajzolni a keresztet?"}]},{"slug":"ellipse","title":"Ellipszis","phrases":[{"type":"👉","phrase":"Ez ellipszis alakú."},{"type":"❓","phrase":"Meg tudsz tanítani nekem, hogyan kell felhívni az ellipszist?"}]},{"slug":"arrow","title":"Nyíl","phrases":[{"type":"👉","phrase":"Ez nyíl alakú."},{"type":"❓","phrase":"Meg tudsz tanítani nekem, hogyan kell felhívni a nyilat?"}]},{"slug":"crescent","title":"Félhold","phrases":[{"type":"👉","phrase":"Ez félhold alakú."},{"type":"❓","phrase":"Meg tudsz tanítani, hogyan kell felhívni a félholdot?"}]},{"slug":"heart","title":"Szív","phrases":[{"type":"👉","phrase":"Ez szív alakú."},{"type":"❓","phrase":"Meg tudsz tanítani nekem, hogyan kell felhívni a szívet?"}]},{"slug":"rhombus","title":"Rombusz","phrases":[{"type":"👉","phrase":"Ez rombusz alakú."},{"type":"❓","phrase":"Meg tudsz tanítani nekem, hogyan kell rajzolni a rombust?"}]},{"slug":"ring","title":"Gyűrű","phrases":[{"type":"👉","phrase":"Ez gyűrű alakú."},{"type":"❓","phrase":"Meg tudnál tanítani, hogyan kell rajzolni a gyűrűt?"}]},{"slug":"semicircle","title":"Félkör","phrases":[{"type":"👉","phrase":"Ez félkör alakú."},{"type":"❓","phrase":"Meg tudnád tanítani, hogyan kell felhívni a félkört?"}]},{"slug":"trapezoid","title":"trapéz","phrases":[{"type":"👉","phrase":"Ez trapéz alakú."},{"type":"❓","phrase":"Meg tudsz tanítani nekem, hogyan kell rajzolni a trapézot?"}]},{"slug":"cube","title":"Kocka","phrases":[{"type":"👉","phrase":"Ez kocka alakú."},{"type":"❓","phrase":"Meg tudnál tanítani, hogyan kell rajzolni a kocka?"}]},{"slug":"cylinder","title":"Henger","phrases":[{"type":"👉","phrase":"Ez henger alakú."},{"type":"❓","phrase":"Meg tudsz tanítani nekem, hogyan kell felhívni a hengert?"}]}]