[{"slug":"chips","title":"Hasábburgonya","phrases":[{"type":"❤️","phrase":"Szeretek chipset eszni."},{"type":"🙋","phrase":"Chipet akarok enni."},{"type":"🤢","phrase":"Túl sok chips fogyasztása nekem rossz."}]},{"slug":"donut","title":"Fánk","phrases":[{"type":"❤️","phrase":"Szeretek fánkot enni."},{"type":"🙋","phrase":"Fánkot akarok enni."},{"type":"🤢","phrase":"Túl sok fánk fogyasztása nekem rossz."}]},{"slug":"taco","title":"Taco","phrases":[{"type":"❤️","phrase":"Szeretek tacosot enni."},{"type":"🙋","phrase":"Takot akarok enni."},{"type":"🤢","phrase":"Túl sok tacos fogyasztása nekem rossz."}]},{"slug":"peanuts","title":"földimogyoró","phrases":[{"type":"❤️","phrase":"Szeretek mogyorót enni."},{"type":"🙋","phrase":"Földimogyorót akarok enni."},{"type":"🤢","phrase":"Túl sok földimogyoró fogyasztása nekem rossz."}]},{"slug":"croissant","title":"Croissant","phrases":[{"type":"❤️","phrase":"Szeretek croissant-t enni."},{"type":"🙋","phrase":"Croissantot akarok enni."},{"type":"🤢","phrase":"Túl sok croissant-t fogyaszt nekem rossz."}]},{"slug":"cookie","title":"Aprósütemény","phrases":[{"type":"❤️","phrase":"Szeretek sütit eszni."},{"type":"🙋","phrase":"Sütni akarok."},{"type":"🤢","phrase":"Túl sok sütemény evése nekem rossz."}]},{"slug":"burrito","title":"Burrito","phrases":[{"type":"❤️","phrase":"Szeretek burritót enni."},{"type":"🙋","phrase":"Burritót akarok enni."},{"type":"🤢","phrase":"Túl sok burritos étkezés nekem rossz."}]},{"slug":"ramen","title":"Ramen","phrases":[{"type":"❤️","phrase":"Szeretek enni ramenet."},{"type":"🙋","phrase":"Ramenet akarok enni."},{"type":"🤢","phrase":"Túl sok ramen evése számomra rossz."}]},{"slug":"sushi","title":"Sushi","phrases":[{"type":"❤️","phrase":"Szeretek sushit enni."},{"type":"🙋","phrase":"Sushit akarok enni."},{"type":"🤢","phrase":"Túl sok sushi evése számomra rossz."}]},{"slug":"chocolate","title":"Csokoládé","phrases":[{"type":"❤️","phrase":"Szeretek csokoládét enni."},{"type":"🙋","phrase":"Csokoládét akarok enni."},{"type":"🤢","phrase":"Túl sok csokoládét eszik nekem."}]},{"slug":"apple-pie","title":"almás pite","phrases":[{"type":"❤️","phrase":"Szeretek almáspiteket enni."},{"type":"🙋","phrase":"Almástort szeretnék enni."},{"type":"🤢","phrase":"Túl sok almás pite enni nekem rossz."}]},{"slug":"muffin","title":"Muffin","phrases":[{"type":"❤️","phrase":"Szeretek muffint enni."},{"type":"🙋","phrase":"Muffint akarok enni."},{"type":"🤢","phrase":"Túl sok muffint enni nem számít nekem."}]},{"slug":"pudding","title":"Puding","phrases":[{"type":"❤️","phrase":"Szeretek pudingot enni."},{"type":"🙋","phrase":"Pudingot akarok enni."},{"type":"🤢","phrase":"Túl sok puding elfogyasztása nekem rossz."}]},{"slug":"macaron","title":"Macaron","phrases":[{"type":"❤️","phrase":"Szeretek makaront enni."},{"type":"🙋","phrase":"Makaront akarok enni."},{"type":"🤢","phrase":"Túl sok makaron étkezés nekem rossz."}]},{"slug":"crepe","title":"Krepp","phrases":[{"type":"❤️","phrase":"Szeretek kreppöt eszni."},{"type":"🙋","phrase":"Kreppot akarok enni."},{"type":"🤢","phrase":"Túl sok palacsinta enni rossz nekem."}]},{"slug":"pizza","title":"pizza","phrases":[{"type":"❤️","phrase":"Szeretek pizzát enni."},{"type":"🙋","phrase":"Pizzát akarok enni."},{"type":"🤢","phrase":"Túl sok pizza evése nekem rossz."}]},{"slug":"skewer","title":"Nyárs","phrases":[{"type":"❤️","phrase":"Szeretek nyársat enni."},{"type":"🙋","phrase":"Nyársat akarok enni."},{"type":"🤢","phrase":"Túl sok nyársat enni nekem rossz."}]},{"slug":"fast-food","title":"Gyors kaja","phrases":[{"type":"❤️","phrase":"Szeretek gyorsétkezni."},{"type":"🙋","phrase":"Gyors ételt akarok enni."},{"type":"🤢","phrase":"Túl sok gyorsétkezés engem rossz."}]}]