[{"slug":"basketball","title":"Kosárlabda","phrases":[{"type":"❤️","phrase":"Szeretek kosárlabdázni."},{"type":"🙋","phrase":"Kosárlabdázni akarsz?"}]},{"slug":"boxing","title":"dobozolás","phrases":[{"type":"❤️","phrase":"Szeretem a bokszt."},{"type":"🙋","phrase":"Szeretné összerakni?"}]},{"slug":"tennis","title":"Tenisz","phrases":[{"type":"❤️","phrase":"Szeretek teniszezni."},{"type":"🙋","phrase":"Szeretne teniszezni?"}]},{"slug":"golf","title":"Golf","phrases":[{"type":"❤️","phrase":"Szeretek golfozni."},{"type":"🙋","phrase":"Golfozni akarsz?"}]},{"slug":"hockey","title":"Jégkorong","phrases":[{"type":"❤️","phrase":"Szeretek hoki játékot."},{"type":"🙋","phrase":"Szeretnél jégkorongot játszani?"}]},{"slug":"swimming","title":"Úszás","phrases":[{"type":"❤️","phrase":"Szeretek úszni."},{"type":"🙋","phrase":"Szeretne úszni?"}]},{"slug":"baseball","title":"Baseball","phrases":[{"type":"❤️","phrase":"Szeretek baseballot játszani."},{"type":"🙋","phrase":"Baseballot akarsz játszani?"}]},{"slug":"american-football","title":"Amerikai foci","phrases":[{"type":"❤️","phrase":"Szeretek amerikai futballot játszani."},{"type":"🙋","phrase":"Amerikai futballot akar játszani?"}]},{"slug":"cricket","title":"Krikett","phrases":[{"type":"❤️","phrase":"Szeretem a krikett."},{"type":"🙋","phrase":"Krikettet akarsz játszani?"}]},{"slug":"racing","title":"Verseny","phrases":[{"type":"❤️","phrase":"Szeretem a versenyzést."},{"type":"🙋","phrase":"Szeretnél együtt versenyezni?"}]},{"slug":"skiing","title":"Síelés","phrases":[{"type":"❤️","phrase":"Szeretem síelni."},{"type":"🙋","phrase":"Síelni akarsz?"}]},{"slug":"volleyball","title":"Röplabda","phrases":[{"type":"❤️","phrase":"Szeretek röplabdázni."},{"type":"🙋","phrase":"Szeretne röplabdát játszani?"}]},{"slug":"fencing","title":"Vívás","phrases":[{"type":"❤️","phrase":"Szeretem a kerítéset."}]},{"slug":"referee","title":"Játékvezető","phrases":[{"type":"🏁","phrase":"Lehetek a játékvezető?"}]},{"slug":"coach","title":"Távolsági busz","phrases":[{"type":"🏁","phrase":"Lehetek az edzőjük?"}]},{"slug":"kendo","title":"Kendo","phrases":[]},{"slug":"table-tennis","title":"Asztali tenisz","phrases":[{"type":"❤️","phrase":"Szeretek asztalitenist játszani."},{"type":"🙋","phrase":"Szeretne asztalitenist játszani?"}]},{"slug":"medal","title":"Érem","phrases":[{"type":"😎","phrase":"Van egy érem."}]},{"slug":"podium","title":"Pódium","phrases":[]}]