[{"slug":"doll","title":"Baba","phrases":[{"type":"❤️","phrase":"Szeretem a babákat."},{"type":"☝️","phrase":"Játszhatok a babáimmal?"},{"type":"🙋","phrase":"Jelenleg egy babát akarok."}]},{"slug":"teddy-bear","title":"Teddi maci","phrases":[{"type":"❤️","phrase":"Szeretem a mackókat."},{"type":"☝️","phrase":"Játszhatok a mackómmal?"},{"type":"🙋","phrase":"Szeretnék egy mackót, mint jelen."}]},{"slug":"blocks","title":"Blocks","phrases":[{"type":"❤️","phrase":"Szeretem a blokkokat."},{"type":"☝️","phrase":"Játszhatok a blokkokkal?"},{"type":"🙋","phrase":"Jelenleg egy blokkot akarok."}]},{"slug":"spinner","title":"Fonógép","phrases":[{"type":"❤️","phrase":"Szeretem a fonót."},{"type":"☝️","phrase":"Játszhatok a fonómmal?"},{"type":"🙋","phrase":"Spinner-t akarok jelenlétként."}]},{"slug":"nutcracker","title":"Diótörő","phrases":[{"type":"❤️","phrase":"Szeretem a diótörőket."},{"type":"☝️","phrase":"Játszhatok a diótörőmmel?"},{"type":"🙋","phrase":"Szeretnék egy diótörőt."}]},{"slug":"video-games","title":"Videójátékok","phrases":[{"type":"❤️","phrase":"Szeretem a videojátékokat."},{"type":"☝️","phrase":"Tudunk együtt videojátékokat játszani?"},{"type":"🙋","phrase":"Jelenleg a videojátékokat akarom."}]},{"slug":"cards","title":"kártyák","phrases":[{"type":"❤️","phrase":"Szeretek kártyázni."},{"type":"☝️","phrase":"Játszhatok a kártyáimmal?"},{"type":"🙋","phrase":"Szeretnék jelenlegi kártyázni."}]},{"slug":"toy-car","title":"Játék autó","phrases":[{"type":"❤️","phrase":"Szeretem a játékautókat."},{"type":"☝️","phrase":"Játszhatok a játékautómmal?"},{"type":"🙋","phrase":"Jelenleg egy játékkocsit akarok."}]},{"slug":"sword","title":"Kard","phrases":[{"type":"❤️","phrase":"Szeretem a játék kardját."},{"type":"☝️","phrase":"Játszhatok a játék kardommal?"},{"type":"🙋","phrase":"Jelenleg kardot akarok."}]},{"slug":"yo-yo","title":"Yo-yo","phrases":[{"type":"❤️","phrase":"Szeretek yo-yo-val játszani."},{"type":"☝️","phrase":"Játszhatok a yo-yo-val?"},{"type":"🙋","phrase":"Szeretnék jelenlegi yo-yo-t."}]},{"slug":"slingshot","title":"Csúzli","phrases":[{"type":"❤️","phrase":"Szeretem a pattanások."},{"type":"☝️","phrase":"Játszhatok a csúzli képemmel?"},{"type":"🙋","phrase":"Jelenleg csúzli szeretnék."}]},{"slug":"water-gun","title":"Vízi puska","phrases":[{"type":"❤️","phrase":"Szeretem a vízfegyvert."},{"type":"☝️","phrase":"Játszhatok a vízfegyverrel?"},{"type":"🙋","phrase":"Vízpisztolyt akarok jelen lenni."}]},{"slug":"doll-house","title":"Babaház","phrases":[{"type":"❤️","phrase":"Szeretek babaházzal játszani."},{"type":"☝️","phrase":"Játszhatok a babaházommal?"},{"type":"🙋","phrase":"Szeretnék egy jelenlegi babaházat."}]},{"slug":"viewer","title":"Néző","phrases":[{"type":"❤️","phrase":"Szeretek nézővel játszani."},{"type":"🙋","phrase":"Szeretnék egy nézőt jelen lenni."}]},{"slug":"board-game","title":"Társasjáték","phrases":[{"type":"❤️","phrase":"Szeretem a társasjátékokat."},{"type":"☝️","phrase":"Tudunk társasjátékokat játszani?"},{"type":"🙋","phrase":"Jelenleg társasjátékot akarok."}]},{"slug":"rubiks-cube","title":"Rubik kocka","phrases":[{"type":"❤️","phrase":"Szeretem a Rubik-kocka megoldását."},{"type":"☝️","phrase":"Megpróbálhatom megoldani a rubik-kockam?"},{"type":"🙋","phrase":"Szeretnék egy jelenlegi rubikkockát."}]},{"slug":"puzzle","title":"Kirakós játék","phrases":[{"type":"❤️","phrase":"Szeretem a rejtvényeket."},{"type":"☝️","phrase":"Megoldhatom a rejtvényeket?"},{"type":"🙋","phrase":"Jelenleg rejtvényeket akarok."}]},{"slug":"remote-control-car","title":"Távirányítós autó","phrases":[{"type":"❤️","phrase":"Szeretem a távirányító kocsimat."},{"type":"☝️","phrase":"Tudok játszani a távirányító-autómmal"},{"type":"🙋","phrase":"Akarom egy távirányító kocsit."}]},{"slug":"rocking-horse","title":"Hintaló","phrases":[{"type":"❤️","phrase":"Tetszik a hintalóm."},{"type":"☝️","phrase":"Játszhatok a hintalóval?"}]},{"slug":"scooter","title":"Robogó","phrases":[{"type":"❤️","phrase":"Tetszik a robogóm."},{"type":"🙋","phrase":"Jelenleg robogót akarok."}]},{"slug":"pyramid","title":"Piramis","phrases":[{"type":"❤️","phrase":"Szeretem a piramisokat."},{"type":"🙋","phrase":"Szeretnék egy jelenlegi piramisot."}]},{"slug":"cart","title":"kocsi","phrases":[{"type":"❤️","phrase":"Tetszik a játékkocsi."},{"type":"🙋","phrase":"Tudsz segíteni a játékok tisztításában?"}]},{"slug":"aeroplane","title":"Repülőgép","phrases":[{"type":"❤️","phrase":"Szeretem a repülőgépeket."},{"type":"☝️","phrase":"Játszhatok a repülőgépemmel?"},{"type":"🙋","phrase":"Azt akarom, hogy jelen legyen egy repülőgép."}]},{"slug":"sand-bucket","title":"Homok vödör","phrases":[{"type":"❤️","phrase":"Szeretem a homokvödröt."},{"type":"☝️","phrase":"Építhetek kastélyt homokvödrömmel?"}]}]