[{"slug":"train","title":"Vonat","phrases":[{"type":"🙋","phrase":"El akarok menni a vonatra."},{"type":"❤️","phrase":"Szeretem a vonatokat."}]},{"slug":"car","title":"Autó","phrases":[{"type":"🙋","phrase":"Autót akarok vezetni."},{"type":"❤️","phrase":"Szeretem az autókat."}]},{"slug":"bicycle","title":"Kerékpár","phrases":[{"type":"🙋","phrase":"Kerékpározni akarok."},{"type":"❤️","phrase":"Szeretem a kerékpárt."}]},{"slug":"motorcycle","title":"Motorbicikli","phrases":[{"type":"🙋","phrase":"Motoros motorozni akarok."},{"type":"❤️","phrase":"Szeretem a motorkerékpárt."}]},{"slug":"skateboard","title":"Gördeszka","phrases":[{"type":"🙋","phrase":"Korcsolyázni akarok."},{"type":"❤️","phrase":"Szeretem a gördeszkát."}]},{"slug":"food-truck","title":"Komp","phrases":[{"type":"🙋","phrase":"Komppal akarok menni."},{"type":"🧑‍🤝‍🧑","phrase":"Komp zsúfolt."}]},{"slug":"boat","title":"Hajó","phrases":[{"type":"🙋","phrase":"Csónakolni akarok."},{"type":"🧑‍🤝‍🧑","phrase":"A hajó zsúfolt."}]},{"slug":"ship","title":"Hajó","phrases":[{"type":"🙋","phrase":"Fel akarok szállni egy hajóra."},{"type":"🧑‍🤝‍🧑","phrase":"A hajó zsúfolt."}]},{"slug":"bus","title":"Busz","phrases":[{"type":"🙋","phrase":"Busszal akarok menni."},{"type":"🧑‍🤝‍🧑","phrase":"A busz zsúfolt."}]},{"slug":"minibus","title":"Minibusz","phrases":[{"type":"🙋","phrase":"Fel akarom venni a minibuszt."},{"type":"🧑‍🤝‍🧑","phrase":"A minibusz zsúfolt."}]},{"slug":"wheelchair","title":"Mozgáskorlátozottak","phrases":[{"type":"♿","phrase":"Kerekes széket használok."},{"type":"👨‍🦽","phrase":"Kerekes széket használ."},{"type":"🙋","phrase":"Tudna segíteni a kerekes szék használatában?"},{"type":"🖐️","phrase":"Meg tudsz nyomni?"}]},{"slug":"taxi","title":"Taxi","phrases":[{"type":"🙋","phrase":"El akarok menni taxival."}]},{"slug":"airplane","title":"Repülőgép","phrases":[{"type":"🙋","phrase":"Repülni akarok egy repülőgépen."},{"type":"❤️","phrase":"Szeretem a repülőgépeket."},{"type":"🧑‍🤝‍🧑","phrase":"A repülőgép zsúfolt."}]},{"slug":"van","title":"kisteherautó","phrases":[{"type":"🙋","phrase":"Furgonban akarok vezetni."}]},{"slug":"hot-air-balloon","title":"Hőlégballon","phrases":[{"type":"🙋","phrase":"Hőlégballonon akarok repülni."},{"type":"❤️","phrase":"Szeretem a hőlégballont."}]},{"slug":"fire-truck","title":"Tűzoltóautó","phrases":[{"type":"🚨","phrase":"Tűzoltóautó sziréna."}]},{"slug":"police-car","title":"Rendőrautó","phrases":[{"type":"🚨","phrase":"Rendőrségi autó sziréna."},{"type":"❤️","phrase":"Szeretem a rendőrautók."}]},{"slug":"ambulance","title":"Mentőautó","phrases":[{"type":"🚨","phrase":"Mentősziréna."}]},{"slug":"stretcher","title":"Hordágy","phrases":[{"type":"🙋","phrase":"Segíthetsz nekem a hordágyon?"}]},{"slug":"helicopter","title":"Helikopter","phrases":[{"type":"🙋","phrase":"Repülni akarok egy helikopterre."}]},{"slug":"trailer","title":"Filmelőzetes","phrases":[{"type":"🙋","phrase":"Pótkocsival akarok vezetni."}]},{"slug":"spaceship","title":"Űrhajó","phrases":[{"type":"❤️","phrase":"Szeretem az űrhajókat."},{"type":"🌌","phrase":"Az űrben akarok utazni."},{"type":"👽","phrase":"Látni akarok idegeneket."},{"type":"👩‍🚀","phrase":"Marsra akarok menni."},{"type":"🚀","phrase":"El tudsz vinni Elon Musk marsra?"}]}]