[{"slug":"luggage","title":"Poggyász","phrases":[]},{"slug":"swimming","title":"Úszás","phrases":[]},{"slug":"passport","title":"Útlevél","phrases":[]},{"slug":"tent","title":"Sátor","phrases":[]},{"slug":"backpacking","title":"Hátizsák","phrases":[]},{"slug":"beach-chair","title":"strand szék","phrases":[]},{"slug":"room-service","title":"Szobaszerviz","phrases":[]},{"slug":"waiting-area","title":"Váróhely","phrases":[]},{"slug":"electric-socket","title":"Elektromos csatlakozó","phrases":[]},{"slug":"bag","title":"Táska","phrases":[]},{"slug":"boarding-pass","title":"Beszállókártya","phrases":[]},{"slug":"gps","title":"gPS","phrases":[]},{"slug":"mountain","title":"hegy","phrases":[]},{"slug":"camera","title":"Kamera","phrases":[]},{"slug":"hotel","title":"Szálloda","phrases":[]},{"slug":"bed","title":"Ágy","phrases":[]},{"slug":"hotel-key","title":"Hotel kulcs","phrases":[]},{"slug":"bonfire","title":"Máglya","phrases":[]},{"slug":"snorkling","title":"snorkling","phrases":[]},{"slug":"action-camera","title":"Akció kamera","phrases":[]}]