[{"slug":"cucumber","title":"Uborka","phrases":[{"type":"❤️","phrase":"Szeretek uborkát enni."},{"type":"🙋","phrase":"Egy uborkát akarok enni."},{"type":"❌","phrase":"Nem szeretem az uborkát."}]},{"slug":"onion","title":"Hagyma","phrases":[{"type":"❤️","phrase":"Szeretek hagymát enni."},{"type":"🙋","phrase":"Enni akarok egy hagymát."},{"type":"❌","phrase":"Nem szeretem a hagymát."},{"type":"❌","phrase":"Nem szeretem a hagyma illatát."}]},{"slug":"garlic","title":"Fokhagyma","phrases":[{"type":"❤️","phrase":"Szeretek fokhagymát enni."},{"type":"🙋","phrase":"Fokhagymát akarok enni."},{"type":"❌","phrase":"Nem szeretem a fokhagymát."},{"type":"❌","phrase":"Nem szeretem a fokhagyma illatát."}]},{"slug":"carrot","title":"Sárgarépa","phrases":[{"type":"❤️","phrase":"Szeretek sárgarépát enni."},{"type":"🙋","phrase":"Sárgarépát akarok enni."},{"type":"❌","phrase":"Nem szeretem a sárgarépát."}]},{"slug":"cabbage","title":"Fejes káposzta","phrases":[{"type":"❤️","phrase":"Szeretek káposztát enni."},{"type":"🙋","phrase":"Káposztát akarok enni."},{"type":"❌","phrase":"Nem szeretem a káposztát."}]},{"slug":"tomato","title":"Paradicsom","phrases":[{"type":"❤️","phrase":"Szeretek paradicsomot enni."},{"type":"🙋","phrase":"Paradicsomot akarok enni."},{"type":"❌","phrase":"Nem szeretem a paradicsomot."},{"type":"❤️","phrase":"Szeretek paradicsomlevest fogyasztani."}]},{"slug":"eggplant","title":"Padlizsán","phrases":[{"type":"❤️","phrase":"Szeretek padlizsánt enni."},{"type":"🙋","phrase":"Egy padlizsánt akarok enni."},{"type":"❌","phrase":"Nem szeretem a padlizsánt."}]},{"slug":"mushroom","title":"Gomba","phrases":[{"type":"❤️","phrase":"Szeretek gombát eszni."},{"type":"🙋","phrase":"Gombát akarok enni."},{"type":"❌","phrase":"Nem szeretem a gombát."},{"type":"❤️","phrase":"Szeretek egy gombalevest."}]},{"slug":"pepper","title":"Bors","phrases":[{"type":"❤️","phrase":"Szeretek borsot enni."},{"type":"🙋","phrase":"Egy borsot akarok enni."},{"type":"❌","phrase":"Nem szeretem a borsot."}]},{"slug":"corn","title":"Kukorica","phrases":[{"type":"❤️","phrase":"Szeretek kukoricát eszni."},{"type":"🙋","phrase":"Kukoricát akarok enni."},{"type":"❌","phrase":"Nem szeretem a kukoricát."},{"type":"❤️","phrase":"Szeretek egy kukoricalevest."}]},{"slug":"broccoli","title":"Brokkoli","phrases":[{"type":"❤️","phrase":"Szeretek brokkolit enni."},{"type":"🙋","phrase":"Brokkolit akarok enni."},{"type":"❌","phrase":"Nem szeretem a brokkolit."}]},{"slug":"celery","title":"Zeller","phrases":[{"type":"❤️","phrase":"Szeretek zellert eszni."},{"type":"🙋","phrase":"Zellert akarok enni."},{"type":"❌","phrase":"Nem szeretem a zellert."}]},{"slug":"chili","title":"Chili","phrases":[{"type":"❤️","phrase":"Szeretek chilit enni."},{"type":"🙋","phrase":"Chilit akarok enni."},{"type":"❌","phrase":"Nem szeretem a chili-t."}]},{"slug":"potato","title":"Burgonya","phrases":[{"type":"❤️","phrase":"Szeretek burgonyát enni."},{"type":"🙋","phrase":"Burgonyát akarok enni."},{"type":"❌","phrase":"Nem szeretem a burgonyát."},{"type":"❤️","phrase":"Szeretek burgonyával sütni."}]},{"slug":"asparagus","title":"Spárga","phrases":[{"type":"❤️","phrase":"Szeretek spárgát enni."},{"type":"🙋","phrase":"Spárgát akarok enni."},{"type":"❌","phrase":"Nem szeretem a spárgaot."}]},{"slug":"cauliflower","title":"Karfiol","phrases":[{"type":"❤️","phrase":"Szeretek karfiolot enni."},{"type":"🙋","phrase":"Karfiolot akarok enni."},{"type":"❌","phrase":"Nem szeretem a karfiolot."}]},{"slug":"pumpkin","title":"Tök","phrases":[{"type":"❤️","phrase":"Szeretek tököt enni."},{"type":"🙋","phrase":"Enni akarok egy tököt."},{"type":"❌","phrase":"Nem szeretem a tököt."},{"type":"❤️","phrase":"Szeretek egy tök levest."}]},{"slug":"beetroot","title":"Cékla","phrases":[{"type":"❤️","phrase":"Szeretek céklafogyasztást."},{"type":"🙋","phrase":"Cékla enni akarok."},{"type":"❌","phrase":"Nem szeretem a cékla."}]},{"slug":"bean","title":"Bab","phrases":[{"type":"❤️","phrase":"Szeretek babot eszni."},{"type":"🙋","phrase":"Egy babot akarok enni."},{"type":"❌","phrase":"Nem szeretem a babot."}]},{"slug":"lettuce","title":"Saláta","phrases":[{"type":"❤️","phrase":"Szeretek salátát eszni."},{"type":"🙋","phrase":"Salátát akarok enni."},{"type":"❌","phrase":"Nem szeretem a salátát."},{"type":"❤️","phrase":"Szeretem, hogy a salátámban több saláta legyen."}]},{"slug":"radish","title":"Retek","phrases":[{"type":"❤️","phrase":"Szeretek enni retek."},{"type":"🙋","phrase":"Reteget akarok enni."},{"type":"❌","phrase":"Nem szeretem a retek."}]},{"slug":"bok-choy","title":"Bok choy","phrases":[{"type":"❤️","phrase":"Szeretek bok choy-t enni."},{"type":"🙋","phrase":"Egy bok choyt akarok enni."},{"type":"❌","phrase":"Nem szeretem a bok choy-t."}]},{"slug":"leek","title":"Póréhagyma","phrases":[{"type":"❤️","phrase":"Szeretek póréhagymat enni."},{"type":"🙋","phrase":"Póréhagymat akarok enni."},{"type":"❌","phrase":"Nem szeretem a póréhagymát."}]},{"slug":"peas","title":"borsó","phrases":[{"type":"❤️","phrase":"Szeretek borsót eszni."},{"type":"🙋","phrase":"Borsót akarok enni."},{"type":"❌","phrase":"Nem szeretem a borsót."}]},{"slug":"ginger","title":"Gyömbér","phrases":[{"type":"❤️","phrase":"Szeretek gyömbért enni."},{"type":"🙋","phrase":"Egy gyömbért akarok enni."},{"type":"❌","phrase":"Nem szeretem a gyömbért."}]},{"slug":"sweet-potato","title":"Édesburgonya","phrases":[{"type":"❤️","phrase":"Szeretek édes burgonyát enni."},{"type":"🙋","phrase":"Édes burgonyát akarok enni."},{"type":"❌","phrase":"Nem szeretem az édes burgonyát."},{"type":"❤️","phrase":"Szeretek sült édes burgonyát enni."}]},{"slug":"olives","title":"olívabogyó","phrases":[{"type":"❤️","phrase":"Szeretek olajbogyót eszni."},{"type":"🙋","phrase":"Olajbogyót akarok enni."},{"type":"❌","phrase":"Nem szeretem az olajbogyót."},{"type":"❤️","phrase":"Szeretem az olajbogyót a pizzámban."}]}]