[{"slug":"walking","title":"הליכה","phrases":[{"type":"❤️","phrase":"אני אוהב ללכת"},{"type":"❌","phrase":"אני לא אוהב ללכת"},{"type":"🙋","phrase":"האם אתה רוצה ללכת יחד?"}]},{"slug":"running","title":"רץ","phrases":[{"type":"❤️","phrase":"אני אוהב לרוץ."},{"type":"❌","phrase":"אני לא אוהב לרוץ."},{"type":"🙋","phrase":"אתה רוצה לרוץ?"}]},{"slug":"talking","title":"מדברים","phrases":[{"type":"❤️","phrase":"אני אוהב לדבר."},{"type":"❌","phrase":"אני לא אוהב לדבר."},{"type":"🙋","phrase":"האם אתה רוצה לדבר איתי?"}]},{"slug":"reading","title":"קריאה","phrases":[{"type":"❤️","phrase":"אני אוהב לקרוא."},{"type":"❌","phrase":"אני לא אוהב לקרוא."},{"type":"🙋","phrase":"האם אתה רוצה לקרוא יחד?"}]},{"slug":"football","title":"כדורגל","phrases":[{"type":"❤️","phrase":"אני אוהב לשחק כדורגל."},{"type":"❌","phrase":"אני לא אוהב לשחק כדורגל."},{"type":"🙋","phrase":"אתה רוצה לשחק פוטבול?"}]},{"slug":"basketball","title":"כדורסל","phrases":[{"type":"❤️","phrase":"אני אוהב לשחק כדורסל."},{"type":"❌","phrase":"אני לא אוהב לשחק כדורסל."},{"type":"🙋","phrase":"האם אתה רוצה לשחק כדורסל?"}]},{"slug":"swimming","title":"שחייה","phrases":[{"type":"❤️","phrase":"אני אוהב לשחות."},{"type":"❌","phrase":"אני לא אוהב לשחות."},{"type":"🙋","phrase":"האם אתה רוצה ללכת לשחות?"}]},{"slug":"painting","title":"ציור","phrases":[{"type":"❤️","phrase":"אני אוהב לצייר."},{"type":"❌","phrase":"אני לא אוהב לצייר."},{"type":"🙋","phrase":"האם אתה רוצה לצייר יחד?"}]},{"slug":"drawing","title":"ציור","phrases":[{"type":"❤️","phrase":"אני אוהב לצייר."},{"type":"❌","phrase":"אני לא אוהב לצייר."},{"type":"🙋","phrase":"האם אתה רוצה לצייר יחד?"}]},{"slug":"cycling","title":"רכיבה על אופניים","phrases":[{"type":"❤️","phrase":"אני אוהב לרכוב על אופניים."},{"type":"❌","phrase":"אני לא אוהב רכיבה על אופניים."},{"type":"🙋","phrase":"האם אתה רוצה ללכת לאופניים?"}]},{"slug":"skating","title":"החלקה","phrases":[{"type":"❤️","phrase":"אני אוהב החלקה."},{"type":"❌","phrase":"אני לא אוהב החלקה."},{"type":"🙋","phrase":"האם אתה רוצה להחליק?"}]},{"slug":"sightseeing","title":"סיור","phrases":[{"type":"❤️","phrase":"אני אוהב סיורים."},{"type":"❌","phrase":"אני לא אוהב סיורים."},{"type":"🙋","phrase":"האם אתה רוצה לצאת לסיור?"}]},{"slug":"video-games","title":"משחקי וידאו","phrases":[{"type":"❤️","phrase":"אני אוהב לשחק משחקי וידאו."},{"type":"❌","phrase":"אני לא אוהב לשחק משחקי וידאו."},{"type":"🙋","phrase":"האם אתה רוצה לשחק במשחקים?"}]},{"slug":"tidying","title":"מסודר","phrases":[{"type":"❤️","phrase":"אני אוהב לסדר את החדר שלי."},{"type":"❌","phrase":"אני לא אוהב לסדר את החדר שלי."},{"type":"🙋","phrase":"אתה יכול לעזור לי לסדר את החדר שלי?"}]},{"slug":"toys","title":"צעצועים","phrases":[{"type":"❤️","phrase":"אני אוהב צעצועים."},{"type":"❌","phrase":"אני לא אוהב צעצועים."},{"type":"🙋","phrase":"האם אתה רוצה לשחק עם הצעצועים שלי?"}]},{"slug":"puzzle","title":"פאזל","phrases":[{"type":"❤️","phrase":"אני אוהב לפתור חידה."},{"type":"❌","phrase":"אני לא אוהב לפתור חידה."},{"type":"🙋","phrase":"האם אתה רוצה לפתור איתי חידות?"}]},{"slug":"comics","title":"קומיקס","phrases":[{"type":"❤️","phrase":"אני אוהב לקרוא קומיקס."},{"type":"❌","phrase":"אני לא אוהב לקרוא קומיקס."},{"type":"🙋","phrase":"האם אתה רוצה לקרוא קומיקס?"}]},{"slug":"chess","title":"שחמט","phrases":[{"type":"❤️","phrase":"אני אוהב לשחק שחמט."},{"type":"❌","phrase":"אני לא אוהב לשחק שחמט."},{"type":"🙋","phrase":"האם אתה רוצה לשחק איתי שחמט?"}]},{"slug":"using-leeloo","title":"שימוש בליילו","phrases":[{"type":"❤️","phrase":"אני אוהב להשתמש בליילו."},{"type":"❌","phrase":"אני לא אוהב להשתמש בליילו."},{"type":"🙋","phrase":"האם אתה יכול להחליף חבילות כרטיסים בליילו?"}]},{"slug":"texting","title":"מסרים","phrases":[{"type":"❤️","phrase":"אני אוהב טקסטים."},{"type":"❌","phrase":"אני לא אוהב טקסט."}]},{"slug":"knitting","title":"סריגה","phrases":[{"type":"❤️","phrase":"אני אוהבת לסרוג."},{"type":"❌","phrase":"אני לא אוהב לסרוג."},{"type":"🙋","phrase":"אני רוצה ללמוד לסרוג."}]},{"slug":"bowling","title":"באולינג","phrases":[{"type":"❤️","phrase":"אני אוהבת באולינג."},{"type":"❌","phrase":"אני לא אוהב באולינג."},{"type":"🙋","phrase":"האם אתה רוצה לשחק באולינג איתי?"}]},{"slug":"watching-tv","title":"צופה בטלוויזיה","phrases":[{"type":"❤️","phrase":"אני אוהב לצפות בטלוויזיה."},{"type":"❌","phrase":"אני לא אוהב לראות טלוויזיה."},{"type":"🙋","phrase":"האם אתה רוצה לראות טלוויזיה?"}]},{"slug":"fishing","title":"דיג","phrases":[{"type":"❤️","phrase":"אני אוהב לדוג."},{"type":"❌","phrase":"אני לא אוהב דיג."},{"type":"🙋","phrase":"האם אתה רוצה ללכת לדוג?"}]},{"slug":"exercising","title":"פעילות גופנית","phrases":[{"type":"❤️","phrase":"אני אוהבת להתעמל."},{"type":"❌","phrase":"אני לא אוהב להתעמל."},{"type":"🙋","phrase":"האם אתה רוצה להתעמל איתי?"}]},{"slug":"tennis","title":"טניס","phrases":[{"type":"❤️","phrase":"אני אוהב לשחק טניס."},{"type":"❌","phrase":"אני לא אוהב לשחק טניס."},{"type":"🙋","phrase":"האם אתה רוצה לשחק איתי טניס?"}]}]