[{"slug":"cat","title":"חתול","phrases":[{"type":"❤️","phrase":"אני אוהב חתולים."},{"type":"👀","phrase":"ראיתי חתול."},{"type":"🔊","phrase":"איזה רעש עושה חתול?"},{"type":"🐈","phrase":"האם נוכל להביא חתול כחיית מחמד?"}]},{"slug":"dog","title":"כלב","phrases":[{"type":"❤️","phrase":"אני אוהב כלב."},{"type":"👀","phrase":"ראיתי כלב."},{"type":"🔊","phrase":"איזה רעש כלב משמיע?"},{"type":"🐕","phrase":"האם נוכל להביא כלב כחיית מחמד?"}]},{"slug":"fish","title":"דג","phrases":[{"type":"❤️","phrase":"אני אוהב דגים."},{"type":"👀","phrase":"ראיתי דג."},{"type":"🔊","phrase":"איזה רעש עושה דג?"},{"type":"🐠","phrase":"האם נוכל להשיג דג כחיית מחמד?"}]},{"slug":"rabbit","title":"ארנב","phrases":[{"type":"❤️","phrase":"אני אוהב ארנבים."},{"type":"👀","phrase":"ראיתי ארנב."},{"type":"🔊","phrase":"איזה רעש עושה ארנב?"},{"type":"🐇","phrase":"האם נוכל להשיג ארנב כחיית מחמד?"}]},{"slug":"butterfly","title":"פרפר","phrases":[{"type":"❤️","phrase":"אני אוהב פרפרים."},{"type":"👀","phrase":"ראיתי פרפר."},{"type":"🔊","phrase":"איזה רעש עושה פרפר?"}]},{"slug":"kangaroo","title":"קנגרו","phrases":[{"type":"❤️","phrase":"אני אוהב קנגורואים."},{"type":"👀","phrase":"ראיתי קנגורו."},{"type":"🔊","phrase":"איזה רעש קנגורו משמיע?"}]},{"slug":"turtle","title":"צב","phrases":[{"type":"❤️","phrase":"אני אוהב צבים."},{"type":"👀","phrase":"ראיתי צב."},{"type":"🔊","phrase":"איזה רעש עושה צב?"}]},{"slug":"giraffe","title":"ג'ירפה","phrases":[{"type":"❤️","phrase":"אני אוהב ג'ירפות."},{"type":"👀","phrase":"ראיתי ג'ירפה."},{"type":"🔊","phrase":"איזה רעש עושה ג'ירפה?"}]},{"slug":"frog","title":"צפרדע","phrases":[{"type":"❤️","phrase":"אני אוהב צפרדעים."},{"type":"👀","phrase":"ראיתי צפרדע."},{"type":"🔊","phrase":"איזה רעש עושה צפרדע?"}]},{"slug":"swan","title":"ברבור","phrases":[{"type":"❤️","phrase":"אני אוהב ברבורים."},{"type":"👀","phrase":"ראיתי ברבור."},{"type":"🔊","phrase":"איזה רעש עושה ברבור?"}]},{"slug":"spider","title":"עכביש","phrases":[{"type":"❤️","phrase":"אני אוהב עכבישים."},{"type":"👀","phrase":"ראיתי עכביש."},{"type":"🔊","phrase":"איזה רעש עושה עכביש?"}]},{"slug":"cow","title":"פרה","phrases":[{"type":"❤️","phrase":"אני אוהב פרות."},{"type":"👀","phrase":"ראיתי פרה."},{"type":"🔊","phrase":"איזה רעש עושה פרה?"}]},{"slug":"duck","title":"ברווז","phrases":[{"type":"❤️","phrase":"אני אוהב ברווזים."},{"type":"👀","phrase":"ראיתי ברווז."},{"type":"🔊","phrase":"איזה רעש עושה ברווז?"}]},{"slug":"horse","title":"סוס","phrases":[{"type":"❤️","phrase":"אני אוהב סוסים."},{"type":"👀","phrase":"ראיתי סוס."},{"type":"🔊","phrase":"איזה רעש סוס משמיע?"}]},{"slug":"chicken","title":"עוף","phrases":[{"type":"❤️","phrase":"אני אוהב תרנגולות."},{"type":"👀","phrase":"ראיתי תרנגולת."},{"type":"🔊","phrase":"איזה רעש עוף עושה?"}]},{"slug":"bee","title":"דבורה","phrases":[{"type":"❤️","phrase":"אני אוהב דבורים."},{"type":"👀","phrase":"ראיתי דבורה."},{"type":"🔊","phrase":"איזה רעש עושה דבורה?"}]},{"slug":"pig","title":"חזיר","phrases":[{"type":"❤️","phrase":"אני אוהב חזירים."},{"type":"👀","phrase":"ראיתי חזיר."},{"type":"🔊","phrase":"איזה רעש עושה חזיר?"}]},{"slug":"dove","title":"יונה","phrases":[{"type":"❤️","phrase":"אני אוהב יונים."},{"type":"👀","phrase":"ראיתי יונה."},{"type":"🔊","phrase":"איזה רעש עושה יונה?"}]},{"slug":"crab","title":"סרטן","phrases":[{"type":"❤️","phrase":"אני אוהב סרטנים."},{"type":"👀","phrase":"ראיתי סרטן."},{"type":"🔊","phrase":"איזה רעש עושה סרטן?"}]},{"slug":"penguin","title":"פינגווין","phrases":[{"type":"❤️","phrase":"אני אוהב פינגווינים."},{"type":"👀","phrase":"ראיתי פינגווין."},{"type":"🔊","phrase":"איזה רעש עושה פינגווין?"}]},{"slug":"elephant","title":"פיל","phrases":[{"type":"❤️","phrase":"אני אוהב פילים."},{"type":"👀","phrase":"ראיתי פיל."},{"type":"🔊","phrase":"איזה רעש עושה פיל?"}]},{"slug":"zebra","title":"זברה","phrases":[{"type":"❤️","phrase":"אני אוהב זברות."},{"type":"👀","phrase":"ראיתי זברה."},{"type":"🔊","phrase":"איזה רעש עושה זברה?"}]},{"slug":"panda","title":"פנדה","phrases":[{"type":"❤️","phrase":"אני אוהב פנדות."},{"type":"👀","phrase":"ראיתי פנדה."},{"type":"🔊","phrase":"איזה רעש פנדה משמיעה?"}]},{"slug":"monkey","title":"קוף","phrases":[{"type":"❤️","phrase":"אני אוהב קופים."},{"type":"👀","phrase":"ראיתי קוף."},{"type":"🔊","phrase":"איזה רעש קוף משמיע?"}]},{"slug":"camel","title":"גמל","phrases":[{"type":"❤️","phrase":"אני אוהב גמלים."},{"type":"👀","phrase":"ראיתי גמל."},{"type":"🔊","phrase":"איזה רעש עושה גמל?"}]},{"slug":"mouse","title":"עכבר","phrases":[{"type":"❤️","phrase":"אני אוהב עכברים."},{"type":"👀","phrase":"ראיתי עכבר."},{"type":"🔊","phrase":"איזה רעש עושה עכבר?"}]},{"slug":"tiger","title":"נמר","phrases":[{"type":"❤️","phrase":"אני אוהב נמרים."},{"type":"👀","phrase":"ראיתי נמר."},{"type":"🔊","phrase":"איזה רעש עושה נמר?"}]},{"slug":"jellyfish","title":"מדוזה","phrases":[{"type":"❤️","phrase":"אני אוהב מדוזות."},{"type":"👀","phrase":"ראיתי מדוזה."},{"type":"🔊","phrase":"איזה רעש מדוזה עושה?"}]},{"slug":"crocodile","title":"תנין","phrases":[{"type":"❤️","phrase":"אני אוהבת תנינים."},{"type":"👀","phrase":"ראיתי תנין."},{"type":"🔊","phrase":"איזה רעש עושה תנין?"}]},{"slug":"koala","title":"קואלה","phrases":[{"type":"❤️","phrase":"אני אוהב קואלות."},{"type":"👀","phrase":"ראיתי קואלה."},{"type":"🔊","phrase":"איזה רעש עושה קואלה?"}]},{"slug":"ostrich","title":"יען","phrases":[{"type":"❤️","phrase":"אני אוהב יענים."},{"type":"👀","phrase":"ראיתי יען."},{"type":"🔊","phrase":"איזה רעש עושה יען?"}]},{"slug":"racoon","title":"ראקון","phrases":[{"type":"❤️","phrase":"אני אוהב רצועות."},{"type":"👀","phrase":"ראיתי מחבט."},{"type":"🔊","phrase":"איזה רעש עושה ראסון?"}]},{"slug":"bat","title":"עטלף","phrases":[{"type":"❤️","phrase":"אני אוהב עטלפים."},{"type":"👀","phrase":"ראיתי עטלף."},{"type":"🔊","phrase":"איזה רעש עושה עטלף?"}]},{"slug":"eagle","title":"נשר","phrases":[{"type":"❤️","phrase":"אני אוהב נשרים."},{"type":"👀","phrase":"ראיתי נשר."},{"type":"🔊","phrase":"איזה רעש עושה נשר?"}]},{"slug":"hippopotamus","title":"היפופוטם","phrases":[{"type":"❤️","phrase":"אני אוהב היפופוטם."},{"type":"👀","phrase":"ראיתי היפופוטם."},{"type":"🔊","phrase":"איזה רעש עושה היפופוטם?"}]},{"slug":"seal","title":"חותם","phrases":[{"type":"❤️","phrase":"אני אוהב חותמות."},{"type":"👀","phrase":"ראיתי חותם."},{"type":"🔊","phrase":"איזה רעש עושה חותם?"}]},{"slug":"walrus","title":"ניבתן","phrases":[{"type":"❤️","phrase":"אני אוהב סוסים."},{"type":"👀","phrase":"ראיתי סוס."},{"type":"🔊","phrase":"איזה רעש עושה סוסים?"}]},{"slug":"seahorse","title":"סוסון ים","phrases":[{"type":"❤️","phrase":"אני אוהב סוסי ים."},{"type":"👀","phrase":"ראיתי סוסון ים."},{"type":"🔊","phrase":"איזה רעש עושה סוסון ים?"}]},{"slug":"bull","title":"בול","phrases":[{"type":"❤️","phrase":"אני אוהב שוורים."},{"type":"👀","phrase":"ראיתי פר."},{"type":"🔊","phrase":"איזה רעש עושה שור?"}]},{"slug":"pelican","title":"שקנאי","phrases":[{"type":"❤️","phrase":"אני אוהב שקנאים."},{"type":"👀","phrase":"ראיתי שקנאי."},{"type":"🔊","phrase":"איזה רעש עושה שקנאי?"}]},{"slug":"beaver","title":"בונה","phrases":[{"type":"❤️","phrase":"אני אוהב בונים."},{"type":"👀","phrase":"ראיתי בונה."},{"type":"🔊","phrase":"איזה רעש עושה בונה?"}]},{"slug":"goldfish","title":"דג זהב","phrases":[{"type":"❤️","phrase":"אני אוהב דגי זהב."},{"type":"👀","phrase":"ראיתי דג זהב."},{"type":"🔊","phrase":"איזה רעש עושה דג זהב?"},{"type":"🐠","phrase":"האם נוכל להשיג דג זהב כחיית מחמד?"}]},{"slug":"rhinoceros","title":"קרנף","phrases":[{"type":"❤️","phrase":"אני אוהב קרנפים."},{"type":"👀","phrase":"ראיתי קרנף."},{"type":"🔊","phrase":"איזה רעש עושה קרנף?"}]},{"slug":"snake","title":"נחש","phrases":[{"type":"❤️","phrase":"אני אוהב נחשים."},{"type":"👀","phrase":"ראיתי נחש."},{"type":"🔊","phrase":"איזה רעש עושה נחש?"}]},{"slug":"lion","title":"אריה","phrases":[{"type":"❤️","phrase":"אני אוהב אריות."},{"type":"👀","phrase":"ראיתי אריה."},{"type":"🔊","phrase":"איזה רעש עושה אריה?"}]},{"slug":"squid","title":"דיונון","phrases":[{"type":"❤️","phrase":"אני אוהב דיונונים."},{"type":"👀","phrase":"ראיתי דיונון."},{"type":"🔊","phrase":"איזה רעש עושה דיונון?"}]},{"slug":"whale","title":"לוויתן","phrases":[{"type":"❤️","phrase":"אני אוהב לווייתנים."},{"type":"👀","phrase":"ראיתי לוויתן."},{"type":"🔊","phrase":"איזה רעש לוויתן משמיע?"}]},{"slug":"beetle","title":"חיפושית","phrases":[{"type":"❤️","phrase":"אני אוהבת חיפושיות."},{"type":"👀","phrase":"ראיתי חיפושית."},{"type":"🔊","phrase":"איזה רעש עושה חיפושית?"}]},{"slug":"dolphin","title":"דולפין","phrases":[{"type":"❤️","phrase":"אני אוהב דולפינים."},{"type":"👀","phrase":"ראיתי דולפין."},{"type":"🔊","phrase":"איזה רעש עושה דולפין?"}]},{"slug":"starfish","title":"כוכב ים","phrases":[{"type":"❤️","phrase":"אני אוהב כוכבי ים."},{"type":"👀","phrase":"ראיתי כוכב ים."},{"type":"🔊","phrase":"איזה רעש עושה כוכב ים?"}]},{"slug":"parakeet","title":"תוכי","phrases":[{"type":"❤️","phrase":"אני אוהבת תוכי."},{"type":"👀","phrase":"ראיתי תוכי."},{"type":"🔊","phrase":"איזה רעש עושה תוכי?"}]},{"slug":"owl","title":"ינשוף","phrases":[{"type":"❤️","phrase":"אני אוהב ינשופים."},{"type":"👀","phrase":"ראיתי ינשוף."},{"type":"🔊","phrase":"איזה רעש ינשוף משמיע?"}]},{"slug":"sheep","title":"כבשים","phrases":[{"type":"❤️","phrase":"אני אוהב כבשים."},{"type":"👀","phrase":"ראיתי כבשה."},{"type":"🔊","phrase":"איזה רעש עושה כבשה?"}]}]