[{"slug":"pants","title":"מכנסיים","phrases":[{"type":"🧼","phrase":"המכנסיים שלי מלוכלכים."},{"type":"🙋","phrase":"אתה יכול לעזור לי ללבוש את המכנסיים שלי?"}]},{"slug":"shirt","title":"חולצה","phrases":[{"type":"🧼","phrase":"החולצה שלי מלוכלכת."},{"type":"🙋","phrase":"אתה יכול לעזור לי ללבוש את החולצה שלי?"}]},{"slug":"skirt","title":"חצאית","phrases":[{"type":"🧼","phrase":"החצאית שלי מלוכלכת."},{"type":"🙋","phrase":"אתה יכול לעזור לי ללבוש את החצאית שלי?"}]},{"slug":"panty","title":"תחתונים","phrases":[{"type":"🧼","phrase":"התחתונים שלי מלוכלכים."},{"type":"🙋","phrase":"אתה יכול לעזור לי ללבוש את התחתונים שלי?"}]},{"slug":"jacket","title":"ז'קט","phrases":[{"type":"🧼","phrase":"הז'קט שלי מלוכלך."},{"type":"🙋","phrase":"אתה יכול לעזור לי ללבוש את הז'קט שלי?"}]},{"slug":"tie","title":"עניבה","phrases":[{"type":"❤️","phrase":"אני אוהבת לענוד עניבה."},{"type":"🙋","phrase":"אתה יכול לעזור לי לקשור את העניבה שלי?"}]},{"slug":"baseball-cap","title":"כובע בייסבול","phrases":[{"type":"❤️","phrase":"אני אוהב לחבוש כובע בייסבול."},{"type":"❓","phrase":"איזה כובע בייסבול עלי ללבוש?"}]},{"slug":"dress","title":"שמלה","phrases":[{"type":"🧼","phrase":"השמלה שלי מלוכלכת."},{"type":"🙋","phrase":"אתה יכול לעזור לי ללבוש את השמלה שלי?"}]},{"slug":"shoes","title":"נעליים","phrases":[{"type":"🧼","phrase":"הנעליים שלי מלוכלכות."},{"type":"🙋","phrase":"אתה יכול לעזור לי לנעול את הנעליים שלי?"}]},{"slug":"boots","title":"מגפיים","phrases":[{"type":"🧼","phrase":"המגפיים שלי מלוכלכים."},{"type":"🙋","phrase":"אתה יכול לעזור לי ללבוש את המגפיים שלי?"}]},{"slug":"sneakers","title":"נעלי ספורט","phrases":[{"type":"🎈","phrase":"אני רוצה לנעול את נעלי הספורט שלי."},{"type":"🙋","phrase":"אתה יכול לעזור לי לנעול את נעלי הספורט שלי?"}]},{"slug":"slippers","title":"נעלי בית","phrases":[{"type":"🎈","phrase":"אני רוצה לנעול את נעלי הבית שלי."},{"type":"🙋","phrase":"אתה יכול לעזור לי ללבוש את נעלי הבית שלי?"}]},{"slug":"belt","title":"חגורה","phrases":[{"type":"❤️","phrase":"אני אוהבת לחגור חגורה."},{"type":"🙋","phrase":"אתה יכול לעזור לי לחגור את החגורה שלי?"}]},{"slug":"socks","title":"גרביים","phrases":[{"type":"🧼","phrase":"הגרביים שלי מלוכלכים."},{"type":"🙋","phrase":"אתה יכול לעזור לי ללבוש את הגרביים שלי?"}]},{"slug":"swimsuit","title":"בגד ים","phrases":[{"type":"❤️","phrase":"אני רוצה ללבוש את בגד הים שלי."},{"type":"🙋","phrase":"אתה יכול לעזור לי ללבוש את בגד הים שלי?"}]},{"slug":"sweater","title":"סוודר","phrases":[{"type":"🧼","phrase":"הסוודר שלי מלוכלך."},{"type":"🙋","phrase":"אתה יכול לעזור לי ללבוש את הסוודר שלי?"}]},{"slug":"scarf","title":"צעיף","phrases":[{"type":"❤️","phrase":"אני אוהבת ללבוש צעיף."},{"type":"🙋","phrase":"אתה יכול לעזור לי ללבוש את הצעיף שלי?"}]},{"slug":"denim-shorts","title":"מכנסי ג'ינס קצרים","phrases":[{"type":"🧼","phrase":"מכנסי הג'ינס שלי מלוכלכים."},{"type":"🙋","phrase":"אתה יכול לעזור לי ללבוש את מכנסי הג'ינס שלי?"}]},{"slug":"hoodies","title":"קפוצ'ונים","phrases":[{"type":"❤️","phrase":"אני אוהב ללבוש קפוצ'ונים."},{"type":"🙋","phrase":"אתה יכול לעזור לי ללבוש את הקפוצ'ון שלי?"}]},{"slug":"swimming-shorts","title":"מכנסי שחייה","phrases":[{"type":"🧼","phrase":"מכנסי השחייה שלי מלוכלכים."},{"type":"🙋","phrase":"אתה יכול לעזור לי ללבוש את מכנסי השחייה שלי?"}]},{"slug":"bow-tie","title":"עניבת פרפר","phrases":[{"type":"❤️","phrase":"אני אוהבת ללבוש עניבת פרפר."},{"type":"🙋","phrase":"אתה יכול לעזור לי לענוד את עניבת הפרפר שלי?"}]},{"slug":"leather-jacket","title":"מעיל עור","phrases":[{"type":"❤️","phrase":"אני אוהבת ללבוש מעיל עור."},{"type":"🙋","phrase":"אתה יכול לעזור לי ללבוש את מעיל העור שלי?"}]},{"slug":"bathrobe","title":"Bathrope","phrases":[{"type":"❤️","phrase":"אני אוהבת ללבוש חלוק רחצה."},{"type":"🙋","phrase":"אתה יכול לעזור לי ללבוש את חלוק הרחצה שלי?"}]},{"slug":"jumpsuit","title":"סרבל","phrases":[{"type":"❤️","phrase":"אני אוהבת ללבוש סרבל."},{"type":"🙋","phrase":"אתה יכול לעזור לי ללבוש את הסרבל שלי?"}]},{"slug":"fedora-hat","title":"כובע פדורה","phrases":[{"type":"❤️","phrase":"אני אוהב לחבוש כובע פדורה."},{"type":"🙋","phrase":"אתה יכול לעזור לי לחבוש את כובע הפדורה שלי?"}]},{"slug":"t-shirt","title":"חולצה קצרה","phrases":[{"type":"❤️","phrase":"אני אוהבת ללבוש חולצת טריקו."},{"type":"🙋","phrase":"אתה יכול לעזור לי ללבוש את החולצה שלי?"}]},{"slug":"sleeveless","title":"ללא שרוולים","phrases":[{"type":"❤️","phrase":"אני אוהבת ללבוש ללא שרוולים."},{"type":"🙋","phrase":"אתה יכול לעזור לי ללבוש את שרוולי?"}]},{"slug":"boxers","title":"מתאגרפים","phrases":[{"type":"❤️","phrase":"אני אוהב ללבוש מתאגרפים."},{"type":"🙋","phrase":"אתה יכול לעזור לי ללבוש את המתאגרפים שלי?"}]},{"slug":"vest","title":"אפוד","phrases":[{"type":"❤️","phrase":"אני אוהבת ללבוש אפוד."},{"type":"🙋","phrase":"אתה יכול לעזור לי ללבוש את האפוד שלי?"}]},{"slug":"pamela-hat","title":"כובע פמלה","phrases":[{"type":"❤️","phrase":"אני אוהב לחבוש כובע פמלה."},{"type":"🙋","phrase":"אתה יכול לעזור לי לחבוש את כובע הפמלה שלי?"}]},{"slug":"high-heels","title":"עקבים גבוהים","phrases":[{"type":"❤️","phrase":"אני אוהבת לנעול נעלי עקב."},{"type":"🙋","phrase":"אתה יכול לעזור לי לנעול את נעלי העקב שלי?"}]},{"slug":"overalls","title":"סרבלים","phrases":[{"type":"❤️","phrase":"אני אוהבת ללבוש סרבלים."},{"type":"🙋","phrase":"האם אתה יכול לעזור לי ללבוש את סרבליי?"}]},{"slug":"kimono","title":"קימונו","phrases":[{"type":"❤️","phrase":"אני אוהבת ללבוש קימונו."},{"type":"🙋","phrase":"אתה יכול לעזור לי ללבוש את הקימונו שלי?"}]},{"slug":"raincoat","title":"מעיל גשם","phrases":[{"type":"❤️","phrase":"אני אוהבת ללבוש מעיל גשם."},{"type":"🙋","phrase":"אתה יכול לעזור לי ללבוש את מעיל הגשם שלי?"}]},{"slug":"bandana","title":"בנדנה","phrases":[{"type":"❤️","phrase":"אני אוהבת ללבוש בנדנה."},{"type":"🙋","phrase":"אתה יכול לעזור לי ללבוש את הבנדנה שלי?"}]},{"slug":"beret","title":"כומתה","phrases":[{"type":"❤️","phrase":"אני אוהבת ללבוש כומתה."},{"type":"🙋","phrase":"אתה יכול לעזור לי ללבוש את הכומתה שלי?"}]},{"slug":"knit-hat","title":"כובע סרוג","phrases":[{"type":"❤️","phrase":"אני אוהב לחבוש כובע סרוג."},{"type":"🙋","phrase":"אתה יכול לעזור לי לחבוש את הכובע הסרוג שלי?"}]},{"slug":"suspenders","title":"כתפיות","phrases":[{"type":"❤️","phrase":"אני אוהבת ללבוש כתפיות."},{"type":"🙋","phrase":"אתה יכול לעזור לי ללבוש את הכתפיות שלי?"}]},{"slug":"mitten","title":"כפפה","phrases":[{"type":"❤️","phrase":"אני אוהבת ללבוש כפפה."},{"type":"🙋","phrase":"אתה יכול לעזור לי ללבוש את הכפפה שלי?"}]},{"slug":"suit","title":"חליפה","phrases":[{"type":"❤️","phrase":"אני אוהבת ללבוש חליפה."},{"type":"🙋","phrase":"אתה יכול לעזור לי ללבוש את החליפה שלי?"}]},{"slug":"coat","title":"מעיל","phrases":[{"type":"❤️","phrase":"אני אוהבת ללבוש מעיל."},{"type":"🙋","phrase":"אתה יכול לעזור לי ללבוש את המעיל שלי?"}]},{"slug":"trench-coat","title":"מעיל גשם","phrases":[{"type":"❤️","phrase":"אני אוהבת ללבוש מעיל תעלה."},{"type":"🙋","phrase":"אתה יכול לעזור לי ללבוש את מעיל התעלה שלי?"}]}]