[{"slug":"crayons","title":"עפרונות","phrases":[{"type":"❤️","phrase":"אני אוהב עפרונות צבעוניים."},{"type":"🙋","phrase":"אתה יכול לתת לי עפרונות צבעוניים?"},{"type":"🖍️","phrase":"אני רוצה לצייר באמצעות העפרונים שלי."}]},{"slug":"red","title":"אדום","phrases":[{"type":"👉","phrase":"זה אדום."},{"type":"💜","phrase":"הצבע האהוב עליי הוא אדום."},{"type":"🙋","phrase":"אתה יכול לתת לי צבע אדום?"}]},{"slug":"blue","title":"כחול","phrases":[{"type":"👉","phrase":"זה כחול."},{"type":"💜","phrase":"הצבע האהוב עליי הוא כחול."},{"type":"🙋","phrase":"אתה יכול לתת לי צבע כחול?"}]},{"slug":"orange","title":"תפוז","phrases":[{"type":"👉","phrase":"זה צבע כתום."},{"type":"💜","phrase":"הצבע האהוב עלי הוא כתום."},{"type":"🙋","phrase":"אתה יכול לתת לי צבע כתום?"}]},{"slug":"green","title":"ירוק","phrases":[{"type":"👉","phrase":"זה ירוק."},{"type":"💜","phrase":"הצבע האהוב עליי הוא ירוק."},{"type":"🙋","phrase":"אתה יכול לתת לי צבע ירוק?"}]},{"slug":"yellow","title":"צהוב","phrases":[{"type":"👉","phrase":"זה צהוב."},{"type":"💜","phrase":"הצבע האהוב עליי הוא צהוב."},{"type":"🙋","phrase":"אתה יכול לתת לי צבע צהוב?"}]},{"slug":"purple","title":"סגול","phrases":[{"type":"👉","phrase":"זה סגול."},{"type":"💜","phrase":"הצבע האהוב עליי הוא סגול."},{"type":"🙋","phrase":"אתה יכול לתת לי צבע סגול?"}]},{"slug":"pink","title":"ורוד","phrases":[{"type":"👉","phrase":"הוא ורוד."},{"type":"💜","phrase":"הצבע האהוב עליי הוא ורוד."},{"type":"🙋","phrase":"אתה יכול לתת לי צבע ורוד?"}]},{"slug":"brown","title":"חום","phrases":[{"type":"👉","phrase":"האם זה חום."},{"type":"💜","phrase":"הצבע האהוב עלי הוא חום."},{"type":"🙋","phrase":"אתה יכול לתת לי צבע חום?"}]},{"slug":"black","title":"שחור","phrases":[{"type":"👉","phrase":"זה שחור."},{"type":"💜","phrase":"הצבע האהוב עלי הוא שחור."},{"type":"🙋","phrase":"אתה יכול לתת לי צבע שחור?"}]},{"slug":"white","title":"לבן","phrases":[{"type":"👉","phrase":"זה לבן."},{"type":"💜","phrase":"הצבע האהוב עלי הוא לבן."},{"type":"🙋","phrase":"אתה יכול לתת לי צבע לבן?"}]},{"slug":"gray","title":"אפור","phrases":[{"type":"👉","phrase":"הוא אפור."},{"type":"💜","phrase":"הצבע האהוב עלי הוא אפור."},{"type":"🙋","phrase":"אתה יכול לתת לי צבע אפור?"}]},{"slug":"transparent","title":"שקוף","phrases":[{"type":"👉","phrase":"זה שקוף."},{"type":"👀","phrase":"אני יכול לראות מאחורי צבע שקוף."},{"type":"🙋","phrase":"אתה יכול לעזור לי למחוק?"}]},{"slug":"cyan","title":"טורקיז","phrases":[{"type":"👉","phrase":"זה ציאן."},{"type":"💜","phrase":"הצבע האהוב עלי הוא ציאן."},{"type":"🙋","phrase":"אתה יכול לתת לי צבע ציאן?"}]},{"slug":"violet","title":"סגול","phrases":[{"type":"👉","phrase":"זה סגול."},{"type":"💜","phrase":"הצבע האהוב עלי הוא סגול."},{"type":"🙋","phrase":"אתה יכול לתת לי צבע סגול?"}]},{"slug":"turquoise","title":"טורקיז","phrases":[{"type":"👉","phrase":"זה טורקיז."},{"type":"💜","phrase":"הצבע האהוב עלי הוא טורקוזה."},{"type":"🙋","phrase":"אתה יכול לתת לי צבע טורקיז?"}]},{"slug":"lime","title":"ליים","phrases":[{"type":"👉","phrase":"זה סיד."},{"type":"💜","phrase":"הצבע האהוב עלי הוא סיד."},{"type":"🙋","phrase":"אתה יכול לתת לי צבע סיד?"}]},{"slug":"plum","title":"שזיף","phrases":[{"type":"👉","phrase":"זה שזיף."},{"type":"💜","phrase":"הצבע האהוב עלי הוא שזיף."},{"type":"🙋","phrase":"אתה יכול לתת לי צבע שזיף?"}]},{"slug":"tan","title":"שזוף","phrases":[{"type":"👉","phrase":"זה צבע שזוף."},{"type":"💜","phrase":"הצבע האהוב עלי הוא צבע שזוף."},{"type":"🙋","phrase":"אתה יכול לתת לי צבע שזוף?"}]},{"slug":"avocado","title":"אבוקדו","phrases":[{"type":"👉","phrase":"זה צבע אבוקדו."},{"type":"💜","phrase":"הצבע האהוב עלי הוא צבע אבוקדו."},{"type":"🙋","phrase":"אתה יכול לתת לי צבע אבוקדו בצבע?"}]},{"slug":"barbie-pink","title":"ורוד ברבי","phrases":[{"type":"👉","phrase":"זה צבע ורוד ברבי."},{"type":"💜","phrase":"הצבע האהוב עלי הוא ורבי ברבי."},{"type":"🙋","phrase":"אתה יכול לתת לי צבע ורבי ברבי?"}]},{"slug":"blizzard-blue","title":"סופת שלגים","phrases":[{"type":"👉","phrase":"זה צבע כחול סופת שלג."},{"type":"💜","phrase":"הצבע האהוב עלי הוא צבע כחול סופת שלג."},{"type":"🙋","phrase":"אתה יכול לתת לי צבע כחול סופת שלג?"}]}]