[{"slug":"coffee","title":"קפה","phrases":[{"type":"❤️","phrase":"אני אוהב לשתות קפה."},{"type":"🙋","phrase":"אני רוצה לשתות קפה."}]},{"slug":"water","title":"מים","phrases":[{"type":"☝️","phrase":"אני צריך לשתות מים."},{"type":"🙋","phrase":"אני רוצה לשתות מים."}]},{"slug":"juice","title":"מיץ","phrases":[{"type":"❤️","phrase":"אני אוהב לשתות מיץ."},{"type":"🙋","phrase":"אני רוצה לשתות מיץ."}]},{"slug":"tea","title":"תה","phrases":[{"type":"❤️","phrase":"אני אוהב לשתות תה."},{"type":"🙋","phrase":"אני רוצה לשתות תה."}]},{"slug":"grape-juice","title":"מיץ ענבים","phrases":[{"type":"❤️","phrase":"אני אוהב לשתות מיץ ענבים."},{"type":"🙋","phrase":"אני רוצה לשתות מיץ ענבים."}]},{"slug":"milk","title":"חלב","phrases":[{"type":"❤️","phrase":"אני אוהב לשתות חלב."},{"type":"🙋","phrase":"אני רוצה לשתות חלב."}]},{"slug":"milkshake","title":"מילקשייק","phrases":[{"type":"❤️","phrase":"אני אוהב לשתות מילקשייק."},{"type":"🙋","phrase":"אני רוצה לשתות מילקשייק."}]},{"slug":"orange-juice","title":"מיץ תפוזים","phrases":[{"type":"❤️","phrase":"אני אוהב לשתות מיץ תפוזים."},{"type":"🙋","phrase":"אני רוצה לשתות מיץ תפוזים."}]},{"slug":"apple-juice","title":"מיץ תפוחים","phrases":[{"type":"❤️","phrase":"אני אוהב לשתות מיץ תפוחים."},{"type":"🙋","phrase":"אני רוצה לשתות מיץ תפוחים."}]},{"slug":"pineapple-juice","title":"מיץ אננס","phrases":[{"type":"❤️","phrase":"אני אוהבת לשתות מיץ אננס."},{"type":"🙋","phrase":"אני רוצה לשתות מיץ אננס."}]},{"slug":"lemonade","title":"לימונדה","phrases":[{"type":"❤️","phrase":"אני אוהב לשתות לימונדה."},{"type":"🙋","phrase":"אני רוצה לשתות לימונדה."}]},{"slug":"coke","title":"קולה","phrases":[{"type":"❤️","phrase":"אני אוהב לשתות קולה."},{"type":"🙋","phrase":"אני רוצה לשתות קולה."}]},{"slug":"soda","title":"סודה","phrases":[{"type":"❤️","phrase":"אני אוהב לשתות סודה."},{"type":"🙋","phrase":"אני רוצה לשתות סודה."}]},{"slug":"frappe","title":"פרפה","phrases":[{"type":"❤️","phrase":"אני אוהב לשתות פרפה."},{"type":"🙋","phrase":"אני רוצה לשתות פרפה."}]},{"slug":"smoothie","title":"שייק","phrases":[{"type":"❤️","phrase":"אני אוהב לשתות שייק."},{"type":"🙋","phrase":"אני רוצה לשתות שייק."}]},{"slug":"iced-tea","title":"תה קר","phrases":[{"type":"❤️","phrase":"אני אוהב לשתות תה קר."},{"type":"🙋","phrase":"אני רוצה לשתות תה קר."}]},{"slug":"hot-chocolate","title":"שוקו חם","phrases":[{"type":"❤️","phrase":"אני אוהבת לשתות שוקולד חם."},{"type":"🙋","phrase":"אני רוצה לשתות שוקולד חם."}]},{"slug":"mineral-water","title":"מים מינרלים","phrases":[{"type":"❤️","phrase":"אני אוהב לשתות מים מינרליים."},{"type":"🙋","phrase":"אני רוצה לשתות מים מינרליים."}]}]