[{"slug":"cotton-candy","title":"סוכריות קוטו","phrases":[{"type":"❤️","phrase":"אני אוהב לאכול סוכריות כותנה."}]},{"slug":"magic-hat","title":"כובע קסם","phrases":[{"type":"❤️","phrase":"אני אוהב לחבוש כובע קסמים."}]},{"slug":"ferris-wheel","title":"גלגל ענק","phrases":[{"type":"❤️","phrase":"אני אוהב לרכוב על גלגל הענק."}]},{"slug":"bowling","title":"באולינג","phrases":[{"type":"❤️","phrase":"אני אוהב לשחק באולינג."}]},{"slug":"bumper-car","title":"מכונית מתנגשת","phrases":[{"type":"❤️","phrase":"אני אוהב לרכוב במכונית הפגוש."}]},{"slug":"carousel","title":"קרוסלה","phrases":[{"type":"❤️","phrase":"אני אוהב לרכוב בקרוסלה."}]},{"slug":"balloons","title":"בלונים","phrases":[{"type":"❤️","phrase":"אני אוהב בלונים."}]},{"slug":"cups","title":"כוסות","phrases":[]},{"slug":"unicycle","title":"יוניסלציה","phrases":[]},{"slug":"circus-tent","title":"אוהל קרקס","phrases":[]},{"slug":"food-truck","title":"משאית מזון","phrases":[]},{"slug":"tea-cup-ride","title":"נסיעה על כוס תה","phrases":[]},{"slug":"whack-a-mole","title":"דאג שומה","phrases":[]},{"slug":"food-stall","title":"דוכן מזון","phrases":[]},{"slug":"claw-machine","title":"מכונת טופר","phrases":[]},{"slug":"shooting-target","title":"יעד ירי","phrases":[]},{"slug":"teddy-bear","title":"דובון","phrases":[]},{"slug":"fireworks","title":"זיקוקין","phrases":[]},{"slug":"caramelized-apple","title":"תפוח מקורמל","phrases":[]},{"slug":"ring","title":"טבעת","phrases":[]}]