[{"slug":"happy","title":"שמח","phrases":[{"type":"🖐️","phrase":"אני שמח."},{"type":"🙋","phrase":"אני מרגיש מאושר."},{"type":"❓","phrase":"האם אתה מרגיש מאושר?"},{"type":"☝️","phrase":"אני רוצה להרגיש מאושר."},{"type":"🎈","phrase":"אתה משמח אותי."}]},{"slug":"sad","title":"עצוב","phrases":[{"type":"🖐️","phrase":"אני עצוב."},{"type":"🙋","phrase":"אני מרגיש עצוב."},{"type":"❓","phrase":"האם אתה מרגיש עצוב?"},{"type":"☝️","phrase":"אני לא רוצה להרגיש עצוב."},{"type":"😠","phrase":"אתה מעציב אותי."}]},{"slug":"exhausted","title":"מותש","phrases":[{"type":"🖐️","phrase":"אני מותש."},{"type":"🙋","phrase":"אני מרגיש מותש."},{"type":"❓","phrase":"האם אתה מרגיש מותש?"},{"type":"☝️","phrase":"אני לא רוצה להיות מותש."}]},{"slug":"relaxed","title":"נרגע","phrases":[{"type":"🖐️","phrase":"אני רגוע."},{"type":"🙋","phrase":"אני מרגיש רגוע."},{"type":"❓","phrase":"האם אתה מרגיש רגוע?"},{"type":"☝️","phrase":"אני רוצה להרגיש נינוח."}]},{"slug":"in-love","title":"מאוהב","phrases":[{"type":"🖐️","phrase":"אני מאוהב."},{"type":"🙋","phrase":"אני מרגיש מאוהב."},{"type":"❓","phrase":"האם אתה מאוהב?"},{"type":"☝️","phrase":"אני רוצה להתאהב."},{"type":"👉","phrase":"אתה אוהב אותי?"}]},{"slug":"stressed","title":"לחוץ","phrases":[{"type":"🖐️","phrase":"אני לחוץ."},{"type":"🙋","phrase":"אני מרגיש מתוח."},{"type":"❓","phrase":"האם אתה מרגיש לחוץ?"},{"type":"☝️","phrase":"אני לא רוצה להרגיש לחוץ."}]},{"slug":"thankful","title":"אסיר תודה","phrases":[{"type":"🖐️","phrase":"אני אסיר תודה."},{"type":"🙋","phrase":"אני מרגיש אסיר תודה."},{"type":"❓","phrase":"האם אתה מרגיש אסיר תודה?"},{"type":"☝️","phrase":"אני רוצה להרגיש אסיר תודה."}]},{"slug":"confused","title":"מבולבל","phrases":[{"type":"🖐️","phrase":"אני מבולבל."},{"type":"🙋","phrase":"אני מרגיש מבולבל."},{"type":"❓","phrase":"האם אתה מרגיש מבולבל?"},{"type":"☝️","phrase":"אתה מבלבל אותי."}]},{"slug":"joyful","title":"מלא שמחה","phrases":[{"type":"🖐️","phrase":"אני שמחה."},{"type":"🙋","phrase":"אני מרגישה שמחה."},{"type":"❓","phrase":"האם אתה מרגיש שמחה?"},{"type":"☝️","phrase":"אני רוצה להרגיש שמחה."}]},{"slug":"angry","title":"כועסת","phrases":[{"type":"🖐️","phrase":"אני כועס."},{"type":"🙋","phrase":"אני מרגיש כועס."},{"type":"❓","phrase":"האם אתה מרגיש כועס?"},{"type":"☝️","phrase":"אני כועס עליך."},{"type":"😠","phrase":"אתה מכעיס אותי."}]},{"slug":"smart","title":"חכם","phrases":[{"type":"🖐️","phrase":"אני חכם."},{"type":"🙋","phrase":"אני מרגיש חכם."},{"type":"❓","phrase":"האם אתה מרגיש חכם?"},{"type":"☝️","phrase":"האם אני חכם?"},{"type":"👉","phrase":"אתה חכם!"}]},{"slug":"afraid","title":"מפחד","phrases":[{"type":"🖐️","phrase":"אני מפחד."},{"type":"🙋","phrase":"אני מרגיש פחד."},{"type":"❓","phrase":"האם אתה חשש?"},{"type":"☝️","phrase":"אני לא רוצה להרגיש פחד."},{"type":"😠","phrase":"אתה מפחיד אותי."}]},{"slug":"ashamed","title":"מתביישת","phrases":[{"type":"🖐️","phrase":"אני מתבייש."},{"type":"🙋","phrase":"אני מתביישת."},{"type":"❓","phrase":"האם אתה מתבייש?"},{"type":"☝️","phrase":"אני לא רוצה להתבייש."}]},{"slug":"shocked","title":"המום","phrases":[{"type":"🖐️","phrase":"אני המום."},{"type":"🙋","phrase":"אני מרגיש המום."},{"type":"❓","phrase":"האם אתה מרגיש המום?"},{"type":"☝️","phrase":"אתה הלם אותי."}]},{"slug":"sick","title":"חולה","phrases":[{"type":"🖐️","phrase":"אני חולה."},{"type":"🙋","phrase":"אני מרגיש חולה."},{"type":"❓","phrase":"האם אתה מרגיש חולה?"},{"type":"☝️","phrase":"אני לא רוצה להיות חולה."},{"type":"🤢","phrase":"נמאס לי מהאוכל."}]},{"slug":"frustrated","title":"מתוסכל","phrases":[{"type":"🖐️","phrase":"אני מתוסכל."},{"type":"🙋","phrase":"אני מרגיש מתוסכל."},{"type":"❓","phrase":"האם אתה מרגיש מתוסכל?"},{"type":"☝️","phrase":"אני לא רוצה להרגיש מתוסכל."}]},{"slug":"excited","title":"נרגש","phrases":[{"type":"🖐️","phrase":"אני מתרגש."},{"type":"🙋","phrase":"אני מרגיש נרגש."},{"type":"❓","phrase":"האם אתה מרגיש נרגש?"},{"type":"☝️","phrase":"אני לא רוצה להרגיש נרגש."}]},{"slug":"nauseated","title":"בחילה","phrases":[{"type":"🖐️","phrase":"אני בחילה."},{"type":"🙋","phrase":"אני מרגיש בחילה."},{"type":"❓","phrase":"האם אתה מרגיש בחילה?"},{"type":"☝️","phrase":"אני לא רוצה להרגיש בחילה."}]},{"slug":"agitated","title":"נסער","phrases":[{"type":"🖐️","phrase":"אני נסער."},{"type":"🙋","phrase":"אני מרגיש נסער."},{"type":"❓","phrase":"האם אתה מרגיש נסער?"},{"type":"☝️","phrase":"אני לא רוצה להרגיש נסער."}]}]