[{"slug":"hungry","title":"רעב","phrases":[{"type":"‼️","phrase":"אני רעב."},{"type":"❓","phrase":"האם אתה רעב?"},{"type":"🙋","phrase":"אתה יכול להכין לי אוכל?"},{"type":"🍳","phrase":"מה יש לארוחת ערב?"}]},{"slug":"thirsty","title":"צמא","phrases":[{"type":"‼️","phrase":"אני צמא."},{"type":"🌊","phrase":"האם אוכל לשתות מים?"},{"type":"🥛","phrase":"האם אוכל לקבל כוס מים?"},{"type":"🙋","phrase":"אני רוצה לשתות משהו."}]},{"slug":"cutlery","title":"סכו\"ם","phrases":[{"type":"🙋","phrase":"אני צריך סכו\"ם."},{"type":"🍽️","phrase":"עזור לי להשתמש בסכו\"ם."},{"type":"🍴","phrase":"אני צריך מזלג."},{"type":"🥄","phrase":"אני צריך כף."},{"type":"🥢","phrase":"אני צריך מקלות אכילה."},{"type":"🔪","phrase":"אני צריך סכין."},{"type":"🧻","phrase":"אני צריך מפית."}]},{"slug":"apple","title":"תפוח עץ","phrases":[{"type":"❤️","phrase":"אני אוהב תפוח."},{"type":"❌","phrase":"אני לא אוהב תפוח."},{"type":"🙋","phrase":"אני רוצה לאכול תפוח."}]},{"slug":"carrot","title":"גזר","phrases":[{"type":"❤️","phrase":"אני אוהב גזר."},{"type":"❌","phrase":"אני לא אוהב גזר."},{"type":"🙋","phrase":"אני רוצה לאכול גזר."}]},{"slug":"beans","title":"שעועית","phrases":[{"type":"❤️","phrase":"אני אוהב שעועית."},{"type":"❌","phrase":"אני לא אוהב שעועית."},{"type":"🙋","phrase":"אני רוצה לאכול שעועית."}]},{"slug":"chicken","title":"עוף","phrases":[{"type":"❤️","phrase":"אני אוהב עוף."},{"type":"❌","phrase":"אני לא אוהב עוף."},{"type":"🙋","phrase":"אני רוצה לאכול עוף."},{"type":"🍗","phrase":"אני רוצה עוף מטוגן."},{"type":"🐣","phrase":"אני רוצה עוף מבושל."}]},{"slug":"chocolate","title":"שוקולד","phrases":[{"type":"❤️","phrase":"אני אוהב שוקולד."},{"type":"❌","phrase":"אני לא אוהב שוקולד."},{"type":"🙋","phrase":"אני רוצה לאכול שוקולד."},{"type":"⚫","phrase":"אני רוצה שוקולד מריר."},{"type":"⚪","phrase":"אני רוצה שוקולד לבן."}]},{"slug":"milk","title":"חלב","phrases":[{"type":"❤️","phrase":"אני אוהב חלב."},{"type":"❌","phrase":"אני לא אוהב חלב."},{"type":"🙋","phrase":"אני רוצה לשתות חלב."},{"type":"🍳","phrase":"האם אוכל לשתות כוס חלב?"}]},{"slug":"sandwich","title":"כריך","phrases":[{"type":"❤️","phrase":"אני אוהב כריך."},{"type":"❌","phrase":"אני לא אוהב כריך."},{"type":"🙋","phrase":"אני רוצה לאכול כריך."},{"type":"🍳","phrase":"אתה יכול להכין לי כריך?"}]},{"slug":"steak","title":"סטייק","phrases":[{"type":"❤️","phrase":"אני אוהב סטייק."},{"type":"❌","phrase":"אני לא אוהב סטייק."},{"type":"🙋","phrase":"אני רוצה לאכול סטייק."},{"type":"🍳","phrase":"אתה יכול לבשל סטייק בשבילי?"}]},{"slug":"banana","title":"בננה","phrases":[{"type":"❤️","phrase":"אני אוהבת בננה."},{"type":"❌","phrase":"אני לא אוהב בננה."},{"type":"🙋","phrase":"אני רוצה לאכול בננה."}]},{"slug":"pie","title":"עוגה","phrases":[{"type":"❤️","phrase":"אני אוהב עוגה."},{"type":"❌","phrase":"אני לא אוהב פאי."},{"type":"🙋","phrase":"אני רוצה לאכול פשטידה."},{"type":"🍳","phrase":"אתה יכול לאפות פשטידה בשבילי?"}]},{"slug":"egg","title":"ביצה","phrases":[{"type":"❤️","phrase":"אני אוהב ביצה."},{"type":"❌","phrase":"אני לא אוהב ביצה."},{"type":"🙋","phrase":"אני רוצה לאכול ביצה."},{"type":"🍳","phrase":"אני רוצה ביצים מטוגנות."},{"type":"🥚","phrase":"אני רוצה ביצים מבושלות."}]},{"slug":"noodles","title":"נודלס","phrases":[{"type":"❤️","phrase":"אני אוהב נודלס."},{"type":"❌","phrase":"אני לא אוהב נודלס."},{"type":"🙋","phrase":"אני רוצה לאכול נודלס."},{"type":"🍳","phrase":"אתה יכול לבשל אטריות בשבילי?"}]},{"slug":"salt","title":"מלח","phrases":[{"type":"🙋","phrase":"אני רוצה מלח."},{"type":"❓","phrase":"אתה יכול להעביר לי את המלח?"},{"type":"🧂","phrase":"האוכל מלוח מדי."},{"type":"🧂","phrase":"האוכל שלי זקוק למעט מלח."}]},{"slug":"spices","title":"תבלינים","phrases":[{"type":"❤️","phrase":"אני אוהב אוכל חריף."},{"type":"❌","phrase":"אני לא אוהב אוכל חריף."},{"type":"🙋","phrase":"אני רוצה פפריקה."},{"type":"⚫","phrase":"אני רוצה פלפל שחור."}]},{"slug":"pizza","title":"פיצה","phrases":[{"type":"❤️","phrase":"אני אוהב פיצה."},{"type":"❌","phrase":"אני לא אוהב פיצה."},{"type":"🙋","phrase":"אני רוצה לאכול פיצה."},{"type":"🍳","phrase":"אתה יכול לבשל פיצה בשבילי?"},{"type":"☝️","phrase":"האם נוכל להזמין פיצה?"}]},{"slug":"cheese","title":"גבינה","phrases":[{"type":"❤️","phrase":"אני אוהב גבינה."},{"type":"❌","phrase":"אני לא אוהב גבינה."},{"type":"🙋","phrase":"אני רוצה לאכול גבינה."}]},{"slug":"fish","title":"דג","phrases":[{"type":"❤️","phrase":"אני אוהב דגים."},{"type":"❌","phrase":"אני לא אוהב דגים."},{"type":"🙋","phrase":"אני רוצה לאכול דגים."},{"type":"🍳","phrase":"אתה יכול לבשל דגים בשבילי?"}]},{"slug":"ice-cream","title":"גלידה","phrases":[{"type":"❤️","phrase":"אני אוהב גלידה."},{"type":"❌","phrase":"אני לא אוהבת גלידה."},{"type":"🙋","phrase":"אני רוצה לאכול גלידה."},{"type":"☝️","phrase":"אתה יכול לקנות גלידה בשבילי?"}]},{"slug":"tea","title":"תה","phrases":[{"type":"❤️","phrase":"אני אוהב תה."},{"type":"❌","phrase":"אני לא אוהב תה."},{"type":"🙋","phrase":"אני רוצה לשתות תה."},{"type":"🍳","phrase":"אתה יכול להכין לי תה?"}]},{"slug":"coffee","title":"קפה","phrases":[{"type":"❤️","phrase":"אני אוהב קפה."},{"type":"❌","phrase":"אני לא אוהב קפה."},{"type":"🙋","phrase":"אני רוצה לשתות קפה."},{"type":"🍳","phrase":"אתה יכול להכין קפה בשבילי?"}]},{"slug":"tomato","title":"עגבנייה","phrases":[{"type":"❤️","phrase":"אני אוהב עגבניה."},{"type":"❌","phrase":"אני לא אוהב עגבניה."},{"type":"🙋","phrase":"אני רוצה לאכול עגבניה."}]},{"slug":"cereal","title":"דגני בוקר","phrases":[{"type":"❤️","phrase":"אני אוהב דגני בוקר."},{"type":"❌","phrase":"אני לא אוהב דגני בוקר."},{"type":"🙋","phrase":"אני רוצה לאכול דגני בוקר."},{"type":"🍳","phrase":"אתה יכול להכין לי דגני בוקר?"}]},{"slug":"burger","title":"בורגר","phrases":[{"type":"❤️","phrase":"אני אוהבת המבורגר."},{"type":"❌","phrase":"אני לא אוהב המבורגר."},{"type":"🙋","phrase":"אני רוצה לאכול המבורגר."},{"type":"🍳","phrase":"אתה יכול לבשל המבורגר בשבילי?"},{"type":"☝️","phrase":"האם נוכל להזמין המבורגר?"}]},{"slug":"french-fries","title":"צ'יפס","phrases":[{"type":"❤️","phrase":"אני אוהב צ'יפס."},{"type":"❌","phrase":"אני לא אוהב צ'יפס."},{"type":"🙋","phrase":"אני רוצה לאכול צ'יפס."},{"type":"🍳","phrase":"האם אתה יכול לבשל צ'יפס בשבילי?"},{"type":"☝️","phrase":"האם נוכל להזמין צ'יפס?"}]},{"slug":"spinach","title":"תרד","phrases":[{"type":"❤️","phrase":"אני אוהב תרד."},{"type":"❌","phrase":"אני לא אוהב תרד."},{"type":"🙋","phrase":"אני רוצה לאכול תרד."}]},{"slug":"rice","title":"אורז","phrases":[{"type":"❤️","phrase":"אני אוהב אורז."},{"type":"❌","phrase":"אני לא אוהב אורז."},{"type":"🙋","phrase":"אני רוצה לאכול אורז."},{"type":"🍳","phrase":"אתה יכול לבשל אורז בשבילי?"}]},{"slug":"bread","title":"לחם","phrases":[{"type":"❤️","phrase":"אני אוהב לחם."},{"type":"❌","phrase":"אני לא אוהב לחם."},{"type":"🙋","phrase":"אני רוצה לאכול לחם."},{"type":"☝️","phrase":"אתה יכול לקנות קצת לחם?"}]},{"slug":"pasta","title":"פסטה","phrases":[{"type":"❤️","phrase":"אני אוהב פסטה."},{"type":"❌","phrase":"אני לא אוהב פסטה."},{"type":"🙋","phrase":"אני רוצה לאכול פסטה."},{"type":"🍳","phrase":"האם אתה יכול לבשל פסטה בשבילי?"}]},{"slug":"sauce","title":"רוטב","phrases":[{"type":"❤️","phrase":"אני אוהב רוטב."},{"type":"❌","phrase":"אני לא אוהב רוטב."},{"type":"🙋","phrase":"אני רוצה קצת רוטב."},{"type":"🔴","phrase":"האם אוכל לקבל קטשופ?"},{"type":"⚪","phrase":"אני יכול לקבל מיונז?"},{"type":"🟡","phrase":"האם אוכל לקבל חרדל?"},{"type":"🚜","phrase":"האם אוכל לקבל רוטב חווה?"}]},{"slug":"kebab","title":"קבב","phrases":[{"type":"❤️","phrase":"אני אוהב קבב."},{"type":"❌","phrase":"אני לא אוהב קבב."},{"type":"🙋","phrase":"אני רוצה לאכול קבב."},{"type":"🍳","phrase":"האם אתה יכול לבשל קבב בשבילי?"},{"type":"☝️","phrase":"האם נוכל להזמין קבב?"}]}]