[{"slug":"apple","title":"תפוח עץ","phrases":[{"type":"❤️","phrase":"אני אוהב לאכול תפוח."},{"type":"🙋","phrase":"אני רוצה לאכול תפוח."},{"type":"❌","phrase":"אני לא אוהב תפוח."}]},{"slug":"watermelon","title":"אבטיח","phrases":[{"type":"❤️","phrase":"אני אוהב לאכול אבטיח."},{"type":"🙋","phrase":"אני רוצה לאכול אבטיח."},{"type":"❌","phrase":"אני לא אוהב אבטיח."}]},{"slug":"orange","title":"תפוז","phrases":[{"type":"❤️","phrase":"אני אוהב לאכול תפוז."},{"type":"🙋","phrase":"אני רוצה לאכול תפוז."},{"type":"❌","phrase":"אני לא אוהב כתום."}]},{"slug":"strawberry","title":"תות","phrases":[{"type":"❤️","phrase":"אני אוהב לאכול תות."},{"type":"🙋","phrase":"אני רוצה לאכול כמה תותים."},{"type":"❌","phrase":"אני לא אוהב תות."}]},{"slug":"grape","title":"ענבים","phrases":[{"type":"❤️","phrase":"אני אוהב לאכול ענבים."},{"type":"🙋","phrase":"אני רוצה לאכול כמה ענבים."},{"type":"❌","phrase":"אני לא אוהב ענבים."}]},{"slug":"cherry","title":"דובדבן","phrases":[{"type":"❤️","phrase":"אני אוהב לאכול דובדבן."},{"type":"🙋","phrase":"אני רוצה לאכול כמה דובדבנים."},{"type":"❌","phrase":"אני לא אוהב דובדבן."}]},{"slug":"mango","title":"מנגו","phrases":[{"type":"❤️","phrase":"אני אוהב לאכול מנגו."},{"type":"🙋","phrase":"אני רוצה לאכול מנגו."},{"type":"❌","phrase":"אני לא אוהב מנגו."}]},{"slug":"guava","title":"גויאבה","phrases":[{"type":"❤️","phrase":"אני אוהב לאכול גויאבה."},{"type":"🙋","phrase":"אני רוצה לאכול גויאבה."},{"type":"❌","phrase":"אני לא אוהב גויאבה."}]},{"slug":"banana","title":"בננה","phrases":[{"type":"❤️","phrase":"אני אוהב לאכול בננה."},{"type":"🙋","phrase":"אני רוצה לאכול בננה."},{"type":"❌","phrase":"אני לא אוהב בננה."}]},{"slug":"pomegranate","title":"רימון","phrases":[{"type":"❤️","phrase":"אני אוהבת לאכול רימון."},{"type":"🙋","phrase":"אני רוצה לאכול רימון."},{"type":"❌","phrase":"אני לא אוהב רימון."}]},{"slug":"raspberry","title":"פטל","phrases":[{"type":"❤️","phrase":"אני אוהבת לאכול פטל."},{"type":"🙋","phrase":"אני רוצה לאכול פטל."},{"type":"❌","phrase":"אני לא אוהב פטל."}]},{"slug":"papaya","title":"פפאיה","phrases":[{"type":"❤️","phrase":"אני אוהב לאכול פפאיה."},{"type":"🙋","phrase":"אני רוצה לאכול פפאיה."},{"type":"❌","phrase":"אני לא אוהב פפאיה."}]},{"slug":"kiwi","title":"קיווי","phrases":[{"type":"❤️","phrase":"אני אוהב לאכול קיווי."},{"type":"🙋","phrase":"אני רוצה לאכול קיווי."},{"type":"❌","phrase":"אני לא אוהב קיווי."}]},{"slug":"pineapple","title":"אננס","phrases":[{"type":"❤️","phrase":"אני אוהבת לאכול אננס."},{"type":"🙋","phrase":"אני רוצה לאכול אננס."},{"type":"❌","phrase":"אני לא אוהב אננס."}]},{"slug":"lemon","title":"לימון","phrases":[{"type":"❤️","phrase":"אני אוהב לאכול לימון."},{"type":"🙋","phrase":"אני רוצה לאכול לימון."},{"type":"❌","phrase":"אני לא אוהב לימון."},{"type":"🍋","phrase":"לימונים חמוצים."}]},{"slug":"apricot","title":"משמש","phrases":[{"type":"❤️","phrase":"אני אוהבת לאכול משמש."},{"type":"🙋","phrase":"אני רוצה לאכול משמש."},{"type":"❌","phrase":"אני לא אוהב משמש."}]},{"slug":"dragon-fruit","title":"פיטאיה","phrases":[{"type":"❤️","phrase":"אני אוהב לאכול פרי דרקון."},{"type":"🙋","phrase":"אני רוצה לאכול פרי דרקון."},{"type":"❌","phrase":"אני לא אוהב פרי דרקון."}]},{"slug":"peach","title":"אפרסק","phrases":[{"type":"❤️","phrase":"אני אוהב לאכול אפרסק."},{"type":"🙋","phrase":"אני רוצה לאכול אפרסק."},{"type":"❌","phrase":"אני לא אוהב אפרסק."}]},{"slug":"avocado","title":"אבוקדו","phrases":[{"type":"❤️","phrase":"אני אוהב לאכול אבוקדו."},{"type":"🙋","phrase":"אני רוצה לאכול אבוקדו."},{"type":"❌","phrase":"אני לא אוהב אבוקדו."}]},{"slug":"fig","title":"תאנה","phrases":[{"type":"❤️","phrase":"אני אוהב לאכול תאנה."},{"type":"🙋","phrase":"אני רוצה לאכול תאנה."},{"type":"❌","phrase":"אני לא אוהב תאנה."}]},{"slug":"lychee","title":"ליצ'י","phrases":[{"type":"❤️","phrase":"אני אוהב לאכול ליצ'י."},{"type":"🙋","phrase":"אני רוצה לאכול ליצ'י."},{"type":"❌","phrase":"אני לא אוהב ליצ'י."}]},{"slug":"passion-fruit","title":"פסיפלורה","phrases":[{"type":"❤️","phrase":"אני אוהב לאכול פירות פסיפלורה."},{"type":"🙋","phrase":"אני רוצה לאכול פרי פסיפלורה."},{"type":"❌","phrase":"אני לא אוהב פירות תשוקה."}]},{"slug":"blueberry","title":"אוכמנית","phrases":[{"type":"❤️","phrase":"אני אוהבת לאכול אוכמניות."},{"type":"🙋","phrase":"אני רוצה לאכול אוכמניות."},{"type":"❌","phrase":"אני לא אוהב אוכמניות."}]},{"slug":"coconut","title":"קוקוס","phrases":[{"type":"❤️","phrase":"אני אוהב לאכול קוקוס."},{"type":"🙋","phrase":"אני רוצה לאכול קצת קוקוס."},{"type":"❌","phrase":"אני לא אוהב קוקוס."}]}]