[{"slug":"gardener","title":"גנן","phrases":[]},{"slug":"sprout","title":"להנביט","phrases":[]},{"slug":"hose","title":"צינור","phrases":[]},{"slug":"glove","title":"כפפה","phrases":[]},{"slug":"flowers","title":"פרחים","phrases":[]},{"slug":"seeds","title":"זרעים","phrases":[]},{"slug":"shovel","title":"את חפירה","phrases":[]},{"slug":"watering","title":"השקיה","phrases":[]},{"slug":"scarecrow","title":"דחליל","phrases":[]},{"slug":"tree","title":"עץ","phrases":[]},{"slug":"fertilizer","title":"דשן","phrases":[]},{"slug":"pitchfork","title":"Pitchfork","phrases":[]},{"slug":"bucket","title":"דלי","phrases":[]},{"slug":"fence","title":"גדר","phrases":[]},{"slug":"leaf","title":"עלה","phrases":[]},{"slug":"windmill","title":"טחנת רוח","phrases":[]},{"slug":"spray","title":"ריסוס","phrases":[]},{"slug":"shears","title":"מזמרה","phrases":[]},{"slug":"sprinkler","title":"מתז","phrases":[]},{"slug":"tractor","title":"טרקטור","phrases":[]},{"slug":"jam","title":"ריבה","phrases":[]},{"slug":"bonsai","title":"בונסאי","phrases":[]},{"slug":"wheelbarrow","title":"מריצה","phrases":[]},{"slug":"birdhouse","title":"בית ציפור","phrases":[]}]