[{"slug":"mixer","title":"מיקסר","phrases":[{"type":"🙋","phrase":"אתה יכול להראות לי איך להשתמש במיקסר?"},{"type":"🤞","phrase":"אסור לי להשתמש במיקסר בלי ההורים שלי."}]},{"slug":"apron","title":"סינר","phrases":[{"type":"👚","phrase":"אני לובש סינר בזמן הבישול."},{"type":"👚","phrase":"אמא שלי לובשת סינר בזמן הבישול."}]},{"slug":"fryer","title":"מטגנים","phrases":[{"type":"🙋","phrase":"אתה יכול להראות לי איך להשתמש בטיגון?"},{"type":"🤞","phrase":"אסור לי להשתמש בטיגון בלי ההורים שלי."}]},{"slug":"rolling-pin","title":"מערוך","phrases":[{"type":"🙋","phrase":"אתה יכול להראות לי איך להשתמש במערוך?"},{"type":"💡","phrase":"אני משתמש במערוך כדי לרדד בצק."}]},{"slug":"coffee-machine","title":"מכונת קפה","phrases":[{"type":"🙋","phrase":"אתה יכול להראות לי איך להשתמש במכונת קפה?"},{"type":"🤞","phrase":"אסור לי להשתמש במכונת קפה בלי ההורים שלי."}]},{"slug":"fridge","title":"מקרר","phrases":[{"type":"🙋","phrase":"אתה יכול להראות לי איך להשתמש במקרר?"},{"type":"💡","phrase":"מקרר מקרר את המזון."}]},{"slug":"pot","title":"סיר","phrases":[{"type":"🙋","phrase":"אתה יכול להראות לי איך להשתמש בסיר?"},{"type":"🤞","phrase":"אסור לי להשתמש בסיר בלי ההורים שלי."}]},{"slug":"toaster","title":"טוסטר","phrases":[{"type":"🙋","phrase":"אתה יכול להראות לי איך להשתמש בטוסטר?"},{"type":"🤞","phrase":"אסור לי להשתמש בטוסטר בלי ההורים שלי."}]},{"slug":"cutlery","title":"סכו\"ם","phrases":[{"type":"🙋","phrase":"אתה יכול להראות לי כיצד להשתמש בסכו\"ם?"},{"type":"😋","phrase":"אני לומד לאכול עם סכו\"ם."}]},{"slug":"spatula","title":"מרית","phrases":[{"type":"🙋","phrase":"אתה יכול להראות לי איך להשתמש במרית?"}]},{"slug":"oven","title":"תנור","phrases":[{"type":"🙋","phrase":"אתה יכול להראות לי איך להשתמש בתנור?"},{"type":"🤞","phrase":"אסור לי להשתמש בתנור בלי ההורים שלי."}]},{"slug":"kitchen-timer","title":"טיימר למטבח","phrases":[{"type":"🙋","phrase":"אתה יכול להראות לי כיצד להשתמש בטימר המטבח?"},{"type":"⏱️","phrase":"טיימר המטבח מצפצף."}]},{"slug":"pizza-cutter","title":"חותך פיצה","phrases":[{"type":"🙋","phrase":"אתה יכול להראות לי איך להשתמש בחותך פיצה?"},{"type":"🤞","phrase":"אסור לי להשתמש בחותך פיצה בלי ההורים שלי."}]},{"slug":"grater","title":"פומפייה","phrases":[{"type":"🙋","phrase":"אתה יכול להראות לי איך להשתמש בפומפיה?"},{"type":"🤞","phrase":"אסור לי להשתמש בפומפייה בלי ההורים שלי."}]},{"slug":"grill","title":"גריל","phrases":[{"type":"🙋","phrase":"אתה יכול להראות לי איך להשתמש בגריל?"},{"type":"🤞","phrase":"אסור לי להשתמש בגריל בלי ההורים שלי."}]},{"slug":"recipe-book","title":"ספר מתכונים","phrases":[{"type":"🙋","phrase":"האם אוכל לבחור מתכון לבישול?"},{"type":"🍳","phrase":"האם נוכל לבשל את המתכון הזה?"}]},{"slug":"kitchen-utensils","title":"כלי מטבח","phrases":[{"type":"❤️","phrase":"אני אוהב להשתמש בכלי מטבח."},{"type":"🤞","phrase":"אסור לי להשתמש בכלי מטבח בלי ההורים שלי."}]},{"slug":"stove","title":"כיריים","phrases":[{"type":"🙋","phrase":"אתה יכול להראות לי איך להשתמש בתנור?"},{"type":"🤞","phrase":"אסור לי להשתמש בתנור בלי ההורים שלי."}]},{"slug":"salt-and-pepper","title":"מלח ופלפל","phrases":[{"type":"🙋","phrase":"אתה יכול להביא מלח ופלפל?"}]},{"slug":"kitchen-board","title":"לוח מטבח","phrases":[{"type":"🙋","phrase":"האם אוכל לכתוב על לוח המטבח?"}]},{"slug":"scale","title":"קנה מידה","phrases":[{"type":"🙋","phrase":"אתה יכול להראות לי איך להשתמש בסולם המטבח?"}]},{"slug":"teapot","title":"קומקום","phrases":[{"type":"🙋","phrase":"אתה יכול להראות לי איך להשתמש בתה?"},{"type":"🤞","phrase":"אסור לי להשתמש בתה קומקום בלי ההורים שלי."}]},{"slug":"microwave","title":"מיקרוגל","phrases":[{"type":"🙋","phrase":"אתה יכול להראות לי איך להשתמש במיקרוגל?"},{"type":"🤞","phrase":"אסור לי להשתמש במיקרוגל בלי ההורים שלי."}]}]