[{"slug":"hospital-bed","title":"מיטת בית חולים","phrases":[{"type":"🙋","phrase":"אתה יכול לעזור לי איתי מיטת בית חולים?"}]},{"slug":"weight-loss","title":"ירידה במשקל","phrases":[{"type":"🏋️","phrase":"אני צריך למתן את צריכת המזון שלי."},{"type":"🏃‍♀️","phrase":"אני יורדת במשקל."},{"type":"🥩","phrase":"אני עולה במשקל."}]},{"slug":"exercise","title":"תרגיל","phrases":[{"type":"🏋️","phrase":"אני עושה פעילות גופנית."},{"type":"⏲️","phrase":"יש לי שגרת אימונים."}]},{"slug":"medical-history","title":"היסטוריה רפואית","phrases":[{"type":"📂","phrase":"הנה ההיסטוריה הרפואית שלי."}]},{"slug":"vitamin-c","title":"ויטמין סי","phrases":[{"type":"🍹","phrase":"אני צריך ליטול ויטמין C."},{"type":"🍊","phrase":"תפוזים מכילים ויטמין C."}]},{"slug":"thermometer","title":"מד חום","phrases":[{"type":"🤒","phrase":"האם אתה יכול למדוד את החום שלי?"},{"type":"🌡️","phrase":"איך מדחום עובד?"}]},{"slug":"pills","title":"גלולות","phrases":[{"type":"💊","phrase":"אני צריך לקחת את הכדורים שלי."},{"type":"👉","phrase":"האם לקחת את הכדורים שלך?"}]},{"slug":"medical-mask","title":"מסכה רפואית","phrases":[]},{"slug":"dental-care","title":"טיפול שיניים","phrases":[{"type":"🦷","phrase":"השיניים שלי כואבות."},{"type":"🦷","phrase":"אני מצחצח שיניים."}]},{"slug":"hearing-exam","title":"בחינת שמיעה","phrases":[{"type":"👂","phrase":"יש לי בעיות שמיעה."},{"type":"🦻","phrase":"אני אבחן בחינת שמיעה."}]},{"slug":"hospital","title":"בית חולים","phrases":[{"type":"🏥","phrase":"אני הולך לבית החולים."},{"type":"🏥","phrase":"אני בבית חולים."}]},{"slug":"stethoscope","title":"סטטוסקופ","phrases":[{"type":"👨‍⚕️","phrase":"רופאים משתמשים בסטטוסקופ."},{"type":"🩺","phrase":"האם אוכל לקבל סטטוסקופ צעצוע?"}]},{"slug":"ambulance","title":"אמבולנס","phrases":[{"type":"👀","phrase":"ראיתי אמבולנס."},{"type":"👂","phrase":"שמעתי קול אמבולנס."}]},{"slug":"drugstore","title":"בית מרקחת","phrases":[{"type":"🧾","phrase":"אני צריך למלא את המרשם שלי."},{"type":"➡️","phrase":"הנה המרשם שלי."}]},{"slug":"emergency","title":"חרום","phrases":[{"type":"🚨","phrase":"יש לי מצב חירום בריאותי."},{"type":"🚑","phrase":"אני הולך לחדר מיון."}]},{"slug":"health-insurance","title":"ביטוח בריאות","phrases":[{"type":"⚕️","phrase":"יש לי ביטוח בריאות."},{"type":"❌","phrase":"אין לי ביטוח בריאות."}]},{"slug":"doctor","title":"דוקטור","phrases":[{"type":"❤️","phrase":"אני אוהב את הרופא שלי."},{"type":"🤩","phrase":"הרופא עוזר לי."}]},{"slug":"nurse","title":"אחות","phrases":[{"type":"❤️","phrase":"אני אוהבת את האחות שלי."},{"type":"🤩","phrase":"האחות עוזרת לי."}]}]