[{"slug":"one","title":"אחד","phrases":[{"type":"➖","phrase":"אחד בא לפני שניים."},{"type":"➕","phrase":"אחד בא אחרי אפס."},{"type":"🙋","phrase":"אני רוצה אחד."}]},{"slug":"two","title":"שתיים","phrases":[{"type":"➖","phrase":"שתיים מגיעות לפני שלוש."},{"type":"➕","phrase":"שניים באים אחרי אחד."},{"type":"🙋","phrase":"אני רוצה שניים."}]},{"slug":"three","title":"שלוש","phrases":[{"type":"➖","phrase":"שלוש מגיע לפני ארבע."},{"type":"➕","phrase":"שלוש מגיעות אחרי שתיים."},{"type":"🙋","phrase":"אני רוצה שלושה."}]},{"slug":"four","title":"ארבע","phrases":[{"type":"➖","phrase":"ארבע מגיע לפני חמש."},{"type":"➕","phrase":"ארבע מגיע אחרי שלוש."},{"type":"🙋","phrase":"אני רוצה ארבעה."}]},{"slug":"five","title":"חמש","phrases":[{"type":"➖","phrase":"חמש מגיע לפני שש."},{"type":"➕","phrase":"חמש מגיע אחרי ארבע."},{"type":"🙋","phrase":"אני רוצה חמישה."}]},{"slug":"six","title":"שש","phrases":[{"type":"➖","phrase":"שש מגיע לפני שבע."},{"type":"➕","phrase":"שש מגיע אחרי חמש."},{"type":"🙋","phrase":"אני רוצה לתקן."}]},{"slug":"seven","title":"שבע","phrases":[{"type":"➖","phrase":"שבע מגיע לפני שמונה."},{"type":"➕","phrase":"שבע מגיע אחרי שש."},{"type":"🙋","phrase":"אני רוצה שבעה."}]},{"slug":"eight","title":"שמונה","phrases":[{"type":"➖","phrase":"שמונה מגיעים לפני תשע."},{"type":"➕","phrase":"שמונה מגיעים אחרי שבע."},{"type":"🙋","phrase":"אני רוצה שמונה."}]},{"slug":"nine","title":"תשע","phrases":[{"type":"➖","phrase":"תשע מגיע לפני עשר."},{"type":"➕","phrase":"תשע מגיע אחרי שמונה."},{"type":"🙋","phrase":"אני רוצה תשע."}]},{"slug":"ten","title":"עשר","phrases":[{"type":"➖","phrase":"עשר מגיע לפני אחת עשרה."},{"type":"➕","phrase":"עשר מגיע אחרי תשע."},{"type":"🙋","phrase":"אני רוצה עשרה."}]},{"slug":"eleven","title":"אחת עשרה","phrases":[{"type":"➖","phrase":"אחת עשרה מגיעה לפני שלוש עשרה."},{"type":"➕","phrase":"אחת עשרה מגיעה אחרי עשר."},{"type":"🙋","phrase":"אני רוצה אחת עשרה."}]},{"slug":"twenty","title":"עשרים","phrases":[{"type":"🔢","phrase":"אני יכול לספור עד עשרים."}]},{"slug":"thirty","title":"שלושים","phrases":[{"type":"🔢","phrase":"אני יכול לספור עד שלושים."}]},{"slug":"forty","title":"ארבעים","phrases":[{"type":"🔢","phrase":"אני יכול לספור עד ארבעים."}]},{"slug":"fifty","title":"חמישים","phrases":[{"type":"🔢","phrase":"אני יכול לספור עד חמישים."}]},{"slug":"hundred","title":"מאה","phrases":[{"type":"🔢","phrase":"אני יכול לספור עד מאה."}]},{"slug":"thousand","title":"אלף","phrases":[{"type":"🔢","phrase":"אני יכול לספור עד אלף."}]},{"slug":"calculator","title":"מחשבון","phrases":[{"type":"🖩","phrase":"אני רוצה להשתמש במחשבון."},{"type":"🧮","phrase":"האם אתה יכול ללמד אותי להשתמש במחשבון?"},{"type":"🙋","phrase":"האם אוכל לחסום את המחשבון שלך?"}]}]