[{"slug":"teacher","title":"מורה","phrases":[{"type":"❓","phrase":"מה עושה מורה?"},{"type":"🙋","phrase":"אני רוצה להיות מורה."}]},{"slug":"police-officer","title":"שוטר","phrases":[{"type":"❓","phrase":"מה שוטר עושה?"},{"type":"🙋","phrase":"אני רוצה להיות שוטר."}]},{"slug":"writer","title":"סופר","phrases":[{"type":"❓","phrase":"מה כותב עושה?"},{"type":"🙋","phrase":"אני רוצה להפוך לסופר."}]},{"slug":"doctor","title":"דוקטור","phrases":[{"type":"❓","phrase":"מה רופא עושה?"},{"type":"🙋","phrase":"אני רוצה להיות רופא."}]},{"slug":"detective","title":"בלש","phrases":[{"type":"❓","phrase":"מה עושה בלש?"},{"type":"🙋","phrase":"אני רוצה להפוך לבלש."}]},{"slug":"artist","title":"אמן","phrases":[{"type":"❓","phrase":"מה אמן עושה?"},{"type":"🙋","phrase":"אני רוצה להפוך לאמן."}]},{"slug":"singer","title":"זמר","phrases":[{"type":"❓","phrase":"מה עושה זמר?"},{"type":"🙋","phrase":"אני רוצה להפוך לזמר."}]},{"slug":"astronaut","title":"אסטרונאוט","phrases":[{"type":"❓","phrase":"מה עושה אסטרונאוט?"},{"type":"🙋","phrase":"אני רוצה להפוך לאסטרונאוט."}]},{"slug":"sailor","title":"מלח","phrases":[{"type":"❓","phrase":"מה מלח עושה?"},{"type":"🙋","phrase":"אני רוצה להיות מלח."}]},{"slug":"chef","title":"שף","phrases":[{"type":"❓","phrase":"מה שף עושה?"},{"type":"🙋","phrase":"אני רוצה להיות שף."}]},{"slug":"farmer","title":"איכר","phrases":[{"type":"❓","phrase":"מה עושה חקלאי?"},{"type":"🙋","phrase":"אני רוצה להפוך לחקלאי."}]},{"slug":"construction-worker","title":"עובד בניין","phrases":[{"type":"❓","phrase":"מה עושה עובד בניין?"},{"type":"🙋","phrase":"אני רוצה להיות עובד בניין."}]},{"slug":"baker","title":"בייקר","phrases":[{"type":"❓","phrase":"מה אופה עושה?"},{"type":"🙋","phrase":"אני רוצה להפוך לאופה."}]},{"slug":"lifeguard","title":"מציל","phrases":[{"type":"❓","phrase":"מה מציל עושה?"},{"type":"🙋","phrase":"אני רוצה להיות מציל."}]},{"slug":"astronomer","title":"אסטרונום","phrases":[{"type":"❓","phrase":"מה עושה אסטרונום?"},{"type":"🙋","phrase":"אני רוצה להפוך לאסטרונום."}]},{"slug":"journalist","title":"עיתונאית","phrases":[{"type":"❓","phrase":"מה עיתונאי עושה?"},{"type":"🙋","phrase":"אני רוצה להיות עיתונאית."}]},{"slug":"archeologist","title":"ארכיאולוג","phrases":[{"type":"❓","phrase":"מה עושה ארכיאולוג?"},{"type":"🙋","phrase":"אני רוצה להפוך לארכיאולוג."}]},{"slug":"musician","title":"מוזיקאי","phrases":[{"type":"❓","phrase":"מה עושה מוזיקאי?"},{"type":"🙋","phrase":"אני רוצה להפוך למוזיקאי."}]},{"slug":"magician","title":"קוסם","phrases":[{"type":"❓","phrase":"מה עושה קוסם?"},{"type":"🙋","phrase":"אני רוצה להפוך לקוסם."}]},{"slug":"soccer-player","title":"שחקן כדורגל","phrases":[{"type":"❓","phrase":"מה עושה כדורגלן?"},{"type":"🙋","phrase":"אני רוצה להפוך לשחקן כדורגל."}]},{"slug":"postwoman","title":"דוברת","phrases":[{"type":"❓","phrase":"מה עושה דוברת?"},{"type":"🙋","phrase":"אני רוצה להפוך לאשת הדואר."}]},{"slug":"firefighter","title":"כבאי","phrases":[{"type":"❓","phrase":"מה עושה כבאי?"},{"type":"🙋","phrase":"אני רוצה להפוך לכבאי."}]},{"slug":"scientist","title":"מדען","phrases":[{"type":"❓","phrase":"מה מדען עושה?"},{"type":"🙋","phrase":"אני רוצה להיות מדען."}]},{"slug":"gardener","title":"גנן","phrases":[{"type":"❓","phrase":"מה גנן עושה?"},{"type":"🙋","phrase":"אני רוצה להפוך לגנן."}]},{"slug":"butcher","title":"קצב","phrases":[{"type":"❓","phrase":"מה הקצב עושה?"},{"type":"🙋","phrase":"אני רוצה להפוך לקצב."}]},{"slug":"veterinarian","title":"וטרינר","phrases":[{"type":"❓","phrase":"מה עושה וטרינר?"},{"type":"🙋","phrase":"אני רוצה להיות וטרינר."}]},{"slug":"lumber-jack","title":"חוטב עצים","phrases":[{"type":"❓","phrase":"מה עושה שקע עצים?"},{"type":"🙋","phrase":"אני רוצה להפוך לשקע עצים."}]},{"slug":"miner","title":"כורה","phrases":[{"type":"❓","phrase":"מה עושה כורה?"},{"type":"🙋","phrase":"אני רוצה להיות כורה."}]},{"slug":"nun","title":"נון","phrases":[{"type":"❓","phrase":"מה עושה נזירה?"},{"type":"🙋","phrase":"אני רוצה להיות נזירה."}]},{"slug":"fisher-woman","title":"פישר אשה","phrases":[{"type":"❓","phrase":"מה עושה דייג-אישה?"},{"type":"🙋","phrase":"אני רוצה להפוך לאשת הדייג."}]},{"slug":"hair-dresser","title":"מעצבת שיער","phrases":[{"type":"❓","phrase":"מה עושה מעצב שיער?"},{"type":"🙋","phrase":"אני רוצה להפוך למספרה."}]},{"slug":"mechanic","title":"מכונאי","phrases":[{"type":"❓","phrase":"מה עושה מכונאי?"},{"type":"🙋","phrase":"אני רוצה להפוך למכונאי."}]},{"slug":"electrician","title":"חשמלאי","phrases":[{"type":"❓","phrase":"מה עושה חשמלאי?"},{"type":"🙋","phrase":"אני רוצה להפוך לחשמלאי."}]},{"slug":"swimmer","title":"שחיין","phrases":[{"type":"❓","phrase":"מה שחיין עושה?"},{"type":"🙋","phrase":"אני רוצה להיות שחיין."}]},{"slug":"photographer","title":"צלם","phrases":[{"type":"❓","phrase":"מה עושה צלם?"},{"type":"🙋","phrase":"אני רוצה להפוך לצלם."}]},{"slug":"priest","title":"כהן","phrases":[{"type":"❓","phrase":"מה עושה כומר?"},{"type":"🙋","phrase":"אני רוצה להיות כומר."}]},{"slug":"soldier","title":"חייל","phrases":[{"type":"❓","phrase":"מה חייל עושה?"},{"type":"🙋","phrase":"אני רוצה להיות חייל."}]},{"slug":"carpenter","title":"נגר","phrases":[{"type":"❓","phrase":"מה נגר עושה?"},{"type":"🙋","phrase":"אני רוצה להפוך לנגר."}]},{"slug":"plumber","title":"שרברב","phrases":[{"type":"❓","phrase":"מה אינסטלטור עושה?"},{"type":"🙋","phrase":"אני רוצה להפוך לאינסטלטור."}]},{"slug":"wall-painter","title":"צייר קירות","phrases":[{"type":"❓","phrase":"מה עושה צייר קירות?"},{"type":"🙋","phrase":"אני רוצה להפוך לצייר קירות."}]},{"slug":"nurse","title":"אחות","phrases":[{"type":"❓","phrase":"מה אחות עושה?"},{"type":"🙋","phrase":"אני רוצה להיות אחות."}]},{"slug":"judge","title":"שופט","phrases":[{"type":"❓","phrase":"מה עושה שופט?"},{"type":"🙋","phrase":"אני רוצה להיות שופט."}]},{"slug":"waiter","title":"מלצר","phrases":[{"type":"❓","phrase":"מה המלצר עושה?"},{"type":"🙋","phrase":"אני רוצה להפוך למלצר."}]},{"slug":"pilot","title":"טייס","phrases":[{"type":"❓","phrase":"מה טייס עושה?"},{"type":"🙋","phrase":"אני רוצה להיות טייס."}]},{"slug":"welder","title":"רתך","phrases":[{"type":"❓","phrase":"מה עושה רתך?"},{"type":"🙋","phrase":"אני רוצה להפוך לרתך."}]},{"slug":"executive","title":"מנהל","phrases":[{"type":"❓","phrase":"מה עושה בכיר?"},{"type":"🙋","phrase":"אני רוצה להפוך למנהל."}]},{"slug":"hostess","title":"מארחת","phrases":[{"type":"❓","phrase":"מה עושה מארחת?"},{"type":"🙋","phrase":"אני רוצה להפוך למארחת."}]}]