[{"slug":"confetti","title":"קונפטי","phrases":[{"type":"❤️","phrase":"אני אוהבת קונפטי."},{"type":"🙋","phrase":"האם אוכל לפוצץ את הקונפטי?"}]},{"slug":"party-blower","title":"מפוח מפלגה","phrases":[{"type":"❤️","phrase":"אני אוהבת מפוחים למסיבות."},{"type":"🔊","phrase":"האם מפוח המסיבות שלי רועש?"}]},{"slug":"gift","title":"מתנה","phrases":[{"type":"❤️","phrase":"אני אוהב מתנות."},{"type":"🎁","phrase":"מה קיבלת אותי במתנה?"}]},{"slug":"candle","title":"נר","phrases":[{"type":"❤️","phrase":"אני אוהבת נרות מסיבה."},{"type":"🕯️","phrase":"האם אוכל לנשוף את הנרות?"},{"type":"🎂","phrase":"כמה נרות יש?"}]},{"slug":"party-hat","title":"כובע מסיבות","phrases":[{"type":"❤️","phrase":"אני אוהב לחבוש כובע מסיבה."},{"type":"👚","phrase":"אני אלבש כובע מסיבה במהלך המסיבה."}]},{"slug":"balloons","title":"בלונים","phrases":[{"type":"❤️","phrase":"אני אוהב בלונים."},{"type":"🎈","phrase":"האם אוכל להקפיץ את הבלונים?"}]},{"slug":"garlands","title":"גרלנדס","phrases":[{"type":"❤️","phrase":"אני אוהב זר."},{"type":"🙋","phrase":"אני רוצה לעטות זר למסיבה שלי."},{"type":"🙋","phrase":"אתה יכול להכניס את הזריגים האלה לזרוע שלי?"}]},{"slug":"cake","title":"עוגה","phrases":[{"type":"❤️","phrase":"אני אוהב לאכול עוגה."},{"type":"🙋","phrase":"האם אוכל לקבל פרוסת עוגה?"}]},{"slug":"ice-cream","title":"גלידה","phrases":[{"type":"❤️","phrase":"אני אוהבת לאכול גלידה."},{"type":"🍭","phrase":"מה הטעם האהוב עליך?"}]},{"slug":"microphone","title":"מיקרופון","phrases":[{"type":"❤️","phrase":"אני אוהב לשחק קריוקי."},{"type":"❤️","phrase":"אני אוהב לשיר."}]},{"slug":"music","title":"מוזיקה","phrases":[{"type":"❤️","phrase":"אני אוהב לנגן מוזיקה."},{"type":"🎶","phrase":"איזה סוג של מוזיקה אתה אוהב?"}]},{"slug":"magician","title":"קוסם","phrases":[{"type":"❤️","phrase":"אני אוהב קוסמים."},{"type":"✨","phrase":"אני רוצה להיות קוסם."},{"type":"🙋","phrase":"אתה יכול ללמד אותי כמה טריקים קסמים?"}]},{"slug":"taking-photos","title":"מצלם","phrases":[{"type":"❤️","phrase":"אני אוהב לצלם."},{"type":"🙋","phrase":"האם אוכל לצלם באמצעות הטלפון שלך?"}]},{"slug":"invitation","title":"הזמנה","phrases":[{"type":"📧","phrase":"קיבלתי הזמנה."},{"type":"📨","phrase":"האם אוכל להזמין את חברי למסיבה?"},{"type":"📨","phrase":"האם אוכל להזמין את חברי למסיבת יום ההולדת שלי?"},{"type":"📨","phrase":"האם נוכל להזמין את החברים שלי למסיבה של אחותי?"},{"type":"📨","phrase":"האם נוכל להזמין את החברים שלי למסיבה של אחי?"}]},{"slug":"candy","title":"ממתק","phrases":[{"type":"❤️","phrase":"אני אוהב ממתקים."},{"type":"🙋","phrase":"האם אוכל לאכול סוכריות?"}]},{"slug":"popsicle","title":"ארטיק","phrases":[{"type":"❤️","phrase":"אני אוהב קרטיב."},{"type":"🙋","phrase":"האם אוכל לאכול איזה קרטיב?"},{"type":"🙋","phrase":"האם נוכל להכין כמה ארטיקים?"},{"type":"🙋","phrase":"האם אתה רוצה לאכול ארטיק?"}]},{"slug":"cupcake","title":"קאפקייק","phrases":[{"type":"❤️","phrase":"אני אוהבת קאפקייק."},{"type":"🙋","phrase":"האם אוכל לאכול קאפקייק?"}]},{"slug":"costume","title":"תחפושת","phrases":[{"type":"❤️","phrase":"אני אוהבת ללבוש תחפושת."},{"type":"🦸","phrase":"האם אוכל ללבוש תחפושת של עכביש?"},{"type":"🦸‍♂️","phrase":"האם אוכל ללבוש תחפושת באטמן?"},{"type":"🦸‍♀️","phrase":"האם אוכל ללבוש תחפושת של אישה פלאית?"}]},{"slug":"party-glasses","title":"משקפי מסיבה","phrases":[{"type":"❤️","phrase":"אני אוהבת כוסות מסיבה."},{"type":"🙋","phrase":"האם אוכל להרכיב משקפי מסיבה?"}]},{"slug":"spotlights","title":"זרקורים","phrases":[{"type":"❤️","phrase":"אני אוהב זרקורים."},{"type":"❌","phrase":"אני לא אוהב זרקורים."}]},{"slug":"marshmallow","title":"מרשמלו","phrases":[{"type":"❤️","phrase":"אני אוהבת מרשמלו."},{"type":"🔥","phrase":"אני מבשל מרשמלו מעל אש המחנה."},{"type":"🙋","phrase":"אני רוצה לאכול מרשמלו."}]},{"slug":"guacamole","title":"גואקמולי","phrases":[{"type":"❤️","phrase":"אני אוהב גוואקמולי."},{"type":"🙋","phrase":"האם אוכל לאכול גוואקמולי?"},{"type":"❌","phrase":"אני לא אוהב לאכול גוואקמולי."}]},{"slug":"hotdog","title":"נקניקיה","phrases":[{"type":"❤️","phrase":"אני אוהב נקניקיות."},{"type":"🙋","phrase":"האם אוכל לקבל נקניקייה?"},{"type":"❌","phrase":"אני לא אוהב לאכול נקניקיות."},{"type":"🙋","phrase":"האם אוכל לאכול נקניקיות?"}]},{"slug":"bouncy-castle","title":"טירה מתנפחת","phrases":[{"type":"❤️","phrase":"אני אוהב טירה קופצנית."},{"type":"🙋","phrase":"אני רוצה לשחק בטירה הקופצנית."},{"type":"🙋","phrase":"בוא נשחק בטירה הקופצנית."}]},{"slug":"clown","title":"ליצן","phrases":[{"type":"❤️","phrase":"אני אוהב ליצנים."},{"type":"❌","phrase":"אני לא אוהב ליצנים."},{"type":"🙋","phrase":"אני רוצה להיות ליצן."}]},{"slug":"magic-hat","title":"כובע קסם","phrases":[{"type":"❤️","phrase":"אני אוהב כובעי קסם."},{"type":"🧙‍♂️","phrase":"אני קוסם!"},{"type":"🙋","phrase":"אני רוצה קסם."}]},{"slug":"dart-board","title":"לוח חץ","phrases":[{"type":"❤️","phrase":"אני אוהב לשחק חץ."},{"type":"🎯","phrase":"משחק חץ יכול להיות מסוכן."}]}]