[{"slug":"mother","title":"אמא","phrases":[{"type":"⁉️","phrase":"אמא!"},{"type":"💘","phrase":"אני אוהב את אמא שלי."},{"type":"❤️","phrase":"אני אוהב אותך אמא."},{"type":"☹️","phrase":"אני מתגעגע לאמא שלי."},{"type":"🙏🏼","phrase":"תודה שדאגת לי."},{"type":"👉🏼","phrase":"היא אמא שלי."},{"type":"❓","phrase":"אתה יכול לעזור לי למצוא את אמא שלי?"}]},{"slug":"father","title":"אבא","phrases":[{"type":"⁉️","phrase":"אבא!"},{"type":"💘","phrase":"אני אוהב את אבא שלי."},{"type":"❤️","phrase":"אני אוהב אותך אבא."},{"type":"☹️","phrase":"אני מתגעגע לאבא שלי."},{"type":"🙏🏼","phrase":"תודה שדאגת לי."},{"type":"👉🏼","phrase":"הוא אבא שלי."},{"type":"❓","phrase":"אתה יכול לעזור לי למצוא את אבי?"}]},{"slug":"parents","title":"הורים","phrases":[{"type":"💑","phrase":"אני אוהב את ההורים שלי."},{"type":"💘","phrase":"אני אוהב את ההורים שלי."},{"type":"☹️","phrase":"אני מתגעגע להורים שלי."},{"type":"👉🏼","phrase":"הם ההורים שלי."},{"type":"👨‍👩‍👧","phrase":"ההורים שלי מטפלים בי."},{"type":"❓","phrase":"אתה יכול לעזור לי למצוא את ההורים שלי?"}]},{"slug":"grandparents","title":"סבים","phrases":[{"type":"💑","phrase":"אני אוהבת את סבא וסבתא שלי."},{"type":"💘","phrase":"אני אוהב אותך סבים וסבתות."},{"type":"☹️","phrase":"אני מתגעגע לסבא וסבתא שלי."},{"type":"👉🏼","phrase":"הם הסבים שלי."},{"type":"👨‍👩‍👧","phrase":"סבא וסבתא שלי מטפלים בי."},{"type":"❓","phrase":"אתה יכול לעזור לי למצוא את סבא וסבתא שלי?"}]},{"slug":"brother","title":"אח","phrases":[{"type":"💑","phrase":"אני אוהב את אח שלי."},{"type":"💘","phrase":"אני אוהב אותך אחי."},{"type":"☹️","phrase":"אני מתגעגע לאח שלי."},{"type":"👉🏼","phrase":"הוא האח שלי."},{"type":"🙎‍♂️","phrase":"אחי מטפל בי."},{"type":"❓","phrase":"אתה יכול לעזור לי למצוא את אחי?"}]},{"slug":"sister","title":"אחות","phrases":[{"type":"💑","phrase":"אני אוהב את אחותי."},{"type":"💘","phrase":"אני אוהב אותך, אחותי."},{"type":"☹️","phrase":"אני מתגעגע לאחותי."},{"type":"👉🏼","phrase":"היא אחותי."},{"type":"🙍‍♀️","phrase":"אחותי מטפלת בי."},{"type":"❓","phrase":"אתה יכול לעזור לי למצוא את אחותי?"}]},{"slug":"uncle","title":"דוד","phrases":[{"type":"💑","phrase":"אני אוהבת את דודי."},{"type":"💘","phrase":"אני אוהב אותך דוד."},{"type":"☹️","phrase":"אני מתגעגע לדודי."},{"type":"👉🏼","phrase":"הוא דודי."},{"type":"❓","phrase":"אתה יכול לעזור לי למצוא את דודי?"}]},{"slug":"aunt","title":"דודה","phrases":[{"type":"💑","phrase":"אני אוהב את דודתי."},{"type":"💘","phrase":"אני אוהבת אותך דודה."},{"type":"☹️","phrase":"אני מתגעגע לדודה שלי."},{"type":"👉🏼","phrase":"היא הדודה שלי."},{"type":"❓","phrase":"אתה יכול לעזור לי למצוא את דודה שלי?"}]},{"slug":"teacher","title":"מורה","phrases":[{"type":"💑","phrase":"אני אוהב את המורה שלי."},{"type":"💘","phrase":"אני אוהב אותך מורה."},{"type":"💔","phrase":"אני לא אוהב את המורה שלי."},{"type":"☹️","phrase":"אני מתגעגע למורה שלי."},{"type":"🙏🏼","phrase":"תודה על השיעור."}]},{"slug":"therapist","title":"מטפל","phrases":[{"type":"💑","phrase":"אני אוהבת את המטפל שלי."},{"type":"💘","phrase":"אני אוהב אותך מטפל."},{"type":"💔","phrase":"אני לא אוהב את המטפל שלי."},{"type":"☹️","phrase":"אני מתגעגע למטפל שלי."},{"type":"🙏🏼","phrase":"תודה על הפגישה."}]},{"slug":"doctor","title":"דוקטור","phrases":[{"type":"💑","phrase":"אני אוהבת את הרופא שלי."},{"type":"💘","phrase":"אני אוהב אותך רופא."},{"type":"💔","phrase":"אני לא אוהב את הרופא שלי."},{"type":"☹️","phrase":"אני מתגעגע לרופא שלי."},{"type":"🙏🏼","phrase":"תודה שרפאת אותי."}]},{"slug":"friends","title":"חברים","phrases":[{"type":"💑","phrase":"אני אוהב את החברים שלי."},{"type":"❓","phrase":"אתה רוצה להיות חבר שלי?"},{"type":"💔","phrase":"אני לא אוהב את החברים שלי."},{"type":"☹️","phrase":"אני מתגעגע לחברים שלי."},{"type":"👉🏼","phrase":"הם חברים שלי."},{"type":"🙏🏼","phrase":"תודה ששיחקת איתי."}]},{"slug":"cousins","title":"בני דודים","phrases":[{"type":"💑","phrase":"אני אוהבת את בני דודי."},{"type":"❌","phrase":"אין לי בני דודים."},{"type":"☹️","phrase":"אני מתגעגע לבני דודי."},{"type":"👉🏼","phrase":"הם בני הדודים שלי."}]},{"slug":"grandmother","title":"סבתא","phrases":[{"type":"💑","phrase":"אני אוהב את סבתא שלי."},{"type":"💘","phrase":"אני אוהב אותך סבתא."},{"type":"☹️","phrase":"אני מתגעגע לסבתא שלי."},{"type":"👉🏼","phrase":"היא סבתא שלי."}]},{"slug":"grandfather","title":"סבא","phrases":[{"type":"💑","phrase":"אני אוהב את סבי."},{"type":"💘","phrase":"אני אוהב אותך סבא."},{"type":"☹️","phrase":"אני מתגעגע לסבא שלי."},{"type":"👉🏼","phrase":"הוא סבא שלי."}]},{"slug":"stepfather","title":"אבא חורג","phrases":[{"type":"💑","phrase":"אני אוהב את אבי החורג."},{"type":"👉🏼","phrase":"הוא אבי החורג."},{"type":"☹️","phrase":"אני מתגעגע לאבי החורג."},{"type":"👉🏼","phrase":"הוא אבי החורג."}]},{"slug":"stepmother","title":"אמא חורגת","phrases":[{"type":"💑","phrase":"אני אוהבת את אמי החורגת."},{"type":"👉🏼","phrase":"היא אמי החורגת."},{"type":"☹️","phrase":"אני מתגעגע לאמי החורגת."},{"type":"👉🏼","phrase":"היא אמי החורגת."}]},{"slug":"stepsister","title":"אחות חורגת","phrases":[{"type":"💑","phrase":"אני אוהב את אחי החורג."},{"type":"👉🏼","phrase":"היא אחות החורג שלי."},{"type":"☹️","phrase":"אני מתגעגע לאחות החורג שלי."},{"type":"👉🏼","phrase":"היא אחות החורג שלי."}]},{"slug":"stepbrother","title":"אח חורג","phrases":[{"type":"💑","phrase":"אני אוהב את אח החורג שלי."},{"type":"👉🏼","phrase":"הוא אח החורג שלי."},{"type":"☹️","phrase":"אני מתגעגע לאח החורג שלי."},{"type":"👉🏼","phrase":"הוא אח החורג שלי."}]},{"slug":"half-brother","title":"אח חורג","phrases":[{"type":"💑","phrase":"אני אוהב את אחי למחצה."},{"type":"👉🏼","phrase":"הוא אחי למחצה."},{"type":"☹️","phrase":"אני מתגעגע לאחי למחצה."},{"type":"👉🏼","phrase":"הוא אחי למחצה."}]},{"slug":"half-sister","title":"אחות למחצה","phrases":[{"type":"💑","phrase":"אני אוהבת את אחותי למחצה."},{"type":"👉🏼","phrase":"היא אחותי למחצה."},{"type":"☹️","phrase":"אני מתגעגע לאחותי למחצה."},{"type":"👉🏼","phrase":"היא אחותי למחצה."}]}]