[{"slug":"captain","title":"קפטן","phrases":[]},{"slug":"pirate-crew","title":"צוות פיראטים","phrases":[]},{"slug":"treasure","title":"אוצר","phrases":[]},{"slug":"hook","title":"וו","phrases":[]},{"slug":"compass","title":"מצפן","phrases":[]},{"slug":"pirate-ship","title":"ספינת פיראטים","phrases":[]},{"slug":"pirate-gun","title":"אקדח פיראטים","phrases":[]},{"slug":"pirate-sword","title":"חרב פיראטים","phrases":[]},{"slug":"barrel","title":"חבית","phrases":[]},{"slug":"pirate-flag","title":"דגל פיראטים","phrases":[]},{"slug":"treasure-map","title":"מפת אוצר","phrases":[]},{"slug":"spyglass","title":"שפיגלס","phrases":[]},{"slug":"cannon","title":"תותח","phrases":[]},{"slug":"helm","title":"הלם","phrases":[]},{"slug":"lighthouse","title":"מגדלור","phrases":[]},{"slug":"anchor","title":"עוגן","phrases":[]},{"slug":"bomb","title":"פצצה","phrases":[]},{"slug":"coin","title":"מטבע","phrases":[]},{"slug":"candle","title":"נר","phrases":[]},{"slug":"knife","title":"סכין","phrases":[]}]