[{"slug":"park","title":"פארק","phrases":[{"type":"🙋","phrase":"אני רוצה ללכת לפארק."},{"type":"☝️","phrase":"אתה יכול לקחת אותי לפארק?"},{"type":"💡","phrase":"אני יכול לשחק בפארק."}]},{"slug":"mall","title":"קניון","phrases":[{"type":"🙋","phrase":"אני רוצה ללכת לקניון."},{"type":"☝️","phrase":"אתה יכול לקחת אותי לקניון?"},{"type":"💡","phrase":"אני יכול לקנות בקניון."}]},{"slug":"restaurant","title":"מסעדה","phrases":[{"type":"🙋","phrase":"אני רוצה ללכת למסעדה."},{"type":"☝️","phrase":"אתה יכול לקחת אותי למסעדה?"},{"type":"💡","phrase":"אני יכול לאכול ארוחה במסעדה."}]},{"slug":"cinema","title":"בית קולנוע","phrases":[{"type":"🙋","phrase":"אני רוצה ללכת לקולנוע."},{"type":"☝️","phrase":"אתה יכול לקחת אותי לקולנוע?"},{"type":"💡","phrase":"אני יכול לראות סרט בקולנוע."}]},{"slug":"school","title":"בית ספר","phrases":[{"type":"🙋","phrase":"אני רוצה ללכת לבית ספר."},{"type":"☝️","phrase":"אתה יכול לקחת אותי לבית הספר?"},{"type":"💡","phrase":"אני יכול ללמוד בבית הספר."}]},{"slug":"library","title":"ספריה","phrases":[{"type":"🙋","phrase":"אני רוצה ללכת לספריה."},{"type":"☝️","phrase":"אתה יכול לקחת אותי לספריה?"},{"type":"💡","phrase":"אני יכול ללמוד בספריה."}]},{"slug":"fair","title":"יריד","phrases":[{"type":"🙋","phrase":"אני רוצה ללכת ליריד."},{"type":"☝️","phrase":"אתה יכול לקחת אותי ליריד?"},{"type":"💡","phrase":"אני יכול ליהנות ביריד."}]},{"slug":"drugstore","title":"בית מרקחת","phrases":[{"type":"🙋","phrase":"אני רוצה ללכת לבית מרקחת."},{"type":"☝️","phrase":"אתה יכול לקחת אותי לבית מרקחת?"},{"type":"💡","phrase":"אני יכול לקנות את התרופות שלי בבית המרקחת."}]},{"slug":"hospital","title":"בית חולים","phrases":[{"type":"🙋","phrase":"אני רוצה ללכת לבית חולים."},{"type":"☝️","phrase":"אתה יכול לקחת אותי לבית חולים?"},{"type":"💡","phrase":"אנשים חולים יכולים ללכת לבית חולים."}]},{"slug":"amusement-park","title":"פארק השעשועים","phrases":[{"type":"🙋","phrase":"אני רוצה ללכת ללונה פארק."},{"type":"☝️","phrase":"אתה יכול לקחת אותי לפארק השעשועים?"},{"type":"💡","phrase":"אני יכול להשתעשע בפארק השעשועים."}]},{"slug":"dormitory","title":"מעונות","phrases":[{"type":"🙋","phrase":"אני רוצה ללכת למעונות."},{"type":"☝️","phrase":"אתה יכול לקחת אותי למעונות?"},{"type":"💡","phrase":"אני יכול להישאר במעונות."}]},{"slug":"laundry-place","title":"מקום כביסה","phrases":[{"type":"🙋","phrase":"אני רוצה ללכת למקום הכביסה."},{"type":"☝️","phrase":"אתה יכול לקחת אותי למקום הכביסה?"},{"type":"💡","phrase":"אני יכול לנקות את הכביסה במקום הכביסה."}]},{"slug":"barber-shop","title":"מספרה","phrases":[{"type":"🙋","phrase":"אני רוצה ללכת למספרה."},{"type":"☝️","phrase":"אתה יכול לקחת אותי למספרה?"},{"type":"💡","phrase":"אני יכול להסתפר במספרה."}]},{"slug":"hotel","title":"מלון","phrases":[{"type":"🙋","phrase":"אני רוצה ללכת למלון."},{"type":"☝️","phrase":"אתה יכול לקחת אותי למלון?"},{"type":"💡","phrase":"אני יכול להישאר בבית מלון."}]},{"slug":"kindergarten","title":"גן ילדים","phrases":[{"type":"🙋","phrase":"אני רוצה ללכת לגן."},{"type":"☝️","phrase":"אתה יכול לקחת אותי לגן?"}]},{"slug":"parking-lot","title":"מגרש חניה","phrases":[{"type":"🙋","phrase":"אני רוצה ללכת לחניון."},{"type":"☝️","phrase":"אתה יכול לקחת אותי לחניון?"}]},{"slug":"elevator","title":"מעלית","phrases":[{"type":"🙋","phrase":"אני רוצה להשתמש במעלית."},{"type":"💗","phrase":"אני אוהב להשתמש במעלית?"},{"type":"💡","phrase":"אני יכול לעלות למעלה עם מעלית."}]},{"slug":"bank","title":"בנק","phrases":[{"type":"🙋","phrase":"אני רוצה ללכת לבנק."},{"type":"☝️","phrase":"אתה יכול לקחת אותי לבנק?"},{"type":"💡","phrase":"אני יכול למשוך כסף בבנק."}]},{"slug":"skycraper","title":"גורד שחקים","phrases":[{"type":"🙋","phrase":"אני רוצה ללכת לרוכב שחקים."},{"type":"☝️","phrase":"אתה יכול לקחת אותי לרוכב שחקים?"}]},{"slug":"stadium","title":"אצטדיון","phrases":[{"type":"🙋","phrase":"אני רוצה ללכת לאצטדיון."},{"type":"☝️","phrase":"אתה יכול לקחת אותי לאצטדיון?"}]},{"slug":"cruise-ship","title":"ספינת תענוגות","phrases":[{"type":"🙋","phrase":"אני רוצה לעלות על ספינת שייט."},{"type":"☝️","phrase":"אתה יכול לקחת אותי לספינת שייט?"}]},{"slug":"forest","title":"יער","phrases":[{"type":"🙋","phrase":"אני רוצה ללכת ליער."},{"type":"☝️","phrase":"אתה יכול לקחת אותי ליער?"}]},{"slug":"tent","title":"אוהל","phrases":[{"type":"🙋","phrase":"אני רוצה ללכת לאוהל."},{"type":"☝️","phrase":"האם נוכל להישאר באוהל?"}]},{"slug":"beach","title":"החוף","phrases":[{"type":"🙋","phrase":"אני רוצה ללכת לחוף."},{"type":"☝️","phrase":"אתה יכול לקחת אותי לחוף הים?"},{"type":"💡","phrase":"אני יכול להשתזף בחוף הים."}]}]