[{"slug":"protective-mask","title":"מסכת מגן","phrases":[{"type":"🛡️","phrase":"אני משתמש במסכת מגן."},{"type":"😷","phrase":"אני לא יכול לצאת בלי מסיכת מגן."}]},{"slug":"stay-home","title":"להישאר בבית","phrases":[{"type":"🏠","phrase":"אתה צריך להישאר בבית."},{"type":"🏡","phrase":"אני נשאר בבית."}]},{"slug":"toilet-paper","title":"נייר טואלט","phrases":[]},{"slug":"sprayer","title":"מרסס","phrases":[]},{"slug":"disinfectant","title":"חומר חיטוי","phrases":[{"type":"🧼","phrase":"אני משתמש בחיטוי."},{"type":"🙋","phrase":"אתה יכול לעזור לי להשתמש בחיטוי?"}]},{"slug":"coughing","title":"שיעול","phrases":[{"type":"🤒","phrase":"אני משתעל."},{"type":"🏥","phrase":"שיעול הוא סימפטום לנגיף."}]},{"slug":"medical-assistance","title":"עזרה רפואית","phrases":[{"type":"⚕️","phrase":"אני זקוק לסיוע רפואי."},{"type":"❓","phrase":"האם אתה זקוק לסיוע רפואי?"}]},{"slug":"hand-sanitizer","title":"חומר לחיטוי ידיים","phrases":[{"type":"🚰","phrase":"אני משתמש בחיטוי ידיים."},{"type":"🙋","phrase":"אתה יכול לעזור לי להשתמש בחיטוי ידיים?"}]},{"slug":"gloves","title":"כפפות","phrases":[{"type":"🧤","phrase":"אני משתמש בכפפות."},{"type":"🙋","phrase":"אתה יכול לעזור לי ללבוש כפפות?"}]},{"slug":"social-distancing","title":"ריחוק חברתי","phrases":[{"type":"🖐️","phrase":"אני מתרגלת התרחקות חברתית."},{"type":"📏","phrase":"עלינו לשמור על המרחק בינינו."}]},{"slug":"mouth-mask","title":"מסיכת פה","phrases":[{"type":"😷","phrase":"אני משתמשת במסכת פה."},{"type":"🏡","phrase":"אני לא יכול לצאת בלי מסיכת פה."}]},{"slug":"pandemic","title":"מגפה","phrases":[{"type":"🌐","phrase":"מהי מגיפה?"},{"type":"⏱️","phrase":"מתי תיגמר המגיפה?"},{"type":"⌚","phrase":"מתרחשת מגיפה."}]},{"slug":"working-at-home","title":"עובדים בבית","phrases":[{"type":"🏠","phrase":"אני עובד בבית."},{"type":"👪","phrase":"ההורים שלי עובדים בבית."}]},{"slug":"wet-wipes","title":"מגבונים לחים","phrases":[{"type":"🤧","phrase":"אני זקוק למגבונים לחים."}]},{"slug":"quarantine","title":"בידוד","phrases":[{"type":"🔲","phrase":"מהי הסגר?"},{"type":"🙋","phrase":"אני בבידוד."}]},{"slug":"first-aid-kit","title":"ערכת עזרה ראשונה","phrases":[{"type":"❓","phrase":"איפה ערכת העזרה הראשונה?"},{"type":"🙋","phrase":"אתה יכול לעזור לי להשתמש בערכת העזרה הראשונה?"}]},{"slug":"fitness","title":"כושר","phrases":[{"type":"🤸","phrase":"אני אוהב לעשות כושר."},{"type":"🤼","phrase":"אני אוהב לעשות כושר."}]},{"slug":"e-learning","title":"למידה אלקטרונית","phrases":[{"type":"💻","phrase":"אני לומד מהבית."},{"type":"📱","phrase":"אני משתמש באפליקציות למידה אלקטרונית."}]},{"slug":"virus","title":"נגיף","phrases":[{"type":"🦠","phrase":"מהו וירוס?"},{"type":"💉","phrase":"מהם הסימפטומים של הנגיף?"}]},{"slug":"cleaning","title":"ניקיון","phrases":[{"type":"🧼","phrase":"אני מנקה את החדר."},{"type":"🔲","phrase":"שמירה על ניקיון בחדרך חשובה."}]}]