[{"slug":"desk","title":"שולחן כתיבה","phrases":[{"type":"🙋","phrase":"האם אוכל להשתמש בשולחן העבודה הזה?"},{"type":"❓","phrase":"איזה שולחן הוא שלי?"},{"type":"🥛","phrase":"שפכתי על שולחני."},{"type":"❌","phrase":"אל תגרד את השולחן שלך."}]},{"slug":"chair","title":"יו\"ר","phrases":[{"type":"🙋","phrase":"האם אוכל לשבת איתך?"},{"type":"❓","phrase":"איזה כיסא הוא שלי?"},{"type":"☝️","phrase":"האם הכיסא הזה תפוס?"},{"type":"🥛","phrase":"שפכתי על הכיסא שלי."}]},{"slug":"book","title":"ספר","phrases":[{"type":"📙","phrase":"ספר לימוד"},{"type":"📒","phrase":"חוברת עבודה"},{"type":"📚","phrase":"קריאת ספר."},{"type":"😇","phrase":"אני יכול לשאול את הספר שלך?"},{"type":"📃","phrase":"באיזה עמוד אנחנו?"},{"type":"☝️","phrase":"היפוך בדף."},{"type":"😱","phrase":"איבדתי את הספר שלי."}]},{"slug":"notebook","title":"מחברת","phrases":[{"type":"📝","phrase":"לרשום הערות."},{"type":"🖐️","phrase":"אני רושם הערות."},{"type":"😱","phrase":"איבדתי את המחברת."}]},{"slug":"backpack","title":"תיק גב","phrases":[{"type":"👜","phrase":"נושא את התרמיל שלי."},{"type":"💡","phrase":"שמתי את ספרי בתרמיל."},{"type":"🙋","phrase":"אני צריך תרמיל חדש."},{"type":"🙏🏼","phrase":"תודה שנשאת את התרמיל שלי."},{"type":"😱","phrase":"איבדתי את התרמיל."},{"type":"⚖️","phrase":"התרמיל שלי כבד."}]},{"slug":"blackboard","title":"לוח","phrases":[{"type":"👀","phrase":"התבונן בלוח."},{"type":"🧽","phrase":"ניקוי הלוח."},{"type":"🧮","phrase":"פתרון הבעיה על הלוח."},{"type":"📝","phrase":"רושם על הלוח."},{"type":"🖊️","phrase":"תן לי גיר."}]},{"slug":"teacher","title":"מורה","phrases":[{"type":"🤔","phrase":"אני לא מבין את החלק הזה."},{"type":"🔁","phrase":"האם אתה יכול לחזור על החלק האחרון?"},{"type":"🚻","phrase":"האם אני יכול ללכת לשירותים?"},{"type":"❓","phrase":"איזה נושא?"},{"type":"😀","phrase":"אני אוהב את הנושא הזה."},{"type":"😔","phrase":"אני לא אוהב את הנושא הזה."},{"type":"🙏🏼","phrase":"תודה על השיעור."}]},{"slug":"school-bus","title":"אוטובוס בית הספר","phrases":[{"type":"⌛","phrase":"אוטובוס לבית הספר מגיע."},{"type":"❓","phrase":"האם אוכל לשבת לידך?"},{"type":"🙏🏼","phrase":"תודה לך נהג אוטובוס!"},{"type":"⏱️","phrase":"אוטובוס בית הספר איחר."}]},{"slug":"pencil","title":"עיפרון","phrases":[{"type":"✏️","phrase":"אני כותב."},{"type":"🎓","phrase":"אני לומד לכתוב."},{"type":"🙋","phrase":"אני צריך עיפרון חדש."},{"type":"😇","phrase":"האם אוכל לשאול את העיפרון שלך?"},{"type":"😱","phrase":"איבדתי את העיפרון."}]},{"slug":"eraser","title":"מחק","phrases":[{"type":"🧽","phrase":"אני מוחק."},{"type":"🙋","phrase":"אני צריך מחק חדש."},{"type":"😇","phrase":"האם אוכל לשאול את המחק שלך?"},{"type":"😱","phrase":"איבדתי את המחק שלי."}]},{"slug":"ruler","title":"סרגל","phrases":[{"type":"📏","phrase":"אני מודד."},{"type":"🙋","phrase":"אני צריך שליט חדש."},{"type":"😇","phrase":"האם אוכל לשאול את השליט שלך?"},{"type":"😱","phrase":"איבדתי את השליט שלי."}]},{"slug":"sharpener","title":"מחדד","phrases":[{"type":"🔪","phrase":"אני משחיז את העיפרון שלי."},{"type":"🙋","phrase":"אני צריך מחדד חדש."},{"type":"😇","phrase":"האם אוכל לשאול את המחדד שלך?"},{"type":"😱","phrase":"איבדתי את המחדד שלי."}]},{"slug":"mathematics","title":"מתמטיקה","phrases":[{"type":"❤️","phrase":"אני אוהב מתמטיקה."},{"type":"🙋","phrase":"אני רוצה ללמוד מתמטיקה."},{"type":"❌","phrase":"אני לא אוהב מתמטיקה."},{"type":"⌚","phrase":"מתי השיעור במתמטיקה?"},{"type":"☝️","phrase":"האם אתה יכול לעזור לי עם שיעורי הבית במתמטיקה?"}]},{"slug":"literature","title":"ספרות","phrases":[{"type":"❤️","phrase":"אני אוהב ספרות."},{"type":"🙋","phrase":"אני רוצה ללמוד ספרות."},{"type":"❌","phrase":"אני לא אוהב ספרות."},{"type":"⌚","phrase":"מתי שיעור הספרות?"},{"type":"☝️","phrase":"האם אתה יכול לעזור לי בשיעורי הבית בספרות?"}]},{"slug":"science","title":"מדע","phrases":[{"type":"❤️","phrase":"אני אוהב מדע."},{"type":"🙋","phrase":"אני רוצה ללמוד מדע."},{"type":"❌","phrase":"אני לא אוהב מדע."},{"type":"⌚","phrase":"מתי שיעור המדע?"},{"type":"☝️","phrase":"האם אתה יכול לעזור לי בשיעורי הבית המדעיים שלי?"}]},{"slug":"art-class","title":"שיעור אמנות","phrases":[{"type":"❤️","phrase":"אני אוהב חוג אמנות."},{"type":"🙋","phrase":"אני רוצה לתרגל מיומנויות אמנות."},{"type":"❌","phrase":"אני לא אוהב חוג אמנות."},{"type":"⌚","phrase":"מתי שיעור אמנות?"},{"type":"☝️","phrase":"האם אתה יכול לעזור לי עם שיעורי הבית בכיתות האמנות שלי?"}]},{"slug":"music-class","title":"שיעור מוסיקה","phrases":[{"type":"❤️","phrase":"אני אוהב שיעורי מוזיקה."},{"type":"🙋","phrase":"אני רוצה לתרגל מיומנויות מוזיקה."},{"type":"❌","phrase":"אני לא אוהב שיעורי מוזיקה."},{"type":"⌚","phrase":"מתי שיעור מוסיקה?"},{"type":"☝️","phrase":"האם אתה יכול לעזור לי עם שיעורי הבית בשיעור המוסיקה שלי?"}]},{"slug":"geography","title":"גאוגרפיה","phrases":[{"type":"❤️","phrase":"אני אוהב גיאוגרפיה."},{"type":"🙋","phrase":"אני רוצה ללמוד גיאוגרפיה."},{"type":"❌","phrase":"אני לא אוהב גיאוגרפיה."},{"type":"⌚","phrase":"מתי הגיאוגרפיה?"},{"type":"☝️","phrase":"האם אתה יכול לעזור לי בשיעורי הבית הגיאוגרפיים שלי?"}]},{"slug":"telescope","title":"טלסקופ","phrases":[{"type":"🌎","phrase":"אני משתמש בטלסקופ."},{"type":"🙋","phrase":"אני רוצה להשתמש בטלסקופ."},{"type":"🌟","phrase":"אני רוצה להסתכל על הכוכבים."}]},{"slug":"glue","title":"דבק","phrases":[{"type":"👌","phrase":"אני משתמש בדבק."},{"type":"🙋","phrase":"אני צריך דבק חדש."},{"type":"😇","phrase":"האם אוכל לשאול את הדבק שלך?"},{"type":"😱","phrase":"איבדתי את הדבק."}]}]