[{"slug":"circle","title":"מעגל","phrases":[{"type":"👉","phrase":"זה בצורת מעגל."},{"type":"❓","phrase":"אתה יכול ללמד אותי איך לצייר מעגל?"}]},{"slug":"triangle","title":"משולש","phrases":[{"type":"👉","phrase":"זה בצורת משולש."},{"type":"❓","phrase":"אתה יכול ללמד אותי איך לצייר משולש?"}]},{"slug":"square","title":"כיכר","phrases":[{"type":"👉","phrase":"זה בצורת ריבוע."},{"type":"❓","phrase":"אתה יכול ללמד אותי איך לצייר ריבוע?"}]},{"slug":"rectangle","title":"מלבן","phrases":[{"type":"👉","phrase":"זה בצורת מלבן."},{"type":"❓","phrase":"אתה יכול ללמד אותי איך לצייר מלבן?"}]},{"slug":"star","title":"כוכב","phrases":[{"type":"👉","phrase":"זה בצורת כוכב."},{"type":"❓","phrase":"אתה יכול ללמד אותי איך לצייר כוכב?"}]},{"slug":"pentagon","title":"פנטגון","phrases":[{"type":"👉","phrase":"זה בצורת מחומש."},{"type":"❓","phrase":"אתה יכול ללמד אותי איך לצייר מחומש?"}]},{"slug":"hexagon","title":"משושה","phrases":[{"type":"👉","phrase":"זה בצורת משושה."},{"type":"❓","phrase":"אתה יכול ללמד אותי איך לצייר משושה?"}]},{"slug":"cross","title":"צלב","phrases":[{"type":"👉","phrase":"זה בצורת צלב."},{"type":"❓","phrase":"האם אתה יכול ללמד אותי איך לצייר?"}]},{"slug":"ellipse","title":"אליפסה","phrases":[{"type":"👉","phrase":"זה בצורת אליפסה."},{"type":"❓","phrase":"האם אתה יכול ללמד אותי איך לצייר אליפסה?"}]},{"slug":"arrow","title":"חץ","phrases":[{"type":"👉","phrase":"זה בצורת חץ."},{"type":"❓","phrase":"אתה יכול ללמד אותי איך לצייר חץ?"}]},{"slug":"crescent","title":"סהר","phrases":[{"type":"👉","phrase":"זה בצורת סהר."},{"type":"❓","phrase":"האם אתה יכול ללמד אותי איך לצייר סהר?"}]},{"slug":"heart","title":"לב","phrases":[{"type":"👉","phrase":"זה בצורת לב."},{"type":"❓","phrase":"האם אתה יכול ללמד אותי איך לצייר לב?"}]},{"slug":"rhombus","title":"מעוין","phrases":[{"type":"👉","phrase":"זהו מעוין."},{"type":"❓","phrase":"אתה יכול ללמד אותי איך לצייר מעוין?"}]},{"slug":"ring","title":"טבעת","phrases":[{"type":"👉","phrase":"זה בצורת טבעת."},{"type":"❓","phrase":"אתה יכול ללמד אותי איך לצייר טבעת?"}]},{"slug":"semicircle","title":"חצי עיגול","phrases":[{"type":"👉","phrase":"זה בצורת חצי עיגול."},{"type":"❓","phrase":"אתה יכול ללמד אותי איך לצייר חצי עיגול?"}]},{"slug":"trapezoid","title":"טרפז","phrases":[{"type":"👉","phrase":"זה בצורת טרפז."},{"type":"❓","phrase":"אתה יכול ללמד אותי איך לצייר טרפז?"}]},{"slug":"cube","title":"קוביה","phrases":[{"type":"👉","phrase":"זה בצורת קובייה."},{"type":"❓","phrase":"אתה יכול ללמד אותי איך לצייר קובייה?"}]},{"slug":"cylinder","title":"צילינדר","phrases":[{"type":"👉","phrase":"זה בצורת גליל."},{"type":"❓","phrase":"אתה יכול ללמד אותי איך לצייר צילינדר?"}]}]