[{"slug":"chips","title":"צ'יפס","phrases":[{"type":"❤️","phrase":"אני אוהבת לאכול צ'יפס."},{"type":"🙋","phrase":"אני רוצה לאכול צ'יפס."},{"type":"🤢","phrase":"לאכול יותר מדי צ'יפס זה רע לי."}]},{"slug":"donut","title":"סופגניה","phrases":[{"type":"❤️","phrase":"אני אוהב לאכול סופגנייה."},{"type":"🙋","phrase":"אני רוצה לאכול סופגנייה."},{"type":"🤢","phrase":"לאכול יותר מדי סופגנייה זה רע בשבילי."}]},{"slug":"taco","title":"טאקו","phrases":[{"type":"❤️","phrase":"אני אוהב לאכול טאקו."},{"type":"🙋","phrase":"אני רוצה לאכול טאקו."},{"type":"🤢","phrase":"לאכול יותר מדי טאקו זה רע לי."}]},{"slug":"peanuts","title":"בוטנים","phrases":[{"type":"❤️","phrase":"אני אוהבת לאכול בוטנים."},{"type":"🙋","phrase":"אני רוצה לאכול בוטנים."},{"type":"🤢","phrase":"לאכול יותר מדי בוטנים זה רע לי."}]},{"slug":"croissant","title":"קרואסון","phrases":[{"type":"❤️","phrase":"אני אוהבת לאכול קרואסון."},{"type":"🙋","phrase":"אני רוצה לאכול קרואסון."},{"type":"🤢","phrase":"לאכול יותר מדי קרואסון זה רע לי."}]},{"slug":"cookie","title":"עוגייה","phrases":[{"type":"❤️","phrase":"אני אוהב לאכול עוגיה."},{"type":"🙋","phrase":"אני רוצה לאכול עוגיה."},{"type":"🤢","phrase":"לאכול יותר מדי עוגיות זה רע לי."}]},{"slug":"burrito","title":"בוריטו","phrases":[{"type":"❤️","phrase":"אני אוהב לאכול בוריטו."},{"type":"🙋","phrase":"אני רוצה לאכול בוריטו."},{"type":"🤢","phrase":"לאכול יותר מדי בוריטו זה רע לי."}]},{"slug":"ramen","title":"ראמן","phrases":[{"type":"❤️","phrase":"אני אוהב לאכול ראמן."},{"type":"🙋","phrase":"אני רוצה לאכול ראמן."},{"type":"🤢","phrase":"לאכול יותר מדי ראמן זה רע לי."}]},{"slug":"sushi","title":"סושי","phrases":[{"type":"❤️","phrase":"אני אוהב לאכול סושי."},{"type":"🙋","phrase":"אני רוצה לאכול סושי."},{"type":"🤢","phrase":"לאכול יותר מדי סושי זה רע לי."}]},{"slug":"chocolate","title":"שוקולד","phrases":[{"type":"❤️","phrase":"אני אוהבת לאכול שוקולד."},{"type":"🙋","phrase":"אני רוצה לאכול שוקולד."},{"type":"🤢","phrase":"לאכול יותר מדי שוקולד זה רע לי."}]},{"slug":"apple-pie","title":"פאי תפוחים","phrases":[{"type":"❤️","phrase":"אני אוהבת לאכול פאי תפוחים."},{"type":"🙋","phrase":"אני רוצה לאכול פאי תפוחים."},{"type":"🤢","phrase":"לאכול יותר מדי פאי תפוחים זה רע לי."}]},{"slug":"muffin","title":"מאפין","phrases":[{"type":"❤️","phrase":"אני אוהב לאכול מאפין."},{"type":"🙋","phrase":"אני רוצה לאכול מאפין."},{"type":"🤢","phrase":"לאכול יותר מדי מאפינס זה רע לי."}]},{"slug":"pudding","title":"פודינג","phrases":[{"type":"❤️","phrase":"אני אוהבת לאכול פודינג."},{"type":"🙋","phrase":"אני רוצה לאכול פודינג."},{"type":"🤢","phrase":"לאכול יותר מדי פודינג זה רע בשבילי."}]},{"slug":"macaron","title":"מקרון","phrases":[{"type":"❤️","phrase":"אני אוהב לאכול מקרון."},{"type":"🙋","phrase":"אני רוצה לאכול מקרון."},{"type":"🤢","phrase":"לאכול יותר מדי מקרון זה רע לי."}]},{"slug":"crepe","title":"קרפ","phrases":[{"type":"❤️","phrase":"אני אוהב לאכול קרפ."},{"type":"🙋","phrase":"אני רוצה לאכול קרפ."},{"type":"🤢","phrase":"לאכול יותר מדי קרפים זה רע לי."}]},{"slug":"pizza","title":"פיצה","phrases":[{"type":"❤️","phrase":"אני אוהב לאכול פיצה."},{"type":"🙋","phrase":"אני רוצה לאכול פיצה."},{"type":"🤢","phrase":"לאכול יותר מדי פיצה זה רע לי."}]},{"slug":"skewer","title":"שיפוד","phrases":[{"type":"❤️","phrase":"אני אוהב לאכול שיפוד."},{"type":"🙋","phrase":"אני רוצה לאכול שיפוד."},{"type":"🤢","phrase":"לאכול יותר מדי שיפודים זה רע לי."}]},{"slug":"fast-food","title":"אוכל מהיר","phrases":[{"type":"❤️","phrase":"אני אוהב לאכול אוכל מהיר."},{"type":"🙋","phrase":"אני רוצה לאכול אוכל מהיר."},{"type":"🤢","phrase":"לאכול יותר מדי אוכל מהיר זה רע בשבילי."}]}]