[{"slug":"basketball","title":"כדורסל","phrases":[{"type":"❤️","phrase":"אני אוהב לשחק כדורסל."},{"type":"🙋","phrase":"האם אתה רוצה לשחק כדורסל?"}]},{"slug":"boxing","title":"אגרוף","phrases":[{"type":"❤️","phrase":"אני אוהבת אגרוף."},{"type":"🙋","phrase":"האם אתה רוצה להתארגן יחד?"}]},{"slug":"tennis","title":"טניס","phrases":[{"type":"❤️","phrase":"אני אוהב לשחק טניס."},{"type":"🙋","phrase":"אתה רוצה לשחק טניס?"}]},{"slug":"golf","title":"גולף","phrases":[{"type":"❤️","phrase":"אני אוהב לשחק גולף."},{"type":"🙋","phrase":"האם אתה רוצה לשחק גולף?"}]},{"slug":"hockey","title":"הוקי","phrases":[{"type":"❤️","phrase":"אני אוהב לשחק הוקי."},{"type":"🙋","phrase":"האם אתה רוצה לשחק הוקי?"}]},{"slug":"swimming","title":"שחייה","phrases":[{"type":"❤️","phrase":"אני אוהב לשחות."},{"type":"🙋","phrase":"האם אתה רוצה לשחות?"}]},{"slug":"baseball","title":"בייסבול","phrases":[{"type":"❤️","phrase":"אני אוהב לשחק בייסבול."},{"type":"🙋","phrase":"האם אתה רוצה לשחק בייסבול?"}]},{"slug":"american-football","title":"כדורגל אמריקאי","phrases":[{"type":"❤️","phrase":"אני אוהב לשחק כדורגל אמריקאי."},{"type":"🙋","phrase":"האם אתה רוצה לשחק כדורגל אמריקאי?"}]},{"slug":"cricket","title":"קריקט","phrases":[{"type":"❤️","phrase":"אני אוהב קריקט."},{"type":"🙋","phrase":"האם אתה רוצה לשחק קריקט?"}]},{"slug":"racing","title":"מירוץ","phrases":[{"type":"❤️","phrase":"אני אוהב מירוצים."},{"type":"🙋","phrase":"האם אתה רוצה לרוץ יחד?"}]},{"slug":"skiing","title":"סקי","phrases":[{"type":"❤️","phrase":"אני אוהב לעשות סקי."},{"type":"🙋","phrase":"האם אתה רוצה לגלוש?"}]},{"slug":"volleyball","title":"כדורעף","phrases":[{"type":"❤️","phrase":"אני אוהב לשחק כדורעף."},{"type":"🙋","phrase":"האם אתה רוצה לשחק כדורעף?"}]},{"slug":"fencing","title":"גידור","phrases":[{"type":"❤️","phrase":"אני אוהב גידור."}]},{"slug":"referee","title":"שופט","phrases":[{"type":"🏁","phrase":"האם אוכל להיות השופט?"}]},{"slug":"coach","title":"מאמן","phrases":[{"type":"🏁","phrase":"האם אוכל להיות המאמן שלך?"}]},{"slug":"kendo","title":"קנדו","phrases":[]},{"slug":"table-tennis","title":"טניס שולחן","phrases":[{"type":"❤️","phrase":"אני אוהב לשחק טניס שולחן."},{"type":"🙋","phrase":"האם אתה רוצה לשחק טניס שולחן?"}]},{"slug":"medal","title":"מדליה","phrases":[{"type":"😎","phrase":"יש לי מדליה."}]},{"slug":"podium","title":"דוכן","phrases":[]}]