[{"slug":"doll","title":"בובה","phrases":[{"type":"❤️","phrase":"אני אוהבת בובות."},{"type":"☝️","phrase":"האם אוכל לשחק עם הבובות שלי?"},{"type":"🙋","phrase":"אני רוצה בובה בהווה."}]},{"slug":"teddy-bear","title":"דובון","phrases":[{"type":"❤️","phrase":"אני אוהבת דובי."},{"type":"☝️","phrase":"האם אוכל לשחק עם הדובי שלי?"},{"type":"🙋","phrase":"אני רוצה דובי בהווה."}]},{"slug":"blocks","title":"חסימות","phrases":[{"type":"❤️","phrase":"אני אוהב בלוקים."},{"type":"☝️","phrase":"האם אוכל לשחק עם הבלוקים שלי?"},{"type":"🙋","phrase":"אני רוצה חסימות בהווה."}]},{"slug":"spinner","title":"ספינר","phrases":[{"type":"❤️","phrase":"אני אוהב ספינר."},{"type":"☝️","phrase":"האם אוכל לשחק עם הטווינר שלי?"},{"type":"🙋","phrase":"אני רוצה ספינר בהווה."}]},{"slug":"nutcracker","title":"מפצח האגוזים","phrases":[{"type":"❤️","phrase":"אני אוהב מפצחי אגוזים."},{"type":"☝️","phrase":"האם אוכל לשחק עם מפצח האגוזים שלי?"},{"type":"🙋","phrase":"אני רוצה מפצח אגוזים בהווה."}]},{"slug":"video-games","title":"משחקי וידאו","phrases":[{"type":"❤️","phrase":"אני אוהב משחקי מחשב."},{"type":"☝️","phrase":"האם נוכל לשחק משחקי וידאו יחד?"},{"type":"🙋","phrase":"אני רוצה משחקי וידאו בהווה."}]},{"slug":"cards","title":"קלפים","phrases":[{"type":"❤️","phrase":"אני אוהב לשחק קלפים."},{"type":"☝️","phrase":"האם אוכל לשחק עם הקלפים שלי?"},{"type":"🙋","phrase":"אני רוצה לשחק קלפים בהווה."}]},{"slug":"toy-car","title":"מכונית צעצוע","phrases":[{"type":"❤️","phrase":"אני אוהב מכוניות צעצוע."},{"type":"☝️","phrase":"האם אוכל לשחק עם מכונית הצעצועים שלי?"},{"type":"🙋","phrase":"אני רוצה מכונית צעצוע בהווה."}]},{"slug":"sword","title":"חרב","phrases":[{"type":"❤️","phrase":"אני אוהב חרבות צעצוע."},{"type":"☝️","phrase":"האם אוכל לשחק בחרב הצעצועים שלי?"},{"type":"🙋","phrase":"אני רוצה חרב בהווה."}]},{"slug":"yo-yo","title":"יו יו","phrases":[{"type":"❤️","phrase":"אני אוהב לשחק עם יו-יו."},{"type":"☝️","phrase":"האם אוכל לשחק עם יו-יו שלי?"},{"type":"🙋","phrase":"אני רוצה יו-יו כהווה."}]},{"slug":"slingshot","title":"קלע","phrases":[{"type":"❤️","phrase":"אני אוהב תמונות קלע."},{"type":"☝️","phrase":"האם אוכל לשחק עם הקלע שלי?"},{"type":"🙋","phrase":"אני רוצה צילום קלע בהווה."}]},{"slug":"water-gun","title":"רובה מים","phrases":[{"type":"❤️","phrase":"אני אוהב אקדח מים."},{"type":"☝️","phrase":"האם אוכל לשחק עם אקדח המים שלי?"},{"type":"🙋","phrase":"אני רוצה אקדח מים בהווה."}]},{"slug":"doll-house","title":"בית בובות","phrases":[{"type":"❤️","phrase":"אני אוהב לשחק עם בית בובות."},{"type":"☝️","phrase":"האם אוכל לשחק עם בית הבובות שלי?"},{"type":"🙋","phrase":"אני רוצה בית בובות בהווה."}]},{"slug":"viewer","title":"הצופה","phrases":[{"type":"❤️","phrase":"אני אוהב לשחק עם הצופה."},{"type":"🙋","phrase":"אני רוצה שצופה בהווה."}]},{"slug":"board-game","title":"משחק לוח","phrases":[{"type":"❤️","phrase":"אני אוהב משחקי לוח."},{"type":"☝️","phrase":"האם נוכל לשחק במשחקי לוח?"},{"type":"🙋","phrase":"אני רוצה משחק לוח בהווה."}]},{"slug":"rubiks-cube","title":"קוביה הונגרית","phrases":[{"type":"❤️","phrase":"אני אוהב לפתור את הקוביה של רוביק."},{"type":"☝️","phrase":"האם אוכל לנסות לפתור את הקוביה של רוביק שלי?"},{"type":"🙋","phrase":"אני רוצה קוביה של רוביק בהווה."}]},{"slug":"puzzle","title":"פאזל","phrases":[{"type":"❤️","phrase":"אני אוהב חידות."},{"type":"☝️","phrase":"האם אוכל לפתור חידות?"},{"type":"🙋","phrase":"אני רוצה חידות בהווה."}]},{"slug":"remote-control-car","title":"מכונית על שלט רחוק","phrases":[{"type":"❤️","phrase":"אני אוהב את המכונית בשלט רחוק שלי."},{"type":"☝️","phrase":"האם אוכל לשחק עם המכונית שלי בשלט רחוק"},{"type":"🙋","phrase":"אני רוצה מכונית בשלט רחוק בהווה."}]},{"slug":"rocking-horse","title":"סוס נדנדה","phrases":[{"type":"❤️","phrase":"אני אוהב את סוס הנדנדה שלי."},{"type":"☝️","phrase":"האם אוכל לשחק עם סוס הנדנדה?"}]},{"slug":"scooter","title":"קטנוע","phrases":[{"type":"❤️","phrase":"אני אוהב את הקטנוע שלי."},{"type":"🙋","phrase":"אני רוצה קלנועית בהווה."}]},{"slug":"pyramid","title":"פירמידה","phrases":[{"type":"❤️","phrase":"אני אוהב פירמידות."},{"type":"🙋","phrase":"אני רוצה פירמידה בהווה."}]},{"slug":"cart","title":"עגלה","phrases":[{"type":"❤️","phrase":"אני אוהב את עגלת הצעצועים שלי."},{"type":"🙋","phrase":"אתה יכול לעזור לי לסדר את הצעצועים שלי?"}]},{"slug":"aeroplane","title":"מטוס","phrases":[{"type":"❤️","phrase":"אני אוהב מטוסים."},{"type":"☝️","phrase":"האם אוכל לשחק עם המטוס שלי?"},{"type":"🙋","phrase":"אני רוצה מטוס בהווה."}]},{"slug":"sand-bucket","title":"דלי חול","phrases":[{"type":"❤️","phrase":"אני אוהב דליי חול."},{"type":"☝️","phrase":"האם אוכל לבנות טירה עם דלי החול שלי?"}]}]