[{"slug":"train","title":"רכבת","phrases":[{"type":"🙋","phrase":"אני רוצה לנסוע ברכבת."},{"type":"❤️","phrase":"אני אוהב רכבות."}]},{"slug":"car","title":"אוטו","phrases":[{"type":"🙋","phrase":"אני רוצה לנהוג במכונית."},{"type":"❤️","phrase":"אני אוהב מכוניות."}]},{"slug":"bicycle","title":"אופניים","phrases":[{"type":"🙋","phrase":"אני רוצה לרכוב על אופניים."},{"type":"❤️","phrase":"אני אוהב אופניים."}]},{"slug":"motorcycle","title":"אופנוע","phrases":[{"type":"🙋","phrase":"אני רוצה לרכוב על אופנוע."},{"type":"❤️","phrase":"אני אוהב אופנוע."}]},{"slug":"skateboard","title":"סקייטבורד","phrases":[{"type":"🙋","phrase":"אני רוצה להחליק."},{"type":"❤️","phrase":"אני אוהב סקייטבורד."}]},{"slug":"food-truck","title":"מעבורת","phrases":[{"type":"🙋","phrase":"אני רוצה לקחת את המעבורת."},{"type":"🧑‍🤝‍🧑","phrase":"המעבורת צפופה."}]},{"slug":"boat","title":"סירה","phrases":[{"type":"🙋","phrase":"אני רוצה לרכוב על סירה."},{"type":"🧑‍🤝‍🧑","phrase":"הסירה צפופה."}]},{"slug":"ship","title":"ספינה","phrases":[{"type":"🙋","phrase":"אני רוצה לעלות על ספינה."},{"type":"🧑‍🤝‍🧑","phrase":"הספינה צפופה."}]},{"slug":"bus","title":"אוטובוס","phrases":[{"type":"🙋","phrase":"אני רוצה לנסוע באוטובוס."},{"type":"🧑‍🤝‍🧑","phrase":"האוטובוס צפוף."}]},{"slug":"minibus","title":"מיניבוס","phrases":[{"type":"🙋","phrase":"אני רוצה לקחת את המיניבוס."},{"type":"🧑‍🤝‍🧑","phrase":"המיניבוס צפוף."}]},{"slug":"wheelchair","title":"כסא גלגלים","phrases":[{"type":"♿","phrase":"אני משתמש בכסא גלגלים."},{"type":"👨‍🦽","phrase":"הוא משתמש בכיסא גלגלים."},{"type":"🙋","phrase":"אתה יכול לעזור לי להשתמש בכיסא הגלגלים שלי."},{"type":"🖐️","phrase":"אתה יכול לדחוף אותי?"}]},{"slug":"taxi","title":"מונית","phrases":[{"type":"🙋","phrase":"אני רוצה לקחת את המונית."}]},{"slug":"airplane","title":"מטוס","phrases":[{"type":"🙋","phrase":"אני רוצה לטוס במטוס."},{"type":"❤️","phrase":"אני אוהב מטוסים."},{"type":"🧑‍🤝‍🧑","phrase":"המטוס צפוף."}]},{"slug":"van","title":"ואן","phrases":[{"type":"🙋","phrase":"אני רוצה לנסוע בטנדר."}]},{"slug":"hot-air-balloon","title":"בלון אוויר חם","phrases":[{"type":"🙋","phrase":"אני רוצה לטוס על בלון אוויר חם."},{"type":"❤️","phrase":"אני אוהבת בלון אוויר חם."}]},{"slug":"fire-truck","title":"כבאית","phrases":[{"type":"🚨","phrase":"צפירת כבאית."}]},{"slug":"police-car","title":"ניידת משטרה","phrases":[{"type":"🚨","phrase":"צפירת רכב משטרה."},{"type":"❤️","phrase":"אני אוהב מכוניות משטרה."}]},{"slug":"ambulance","title":"אמבולנס","phrases":[{"type":"🚨","phrase":"צפירת אמבולנס."}]},{"slug":"stretcher","title":"אלונקה","phrases":[{"type":"🙋","phrase":"האם אתה יכול לעזור לי באלונקה שלי?"}]},{"slug":"helicopter","title":"מסוק","phrases":[{"type":"🙋","phrase":"אני רוצה לטוס על מסוק."}]},{"slug":"trailer","title":"טריילר","phrases":[{"type":"🙋","phrase":"אני רוצה לנסוע בקרוואן."}]},{"slug":"spaceship","title":"ספינת חלל","phrases":[{"type":"❤️","phrase":"אני אוהב חלליות."},{"type":"🌌","phrase":"אני רוצה לטייל בחלל."},{"type":"👽","phrase":"אני רוצה לראות חייזרים."},{"type":"👩‍🚀","phrase":"אני רוצה לנסוע למאדים."},{"type":"🚀","phrase":"אתה יכול לקחת אותי למאדים אלון מאסק?"}]}]