[{"slug":"luggage","title":"מטען","phrases":[]},{"slug":"swimming","title":"שחייה","phrases":[]},{"slug":"passport","title":"דרכון","phrases":[]},{"slug":"tent","title":"אוהל","phrases":[]},{"slug":"backpacking","title":"תרמילאים","phrases":[]},{"slug":"beach-chair","title":"כסא חוף","phrases":[]},{"slug":"room-service","title":"שירות חדרים","phrases":[]},{"slug":"waiting-area","title":"אזור המתנה","phrases":[]},{"slug":"electric-socket","title":"שקע חשמלי","phrases":[]},{"slug":"bag","title":"תיק","phrases":[]},{"slug":"boarding-pass","title":"כרטיס עליה למטוס","phrases":[]},{"slug":"gps","title":"ג'י.פי. אס","phrases":[]},{"slug":"mountain","title":"הר","phrases":[]},{"slug":"camera","title":"מצלמה","phrases":[]},{"slug":"hotel","title":"מלון","phrases":[]},{"slug":"bed","title":"מיטה","phrases":[]},{"slug":"hotel-key","title":"מפתח מלון","phrases":[]},{"slug":"bonfire","title":"מדורה","phrases":[]},{"slug":"snorkling","title":"שנורקלינג","phrases":[]},{"slug":"action-camera","title":"מצלמת פעולה","phrases":[]}]