[{"slug":"cucumber","title":"מלפפון","phrases":[{"type":"❤️","phrase":"אני אוהב לאכול מלפפון."},{"type":"🙋","phrase":"אני רוצה לאכול מלפפון."},{"type":"❌","phrase":"אני לא אוהב מלפפון."}]},{"slug":"onion","title":"בצל","phrases":[{"type":"❤️","phrase":"אני אוהב לאכול בצל."},{"type":"🙋","phrase":"אני רוצה לאכול בצל."},{"type":"❌","phrase":"אני לא אוהב בצל."},{"type":"❌","phrase":"אני לא אוהב את ריח הבצל."}]},{"slug":"garlic","title":"שום","phrases":[{"type":"❤️","phrase":"אני אוהב לאכול שום."},{"type":"🙋","phrase":"אני רוצה לאכול שום."},{"type":"❌","phrase":"אני לא אוהב שום."},{"type":"❌","phrase":"אני לא אוהב את ריח השום."}]},{"slug":"carrot","title":"גזר","phrases":[{"type":"❤️","phrase":"אני אוהב לאכול גזר."},{"type":"🙋","phrase":"אני רוצה לאכול גזר."},{"type":"❌","phrase":"אני לא אוהב גזר."}]},{"slug":"cabbage","title":"כרוב","phrases":[{"type":"❤️","phrase":"אני אוהב לאכול כרוב."},{"type":"🙋","phrase":"אני רוצה לאכול כרוב."},{"type":"❌","phrase":"אני לא אוהב כרוב."}]},{"slug":"tomato","title":"עגבנייה","phrases":[{"type":"❤️","phrase":"אני אוהב לאכול עגבניה."},{"type":"🙋","phrase":"אני רוצה לאכול עגבניה."},{"type":"❌","phrase":"אני לא אוהב עגבניה."},{"type":"❤️","phrase":"אני אוהבת לאכול מרק עגבניות."}]},{"slug":"eggplant","title":"חציל","phrases":[{"type":"❤️","phrase":"אני אוהב לאכול חצילים."},{"type":"🙋","phrase":"אני רוצה לאכול חציל."},{"type":"❌","phrase":"אני לא אוהב חצילים."}]},{"slug":"mushroom","title":"פטרייה","phrases":[{"type":"❤️","phrase":"אני אוהב לאכול פטריות."},{"type":"🙋","phrase":"אני רוצה לאכול פטריה."},{"type":"❌","phrase":"אני לא אוהב פטריות."},{"type":"❤️","phrase":"אני אוהבת לאכול מרק פטריות."}]},{"slug":"pepper","title":"פלפל","phrases":[{"type":"❤️","phrase":"אני אוהב לאכול פלפל."},{"type":"🙋","phrase":"אני רוצה לאכול פלפל."},{"type":"❌","phrase":"אני לא אוהב פלפל."}]},{"slug":"corn","title":"תירס","phrases":[{"type":"❤️","phrase":"אני אוהב לאכול תירס."},{"type":"🙋","phrase":"אני רוצה לאכול תירס."},{"type":"❌","phrase":"אני לא אוהב תירס."},{"type":"❤️","phrase":"אני אוהבת לאכול מרק תירס."}]},{"slug":"broccoli","title":"ברוקולי","phrases":[{"type":"❤️","phrase":"אני אוהב לאכול ברוקולי."},{"type":"🙋","phrase":"אני רוצה לאכול ברוקולי."},{"type":"❌","phrase":"אני לא אוהב ברוקולי."}]},{"slug":"celery","title":"סלרי","phrases":[{"type":"❤️","phrase":"אני אוהבת לאכול סלרי."},{"type":"🙋","phrase":"אני רוצה לאכול סלרי."},{"type":"❌","phrase":"אני לא אוהב סלרי."}]},{"slug":"chili","title":"צ'ילי","phrases":[{"type":"❤️","phrase":"אני אוהב לאכול צ'ילי."},{"type":"🙋","phrase":"אני רוצה לאכול צ'ילי."},{"type":"❌","phrase":"אני לא אוהב צ'ילי."}]},{"slug":"potato","title":"תפוח אדמה","phrases":[{"type":"❤️","phrase":"אני אוהב לאכול תפוח אדמה."},{"type":"🙋","phrase":"אני רוצה לאכול תפוח אדמה."},{"type":"❌","phrase":"אני לא אוהב תפוח אדמה."},{"type":"❤️","phrase":"אני אוהב לאכול צ'יפס."}]},{"slug":"asparagus","title":"אספרגוס","phrases":[{"type":"❤️","phrase":"אני אוהבת לאכול אספרגוס."},{"type":"🙋","phrase":"אני רוצה לאכול אספרגוס."},{"type":"❌","phrase":"אני לא אוהב אספרגוס."}]},{"slug":"cauliflower","title":"כרובית","phrases":[{"type":"❤️","phrase":"אני אוהבת לאכול כרובית."},{"type":"🙋","phrase":"אני רוצה לאכול כרובית."},{"type":"❌","phrase":"אני לא אוהב כרובית."}]},{"slug":"pumpkin","title":"דלעת","phrases":[{"type":"❤️","phrase":"אני אוהב לאכול דלעת."},{"type":"🙋","phrase":"אני רוצה לאכול דלעת."},{"type":"❌","phrase":"אני לא אוהב דלעת."},{"type":"❤️","phrase":"אני אוהבת לאכול מרק דלעת."}]},{"slug":"beetroot","title":"שורש סלק","phrases":[{"type":"❤️","phrase":"אני אוהב לאכול סלק."},{"type":"🙋","phrase":"אני רוצה לאכול סלק."},{"type":"❌","phrase":"אני לא אוהב סלק."}]},{"slug":"bean","title":"אפונה","phrases":[{"type":"❤️","phrase":"אני אוהב לאכול שעועית."},{"type":"🙋","phrase":"אני רוצה לאכול שעועית."},{"type":"❌","phrase":"אני לא אוהב שעועית."}]},{"slug":"lettuce","title":"חסה","phrases":[{"type":"❤️","phrase":"אני אוהב לאכול חסה."},{"type":"🙋","phrase":"אני רוצה לאכול חסה."},{"type":"❌","phrase":"אני לא אוהב חסה."},{"type":"❤️","phrase":"אני אוהב שהסלט שלי יהיה יותר חסה."}]},{"slug":"radish","title":"צנון","phrases":[{"type":"❤️","phrase":"אני אוהב לאכול צנון."},{"type":"🙋","phrase":"אני רוצה לאכול צנון."},{"type":"❌","phrase":"אני לא אוהב צנון."}]},{"slug":"bok-choy","title":"בוק צ'וי","phrases":[{"type":"❤️","phrase":"אני אוהב לאכול בוק צ'וי."},{"type":"🙋","phrase":"אני רוצה לאכול בוק צ'וי."},{"type":"❌","phrase":"אני לא אוהב את בוק צ'וי."}]},{"slug":"leek","title":"כרישה","phrases":[{"type":"❤️","phrase":"אני אוהבת לאכול כרישה."},{"type":"🙋","phrase":"אני רוצה לאכול כרישה."},{"type":"❌","phrase":"אני לא אוהב כרישה."}]},{"slug":"peas","title":"אפונה","phrases":[{"type":"❤️","phrase":"אני אוהב לאכול אפונה."},{"type":"🙋","phrase":"אני רוצה לאכול אפונה."},{"type":"❌","phrase":"אני לא אוהב אפונה."}]},{"slug":"ginger","title":"ג'ינג'ר","phrases":[{"type":"❤️","phrase":"אני אוהב לאכול זנגביל."},{"type":"🙋","phrase":"אני רוצה לאכול זנגביל."},{"type":"❌","phrase":"אני לא אוהב זנגביל."}]},{"slug":"sweet-potato","title":"בטטה","phrases":[{"type":"❤️","phrase":"אני אוהבת לאכול בטטה."},{"type":"🙋","phrase":"אני רוצה לאכול בטטה."},{"type":"❌","phrase":"אני לא אוהב בטטה."},{"type":"❤️","phrase":"אני אוהבת לאכול בטטה מטוגנת."}]},{"slug":"olives","title":"זיתים","phrases":[{"type":"❤️","phrase":"אני אוהב לאכול זיתים."},{"type":"🙋","phrase":"אני רוצה לאכול זיתים."},{"type":"❌","phrase":"אני לא אוהב זיתים."},{"type":"❤️","phrase":"אני אוהב זיתים בפיצה שלי."}]}]