[{"slug":"walking","title":"Chůze","phrases":[{"type":"❤️","phrase":"rád chodím"},{"type":"❌","phrase":"Nemám rád chůzi"},{"type":"🙋","phrase":"Chcete chodit spolu?"}]},{"slug":"running","title":"Běh","phrases":[{"type":"❤️","phrase":"Rád běhám."},{"type":"❌","phrase":"Nemám rád běh."},{"type":"🙋","phrase":"Chcete běžet?"}]},{"slug":"talking","title":"Mluvící","phrases":[{"type":"❤️","phrase":"Rád mluvím."},{"type":"❌","phrase":"Nerad mluvím."},{"type":"🙋","phrase":"Chceš se mnou mluvit?"}]},{"slug":"reading","title":"Čtení","phrases":[{"type":"❤️","phrase":"Rád čtu."},{"type":"❌","phrase":"Nelíbí se mi čtení."},{"type":"🙋","phrase":"Chcete číst společně?"}]},{"slug":"football","title":"Fotbal","phrases":[{"type":"❤️","phrase":"Rád hraju fotbal."},{"type":"❌","phrase":"Nemám rád fotbal."},{"type":"🙋","phrase":"Chcete hrát fotbal?"}]},{"slug":"basketball","title":"Basketball","phrases":[{"type":"❤️","phrase":"Ráda hraji basketbal."},{"type":"❌","phrase":"Nemám rád basketbal."},{"type":"🙋","phrase":"Chcete hrát basketbal?"}]},{"slug":"swimming","title":"Plavání","phrases":[{"type":"❤️","phrase":"Mám rád plavání."},{"type":"❌","phrase":"Nemám rád plavání."},{"type":"🙋","phrase":"Chcete jít na koupání?"}]},{"slug":"painting","title":"Malování","phrases":[{"type":"❤️","phrase":"Mám rád malování."},{"type":"❌","phrase":"Nemám rád malování."},{"type":"🙋","phrase":"Chcete malovat společně?"}]},{"slug":"drawing","title":"Výkres","phrases":[{"type":"❤️","phrase":"Ráda kreslím."},{"type":"❌","phrase":"Nelíbí se mi kreslení."},{"type":"🙋","phrase":"Chcete se spojit?"}]},{"slug":"cycling","title":"Cyklistika","phrases":[{"type":"❤️","phrase":"Ráda jezdím na kole."},{"type":"❌","phrase":"Nemám rád jízdu na kole."},{"type":"🙋","phrase":"Chcete jet na kole?"}]},{"slug":"skating","title":"Jízda na bruslích","phrases":[{"type":"❤️","phrase":"Mám rád bruslení."},{"type":"❌","phrase":"Nemám rád bruslení."},{"type":"🙋","phrase":"Chcete bruslit?"}]},{"slug":"sightseeing","title":"Prohlížení památek","phrases":[{"type":"❤️","phrase":"Líbí se mi poznávání."},{"type":"❌","phrase":"Nemám rád prohlídky památek."},{"type":"🙋","phrase":"Chcete jít na prohlídku?"}]},{"slug":"video-games","title":"Videohry","phrases":[{"type":"❤️","phrase":"Rád hraji videohry."},{"type":"❌","phrase":"Nelíbí se mi hraní videoher."},{"type":"🙋","phrase":"Chcete hrát hry?"}]},{"slug":"tidying","title":"Úklid","phrases":[{"type":"❤️","phrase":"Rád uklízím pokoj."},{"type":"❌","phrase":"Nemám rád uklízení svého pokoje."},{"type":"🙋","phrase":"Můžete mi pomoci uklidit můj pokoj?"}]},{"slug":"toys","title":"Hračky","phrases":[{"type":"❤️","phrase":"Mám rád hračky."},{"type":"❌","phrase":"Nemám rád hračky."},{"type":"🙋","phrase":"Chcete si hrát s mými hračkami?"}]},{"slug":"puzzle","title":"Hádanka","phrases":[{"type":"❤️","phrase":"Líbí se mi řešení hádanky."},{"type":"❌","phrase":"Nemám rád řešení hádanek."},{"type":"🙋","phrase":"Chcete se mnou vyřešit hádanky?"}]},{"slug":"comics","title":"Komiks","phrases":[{"type":"❤️","phrase":"Rád čtu komiksy."},{"type":"❌","phrase":"Nelíbí se mi čtení komiksu."},{"type":"🙋","phrase":"Chcete číst komiksy?"}]},{"slug":"chess","title":"Šachy","phrases":[{"type":"❤️","phrase":"Ráda hraji šachy."},{"type":"❌","phrase":"Nemám rád šachy."},{"type":"🙋","phrase":"Chcete se mnou hrát šachy?"}]},{"slug":"using-leeloo","title":"Používání Leeloo","phrases":[{"type":"❤️","phrase":"Rád používám leeloo."},{"type":"❌","phrase":"Nemám rád leeloo."},{"type":"🙋","phrase":"Můžete vyměnit balíčky karet na leelou?"}]},{"slug":"texting","title":"Psaní","phrases":[{"type":"❤️","phrase":"Mám rád textové zprávy."},{"type":"❌","phrase":"Nemám rád textové zprávy."}]},{"slug":"knitting","title":"Pletení","phrases":[{"type":"❤️","phrase":"Mám rád pletení."},{"type":"❌","phrase":"Nemám rád pletení."},{"type":"🙋","phrase":"Chci se naučit plést."}]},{"slug":"bowling","title":"Kuželky","phrases":[{"type":"❤️","phrase":"Mám rád bowling."},{"type":"❌","phrase":"Nemám rád bowling."},{"type":"🙋","phrase":"Chcete se mnou hrát bowling?"}]},{"slug":"watching-tv","title":"Sledování televize","phrases":[{"type":"❤️","phrase":"Rád se dívám na televizi."},{"type":"❌","phrase":"Nemám rád sledování televize."},{"type":"🙋","phrase":"Chcete se dívat na televizi?"}]},{"slug":"fishing","title":"Rybolov","phrases":[{"type":"❤️","phrase":"Mám rád rybaření."},{"type":"❌","phrase":"Nelíbí se mi rybaření."},{"type":"🙋","phrase":"Chcete jít na rybaření?"}]},{"slug":"exercising","title":"Cvičení","phrases":[{"type":"❤️","phrase":"Ráda cvičím."},{"type":"❌","phrase":"Nemám rád cvičení."},{"type":"🙋","phrase":"Chcete se mnou cvičit?"}]},{"slug":"tennis","title":"Tenis","phrases":[{"type":"❤️","phrase":"Rád hraji tenis."},{"type":"❌","phrase":"Nemám rád tenis."},{"type":"🙋","phrase":"Chcete si se mnou hrát tenis?"}]}]