[{"slug":"cat","title":"Kočka","phrases":[{"type":"❤️","phrase":"Mám rád kočky."},{"type":"👀","phrase":"Viděl jsem kočku."},{"type":"🔊","phrase":"Jaký hluk dělá kočka?"},{"type":"🐈","phrase":"Můžeme získat kočku jako domácího mazlíčka?"}]},{"slug":"dog","title":"Pes","phrases":[{"type":"❤️","phrase":"Mám ráda psa."},{"type":"👀","phrase":"Viděl jsem psa."},{"type":"🔊","phrase":"Jaký hluk dělá pes?"},{"type":"🐕","phrase":"Můžeme získat psa jako domácího mazlíčka?"}]},{"slug":"fish","title":"Ryba","phrases":[{"type":"❤️","phrase":"Mám rád ryby."},{"type":"👀","phrase":"Viděl jsem rybu."},{"type":"🔊","phrase":"Jaký hluk ryby vydávají?"},{"type":"🐠","phrase":"Můžeme získat rybu jako domácího mazlíčka?"}]},{"slug":"rabbit","title":"Králičí","phrases":[{"type":"❤️","phrase":"Mám rád králíky."},{"type":"👀","phrase":"Viděl jsem králíka."},{"type":"🔊","phrase":"Jaký hluk dělá králík?"},{"type":"🐇","phrase":"Můžeme získat králíka jako domácího mazlíčka?"}]},{"slug":"butterfly","title":"Motýl","phrases":[{"type":"❤️","phrase":"Mám rád motýly."},{"type":"👀","phrase":"Viděl jsem motýla."},{"type":"🔊","phrase":"Jaký hluk má motýl?"}]},{"slug":"kangaroo","title":"Klokan","phrases":[{"type":"❤️","phrase":"Mám rád klokani."},{"type":"👀","phrase":"Viděl jsem klokan."},{"type":"🔊","phrase":"Jaký hluk klokan vydává?"}]},{"slug":"turtle","title":"Želva","phrases":[{"type":"❤️","phrase":"Mám rád želvy."},{"type":"👀","phrase":"Viděl jsem želvu."},{"type":"🔊","phrase":"Jaký hluk způsobuje želva?"}]},{"slug":"giraffe","title":"Žirafa","phrases":[{"type":"❤️","phrase":"Mám rád žirafy."},{"type":"👀","phrase":"Viděl jsem žirafu."},{"type":"🔊","phrase":"Jaký hluk dělá žirafa?"}]},{"slug":"frog","title":"Žába","phrases":[{"type":"❤️","phrase":"Mám rád žáby."},{"type":"👀","phrase":"Viděl jsem žábu."},{"type":"🔊","phrase":"Jaký hluk vytváří žába?"}]},{"slug":"swan","title":"Labuť","phrases":[{"type":"❤️","phrase":"Mám rád labutě."},{"type":"👀","phrase":"Viděl jsem labuť."},{"type":"🔊","phrase":"Jaký hluk dělá labuť?"}]},{"slug":"spider","title":"Pavouk","phrases":[{"type":"❤️","phrase":"Mám rád pavouky."},{"type":"👀","phrase":"Viděl jsem pavouka."},{"type":"🔊","phrase":"Jaký šum vydává pavouk?"}]},{"slug":"cow","title":"Kráva","phrases":[{"type":"❤️","phrase":"Mám rád krávy."},{"type":"👀","phrase":"Viděl jsem krávu."},{"type":"🔊","phrase":"Jaký hluk kráva vydává?"}]},{"slug":"duck","title":"Kachna","phrases":[{"type":"❤️","phrase":"Mám rád kachny."},{"type":"👀","phrase":"Viděl jsem kachnu."},{"type":"🔊","phrase":"Jaký hluk kachna dělá?"}]},{"slug":"horse","title":"Kůň","phrases":[{"type":"❤️","phrase":"Mám rád koně."},{"type":"👀","phrase":"Viděl jsem koně."},{"type":"🔊","phrase":"Jaký hluk dělá kůň?"}]},{"slug":"chicken","title":"Kuře","phrases":[{"type":"❤️","phrase":"Mám rád kuřata."},{"type":"👀","phrase":"Viděl jsem kuře."},{"type":"🔊","phrase":"Jaký hluk kuře dělá?"}]},{"slug":"bee","title":"Včela","phrases":[{"type":"❤️","phrase":"Mám rád včely."},{"type":"👀","phrase":"Viděl jsem včelu."},{"type":"🔊","phrase":"Jaký hluk včela dělá?"}]},{"slug":"pig","title":"Prase","phrases":[{"type":"❤️","phrase":"Mám rád prasata."},{"type":"👀","phrase":"Viděl jsem prase."},{"type":"🔊","phrase":"Jaký hluk vydává prase?"}]},{"slug":"dove","title":"Holubice","phrases":[{"type":"❤️","phrase":"Mám rád holubice."},{"type":"👀","phrase":"Viděl jsem holubici."},{"type":"🔊","phrase":"Jaký hluk dělá holubice?"}]},{"slug":"crab","title":"Krab","phrases":[{"type":"❤️","phrase":"Mám rád kraby."},{"type":"👀","phrase":"Viděl jsem kraba."},{"type":"🔊","phrase":"Jaký hluk dělá krab?"}]},{"slug":"penguin","title":"Tučňák","phrases":[{"type":"❤️","phrase":"Mám rád tučňáky."},{"type":"👀","phrase":"Viděl jsem tučňáka."},{"type":"🔊","phrase":"Jaký hluk tučňák vydává?"}]},{"slug":"elephant","title":"Slon","phrases":[{"type":"❤️","phrase":"Mám rád slony."},{"type":"👀","phrase":"Viděl jsem slona."},{"type":"🔊","phrase":"Jaký hluk způsobuje slon?"}]},{"slug":"zebra","title":"Zebra","phrases":[{"type":"❤️","phrase":"Mám rád zebry."},{"type":"👀","phrase":"Viděl jsem zebru."},{"type":"🔊","phrase":"Jaký hluk způsobuje zebra?"}]},{"slug":"panda","title":"Panda","phrases":[{"type":"❤️","phrase":"Mám rád pandy."},{"type":"👀","phrase":"Viděl jsem pandu."},{"type":"🔊","phrase":"Jaký hluk panda vydává?"}]},{"slug":"monkey","title":"Opice","phrases":[{"type":"❤️","phrase":"Mám rád opice."},{"type":"👀","phrase":"Viděl jsem opici."},{"type":"🔊","phrase":"Jaký hluk dělá opice?"}]},{"slug":"camel","title":"Velbloud","phrases":[{"type":"❤️","phrase":"Mám rád velbloudy."},{"type":"👀","phrase":"Viděl jsem velblouda."},{"type":"🔊","phrase":"Jaký hluk dělá velbloud?"}]},{"slug":"mouse","title":"Myš","phrases":[{"type":"❤️","phrase":"Mám rád myši."},{"type":"👀","phrase":"Viděl jsem myš."},{"type":"🔊","phrase":"Jaký hluk dělá myš?"}]},{"slug":"tiger","title":"Tygr","phrases":[{"type":"❤️","phrase":"Líbí se mi tygři."},{"type":"👀","phrase":"Viděl jsem tygra."},{"type":"🔊","phrase":"Jaký hluk tygr vydává?"}]},{"slug":"jellyfish","title":"Medúza","phrases":[{"type":"❤️","phrase":"Mám rád medúzy."},{"type":"👀","phrase":"Viděl jsem medúzu."},{"type":"🔊","phrase":"Jaký hluk medúza dělá?"}]},{"slug":"crocodile","title":"Krokodýl","phrases":[{"type":"❤️","phrase":"Mám rád krokodýly."},{"type":"👀","phrase":"Viděl jsem krokodýla."},{"type":"🔊","phrase":"Jaký hluk dělá krokodýl?"}]},{"slug":"koala","title":"Koala","phrases":[{"type":"❤️","phrase":"Mám rád koaly."},{"type":"👀","phrase":"Viděl jsem koalu."},{"type":"🔊","phrase":"Jaký hluk dělá koala?"}]},{"slug":"ostrich","title":"Pštros","phrases":[{"type":"❤️","phrase":"Mám rád pštrosi."},{"type":"👀","phrase":"Viděl jsem pštrosa."},{"type":"🔊","phrase":"Jaký hluk dělá pštros?"}]},{"slug":"racoon","title":"Mýval","phrases":[{"type":"❤️","phrase":"Mám rád racoony."},{"type":"👀","phrase":"Viděl jsem racoona."},{"type":"🔊","phrase":"Jaký hluk vydává racoon?"}]},{"slug":"bat","title":"Netopýr","phrases":[{"type":"❤️","phrase":"Mám rád netopýry."},{"type":"👀","phrase":"Viděl jsem netopýra."},{"type":"🔊","phrase":"Jaký hluk dělá netopýr?"}]},{"slug":"eagle","title":"Orel","phrases":[{"type":"❤️","phrase":"Mám rád orly."},{"type":"👀","phrase":"Viděl jsem orla."},{"type":"🔊","phrase":"Jaký hluk vydává orel?"}]},{"slug":"hippopotamus","title":"Hroch","phrases":[{"type":"❤️","phrase":"Líbí se mi hroch."},{"type":"👀","phrase":"Viděl jsem hrocha."},{"type":"🔊","phrase":"Jaký hluk způsobuje hroch?"}]},{"slug":"seal","title":"Těsnění","phrases":[{"type":"❤️","phrase":"Mám rád těsnění."},{"type":"👀","phrase":"Viděl jsem pečeť."},{"type":"🔊","phrase":"Jaký hluk vytváří těsnění?"}]},{"slug":"walrus","title":"Mrož","phrases":[{"type":"❤️","phrase":"Mám rád mrože."},{"type":"👀","phrase":"Viděl jsem mrož."},{"type":"🔊","phrase":"Jaký hluk vydává mrož?"}]},{"slug":"seahorse","title":"Mořský koník","phrases":[{"type":"❤️","phrase":"Mám rád mořské koníky."},{"type":"👀","phrase":"Viděl jsem mořského koníka."},{"type":"🔊","phrase":"Jaký hluk vydává mořský koník?"}]},{"slug":"bull","title":"Býk","phrases":[{"type":"❤️","phrase":"Mám rád býky."},{"type":"👀","phrase":"Viděl jsem býka."},{"type":"🔊","phrase":"Jaký hluk býk vydává?"}]},{"slug":"pelican","title":"Pelikán","phrases":[{"type":"❤️","phrase":"Mám rád pelikány."},{"type":"👀","phrase":"Viděl jsem pelikána."},{"type":"🔊","phrase":"Jaký hluk způsobuje pelikán?"}]},{"slug":"beaver","title":"Bobr","phrases":[{"type":"❤️","phrase":"Mám rád bobři."},{"type":"👀","phrase":"Viděl jsem bobra."},{"type":"🔊","phrase":"Jaký hluk dělá bobr?"}]},{"slug":"goldfish","title":"Zlatá rybka","phrases":[{"type":"❤️","phrase":"Mám rád zlaté rybky."},{"type":"👀","phrase":"Viděl jsem zlatou rybku."},{"type":"🔊","phrase":"Jaký hluk vytváří zlatá rybka?"},{"type":"🐠","phrase":"Můžeme získat zlatou rybku jako domácího mazlíčka?"}]},{"slug":"rhinoceros","title":"Nosorožec","phrases":[{"type":"❤️","phrase":"Mám rád nosorožce."},{"type":"👀","phrase":"Viděl jsem nosorožce."},{"type":"🔊","phrase":"Jaký hluk nosorožci vydávají?"}]},{"slug":"snake","title":"Had","phrases":[{"type":"❤️","phrase":"Mám rád hady."},{"type":"👀","phrase":"Viděl jsem hada."},{"type":"🔊","phrase":"Jaký hluk vytváří had?"}]},{"slug":"lion","title":"Lev","phrases":[{"type":"❤️","phrase":"Mám rád lvy."},{"type":"👀","phrase":"Viděl jsem lva."},{"type":"🔊","phrase":"Jaký hluk dělá lev?"}]},{"slug":"squid","title":"Oliheň","phrases":[{"type":"❤️","phrase":"Mám ráda chobotnice."},{"type":"👀","phrase":"Viděl jsem chobotnici."},{"type":"🔊","phrase":"Jaký hluk dělá chobotnice?"}]},{"slug":"whale","title":"Velryba","phrases":[{"type":"❤️","phrase":"Mám rád velryby."},{"type":"👀","phrase":"Viděl jsem velrybu."},{"type":"🔊","phrase":"Jaký hluk způsobuje velryba?"}]},{"slug":"beetle","title":"Brouk","phrases":[{"type":"❤️","phrase":"Mám rád brouky."},{"type":"👀","phrase":"Viděl jsem brouka."},{"type":"🔊","phrase":"Jaký hluk způsobuje brouk?"}]},{"slug":"dolphin","title":"Delfín","phrases":[{"type":"❤️","phrase":"Mám rád delfíny."},{"type":"👀","phrase":"Viděl jsem delfína."},{"type":"🔊","phrase":"Jaký hluk vydává delfín?"}]},{"slug":"starfish","title":"Mořská hvězdice","phrases":[{"type":"❤️","phrase":"Mám rád hvězdice."},{"type":"👀","phrase":"Viděl jsem hvězdice."},{"type":"🔊","phrase":"Jaký hluk vytváří hvězdice?"}]},{"slug":"parakeet","title":"Andulka","phrases":[{"type":"❤️","phrase":"Mám rád papoušky."},{"type":"👀","phrase":"Viděl jsem papouška."},{"type":"🔊","phrase":"Jaký hluk dělá papoušek?"}]},{"slug":"owl","title":"Sova","phrases":[{"type":"❤️","phrase":"Mám rád sovy."},{"type":"👀","phrase":"Viděl jsem sova."},{"type":"🔊","phrase":"Jaký hluk vydává sova?"}]},{"slug":"sheep","title":"Ovce","phrases":[{"type":"❤️","phrase":"Mám rád ovce."},{"type":"👀","phrase":"Viděl jsem ovci."},{"type":"🔊","phrase":"Jaký hluk způsobuje ovce?"}]}]