[{"slug":"pants","title":"Kalhoty","phrases":[{"type":"🧼","phrase":"Moje kalhoty jsou špinavé."},{"type":"🙋","phrase":"Můžete mi pomoci nosit kalhoty?"}]},{"slug":"shirt","title":"Košile","phrases":[{"type":"🧼","phrase":"Moje košile je špinavá."},{"type":"🙋","phrase":"Můžete mi pomoci nosit košili?"}]},{"slug":"skirt","title":"Sukně","phrases":[{"type":"🧼","phrase":"Moje sukně je špinavá."},{"type":"🙋","phrase":"Můžete mi pomoci nosit sukni?"}]},{"slug":"panty","title":"Panty","phrases":[{"type":"🧼","phrase":"Moje spodní prádlo je špinavé."},{"type":"🙋","phrase":"Můžete mi pomoci nosit kalhotky?"}]},{"slug":"jacket","title":"Bunda","phrases":[{"type":"🧼","phrase":"Moje bunda je špinavá."},{"type":"🙋","phrase":"Můžete mi pomoci nosit moji bundu?"}]},{"slug":"tie","title":"Kravata","phrases":[{"type":"❤️","phrase":"Mám rád kravatu."},{"type":"🙋","phrase":"Můžete mi pomoci uvázat mou kravatu?"}]},{"slug":"baseball-cap","title":"Baseballová čepice","phrases":[{"type":"❤️","phrase":"Ráda nosím kšiltovku."},{"type":"❓","phrase":"Kterou baseballovou čepici bych měl nosit?"}]},{"slug":"dress","title":"Šaty","phrases":[{"type":"🧼","phrase":"Moje šaty jsou špinavé."},{"type":"🙋","phrase":"Můžete mi pomoci nosit moje šaty?"}]},{"slug":"shoes","title":"Obuv","phrases":[{"type":"🧼","phrase":"Moje boty jsou špinavé."},{"type":"🙋","phrase":"Můžete mi pomoci nosit boty?"}]},{"slug":"boots","title":"Boty","phrases":[{"type":"🧼","phrase":"Moje boty jsou špinavé."},{"type":"🙋","phrase":"Můžete mi pomoci nosit boty?"}]},{"slug":"sneakers","title":"Tenisky","phrases":[{"type":"🎈","phrase":"Chci nosit své tenisky."},{"type":"🙋","phrase":"Můžete mi pomoci nosit moje tenisky?"}]},{"slug":"slippers","title":"Bačkory","phrases":[{"type":"🎈","phrase":"Chci nosit pantofle."},{"type":"🙋","phrase":"Můžete mi pomoci nosit pantofle?"}]},{"slug":"belt","title":"Pás","phrases":[{"type":"❤️","phrase":"Ráda nosím opasek."},{"type":"🙋","phrase":"Můžete mi pomoci nosit můj opasek?"}]},{"slug":"socks","title":"Ponožky","phrases":[{"type":"🧼","phrase":"Moje ponožky jsou špinavé."},{"type":"🙋","phrase":"Můžete mi pomoci nosit ponožky?"}]},{"slug":"swimsuit","title":"Plavky","phrases":[{"type":"❤️","phrase":"Chci nosit plavky."},{"type":"🙋","phrase":"Můžete mi pomoci nosit plavky?"}]},{"slug":"sweater","title":"Svetr","phrases":[{"type":"🧼","phrase":"Můj svetr je špinavý."},{"type":"🙋","phrase":"Můžete mi pomoci nosit svetr?"}]},{"slug":"scarf","title":"Šátek","phrases":[{"type":"❤️","phrase":"Ráda nosím šátek."},{"type":"🙋","phrase":"Můžete mi pomoci nosit šátek?"}]},{"slug":"denim-shorts","title":"Džínové šortky","phrases":[{"type":"🧼","phrase":"Moje džínové kraťasy jsou špinavé."},{"type":"🙋","phrase":"Můžete mi pomoci nosit moje džínové kraťasy?"}]},{"slug":"hoodies","title":"Mikiny","phrases":[{"type":"❤️","phrase":"Ráda nosí mikiny."},{"type":"🙋","phrase":"Můžete mi pomoci nosit moji mikinu?"}]},{"slug":"swimming-shorts","title":"Plavecké šortky","phrases":[{"type":"🧼","phrase":"Moje plavecké šortky jsou špinavé."},{"type":"🙋","phrase":"Můžete mi pomoci nosit moje plavecké šortky?"}]},{"slug":"bow-tie","title":"Motýlek","phrases":[{"type":"❤️","phrase":"Mám rád motýlek."},{"type":"🙋","phrase":"Můžete mi pomoci nosit motýlek?"}]},{"slug":"leather-jacket","title":"Kožená bunda","phrases":[{"type":"❤️","phrase":"Ráda nosí koženou bundu."},{"type":"🙋","phrase":"Můžete mi pomoci nosit moji koženou bundu?"}]},{"slug":"bathrobe","title":"Bathrope","phrases":[{"type":"❤️","phrase":"Mám rád župan."},{"type":"🙋","phrase":"Můžete mi pomoci nosit můj župan?"}]},{"slug":"jumpsuit","title":"Kombinéza","phrases":[{"type":"❤️","phrase":"Ráda nosí kombinézu."},{"type":"🙋","phrase":"Můžete mi pomoci nosit kombinézu?"}]},{"slug":"fedora-hat","title":"Klobouk Fedora","phrases":[{"type":"❤️","phrase":"Mám rád klobouk fedora."},{"type":"🙋","phrase":"Můžete mi pomoci nosit klobouk fedora?"}]},{"slug":"t-shirt","title":"tričko","phrases":[{"type":"❤️","phrase":"Ráda nosím tričko."},{"type":"🙋","phrase":"Můžete mi pomoci nosit moje tričko?"}]},{"slug":"sleeveless","title":"Bez rukávů","phrases":[{"type":"❤️","phrase":"Ráda nosím bez rukávů."},{"type":"🙋","phrase":"Můžete mi pomoci nosit můj bez rukávů?"}]},{"slug":"boxers","title":"Boxeři","phrases":[{"type":"❤️","phrase":"Ráda nosím boxerky."},{"type":"🙋","phrase":"Můžete mi pomoci nosit moje boxery?"}]},{"slug":"vest","title":"Vesta","phrases":[{"type":"❤️","phrase":"Rád nosím vestu."},{"type":"🙋","phrase":"Můžete mi pomoci nosit vestu?"}]},{"slug":"pamela-hat","title":"Pamela klobouk","phrases":[{"type":"❤️","phrase":"Ráda nosí klobouk Pamela."},{"type":"🙋","phrase":"Můžete mi pomoci nosit klobouk pamela?"}]},{"slug":"high-heels","title":"Vysoké podpatky","phrases":[{"type":"❤️","phrase":"Ráda nosí vysoké podpatky."},{"type":"🙋","phrase":"Můžete mi pomoci nosit vysoké podpatky?"}]},{"slug":"overalls","title":"Montérky","phrases":[{"type":"❤️","phrase":"Ráda nosím kombinézy."},{"type":"🙋","phrase":"Můžete mi pomoci nosit moje kombinézy?"}]},{"slug":"kimono","title":"Kimono","phrases":[{"type":"❤️","phrase":"Ráda nosím kimono."},{"type":"🙋","phrase":"Můžete mi pomoci nosit moje kimono?"}]},{"slug":"raincoat","title":"Pláštěnka","phrases":[{"type":"❤️","phrase":"Ráda nosím pláštěnku."},{"type":"🙋","phrase":"Můžete mi pomoci nosit pláštěnku?"}]},{"slug":"bandana","title":"Bandana","phrases":[{"type":"❤️","phrase":"Ráda nosím šátek."},{"type":"🙋","phrase":"Můžete mi pomoci nosit můj šátek?"}]},{"slug":"beret","title":"Baret","phrases":[{"type":"❤️","phrase":"Ráda nosí baret."},{"type":"🙋","phrase":"Můžete mi pomoci nosit můj baret?"}]},{"slug":"knit-hat","title":"Pletený klobouk","phrases":[{"type":"❤️","phrase":"Mám rád na sobě pletený klobouk."},{"type":"🙋","phrase":"Můžete mi pomoci nosit můj pletený klobouk?"}]},{"slug":"suspenders","title":"Šle","phrases":[{"type":"❤️","phrase":"Ráda nosím podvazky."},{"type":"🙋","phrase":"Můžete mi pomoci nosit moje podvazky?"}]},{"slug":"mitten","title":"Mitten","phrases":[{"type":"❤️","phrase":"Ráda nosí rukavice."},{"type":"🙋","phrase":"Můžete mi pomoci nosit rukavice?"}]},{"slug":"suit","title":"Oblek","phrases":[{"type":"❤️","phrase":"Ráda nosí oblek."},{"type":"🙋","phrase":"Můžete mi pomoci nosit můj oblek?"}]},{"slug":"coat","title":"Kabát","phrases":[{"type":"❤️","phrase":"Ráda nosím kabát."},{"type":"🙋","phrase":"Můžete mi pomoci nosit kabát?"}]},{"slug":"trench-coat","title":"Plášť","phrases":[{"type":"❤️","phrase":"Rád nosím trenčkot."},{"type":"🙋","phrase":"Můžete mi pomoci nosit můj trenčkot?"}]}]