[{"slug":"crayons","title":"Pastelky","phrases":[{"type":"❤️","phrase":"Mám rád pastelky."},{"type":"🙋","phrase":"Můžeš mi dát pastelky?"},{"type":"🖍️","phrase":"Chci kreslit pomocí svých pastelek."}]},{"slug":"red","title":"Červené","phrases":[{"type":"👉","phrase":"Je to červené."},{"type":"💜","phrase":"Moje oblíbená barva je červená."},{"type":"🙋","phrase":"Můžeš mi dát červenou barvu?"}]},{"slug":"blue","title":"Modrý","phrases":[{"type":"👉","phrase":"Je to modré."},{"type":"💜","phrase":"Moje oblíbená barva je modrá."},{"type":"🙋","phrase":"Můžete mi dát modrou barvu?"}]},{"slug":"orange","title":"oranžový","phrases":[{"type":"👉","phrase":"Je to oranžová barva."},{"type":"💜","phrase":"Moje oblíbená barva je oranžová."},{"type":"🙋","phrase":"Můžeš mi dát oranžovou barvu?"}]},{"slug":"green","title":"Zelený","phrases":[{"type":"👉","phrase":"Je to zelené."},{"type":"💜","phrase":"Moje oblíbená barva je zelená."},{"type":"🙋","phrase":"Můžete mi dát zelenou barvu?"}]},{"slug":"yellow","title":"Žlutá","phrases":[{"type":"👉","phrase":"Je žlutá."},{"type":"💜","phrase":"Moje oblíbená barva je žlutá."},{"type":"🙋","phrase":"Můžeš mi dát žlutou barvu?"}]},{"slug":"purple","title":"Nachový","phrases":[{"type":"👉","phrase":"Je fialová."},{"type":"💜","phrase":"Moje oblíbená barva je fialová."},{"type":"🙋","phrase":"Můžete mi dát fialové barvy?"}]},{"slug":"pink","title":"Růžový","phrases":[{"type":"👉","phrase":"Je růžová."},{"type":"💜","phrase":"Moje oblíbená barva je růžová."},{"type":"🙋","phrase":"Můžeš mi dát růžovou barvu?"}]},{"slug":"brown","title":"Hnědý","phrases":[{"type":"👉","phrase":"To je hnědé."},{"type":"💜","phrase":"Moje oblíbená barva je hnědá."},{"type":"🙋","phrase":"Můžeš mi dát hnědou barvu?"}]},{"slug":"black","title":"Černá","phrases":[{"type":"👉","phrase":"Je to černé."},{"type":"💜","phrase":"Moje oblíbená barva je černá."},{"type":"🙋","phrase":"Můžete mi dát černou barvu?"}]},{"slug":"white","title":"Bílý","phrases":[{"type":"👉","phrase":"Je to bílé."},{"type":"💜","phrase":"Moje oblíbená barva je bílá."},{"type":"🙋","phrase":"Můžete mi dát bílou barvu?"}]},{"slug":"gray","title":"Šedá","phrases":[{"type":"👉","phrase":"Je šedá."},{"type":"💜","phrase":"Moje oblíbená barva je šedá."},{"type":"🙋","phrase":"Můžete mi dát šedou barvu?"}]},{"slug":"transparent","title":"Průhledný","phrases":[{"type":"👉","phrase":"Je to průhledné."},{"type":"👀","phrase":"Vidím za průhlednou barvou."},{"type":"🙋","phrase":"Můžete mi pomoci vymazat?"}]},{"slug":"cyan","title":"Tyrkysová","phrases":[{"type":"👉","phrase":"Je to azurová."},{"type":"💜","phrase":"Moje oblíbená barva je azurová."},{"type":"🙋","phrase":"Můžeš mi dát azurovou barvu?"}]},{"slug":"violet","title":"fialový","phrases":[{"type":"👉","phrase":"Je fialová."},{"type":"💜","phrase":"Moje oblíbená barva je fialová."},{"type":"🙋","phrase":"Můžeš mi dát fialovou barvu?"}]},{"slug":"turquoise","title":"Tyrkysový","phrases":[{"type":"👉","phrase":"Je tyrkysová."},{"type":"💜","phrase":"Moje oblíbená barva je tyrkysová."},{"type":"🙋","phrase":"Můžeš mi dát tyrkysovou barvu?"}]},{"slug":"lime","title":"Limetka","phrases":[{"type":"👉","phrase":"Je to vápno."},{"type":"💜","phrase":"Moje oblíbená barva je vápno."},{"type":"🙋","phrase":"Můžeš mi dát vápennou barvu?"}]},{"slug":"plum","title":"Švestka","phrases":[{"type":"👉","phrase":"Je to švestka."},{"type":"💜","phrase":"Moje oblíbená barva je švestka."},{"type":"🙋","phrase":"Můžete mi dát švestkové barvy?"}]},{"slug":"tan","title":"Opálení","phrases":[{"type":"👉","phrase":"Je to hnědá barva."},{"type":"💜","phrase":"Moje oblíbená barva je hnědá."},{"type":"🙋","phrase":"Můžete mi dát pálení barvy barvy?"}]},{"slug":"avocado","title":"Avokádo","phrases":[{"type":"👉","phrase":"Je to avokádová barva."},{"type":"💜","phrase":"Moje oblíbená barva je avokádová barva."},{"type":"🙋","phrase":"Můžeš mi dát avokádovou barvu?"}]},{"slug":"barbie-pink","title":"Barbie růžová","phrases":[{"type":"👉","phrase":"Je to barbie růžová barva."},{"type":"💜","phrase":"Moje oblíbená barva je barbie pink."},{"type":"🙋","phrase":"Můžete mi dát barbie růžové barvy?"}]},{"slug":"blizzard-blue","title":"Blizzard blue","phrases":[{"type":"👉","phrase":"Je to vánice modrá barva."},{"type":"💜","phrase":"Moje oblíbená barva je blizzard blue color."},{"type":"🙋","phrase":"Můžete mi dát blizzard blue paint?"}]}]