[{"slug":"coffee","title":"Káva","phrases":[{"type":"❤️","phrase":"Líbí se mi pití kávy."},{"type":"🙋","phrase":"Chci pít kávu."}]},{"slug":"water","title":"Voda","phrases":[{"type":"☝️","phrase":"Musím pít vodu."},{"type":"🙋","phrase":"Chci se napít vody."}]},{"slug":"juice","title":"Džus","phrases":[{"type":"❤️","phrase":"Líbí se mi pití šťávy."},{"type":"🙋","phrase":"Chci pít šťávu."}]},{"slug":"tea","title":"Čaj","phrases":[{"type":"❤️","phrase":"Líbí se mi pití čaje."},{"type":"🙋","phrase":"Chci pít čaj."}]},{"slug":"grape-juice","title":"Grepový džus","phrases":[{"type":"❤️","phrase":"Líbí se mi pití hroznové šťávy."},{"type":"🙋","phrase":"Chci pít hroznovou šťávu."}]},{"slug":"milk","title":"Mléko","phrases":[{"type":"❤️","phrase":"Mám rád konzumní mléko."},{"type":"🙋","phrase":"Chci pít mléko."}]},{"slug":"milkshake","title":"Koktejl","phrases":[{"type":"❤️","phrase":"Líbí se mi pití koktejlů."},{"type":"🙋","phrase":"Chci pít koktejl."}]},{"slug":"orange-juice","title":"pomerančový džus","phrases":[{"type":"❤️","phrase":"Líbí se mi pití pomerančové šťávy."},{"type":"🙋","phrase":"Chci pít pomerančový džus."}]},{"slug":"apple-juice","title":"jablečný džus","phrases":[{"type":"❤️","phrase":"Líbí se mi pití jablečné šťávy."},{"type":"🙋","phrase":"Chci pít jablečnou šťávu."}]},{"slug":"pineapple-juice","title":"Ananasový džus","phrases":[{"type":"❤️","phrase":"Líbí se mi pití ananasové šťávy."},{"type":"🙋","phrase":"Chci pít ananasový džus."}]},{"slug":"lemonade","title":"Limonáda","phrases":[{"type":"❤️","phrase":"Líbí se mi pití limonády."},{"type":"🙋","phrase":"Chci pít limonádu."}]},{"slug":"coke","title":"Kola","phrases":[{"type":"❤️","phrase":"Líbí se mi pití koksu."},{"type":"🙋","phrase":"Chci pít koks."}]},{"slug":"soda","title":"Soda","phrases":[{"type":"❤️","phrase":"Líbí se mi pití soda."},{"type":"🙋","phrase":"Chci pít sodu."}]},{"slug":"frappe","title":"Frapé","phrases":[{"type":"❤️","phrase":"Mám rád pití frappe."},{"type":"🙋","phrase":"Chci pít frappe."}]},{"slug":"smoothie","title":"Smoothie","phrases":[{"type":"❤️","phrase":"Líbí se mi pití smoothie."},{"type":"🙋","phrase":"Chci pít koktejl."}]},{"slug":"iced-tea","title":"Ledový čaj","phrases":[{"type":"❤️","phrase":"Líbí se mi pití ledového čaje."},{"type":"🙋","phrase":"Chci pít ledový čaj."}]},{"slug":"hot-chocolate","title":"Horká čokoláda","phrases":[{"type":"❤️","phrase":"Líbí se mi pití horké čokolády."},{"type":"🙋","phrase":"Chci pít horkou čokoládu."}]},{"slug":"mineral-water","title":"Minerální voda","phrases":[{"type":"❤️","phrase":"Líbí se mi pití minerální vody."},{"type":"🙋","phrase":"Chci pít minerální vodu."}]}]