[{"slug":"cotton-candy","title":"Cotto cukroví","phrases":[{"type":"❤️","phrase":"Líbí se mi jíst cukrovou vatu."}]},{"slug":"magic-hat","title":"Kouzelný klobouk","phrases":[{"type":"❤️","phrase":"Líbí se mi magický klobouk."}]},{"slug":"ferris-wheel","title":"Ruské kolo","phrases":[{"type":"❤️","phrase":"Rád jezdím na ruském kole."}]},{"slug":"bowling","title":"Kuželky","phrases":[{"type":"❤️","phrase":"Rád hraji bowling."}]},{"slug":"bumper-car","title":"Nárazníkové auto","phrases":[{"type":"❤️","phrase":"Ráda jezdím v nárazníku."}]},{"slug":"carousel","title":"Kolotoč","phrases":[{"type":"❤️","phrase":"Ráda jezdím v karuselu."}]},{"slug":"balloons","title":"Balónky","phrases":[{"type":"❤️","phrase":"Mám rád balónky."}]},{"slug":"cups","title":"Poháry","phrases":[]},{"slug":"unicycle","title":"Unicylce","phrases":[]},{"slug":"circus-tent","title":"Cirkusový stan","phrases":[]},{"slug":"food-truck","title":"Nákladní vůz","phrases":[]},{"slug":"tea-cup-ride","title":"Tea cup ride","phrases":[]},{"slug":"whack-a-mole","title":"Udeřte krtka","phrases":[]},{"slug":"food-stall","title":"Stánek s jídlem","phrases":[]},{"slug":"claw-machine","title":"Drápový stroj","phrases":[]},{"slug":"shooting-target","title":"Střelba cíl","phrases":[]},{"slug":"teddy-bear","title":"Medvídek","phrases":[]},{"slug":"fireworks","title":"Ohňostroj","phrases":[]},{"slug":"caramelized-apple","title":"Karamelizované jablko","phrases":[]},{"slug":"ring","title":"Prsten","phrases":[]}]