[{"slug":"happy","title":"Šťastný","phrases":[{"type":"🖐️","phrase":"Jsem šťastný."},{"type":"🙋","phrase":"Cítím se šťastný."},{"type":"❓","phrase":"Cítíš se šťastný?"},{"type":"☝️","phrase":"Chci se cítit šťastný."},{"type":"🎈","phrase":"Děláte mě šťastným."}]},{"slug":"sad","title":"Smutný","phrases":[{"type":"🖐️","phrase":"Jsem smutný."},{"type":"🙋","phrase":"Je mi smutno."},{"type":"❓","phrase":"Cítíš se smutně?"},{"type":"☝️","phrase":"Nechci se cítit smutně."},{"type":"😠","phrase":"Zlobíš mě."}]},{"slug":"exhausted","title":"Vyčerpaný","phrases":[{"type":"🖐️","phrase":"Jsem vyčerpaný."},{"type":"🙋","phrase":"Cítím se vyčerpaná."},{"type":"❓","phrase":"Cítíte se vyčerpaní?"},{"type":"☝️","phrase":"Nechci být vyčerpaný."}]},{"slug":"relaxed","title":"Uvolněný","phrases":[{"type":"🖐️","phrase":"Jsem uvolněný."},{"type":"🙋","phrase":"Cítím se uvolněně."},{"type":"❓","phrase":"Cítíte se uvolněně?"},{"type":"☝️","phrase":"Chci se cítit uvolněně."}]},{"slug":"in-love","title":"Zamilovaný","phrases":[{"type":"🖐️","phrase":"Jsem zamilovaný."},{"type":"🙋","phrase":"Zamiloval jsem se."},{"type":"❓","phrase":"Jsi zamilovaný?"},{"type":"☝️","phrase":"Chci se zamilovat."},{"type":"👉","phrase":"Miluješ mě?"}]},{"slug":"stressed","title":"Zdůraznil","phrases":[{"type":"🖐️","phrase":"Jsem stresovaný."},{"type":"🙋","phrase":"Cítím se ve stresu."},{"type":"❓","phrase":"Cítíte se stresovaní?"},{"type":"☝️","phrase":"Nechci se cítit stresovaný."}]},{"slug":"thankful","title":"Vděčný","phrases":[{"type":"🖐️","phrase":"Jsem vděčný."},{"type":"🙋","phrase":"Cítím se vděčný."},{"type":"❓","phrase":"Cítíš se vděčný?"},{"type":"☝️","phrase":"Chci se cítit vděčný."}]},{"slug":"confused","title":"Zmatený","phrases":[{"type":"🖐️","phrase":"Jsem zmatený."},{"type":"🙋","phrase":"Cítím se zmatený."},{"type":"❓","phrase":"Cítíte se zmatení?"},{"type":"☝️","phrase":"Mateš mě."}]},{"slug":"joyful","title":"Rozradostněný","phrases":[{"type":"🖐️","phrase":"Jsem radostná."},{"type":"🙋","phrase":"Cítím se radostně."},{"type":"❓","phrase":"Cítíš se radostně?"},{"type":"☝️","phrase":"Chci se cítit radostně."}]},{"slug":"angry","title":"Rozzlobený","phrases":[{"type":"🖐️","phrase":"Jsem naštvaný."},{"type":"🙋","phrase":"Cítím se naštvaný."},{"type":"❓","phrase":"Cítíš se naštvaný?"},{"type":"☝️","phrase":"Jsem na tebe naštvaný."},{"type":"😠","phrase":"Rozčiluješ mě."}]},{"slug":"smart","title":"Chytrý","phrases":[{"type":"🖐️","phrase":"Jsem chytrý."},{"type":"🙋","phrase":"Cítím se chytře."},{"type":"❓","phrase":"Cítíš se chytře?"},{"type":"☝️","phrase":"Jsem chytrý?"},{"type":"👉","phrase":"Jste chytří!"}]},{"slug":"afraid","title":"Bojím se","phrases":[{"type":"🖐️","phrase":"Bojím se."},{"type":"🙋","phrase":"Cítím se strach."},{"type":"❓","phrase":"Máte strach?"},{"type":"☝️","phrase":"Nechci se bát."},{"type":"😠","phrase":"Děsíš mě."}]},{"slug":"ashamed","title":"Zahanbený","phrases":[{"type":"🖐️","phrase":"Stydím."},{"type":"🙋","phrase":"Cítím se zahanben."},{"type":"❓","phrase":"Cítíte se stydět?"},{"type":"☝️","phrase":"Nechci se stydět."}]},{"slug":"shocked","title":"Šokováno","phrases":[{"type":"🖐️","phrase":"Jsem šokován."},{"type":"🙋","phrase":"Cítím se šokován."},{"type":"❓","phrase":"Cítíte se šokováni?"},{"type":"☝️","phrase":"Šokoval jsi mě."}]},{"slug":"sick","title":"Nemocný","phrases":[{"type":"🖐️","phrase":"Je mi špatně."},{"type":"🙋","phrase":"Cítím se špatně."},{"type":"❓","phrase":"Je Vám špatně?"},{"type":"☝️","phrase":"Nechci být nemocný."},{"type":"🤢","phrase":"Je mi špatně z jídla."}]},{"slug":"frustrated","title":"Frustrovaný","phrases":[{"type":"🖐️","phrase":"Jsem frustrovaný."},{"type":"🙋","phrase":"Cítím se frustrovaný."},{"type":"❓","phrase":"Cítíte se frustrovaní?"},{"type":"☝️","phrase":"Nechci se cítit frustrovaný."}]},{"slug":"excited","title":"Vzrušený","phrases":[{"type":"🖐️","phrase":"Jsem vzrušený."},{"type":"🙋","phrase":"Cítím vzrušení."},{"type":"❓","phrase":"Cítíte se nadšeni?"},{"type":"☝️","phrase":"Nechci se cítit nadšený."}]},{"slug":"nauseated","title":"Nauseating","phrases":[{"type":"🖐️","phrase":"Jsem nevolný."},{"type":"🙋","phrase":"Cítím se zvraceně."},{"type":"❓","phrase":"Cítíte se zvraceni?"},{"type":"☝️","phrase":"Nechci se cítit nevolně."}]},{"slug":"agitated","title":"Rozrušený","phrases":[{"type":"🖐️","phrase":"Jsem rozrušený."},{"type":"🙋","phrase":"Cítím se rozrušený."},{"type":"❓","phrase":"Cítíte se rozčileni?"},{"type":"☝️","phrase":"Nechci se cítit rozrušený."}]}]