[{"slug":"hungry","title":"Hladový","phrases":[{"type":"‼️","phrase":"Mám hlad."},{"type":"❓","phrase":"Máš hlad?"},{"type":"🙋","phrase":"Můžeš mi dát jídlo?"},{"type":"🍳","phrase":"Co je k večeři?"}]},{"slug":"thirsty","title":"Žíznivý","phrases":[{"type":"‼️","phrase":"Mám žízeň."},{"type":"🌊","phrase":"Můžu si dát trochu vody?"},{"type":"🥛","phrase":"Mohl bych dostat sklenici vody?"},{"type":"🙋","phrase":"Chci něco pít."}]},{"slug":"cutlery","title":"Příbory","phrases":[{"type":"🙋","phrase":"Potřebuji příbory."},{"type":"🍽️","phrase":"Pomozte mi používat příbory."},{"type":"🍴","phrase":"Potřebuji vidličku."},{"type":"🥄","phrase":"Potřebuji lžíci."},{"type":"🥢","phrase":"Potřebuji hůlky."},{"type":"🔪","phrase":"Potřebuji nůž."},{"type":"🧻","phrase":"Potřebuji ubrousek."}]},{"slug":"apple","title":"Jablko","phrases":[{"type":"❤️","phrase":"Mám rád jablko."},{"type":"❌","phrase":"Nemám rád jablko."},{"type":"🙋","phrase":"Chci jíst jablko."}]},{"slug":"carrot","title":"Mrkev","phrases":[{"type":"❤️","phrase":"Líbí se mi mrkev."},{"type":"❌","phrase":"Nemám rád mrkev."},{"type":"🙋","phrase":"Chci jíst mrkev."}]},{"slug":"beans","title":"Fazole","phrases":[{"type":"❤️","phrase":"Mám rád fazole."},{"type":"❌","phrase":"Nemám rád fazole."},{"type":"🙋","phrase":"Chci jíst fazole."}]},{"slug":"chicken","title":"Kuře","phrases":[{"type":"❤️","phrase":"Mám rád kuře."},{"type":"❌","phrase":"Nemám rád kuře."},{"type":"🙋","phrase":"Chci jíst kuře."},{"type":"🍗","phrase":"Chci smažené kuře."},{"type":"🐣","phrase":"Chci vařené kuře."}]},{"slug":"chocolate","title":"Čokoláda","phrases":[{"type":"❤️","phrase":"Mám rád čokoládu."},{"type":"❌","phrase":"Nemám rád čokoládu."},{"type":"🙋","phrase":"Chci jíst čokoládu."},{"type":"⚫","phrase":"Chci hořkou čokoládu."},{"type":"⚪","phrase":"Chci bílou čokoládu."}]},{"slug":"milk","title":"Mléko","phrases":[{"type":"❤️","phrase":"Mám rád mléko."},{"type":"❌","phrase":"Nemám rád mléko."},{"type":"🙋","phrase":"Chci pít mléko."},{"type":"🍳","phrase":"Mohu si dát sklenici mléka?"}]},{"slug":"sandwich","title":"Sendvič","phrases":[{"type":"❤️","phrase":"Mám rád sendvič."},{"type":"❌","phrase":"Nemám rád sendvič."},{"type":"🙋","phrase":"Chci jíst sendvič."},{"type":"🍳","phrase":"Můžeš mi udělat sendvič?"}]},{"slug":"steak","title":"Steak","phrases":[{"type":"❤️","phrase":"Mám rád steaky."},{"type":"❌","phrase":"Nemám rád steaky."},{"type":"🙋","phrase":"Chci jíst steak."},{"type":"🍳","phrase":"Můžeš mi uvařit steak?"}]},{"slug":"banana","title":"Banán","phrases":[{"type":"❤️","phrase":"Mám rád banán."},{"type":"❌","phrase":"Nemám rád banán."},{"type":"🙋","phrase":"Chci jíst banán."}]},{"slug":"pie","title":"Koláč","phrases":[{"type":"❤️","phrase":"Mám rád koláč."},{"type":"❌","phrase":"Nemám rád koláč."},{"type":"🙋","phrase":"Chci jíst koláč."},{"type":"🍳","phrase":"Můžeš mi péct koláč?"}]},{"slug":"egg","title":"Vejce","phrases":[{"type":"❤️","phrase":"Mám rád vejce."},{"type":"❌","phrase":"Nemám rád vejce."},{"type":"🙋","phrase":"Chci jíst vejce."},{"type":"🍳","phrase":"Chci smažená vejce."},{"type":"🥚","phrase":"Chci vařená vejce."}]},{"slug":"noodles","title":"Nudle","phrases":[{"type":"❤️","phrase":"Mám rád nudle."},{"type":"❌","phrase":"Nelíbí se mi nudle."},{"type":"🙋","phrase":"Chci jíst nudle."},{"type":"🍳","phrase":"Můžeš mi uvařit nudle?"}]},{"slug":"salt","title":"Sůl","phrases":[{"type":"🙋","phrase":"Chci sůl."},{"type":"❓","phrase":"Můžeš mi podat sůl?"},{"type":"🧂","phrase":"Jídlo je příliš slané."},{"type":"🧂","phrase":"Moje jídlo potřebuje trochu soli."}]},{"slug":"spices","title":"Koření","phrases":[{"type":"❤️","phrase":"Mám rád kořeněné jídlo."},{"type":"❌","phrase":"Nemám rád kořeněné jídlo."},{"type":"🙋","phrase":"Chci papriku."},{"type":"⚫","phrase":"Chci černý pepř."}]},{"slug":"pizza","title":"Pizza","phrases":[{"type":"❤️","phrase":"Mám rád pizzu."},{"type":"❌","phrase":"Nemám rád pizzu."},{"type":"🙋","phrase":"Chci jíst pizzu."},{"type":"🍳","phrase":"Můžeš pro mě vařit pizzu?"},{"type":"☝️","phrase":"Můžeme si objednat pizzu?"}]},{"slug":"cheese","title":"Sýr","phrases":[{"type":"❤️","phrase":"Mám rád sýr."},{"type":"❌","phrase":"Nemám rád sýr."},{"type":"🙋","phrase":"Chci jíst sýr."}]},{"slug":"fish","title":"Ryba","phrases":[{"type":"❤️","phrase":"Mám rád ryby."},{"type":"❌","phrase":"Nemám rád ryby."},{"type":"🙋","phrase":"Chci jíst ryby."},{"type":"🍳","phrase":"Můžeš mi uvařit ryby?"}]},{"slug":"ice-cream","title":"Zmrzlina","phrases":[{"type":"❤️","phrase":"Mám rád zmrzlinu."},{"type":"❌","phrase":"Nemám rád zmrzlinu."},{"type":"🙋","phrase":"Chci jíst zmrzlinu."},{"type":"☝️","phrase":"Můžeš mi koupit zmrzlinu?"}]},{"slug":"tea","title":"Čaj","phrases":[{"type":"❤️","phrase":"Mám rád čaj."},{"type":"❌","phrase":"Nemám rád čaj."},{"type":"🙋","phrase":"Chci pít čaj."},{"type":"🍳","phrase":"Můžeš mi připravit čaj?"}]},{"slug":"coffee","title":"Káva","phrases":[{"type":"❤️","phrase":"Mám rád kávu."},{"type":"❌","phrase":"Nemám rád kávu."},{"type":"🙋","phrase":"Chci pít kávu."},{"type":"🍳","phrase":"Můžeš pro mě udělat kávu?"}]},{"slug":"tomato","title":"Rajče","phrases":[{"type":"❤️","phrase":"Mám rád rajče."},{"type":"❌","phrase":"Rajčata se mi nelíbí."},{"type":"🙋","phrase":"Chci jíst rajče."}]},{"slug":"cereal","title":"Obiloviny","phrases":[{"type":"❤️","phrase":"Mám rád cereálie."},{"type":"❌","phrase":"Nemám rád cereálie."},{"type":"🙋","phrase":"Chci jíst obiloviny."},{"type":"🍳","phrase":"Můžeš mě přimět obilovin?"}]},{"slug":"burger","title":"Hamburger","phrases":[{"type":"❤️","phrase":"Mám rád hamburger."},{"type":"❌","phrase":"Nemám rád hamburger."},{"type":"🙋","phrase":"Chci jíst hamburger."},{"type":"🍳","phrase":"Můžeš pro mě vařit hamburger?"},{"type":"☝️","phrase":"Můžeme si objednat hamburger?"}]},{"slug":"french-fries","title":"hranolky","phrases":[{"type":"❤️","phrase":"Mám rád hranolky."},{"type":"❌","phrase":"Nemám rád hranolky."},{"type":"🙋","phrase":"Chci jíst hranolky."},{"type":"🍳","phrase":"Můžeš mi uvařit hranolky?"},{"type":"☝️","phrase":"Můžeme si objednat hranolky?"}]},{"slug":"spinach","title":"Špenát","phrases":[{"type":"❤️","phrase":"Mám rád špenát."},{"type":"❌","phrase":"Nemám rád špenát."},{"type":"🙋","phrase":"Chci jíst špenát."}]},{"slug":"rice","title":"Rýže","phrases":[{"type":"❤️","phrase":"Mám rád rýži."},{"type":"❌","phrase":"Nemám rád rýži."},{"type":"🙋","phrase":"Chci jíst rýži."},{"type":"🍳","phrase":"Můžeš pro mě vařit rýži?"}]},{"slug":"bread","title":"Chléb","phrases":[{"type":"❤️","phrase":"Mám rád chléb."},{"type":"❌","phrase":"Nemám rád chléb."},{"type":"🙋","phrase":"Chci jíst chléb."},{"type":"☝️","phrase":"Můžete si koupit nějaký chléb?"}]},{"slug":"pasta","title":"Těstoviny","phrases":[{"type":"❤️","phrase":"Mám rád těstoviny."},{"type":"❌","phrase":"Nemám rád těstoviny."},{"type":"🙋","phrase":"Chci jíst těstoviny."},{"type":"🍳","phrase":"Můžeš pro mě vařit těstoviny?"}]},{"slug":"sauce","title":"Omáčka","phrases":[{"type":"❤️","phrase":"Mám rád omáčku."},{"type":"❌","phrase":"Nelíbí se mi omáčka."},{"type":"🙋","phrase":"Chci nějakou omáčku."},{"type":"🔴","phrase":"Mohu mít kečup?"},{"type":"⚪","phrase":"Mohu mít majonézu?"},{"type":"🟡","phrase":"Mohu mít hořčici?"},{"type":"🚜","phrase":"Mohu mít rančovou omáčku?"}]},{"slug":"kebab","title":"Kebab","phrases":[{"type":"❤️","phrase":"Líbí se mi kebab."},{"type":"❌","phrase":"Nemám rád kebab."},{"type":"🙋","phrase":"Chci jíst kebab."},{"type":"🍳","phrase":"Můžeš pro mě vařit kebab?"},{"type":"☝️","phrase":"Můžeme si objednat kebab?"}]}]