[{"slug":"apple","title":"Jablko","phrases":[{"type":"❤️","phrase":"Líbí se mi jíst jablko."},{"type":"🙋","phrase":"Chci jíst jablko."},{"type":"❌","phrase":"Nemám rád jablko."}]},{"slug":"watermelon","title":"Vodní meloun","phrases":[{"type":"❤️","phrase":"Líbí se mi jíst meloun."},{"type":"🙋","phrase":"Chci jíst meloun."},{"type":"❌","phrase":"Nelíbí se mi meloun."}]},{"slug":"orange","title":"oranžový","phrases":[{"type":"❤️","phrase":"Líbí se mi jíst pomeranč."},{"type":"🙋","phrase":"Chci jíst pomeranč."},{"type":"❌","phrase":"Nelíbí se mi oranžová."}]},{"slug":"strawberry","title":"Jahoda","phrases":[{"type":"❤️","phrase":"Líbí se mi jíst jahody."},{"type":"🙋","phrase":"Chci jíst nějaké jahody."},{"type":"❌","phrase":"Nemám rád jahody."}]},{"slug":"grape","title":"Hroznový","phrases":[{"type":"❤️","phrase":"Líbí se mi jíst hroznové víno."},{"type":"🙋","phrase":"Chci jíst nějaké hrozny."},{"type":"❌","phrase":"Nelíbí se mi hroznové víno."}]},{"slug":"cherry","title":"Třešeň","phrases":[{"type":"❤️","phrase":"Líbí se mi jíst třešně."},{"type":"🙋","phrase":"Chci jíst nějaké třešně."},{"type":"❌","phrase":"Nemám rád třešně."}]},{"slug":"mango","title":"Mango","phrases":[{"type":"❤️","phrase":"Líbí se mi jíst mango."},{"type":"🙋","phrase":"Chci jíst mango."},{"type":"❌","phrase":"Nemám rád mango."}]},{"slug":"guava","title":"Guava","phrases":[{"type":"❤️","phrase":"Líbí se mi jíst guava."},{"type":"🙋","phrase":"Chci jíst guavu."},{"type":"❌","phrase":"Nemám rád guavu."}]},{"slug":"banana","title":"Banán","phrases":[{"type":"❤️","phrase":"Líbí se mi jíst banán."},{"type":"🙋","phrase":"Chci jíst banán."},{"type":"❌","phrase":"Nemám rád banán."}]},{"slug":"pomegranate","title":"Granátové jablko","phrases":[{"type":"❤️","phrase":"Líbí se mi jíst granátové jablko."},{"type":"🙋","phrase":"Chci jíst granátové jablko."},{"type":"❌","phrase":"Nemám rád granátové jablko."}]},{"slug":"raspberry","title":"Malina","phrases":[{"type":"❤️","phrase":"Líbí se mi jíst maliny."},{"type":"🙋","phrase":"Chci jíst nějaké maliny."},{"type":"❌","phrase":"Nemám rád maliny."}]},{"slug":"papaya","title":"Papája","phrases":[{"type":"❤️","phrase":"Líbí se mi jíst papáji."},{"type":"🙋","phrase":"Chci jíst papáji."},{"type":"❌","phrase":"Nemám rád papáji."}]},{"slug":"kiwi","title":"Kiwi","phrases":[{"type":"❤️","phrase":"Líbí se mi jíst kiwi."},{"type":"🙋","phrase":"Chci jíst kiwi."},{"type":"❌","phrase":"Nemám rád kiwi."}]},{"slug":"pineapple","title":"Ananas","phrases":[{"type":"❤️","phrase":"Líbí se mi jíst ananas."},{"type":"🙋","phrase":"Chci jíst nějaký ananas."},{"type":"❌","phrase":"Nelíbí se mi ananas."}]},{"slug":"lemon","title":"Citrón","phrases":[{"type":"❤️","phrase":"Líbí se mi jíst citron."},{"type":"🙋","phrase":"Chci jíst citron."},{"type":"❌","phrase":"Nemám rád citron."},{"type":"🍋","phrase":"Citrony jsou kyselé."}]},{"slug":"apricot","title":"Meruňka","phrases":[{"type":"❤️","phrase":"Líbí se mi jíst meruňky."},{"type":"🙋","phrase":"Chci jíst meruňku."},{"type":"❌","phrase":"Nemám rád meruňky."}]},{"slug":"dragon-fruit","title":"dračí ovoce","phrases":[{"type":"❤️","phrase":"Líbí se mi jíst dračí ovoce."},{"type":"🙋","phrase":"Chci jíst dračí ovoce."},{"type":"❌","phrase":"Nemám rád dračí ovoce."}]},{"slug":"peach","title":"Broskev","phrases":[{"type":"❤️","phrase":"Líbí se mi jíst broskev."},{"type":"🙋","phrase":"Chci jíst broskev."},{"type":"❌","phrase":"Nelíbí se mi broskev."}]},{"slug":"avocado","title":"Avokádo","phrases":[{"type":"❤️","phrase":"Líbí se mi jíst avokádo."},{"type":"🙋","phrase":"Chci jíst avokádo."},{"type":"❌","phrase":"Nemám rád avokádo."}]},{"slug":"fig","title":"Obr","phrases":[{"type":"❤️","phrase":"Líbí se mi jíst obr."},{"type":"🙋","phrase":"Chci sníst fík."},{"type":"❌","phrase":"Nemám rád obr."}]},{"slug":"lychee","title":"Liči","phrases":[{"type":"❤️","phrase":"Líbí se mi jíst liči."},{"type":"🙋","phrase":"Chci jíst liči."},{"type":"❌","phrase":"Nemám rád liči."}]},{"slug":"passion-fruit","title":"Vášeň ovoce","phrases":[{"type":"❤️","phrase":"Líbí se mi jíst vášeň ovoce."},{"type":"🙋","phrase":"Chci jíst vášeň ovoce."},{"type":"❌","phrase":"Nemám rád vášeň ovoce."}]},{"slug":"blueberry","title":"Borůvka","phrases":[{"type":"❤️","phrase":"Líbí se mi jíst borůvky."},{"type":"🙋","phrase":"Chci jíst nějaké borůvky."},{"type":"❌","phrase":"Nemám rád borůvky."}]},{"slug":"coconut","title":"Kokosový ořech","phrases":[{"type":"❤️","phrase":"Líbí se mi jíst kokos."},{"type":"🙋","phrase":"Chci jíst nějaký kokos."},{"type":"❌","phrase":"Nemám rád kokos."}]}]