[{"slug":"gardener","title":"Zahradník","phrases":[]},{"slug":"sprout","title":"Výhonek","phrases":[]},{"slug":"hose","title":"Hadice","phrases":[]},{"slug":"glove","title":"Rukavice","phrases":[]},{"slug":"flowers","title":"Květiny","phrases":[]},{"slug":"seeds","title":"Semena","phrases":[]},{"slug":"shovel","title":"Lopata","phrases":[]},{"slug":"watering","title":"Zalévání","phrases":[]},{"slug":"scarecrow","title":"Strašák","phrases":[]},{"slug":"tree","title":"Strom","phrases":[]},{"slug":"fertilizer","title":"Hnojivo","phrases":[]},{"slug":"pitchfork","title":"Vidle","phrases":[]},{"slug":"bucket","title":"Kbelík","phrases":[]},{"slug":"fence","title":"Plot","phrases":[]},{"slug":"leaf","title":"List","phrases":[]},{"slug":"windmill","title":"Větrný mlýn","phrases":[]},{"slug":"spray","title":"Sprej","phrases":[]},{"slug":"shears","title":"Nůžky","phrases":[]},{"slug":"sprinkler","title":"Sprinkler","phrases":[]},{"slug":"tractor","title":"Traktor","phrases":[]},{"slug":"jam","title":"Džem","phrases":[]},{"slug":"bonsai","title":"Bonsai","phrases":[]},{"slug":"wheelbarrow","title":"Kolečko","phrases":[]},{"slug":"birdhouse","title":"Ptačí budka","phrases":[]}]