[{"slug":"mixer","title":"Mixér","phrases":[{"type":"🙋","phrase":"Můžete mi ukázat, jak používat mixér?"},{"type":"🤞","phrase":"Neměl bych používat mixér bez rodičů."}]},{"slug":"apron","title":"Zástěra","phrases":[{"type":"👚","phrase":"Při vaření nosím zástěru."},{"type":"👚","phrase":"Moje máma nosí při vaření zástěru."}]},{"slug":"fryer","title":"Fritéza","phrases":[{"type":"🙋","phrase":"Můžete mi ukázat, jak používat fritézu?"},{"type":"🤞","phrase":"Neměl bych používat fritézu bez rodičů."}]},{"slug":"rolling-pin","title":"Váleček","phrases":[{"type":"🙋","phrase":"Můžete mi ukázat, jak používat váleček?"},{"type":"💡","phrase":"K rozvaření těsta používám váleček."}]},{"slug":"coffee-machine","title":"Kávovar","phrases":[{"type":"🙋","phrase":"Můžete mi ukázat, jak používat kávovar?"},{"type":"🤞","phrase":"Kávovar bych neměl používat bez rodičů."}]},{"slug":"fridge","title":"Lednička","phrases":[{"type":"🙋","phrase":"Můžete mi ukázat, jak používat ledničku?"},{"type":"💡","phrase":"Lednice udržuje potraviny studené."}]},{"slug":"pot","title":"Hrnec","phrases":[{"type":"🙋","phrase":"Můžete mi ukázat, jak používat hrnec?"},{"type":"🤞","phrase":"Bez rodičů bych neměl používat hrnec."}]},{"slug":"toaster","title":"Toustovač","phrases":[{"type":"🙋","phrase":"Můžete mi ukázat, jak používat toustovač?"},{"type":"🤞","phrase":"Bez rodičů bych neměl používat toustovač."}]},{"slug":"cutlery","title":"Příbory","phrases":[{"type":"🙋","phrase":"Můžete mi ukázat, jak používat příbory?"},{"type":"😋","phrase":"Učím se jíst s příbory."}]},{"slug":"spatula","title":"Špachtle","phrases":[{"type":"🙋","phrase":"Můžete mi ukázat, jak používat špachtle?"}]},{"slug":"oven","title":"Trouba","phrases":[{"type":"🙋","phrase":"Můžete mi ukázat, jak používat troubu?"},{"type":"🤞","phrase":"Neměl bych používat troubu bez rodičů."}]},{"slug":"kitchen-timer","title":"Kuchyňská minutka","phrases":[{"type":"🙋","phrase":"Můžete mi ukázat, jak používat kuchyňský časovač?"},{"type":"⏱️","phrase":"Kuchyňský časovač pípne."}]},{"slug":"pizza-cutter","title":"Řezačka pizzy","phrases":[{"type":"🙋","phrase":"Můžete mi ukázat, jak používat řezačku na pizzu?"},{"type":"🤞","phrase":"Bez rodičů bych neměl používat řezačku pizzy."}]},{"slug":"grater","title":"Struhadlo","phrases":[{"type":"🙋","phrase":"Můžete mi ukázat, jak používat struhadlo?"},{"type":"🤞","phrase":"Bez mých rodičů bych neměl používat struhadlo."}]},{"slug":"grill","title":"Gril","phrases":[{"type":"🙋","phrase":"Můžete mi ukázat, jak používat gril?"},{"type":"🤞","phrase":"Bez rodičů bych neměl používat gril."}]},{"slug":"recipe-book","title":"Receptář","phrases":[{"type":"🙋","phrase":"Mohu si vybrat recept na vaření?"},{"type":"🍳","phrase":"Můžeme tento recept vařit?"}]},{"slug":"kitchen-utensils","title":"Kuchyňské náčiní","phrases":[{"type":"❤️","phrase":"Rád používám kuchyňské náčiní."},{"type":"🤞","phrase":"Bez rodičů bych neměl používat kuchyňské náčiní."}]},{"slug":"stove","title":"Kamna","phrases":[{"type":"🙋","phrase":"Můžete mi ukázat, jak používat sporák?"},{"type":"🤞","phrase":"Neměl bych používat sporák bez rodičů."}]},{"slug":"salt-and-pepper","title":"Sůl a pepř","phrases":[{"type":"🙋","phrase":"Můžeš přinést sůl a pepř?"}]},{"slug":"kitchen-board","title":"Kuchyňská deska","phrases":[{"type":"🙋","phrase":"Mohu napsat na kuchyňskou desku?"}]},{"slug":"scale","title":"Stupnice","phrases":[{"type":"🙋","phrase":"Můžete mi ukázat, jak používat kuchyňskou váhu?"}]},{"slug":"teapot","title":"Konvice na čaj","phrases":[{"type":"🙋","phrase":"Můžete mi ukázat, jak používat konvici?"},{"type":"🤞","phrase":"Čajník bych neměl používat bez rodičů."}]},{"slug":"microwave","title":"Mikrovlnná trouba","phrases":[{"type":"🙋","phrase":"Můžete mi ukázat, jak používat mikrovlnnou troubu?"},{"type":"🤞","phrase":"Bez rodičů bych neměl používat mikrovlnku."}]}]