[{"slug":"hospital-bed","title":"Nemocniční postel","phrases":[{"type":"🙋","phrase":"Můžete mi pomoci se mnou nemocniční lůžko?"}]},{"slug":"weight-loss","title":"Ztráta váhy","phrases":[{"type":"🏋️","phrase":"Musím zmírnit příjem potravy."},{"type":"🏃‍♀️","phrase":"Ztrácím váhu."},{"type":"🥩","phrase":"Přibírám na váze."}]},{"slug":"exercise","title":"Cvičení","phrases":[{"type":"🏋️","phrase":"Dělám cvičení."},{"type":"⏲️","phrase":"Mám cvičební rutinu."}]},{"slug":"medical-history","title":"Zdravotní historie","phrases":[{"type":"📂","phrase":"Tady je moje zdravotní historie."}]},{"slug":"vitamin-c","title":"Vitamín C","phrases":[{"type":"🍹","phrase":"Potřebuji brát vitamín c."},{"type":"🍊","phrase":"Pomeranče obsahují vitamín c."}]},{"slug":"thermometer","title":"Teploměr","phrases":[{"type":"🤒","phrase":"Můžeš měřit mou horečku?"},{"type":"🌡️","phrase":"Jak funguje teploměr?"}]},{"slug":"pills","title":"Prášky","phrases":[{"type":"💊","phrase":"Musím si vzít prášky."},{"type":"👉","phrase":"Vzal jste si prášky?"}]},{"slug":"medical-mask","title":"Lékařská maska","phrases":[]},{"slug":"dental-care","title":"Péče o zuby","phrases":[{"type":"🦷","phrase":"Bolí mě zuby."},{"type":"🦷","phrase":"Čistím si zuby."}]},{"slug":"hearing-exam","title":"Sluchová zkouška","phrases":[{"type":"👂","phrase":"Mám problémy se sluchem."},{"type":"🦻","phrase":"Budu mít sluchovou zkoušku."}]},{"slug":"hospital","title":"Nemocnice","phrases":[{"type":"🏥","phrase":"Jdu do nemocnice."},{"type":"🏥","phrase":"Jsem v nemocnici."}]},{"slug":"stethoscope","title":"Stetoskop","phrases":[{"type":"👨‍⚕️","phrase":"Lékaři používají stetoskop."},{"type":"🩺","phrase":"Mohu mít hračkový stetoskop?"}]},{"slug":"ambulance","title":"záchranná služba","phrases":[{"type":"👀","phrase":"Viděl jsem sanitku."},{"type":"👂","phrase":"Slyšel jsem hlas sanitky."}]},{"slug":"drugstore","title":"Lékárna","phrases":[{"type":"🧾","phrase":"Musím vyplnit předpis."},{"type":"➡️","phrase":"Tady je můj předpis."}]},{"slug":"emergency","title":"Nouzový","phrases":[{"type":"🚨","phrase":"Mám zdravotní stav."},{"type":"🚑","phrase":"Jdu do pohotovostní místnosti."}]},{"slug":"health-insurance","title":"Zdravotní pojištění","phrases":[{"type":"⚕️","phrase":"Mám zdravotní pojištění."},{"type":"❌","phrase":"Nemám zdravotní pojištění."}]},{"slug":"doctor","title":"Doktor","phrases":[{"type":"❤️","phrase":"Líbí se mi můj doktor."},{"type":"🤩","phrase":"Doktor mi pomáhá."}]},{"slug":"nurse","title":"Zdravotní sestřička","phrases":[{"type":"❤️","phrase":"Líbí se mi moje sestra."},{"type":"🤩","phrase":"Sestra mi pomáhá."}]}]