[{"slug":"one","title":"Jeden","phrases":[{"type":"➖","phrase":"Jeden přichází před dvěma."},{"type":"➕","phrase":"Jeden přichází po nule."},{"type":"🙋","phrase":"Chci jeden."}]},{"slug":"two","title":"Dva","phrases":[{"type":"➖","phrase":"Dva přicházejí před třemi."},{"type":"➕","phrase":"Dva přicházejí po jednom."},{"type":"🙋","phrase":"Chci dva."}]},{"slug":"three","title":"Tři","phrases":[{"type":"➖","phrase":"Tři přicházejí před čtyřmi."},{"type":"➕","phrase":"Tři přicházejí po dvou."},{"type":"🙋","phrase":"Chci tři."}]},{"slug":"four","title":"Čtyři","phrases":[{"type":"➖","phrase":"Čtyři přichází před pěti."},{"type":"➕","phrase":"Čtyři přicházejí po třech."},{"type":"🙋","phrase":"Chci čtyři."}]},{"slug":"five","title":"Pět","phrases":[{"type":"➖","phrase":"Pět přichází před šesti."},{"type":"➕","phrase":"Pět přichází po čtyřech."},{"type":"🙋","phrase":"Chci pět."}]},{"slug":"six","title":"Šest","phrases":[{"type":"➖","phrase":"Šest přichází před sedmi."},{"type":"➕","phrase":"Šest přichází po pěti."},{"type":"🙋","phrase":"Chci to opravit."}]},{"slug":"seven","title":"Sedm","phrases":[{"type":"➖","phrase":"Sedm přichází před osmou."},{"type":"➕","phrase":"Sedm přichází po šesti."},{"type":"🙋","phrase":"Chci sedm."}]},{"slug":"eight","title":"Osm","phrases":[{"type":"➖","phrase":"Osm přichází před devíti."},{"type":"➕","phrase":"Osm přichází po sedmi."},{"type":"🙋","phrase":"Chci osm."}]},{"slug":"nine","title":"Devět","phrases":[{"type":"➖","phrase":"Devět přichází před deseti."},{"type":"➕","phrase":"Devět přichází po osmi."},{"type":"🙋","phrase":"Chci devět."}]},{"slug":"ten","title":"Deset","phrases":[{"type":"➖","phrase":"Deset přichází před jedenáctou."},{"type":"➕","phrase":"Deset přichází po devíti."},{"type":"🙋","phrase":"Chci deset."}]},{"slug":"eleven","title":"Jedenáct","phrases":[{"type":"➖","phrase":"Jedenáct přichází před třinácti."},{"type":"➕","phrase":"Jedenáct přichází po deseti."},{"type":"🙋","phrase":"Chci jedenáct."}]},{"slug":"twenty","title":"Dvacet","phrases":[{"type":"🔢","phrase":"Mohu počítat až dvacet."}]},{"slug":"thirty","title":"Třicet","phrases":[{"type":"🔢","phrase":"Můžu počítat až třicet."}]},{"slug":"forty","title":"Čtyřicet","phrases":[{"type":"🔢","phrase":"Můžu počítat až čtyřicet."}]},{"slug":"fifty","title":"Padesáti","phrases":[{"type":"🔢","phrase":"Můžu počítat až padesát."}]},{"slug":"hundred","title":"Sto","phrases":[{"type":"🔢","phrase":"Mohu spočítat až sto."}]},{"slug":"thousand","title":"Tisíc","phrases":[{"type":"🔢","phrase":"Můžu spočítat až tisíc."}]},{"slug":"calculator","title":"Kalkulačka","phrases":[{"type":"🖩","phrase":"Chci použít kalkulačku."},{"type":"🧮","phrase":"Můžete mě naučit, jak používat kalkulačku?"},{"type":"🙋","phrase":"Mohu si ztratit kalkulačku?"}]}]