[{"slug":"teacher","title":"Učitel","phrases":[{"type":"❓","phrase":"Co dělá učitel?"},{"type":"🙋","phrase":"Chci se stát učitelem."}]},{"slug":"police-officer","title":"Policejní důstojník","phrases":[{"type":"❓","phrase":"Co dělá policista?"},{"type":"🙋","phrase":"Chci se stát policistou."}]},{"slug":"writer","title":"Spisovatel","phrases":[{"type":"❓","phrase":"Co dělá spisovatel?"},{"type":"🙋","phrase":"Chci se stát spisovatelem."}]},{"slug":"doctor","title":"Doktor","phrases":[{"type":"❓","phrase":"Co dělá lékař?"},{"type":"🙋","phrase":"Chci se stát doktorem."}]},{"slug":"detective","title":"Detektivní","phrases":[{"type":"❓","phrase":"Co detektiv dělá?"},{"type":"🙋","phrase":"Chci se stát detektivem."}]},{"slug":"artist","title":"Umělec","phrases":[{"type":"❓","phrase":"Co umělec dělá?"},{"type":"🙋","phrase":"Chci se stát umělcem."}]},{"slug":"singer","title":"Zpěvák","phrases":[{"type":"❓","phrase":"Co zpěvák dělá?"},{"type":"🙋","phrase":"Chci se stát zpěvákem."}]},{"slug":"astronaut","title":"Astronaut","phrases":[{"type":"❓","phrase":"Co dělá astronaut?"},{"type":"🙋","phrase":"Chci se stát astronautem."}]},{"slug":"sailor","title":"Námořník","phrases":[{"type":"❓","phrase":"Co dělá námořník?"},{"type":"🙋","phrase":"Chci se stát námořníkem."}]},{"slug":"chef","title":"Šéfkuchař","phrases":[{"type":"❓","phrase":"Co dělá kuchař?"},{"type":"🙋","phrase":"Chci se stát šéfkuchařem."}]},{"slug":"farmer","title":"Zemědělec","phrases":[{"type":"❓","phrase":"Co dělá farmář?"},{"type":"🙋","phrase":"Chci se stát farmářem."}]},{"slug":"construction-worker","title":"Stavební dělník","phrases":[{"type":"❓","phrase":"Co stavební dělník dělá?"},{"type":"🙋","phrase":"Chci se stát stavebním dělníkem."}]},{"slug":"baker","title":"Pekař","phrases":[{"type":"❓","phrase":"Co dělá pekař?"},{"type":"🙋","phrase":"Chci se stát pekařem."}]},{"slug":"lifeguard","title":"Plavčík","phrases":[{"type":"❓","phrase":"Co dělá plavčík?"},{"type":"🙋","phrase":"Chci se stát plavčíkem."}]},{"slug":"astronomer","title":"Astronom","phrases":[{"type":"❓","phrase":"Co dělá astronom?"},{"type":"🙋","phrase":"Chci se stát astronomem."}]},{"slug":"journalist","title":"Novinář","phrases":[{"type":"❓","phrase":"Co novinář dělá?"},{"type":"🙋","phrase":"Chci se stát novinářem."}]},{"slug":"archeologist","title":"Archeolog","phrases":[{"type":"❓","phrase":"Co dělá archeolog?"},{"type":"🙋","phrase":"Chci se stát archeologem."}]},{"slug":"musician","title":"Hudebník","phrases":[{"type":"❓","phrase":"Co dělá hudebník?"},{"type":"🙋","phrase":"Chci se stát hudebníkem."}]},{"slug":"magician","title":"Kouzelník","phrases":[{"type":"❓","phrase":"Co kouzelník dělá?"},{"type":"🙋","phrase":"Chci se stát kouzelníkem."}]},{"slug":"soccer-player","title":"Fotbalový hráč","phrases":[{"type":"❓","phrase":"Co dělá fotbalový hráč?"},{"type":"🙋","phrase":"Chci se stát fotbalistou."}]},{"slug":"postwoman","title":"Postwoman","phrases":[{"type":"❓","phrase":"Co dělá posmrtná žena?"},{"type":"🙋","phrase":"Chci se stát postwoman."}]},{"slug":"firefighter","title":"Hasič","phrases":[{"type":"❓","phrase":"Co dělá hasič?"},{"type":"🙋","phrase":"Chci se stát hasičem."}]},{"slug":"scientist","title":"Vědec","phrases":[{"type":"❓","phrase":"Co dělá vědec?"},{"type":"🙋","phrase":"Chci se stát vědcem."}]},{"slug":"gardener","title":"Zahradník","phrases":[{"type":"❓","phrase":"Co dělá zahradník?"},{"type":"🙋","phrase":"Chci se stát zahradníkem."}]},{"slug":"butcher","title":"Řezník","phrases":[{"type":"❓","phrase":"Co dělá řezník?"},{"type":"🙋","phrase":"Chci se stát řezníkem."}]},{"slug":"veterinarian","title":"Veterinář","phrases":[{"type":"❓","phrase":"Co dělá veterinární lékař?"},{"type":"🙋","phrase":"Chci se stát veterinářem."}]},{"slug":"lumber-jack","title":"Řezivo","phrases":[{"type":"❓","phrase":"Co dělá řezivo?"},{"type":"🙋","phrase":"Chci se stát dřevorubcem."}]},{"slug":"miner","title":"Horník","phrases":[{"type":"❓","phrase":"Co dělá horník?"},{"type":"🙋","phrase":"Chci se stát horníkem."}]},{"slug":"nun","title":"Jeptiška","phrases":[{"type":"❓","phrase":"Co dělá jeptiška?"},{"type":"🙋","phrase":"Chci se stát mniškou."}]},{"slug":"fisher-woman","title":"Fisher žena","phrases":[{"type":"❓","phrase":"Co dělá rybářka?"},{"type":"🙋","phrase":"Chci se stát rybářkou."}]},{"slug":"hair-dresser","title":"Kadeřnictví","phrases":[{"type":"❓","phrase":"Co dělá kadeřník?"},{"type":"🙋","phrase":"Chci se stát kadeřníkem."}]},{"slug":"mechanic","title":"Mechanik","phrases":[{"type":"❓","phrase":"Co dělá mechanik?"},{"type":"🙋","phrase":"Chci se stát mechanikem."}]},{"slug":"electrician","title":"Elektrikář","phrases":[{"type":"❓","phrase":"Co dělá elektrikář?"},{"type":"🙋","phrase":"Chci se stát elektrikářem."}]},{"slug":"swimmer","title":"Plavec","phrases":[{"type":"❓","phrase":"Co dělá plavec?"},{"type":"🙋","phrase":"Chci se stát plavcem."}]},{"slug":"photographer","title":"Fotograf","phrases":[{"type":"❓","phrase":"Co dělá fotograf?"},{"type":"🙋","phrase":"Chci se stát fotografem."}]},{"slug":"priest","title":"Kněz","phrases":[{"type":"❓","phrase":"Co dělá kněz?"},{"type":"🙋","phrase":"Chci se stát knězem."}]},{"slug":"soldier","title":"Voják","phrases":[{"type":"❓","phrase":"Co dělá voják?"},{"type":"🙋","phrase":"Chci se stát vojákem."}]},{"slug":"carpenter","title":"Tesař","phrases":[{"type":"❓","phrase":"Co dělá tesař?"},{"type":"🙋","phrase":"Chci se stát tesařem."}]},{"slug":"plumber","title":"Instalatér","phrases":[{"type":"❓","phrase":"Co dělá instalatér?"},{"type":"🙋","phrase":"Chci se stát instalatérem."}]},{"slug":"wall-painter","title":"Nástěnný malíř","phrases":[{"type":"❓","phrase":"Co dělá malíř na zdi?"},{"type":"🙋","phrase":"Chci se stát malířem na zeď."}]},{"slug":"nurse","title":"Zdravotní sestřička","phrases":[{"type":"❓","phrase":"Co dělá zdravotní sestra?"},{"type":"🙋","phrase":"Chci se stát zdravotní sestrou."}]},{"slug":"judge","title":"Soudce","phrases":[{"type":"❓","phrase":"Co dělá soudce?"},{"type":"🙋","phrase":"Chci se stát soudcem."}]},{"slug":"waiter","title":"Číšník","phrases":[{"type":"❓","phrase":"Co číšník dělá?"},{"type":"🙋","phrase":"Chci se stát číšníkem."}]},{"slug":"pilot","title":"Pilot","phrases":[{"type":"❓","phrase":"Co dělá pilot?"},{"type":"🙋","phrase":"Chci se stát pilotem."}]},{"slug":"welder","title":"Svářeč","phrases":[{"type":"❓","phrase":"Co dělá svářeč?"},{"type":"🙋","phrase":"Chci se stát svářečem."}]},{"slug":"executive","title":"Výkonný","phrases":[{"type":"❓","phrase":"Co dělá manažer?"},{"type":"🙋","phrase":"Chci se stát exekutivou."}]},{"slug":"hostess","title":"Hostitelka","phrases":[{"type":"❓","phrase":"Co dělá hostitelka?"},{"type":"🙋","phrase":"Chci se stát hostitelkou."}]}]