[{"slug":"confetti","title":"Konfety","phrases":[{"type":"❤️","phrase":"Mám ráda konfety."},{"type":"🙋","phrase":"Mohu pop konfety?"}]},{"slug":"party-blower","title":"Party dmychadlo","phrases":[{"type":"❤️","phrase":"Mám rád party dmychadla."},{"type":"🔊","phrase":"Je můj párty hlučný?"}]},{"slug":"gift","title":"Dar","phrases":[{"type":"❤️","phrase":"Mám rád dárky."},{"type":"🎁","phrase":"Co jsi mi dal jako dárek?"}]},{"slug":"candle","title":"Svíčka","phrases":[{"type":"❤️","phrase":"Mám rád party svíčky."},{"type":"🕯️","phrase":"Mohu sfouknout svíčky?"},{"type":"🎂","phrase":"Kolik je svíček?"}]},{"slug":"party-hat","title":"Párty klobouk","phrases":[{"type":"❤️","phrase":"Mám rád na sobě párty klobouk."},{"type":"👚","phrase":"Během večírku budu nosit klobouk na párty."}]},{"slug":"balloons","title":"Balónky","phrases":[{"type":"❤️","phrase":"Mám rád balónky."},{"type":"🎈","phrase":"Mohu pop balóny?"}]},{"slug":"garlands","title":"Girlandy","phrases":[{"type":"❤️","phrase":"Mám rád girlandy."},{"type":"🙋","phrase":"Chci nosit girlandy na mou párty."},{"type":"🙋","phrase":"Můžete mi dát tyto girlandy do paží?"}]},{"slug":"cake","title":"Dort","phrases":[{"type":"❤️","phrase":"Líbí se mi jíst dort."},{"type":"🙋","phrase":"Mohu mít kousek koláče?"}]},{"slug":"ice-cream","title":"Zmrzlina","phrases":[{"type":"❤️","phrase":"Líbí se mi jíst zmrzlinu."},{"type":"🍭","phrase":"Jaká je vaše oblíbená chuť?"}]},{"slug":"microphone","title":"Mikrofon","phrases":[{"type":"❤️","phrase":"Rád hraji karaoke."},{"type":"❤️","phrase":"Mám rád zpívání."}]},{"slug":"music","title":"Hudba","phrases":[{"type":"❤️","phrase":"Rád hraji hudbu."},{"type":"🎶","phrase":"Jaký druh hudby máš rád?"}]},{"slug":"magician","title":"Kouzelník","phrases":[{"type":"❤️","phrase":"Mám rád kouzelníky."},{"type":"✨","phrase":"Chci být kouzelníkem."},{"type":"🙋","phrase":"Můžete mě naučit nějaké magické triky?"}]},{"slug":"taking-photos","title":"Fotit","phrases":[{"type":"❤️","phrase":"Rád fotím."},{"type":"🙋","phrase":"Mohu fotografovat pomocí telefonu?"}]},{"slug":"invitation","title":"Pozvání","phrases":[{"type":"📧","phrase":"Dostal jsem pozvání."},{"type":"📨","phrase":"Mohu pozvat své přátele na párty?"},{"type":"📨","phrase":"Mohu pozvat své přátele na narozeninovou oslavu?"},{"type":"📨","phrase":"Můžeme pozvat své přátele na párty mé sestry?"},{"type":"📨","phrase":"Můžeme pozvat své přátele na párty mého bratra?"}]},{"slug":"candy","title":"Bonbóny","phrases":[{"type":"❤️","phrase":"Mám rád cukroví."},{"type":"🙋","phrase":"Mohu jíst nějaké bonbóny?"}]},{"slug":"popsicle","title":"nanuk","phrases":[{"type":"❤️","phrase":"Mám rád zmrzlinu."},{"type":"🙋","phrase":"Mohu jíst nějaké zmrzlinu?"},{"type":"🙋","phrase":"Můžeme udělat nějaké nanuky?"},{"type":"🙋","phrase":"Chcete jíst zmrzlinu?"}]},{"slug":"cupcake","title":"Košíček","phrases":[{"type":"❤️","phrase":"Mám rád košíček."},{"type":"🙋","phrase":"Mohu jíst košíček?"}]},{"slug":"costume","title":"Kostým","phrases":[{"type":"❤️","phrase":"Ráda nosí kostým."},{"type":"🦸","phrase":"Mohu nosit kostým pavouka?"},{"type":"🦸‍♂️","phrase":"Mohu nosit batmanský kostým?"},{"type":"🦸‍♀️","phrase":"Mohu nosit divný kostým ženy?"}]},{"slug":"party-glasses","title":"Párty brýle","phrases":[{"type":"❤️","phrase":"Mám rád party brýle."},{"type":"🙋","phrase":"Mohu nosit brýle na párty?"}]},{"slug":"spotlights","title":"Reflektory","phrases":[{"type":"❤️","phrase":"Mám rád reflektory."},{"type":"❌","phrase":"Nemám rád reflektory."}]},{"slug":"marshmallow","title":"Ibišek","phrases":[{"type":"❤️","phrase":"Mám rád marshmallow."},{"type":"🔥","phrase":"Vařím marshmallow přes táborový oheň."},{"type":"🙋","phrase":"Chci jíst marshmallows."}]},{"slug":"guacamole","title":"Guacamole","phrases":[{"type":"❤️","phrase":"Líbí se mi guacamole."},{"type":"🙋","phrase":"Mohu jíst nějakou guacamole?"},{"type":"❌","phrase":"Nemám rád guacamole."}]},{"slug":"hotdog","title":"Párek v rohlíku","phrases":[{"type":"❤️","phrase":"Mám rád hotdog."},{"type":"🙋","phrase":"Mohu si dát párek v rohlíku?"},{"type":"❌","phrase":"Nemám rád hotdogy."},{"type":"🙋","phrase":"Mohu jíst nějaké párek v rohlíku?"}]},{"slug":"bouncy-castle","title":"Skákací hrad","phrases":[{"type":"❤️","phrase":"Mám rád skákací hrad."},{"type":"🙋","phrase":"Chci si hrát na skákací hrad."},{"type":"🙋","phrase":"Pojďme si hrát na skákací hrad."}]},{"slug":"clown","title":"Klaun","phrases":[{"type":"❤️","phrase":"Líbí se mi klauni."},{"type":"❌","phrase":"Nemám rád klauny."},{"type":"🙋","phrase":"Chci být klaun."}]},{"slug":"magic-hat","title":"Kouzelný klobouk","phrases":[{"type":"❤️","phrase":"Mám rád kouzelné klobouky."},{"type":"🧙‍♂️","phrase":"Jsem čaroděj!"},{"type":"🙋","phrase":"Chci jako magie."}]},{"slug":"dart-board","title":"terč na šipky","phrases":[{"type":"❤️","phrase":"Rád hraji šipky."},{"type":"🎯","phrase":"Hraní šipek může být nebezpečné."}]}]