[{"slug":"mother","title":"Matka","phrases":[{"type":"⁉️","phrase":"Máma!"},{"type":"💘","phrase":"Miluju moji matku."},{"type":"❤️","phrase":"Miluji tě mami."},{"type":"☹️","phrase":"Chybí mi moje máma."},{"type":"🙏🏼","phrase":"Děkuji za péči o mě."},{"type":"👉🏼","phrase":"Je to moje máma."},{"type":"❓","phrase":"Můžete mi pomoci najít matku?"}]},{"slug":"father","title":"Otec","phrases":[{"type":"⁉️","phrase":"Tatínek!"},{"type":"💘","phrase":"Miluji svého otce."},{"type":"❤️","phrase":"Mám tě rád tati."},{"type":"☹️","phrase":"Chybí mi můj táta."},{"type":"🙏🏼","phrase":"Děkuji za péči o mě."},{"type":"👉🏼","phrase":"Je to můj táta."},{"type":"❓","phrase":"Můžete mi pomoci najít mého otce?"}]},{"slug":"parents","title":"Rodiče","phrases":[{"type":"💑","phrase":"Miluji své rodiče."},{"type":"💘","phrase":"Miluji své rodiče."},{"type":"☹️","phrase":"Chybí mi rodiče."},{"type":"👉🏼","phrase":"Oni jsou mí rodiče."},{"type":"👨‍👩‍👧","phrase":"Moji rodiče se o mě starají."},{"type":"❓","phrase":"Můžete mi pomoci najít mé rodiče?"}]},{"slug":"grandparents","title":"Prarodiče","phrases":[{"type":"💑","phrase":"Miluji své prarodiče."},{"type":"💘","phrase":"Miluji tě prarodiče."},{"type":"☹️","phrase":"Chybí mi prarodiče."},{"type":"👉🏼","phrase":"Jsou to moji prarodiče."},{"type":"👨‍👩‍👧","phrase":"Moji prarodiče se o mě starají."},{"type":"❓","phrase":"Můžete mi pomoci najít mé prarodiče?"}]},{"slug":"brother","title":"Bratr","phrases":[{"type":"💑","phrase":"Miluji svého bratra."},{"type":"💘","phrase":"Miluji tě bratře."},{"type":"☹️","phrase":"Chybí mi můj bratr."},{"type":"👉🏼","phrase":"On je můj bratr."},{"type":"🙎‍♂️","phrase":"Můj bratr se o mě stará."},{"type":"❓","phrase":"Můžete mi pomoci najít mého bratra?"}]},{"slug":"sister","title":"Sestra","phrases":[{"type":"💑","phrase":"Miluji svou sestru."},{"type":"💘","phrase":"Miluji tě sestro."},{"type":"☹️","phrase":"Chybí mi moje sestra."},{"type":"👉🏼","phrase":"Je to moje sestra."},{"type":"🙍‍♀️","phrase":"Moje sestra se o mě stará."},{"type":"❓","phrase":"Můžete mi pomoci najít moji sestru?"}]},{"slug":"uncle","title":"Strýc","phrases":[{"type":"💑","phrase":"Miluji svého strýce."},{"type":"💘","phrase":"Miluji tě strýčku."},{"type":"☹️","phrase":"Chybí mi strýc."},{"type":"👉🏼","phrase":"On je můj strýc."},{"type":"❓","phrase":"Můžete mi pomoci najít mého strýce?"}]},{"slug":"aunt","title":"Teta","phrases":[{"type":"💑","phrase":"Miluji svou tetu."},{"type":"💘","phrase":"Miluji tě teto."},{"type":"☹️","phrase":"Chybí mi teta."},{"type":"👉🏼","phrase":"Je to moje teta."},{"type":"❓","phrase":"Můžete mi pomoci najít moji tetu?"}]},{"slug":"teacher","title":"Učitel","phrases":[{"type":"💑","phrase":"Miluji svého učitele."},{"type":"💘","phrase":"Miluji vás učitele."},{"type":"💔","phrase":"Nelíbí se mi můj učitel."},{"type":"☹️","phrase":"Chybí mi můj učitel."},{"type":"🙏🏼","phrase":"Děkuji za lekci."}]},{"slug":"therapist","title":"Terapeut","phrases":[{"type":"💑","phrase":"Miluji svého terapeuta."},{"type":"💘","phrase":"Miluji tě terapeuta."},{"type":"💔","phrase":"Nemám ráda svého terapeuta."},{"type":"☹️","phrase":"Chybí mi terapeut."},{"type":"🙏🏼","phrase":"Děkuji za návštěvu."}]},{"slug":"doctor","title":"Doktor","phrases":[{"type":"💑","phrase":"Miluji svého doktora."},{"type":"💘","phrase":"Miluji tě doktore."},{"type":"💔","phrase":"Nemám rád svého doktora."},{"type":"☹️","phrase":"Chybí mi doktor."},{"type":"🙏🏼","phrase":"Děkuji za uzdravení."}]},{"slug":"friends","title":"Přátelé","phrases":[{"type":"💑","phrase":"Miluji své přátele."},{"type":"❓","phrase":"Chceš být mým kamarádem?"},{"type":"💔","phrase":"Nemám rád své přátele."},{"type":"☹️","phrase":"Chybí mi mí přátelé."},{"type":"👉🏼","phrase":"Jsou to moji přátelé."},{"type":"🙏🏼","phrase":"Děkuji za hraní se mnou."}]},{"slug":"cousins","title":"Bratranci","phrases":[{"type":"💑","phrase":"Miluji své sestřenice."},{"type":"❌","phrase":"Nemám bratrance."},{"type":"☹️","phrase":"Chybí mi bratranci."},{"type":"👉🏼","phrase":"Jsou to moji bratranci."}]},{"slug":"grandmother","title":"Babička","phrases":[{"type":"💑","phrase":"Miluji svou babičku."},{"type":"💘","phrase":"Miluji tě babi."},{"type":"☹️","phrase":"Chybí mi moje babička."},{"type":"👉🏼","phrase":"Je to moje babička."}]},{"slug":"grandfather","title":"Dědeček","phrases":[{"type":"💑","phrase":"Miluji svého dědečka."},{"type":"💘","phrase":"Miluji tě děda."},{"type":"☹️","phrase":"Chybí mi dědeček."},{"type":"👉🏼","phrase":"Je to můj dědeček."}]},{"slug":"stepfather","title":"Nevlastní otec","phrases":[{"type":"💑","phrase":"Miluji svého nevlastního otce."},{"type":"👉🏼","phrase":"Je to můj nevlastní otec."},{"type":"☹️","phrase":"Chybí mi můj nevlastní otec."},{"type":"👉🏼","phrase":"Je to můj nevlastní otec."}]},{"slug":"stepmother","title":"Nevlastní matka","phrases":[{"type":"💑","phrase":"Miluji svou nevlastní matku."},{"type":"👉🏼","phrase":"Je to moje nevlastní matka."},{"type":"☹️","phrase":"Chybí mi moje nevlastní matka."},{"type":"👉🏼","phrase":"Je to moje nevlastní matka."}]},{"slug":"stepsister","title":"Nevlastní sestra","phrases":[{"type":"💑","phrase":"Miluji svou nevlastní sestru."},{"type":"👉🏼","phrase":"Je to moje nevlastní sestra."},{"type":"☹️","phrase":"Chybí mi moje nevlastní sestra."},{"type":"👉🏼","phrase":"Je to moje nevlastní sestra."}]},{"slug":"stepbrother","title":"Nevlastní bratr","phrases":[{"type":"💑","phrase":"Miluji svého nevlastního bratra."},{"type":"👉🏼","phrase":"Je to můj nevlastní bratr."},{"type":"☹️","phrase":"Chybí mi můj nevlastní bratr."},{"type":"👉🏼","phrase":"Je to můj nevlastní bratr."}]},{"slug":"half-brother","title":"Nevlastní bratr","phrases":[{"type":"💑","phrase":"Miluji svého nevlastního bratra."},{"type":"👉🏼","phrase":"Je to můj nevlastní bratr."},{"type":"☹️","phrase":"Chybí mi můj nevlastní bratr."},{"type":"👉🏼","phrase":"Je to můj nevlastní bratr."}]},{"slug":"half-sister","title":"Nevlastní sestra","phrases":[{"type":"💑","phrase":"Miluji svou nevlastní sestru."},{"type":"👉🏼","phrase":"Je to moje nevlastní sestra."},{"type":"☹️","phrase":"Chybí mi moje nevlastní sestra."},{"type":"👉🏼","phrase":"Je to moje nevlastní sestra."}]}]