[{"slug":"captain","title":"Kapitán","phrases":[]},{"slug":"pirate-crew","title":"Pirátská posádka","phrases":[]},{"slug":"treasure","title":"Poklad","phrases":[]},{"slug":"hook","title":"Háček","phrases":[]},{"slug":"compass","title":"Kompas","phrases":[]},{"slug":"pirate-ship","title":"Pirátská loď","phrases":[]},{"slug":"pirate-gun","title":"Pirátská zbraň","phrases":[]},{"slug":"pirate-sword","title":"Pirátský meč","phrases":[]},{"slug":"barrel","title":"Hlaveň","phrases":[]},{"slug":"pirate-flag","title":"Pirátská vlajka","phrases":[]},{"slug":"treasure-map","title":"Mapa pokladu","phrases":[]},{"slug":"spyglass","title":"Spyglass","phrases":[]},{"slug":"cannon","title":"Dělo","phrases":[]},{"slug":"helm","title":"Kormidlo","phrases":[]},{"slug":"lighthouse","title":"Maják","phrases":[]},{"slug":"anchor","title":"Kotva","phrases":[]},{"slug":"bomb","title":"Bombardovat","phrases":[]},{"slug":"coin","title":"Mince","phrases":[]},{"slug":"candle","title":"Svíčka","phrases":[]},{"slug":"knife","title":"Nůž","phrases":[]}]