[{"slug":"park","title":"Park","phrases":[{"type":"🙋","phrase":"Chci jít do parku."},{"type":"☝️","phrase":"Můžeš mě vzít do parku?"},{"type":"💡","phrase":"Můžu hrát v parku."}]},{"slug":"mall","title":"Nákupní centrum","phrases":[{"type":"🙋","phrase":"Chci jít do obchoďáku."},{"type":"☝️","phrase":"Můžeš mě vzít do obchoďáku?"},{"type":"💡","phrase":"Můžu nakupovat v obchoďáku."}]},{"slug":"restaurant","title":"Restaurace","phrases":[{"type":"🙋","phrase":"Chci jít do restaurace."},{"type":"☝️","phrase":"Můžeš mě vzít do restaurace?"},{"type":"💡","phrase":"Mohu jíst jídlo v restauraci."}]},{"slug":"cinema","title":"Kino","phrases":[{"type":"🙋","phrase":"Chci jít do kina."},{"type":"☝️","phrase":"Můžeš mě vzít do kina?"},{"type":"💡","phrase":"Mohu sledovat film v kině."}]},{"slug":"school","title":"Škola","phrases":[{"type":"🙋","phrase":"Chci jít do školy."},{"type":"☝️","phrase":"Můžeš mě vzít do školy?"},{"type":"💡","phrase":"Mohu se učit ve škole."}]},{"slug":"library","title":"Knihovna","phrases":[{"type":"🙋","phrase":"Chci jít do knihovny."},{"type":"☝️","phrase":"Můžeš mě vzít do knihovny?"},{"type":"💡","phrase":"Mohu studovat v knihovně."}]},{"slug":"fair","title":"Veletrh","phrases":[{"type":"🙋","phrase":"Chci jít spravedlivě."},{"type":"☝️","phrase":"Můžeš mě vzít na fér?"},{"type":"💡","phrase":"Můžu se bavit poctivě."}]},{"slug":"drugstore","title":"Lékárna","phrases":[{"type":"🙋","phrase":"Chci jít do lékárny."},{"type":"☝️","phrase":"Můžeš mě vzít do lékárny?"},{"type":"💡","phrase":"Mohu si koupit lék v lékárně."}]},{"slug":"hospital","title":"Nemocnice","phrases":[{"type":"🙋","phrase":"Chci jít do nemocnice."},{"type":"☝️","phrase":"Můžeš mě vzít do nemocnice?"},{"type":"💡","phrase":"Nemocní lidé mohou jít do nemocnice."}]},{"slug":"amusement-park","title":"Zábavní park","phrases":[{"type":"🙋","phrase":"Chci jít do zábavního parku."},{"type":"☝️","phrase":"Můžeš mě vzít do zábavního parku?"},{"type":"💡","phrase":"Můžu se pobavit v zábavním parku."}]},{"slug":"dormitory","title":"Ubytovna","phrases":[{"type":"🙋","phrase":"Chci jít do ložnice."},{"type":"☝️","phrase":"Můžeš mě vzít do ložnice?"},{"type":"💡","phrase":"Mohu zůstat v koleji."}]},{"slug":"laundry-place","title":"Prádlo místo","phrases":[{"type":"🙋","phrase":"Chci jít na prádelnu."},{"type":"☝️","phrase":"Můžeš mě vzít do prádelny?"},{"type":"💡","phrase":"Můžu si prádlo vyčistit v prádelně."}]},{"slug":"barber-shop","title":"holič","phrases":[{"type":"🙋","phrase":"Chci jít do holičství."},{"type":"☝️","phrase":"Můžeš mě vzít do holičství?"},{"type":"💡","phrase":"V holičství mohu získat účes."}]},{"slug":"hotel","title":"Hotel","phrases":[{"type":"🙋","phrase":"Chci jít do hotelu."},{"type":"☝️","phrase":"Můžeš mě vzít do hotelu?"},{"type":"💡","phrase":"Mohu zůstat v hotelu."}]},{"slug":"kindergarten","title":"Mateřská školka","phrases":[{"type":"🙋","phrase":"Chci jít do mateřské školy."},{"type":"☝️","phrase":"Můžeš mě vzít do školky?"}]},{"slug":"parking-lot","title":"Parkoviště","phrases":[{"type":"🙋","phrase":"Chci jít na parkoviště."},{"type":"☝️","phrase":"Můžeš mě vzít na parkoviště?"}]},{"slug":"elevator","title":"Výtah","phrases":[{"type":"🙋","phrase":"Chci použít výtah."},{"type":"💗","phrase":"Rád používám výtah?"},{"type":"💡","phrase":"Můžu jít nahoru po schodech pomocí výtahu."}]},{"slug":"bank","title":"banka","phrases":[{"type":"🙋","phrase":"Chci jít do banky."},{"type":"☝️","phrase":"Můžeš mě vzít do banky?"},{"type":"💡","phrase":"Můžu vybrat peníze v bance."}]},{"slug":"skycraper","title":"Skycraper","phrases":[{"type":"🙋","phrase":"Chci jít do skycraperu."},{"type":"☝️","phrase":"Můžeš mě vzít do skycraperu?"}]},{"slug":"stadium","title":"Stadión","phrases":[{"type":"🙋","phrase":"Chci jít na stadion."},{"type":"☝️","phrase":"Můžeš mě vzít na stadion?"}]},{"slug":"cruise-ship","title":"Výletní loď","phrases":[{"type":"🙋","phrase":"Chci nastoupit na výletní loď."},{"type":"☝️","phrase":"Můžeš mě vzít na výletní loď?"}]},{"slug":"forest","title":"Les","phrases":[{"type":"🙋","phrase":"Chci jít do lesa."},{"type":"☝️","phrase":"Můžeš mě vzít do lesa?"}]},{"slug":"tent","title":"Stan","phrases":[{"type":"🙋","phrase":"Chci jít do stanu."},{"type":"☝️","phrase":"Můžeme zůstat ve stanu?"}]},{"slug":"beach","title":"Pláž","phrases":[{"type":"🙋","phrase":"Chci jít na pláž."},{"type":"☝️","phrase":"Můžeš mě vzít na pláž?"},{"type":"💡","phrase":"Mohu se opalovat na pláži."}]}]