[{"slug":"protective-mask","title":"Ochranná maska","phrases":[{"type":"🛡️","phrase":"Používám ochrannou masku."},{"type":"😷","phrase":"Nemůžu jít ven bez ochranné masky."}]},{"slug":"stay-home","title":"Zůstat doma","phrases":[{"type":"🏠","phrase":"Musíte zůstat doma."},{"type":"🏡","phrase":"Zůstanu doma."}]},{"slug":"toilet-paper","title":"Toaletní papír","phrases":[]},{"slug":"sprayer","title":"Postřikovač","phrases":[]},{"slug":"disinfectant","title":"Dezinfekční prostředek","phrases":[{"type":"🧼","phrase":"Používám dezinfekční prostředek."},{"type":"🙋","phrase":"Můžete mi pomoci používat dezinfekční prostředek?"}]},{"slug":"coughing","title":"Kašel","phrases":[{"type":"🤒","phrase":"Kašel jsem."},{"type":"🏥","phrase":"Kašel je příznakem viru."}]},{"slug":"medical-assistance","title":"Zdravotní asistence","phrases":[{"type":"⚕️","phrase":"Potřebuji lékařskou pomoc."},{"type":"❓","phrase":"Potřebujete lékařskou pomoc?"}]},{"slug":"hand-sanitizer","title":"Dezinfekční prostředek na ruce","phrases":[{"type":"🚰","phrase":"Používám ruční sanitizer."},{"type":"🙋","phrase":"Můžete mi pomoci používat dezinfekci rukou?"}]},{"slug":"gloves","title":"Rukavice","phrases":[{"type":"🧤","phrase":"Používám rukavice."},{"type":"🙋","phrase":"Můžete mi pomoci nasadit si rukavice?"}]},{"slug":"social-distancing","title":"Společenský odstup","phrases":[{"type":"🖐️","phrase":"Cvičím sociální distancování."},{"type":"📏","phrase":"Musíme si udržovat vzdálenost mezi námi."}]},{"slug":"mouth-mask","title":"Ústní maska","phrases":[{"type":"😷","phrase":"Používám ústní masku."},{"type":"🏡","phrase":"Nemůžu jít ven bez ústní masky."}]},{"slug":"pandemic","title":"Pandemický","phrases":[{"type":"🌐","phrase":"Co je to pandemie?"},{"type":"⏱️","phrase":"Kdy skončí pandemie?"},{"type":"⌚","phrase":"Probíhá pandemie."}]},{"slug":"working-at-home","title":"Práce doma","phrases":[{"type":"🏠","phrase":"Pracuji doma."},{"type":"👪","phrase":"Moji rodiče pracují doma."}]},{"slug":"wet-wipes","title":"Vlhké ubrousky","phrases":[{"type":"🤧","phrase":"Potřebuji mokré ubrousky."}]},{"slug":"quarantine","title":"Karanténa","phrases":[{"type":"🔲","phrase":"Co je karanténa?"},{"type":"🙋","phrase":"Jsem v karanténě."}]},{"slug":"first-aid-kit","title":"Lékárnička","phrases":[{"type":"❓","phrase":"Kde je lékárnička?"},{"type":"🙋","phrase":"Můžete mi pomoci použít lékárničku?"}]},{"slug":"fitness","title":"Zdatnost","phrases":[{"type":"🤸","phrase":"Ráda dělám fitness."},{"type":"🤼","phrase":"Ráda dělám fitness."}]},{"slug":"e-learning","title":"E-learning","phrases":[{"type":"💻","phrase":"Učím se z domova."},{"type":"📱","phrase":"Používám e-learningové aplikace."}]},{"slug":"virus","title":"Virus","phrases":[{"type":"🦠","phrase":"Co je to virus?"},{"type":"💉","phrase":"Jaké jsou příznaky viru?"}]},{"slug":"cleaning","title":"Čištění","phrases":[{"type":"🧼","phrase":"Uklízím můj pokoj."},{"type":"🔲","phrase":"Udržování čistého pokoje je důležité."}]}]