[{"slug":"desk","title":"Lavice","phrases":[{"type":"🙋","phrase":"Mohu tento stůl použít?"},{"type":"❓","phrase":"Který stůl je můj?"},{"type":"🥛","phrase":"Rozlil jsem se na stůl."},{"type":"❌","phrase":"Neškrábejte si stůl."}]},{"slug":"chair","title":"Židle","phrases":[{"type":"🙋","phrase":"Mohu s tebou sedět?"},{"type":"❓","phrase":"Která židle je moje?"},{"type":"☝️","phrase":"Je tato židle zaujata?"},{"type":"🥛","phrase":"Rozlil jsem se na židli."}]},{"slug":"book","title":"Rezervovat","phrases":[{"type":"📙","phrase":"Učebnice"},{"type":"📒","phrase":"pracovní sešit"},{"type":"📚","phrase":"Čtení knihy."},{"type":"😇","phrase":"Mohu si půjčit vaši knihu?"},{"type":"📃","phrase":"Na které stránce jsme?"},{"type":"☝️","phrase":"Otočte stránku."},{"type":"😱","phrase":"Ztratil jsem svou knihu."}]},{"slug":"notebook","title":"Zápisník","phrases":[{"type":"📝","phrase":"Psát si poznámky."},{"type":"🖐️","phrase":"Dělám si poznámky."},{"type":"😱","phrase":"Ztratil jsem notebook."}]},{"slug":"backpack","title":"Batoh","phrases":[{"type":"👜","phrase":"Nesení batohu."},{"type":"💡","phrase":"Vložení mých knih do batohu."},{"type":"🙋","phrase":"Potřebuji nový batoh."},{"type":"🙏🏼","phrase":"Děkuji za nošení mého batohu."},{"type":"😱","phrase":"Ztratil jsem batoh."},{"type":"⚖️","phrase":"Můj batoh je těžký."}]},{"slug":"blackboard","title":"Černá tabule","phrases":[{"type":"👀","phrase":"Podívejte se na tabuli."},{"type":"🧽","phrase":"Čištění tabule."},{"type":"🧮","phrase":"Řešení problému na tabuli."},{"type":"📝","phrase":"Zapisování poznámek na tabuli."},{"type":"🖊️","phrase":"Dej mi křídu."}]},{"slug":"teacher","title":"Učitel","phrases":[{"type":"🤔","phrase":"Nerozumím této části."},{"type":"🔁","phrase":"Můžete opakovat poslední část?"},{"type":"🚻","phrase":"Mohu jít na toaletu?"},{"type":"❓","phrase":"Jaké téma?"},{"type":"😀","phrase":"Toto téma se mi líbí."},{"type":"😔","phrase":"Toto téma se mi nelíbí."},{"type":"🙏🏼","phrase":"Děkuji za lekci."}]},{"slug":"school-bus","title":"Školní autobus","phrases":[{"type":"⌛","phrase":"Přijíždí školní autobus."},{"type":"❓","phrase":"Mohu sedět vedle vás?"},{"type":"🙏🏼","phrase":"Děkuji řidiči autobusu!"},{"type":"⏱️","phrase":"Školní autobus byl pozdě."}]},{"slug":"pencil","title":"Tužka","phrases":[{"type":"✏️","phrase":"Píšu."},{"type":"🎓","phrase":"Učím se psát."},{"type":"🙋","phrase":"Potřebuji novou tužku."},{"type":"😇","phrase":"Můžu si půjčit tvoji tužku?"},{"type":"😱","phrase":"Ztratil jsem tužku."}]},{"slug":"eraser","title":"Guma","phrases":[{"type":"🧽","phrase":"Mazám se."},{"type":"🙋","phrase":"Potřebuji nový guma."},{"type":"😇","phrase":"Můžu si půjčit gumu?"},{"type":"😱","phrase":"Ztratil jsem gumu."}]},{"slug":"ruler","title":"Pravítko","phrases":[{"type":"📏","phrase":"Měřím."},{"type":"🙋","phrase":"Potřebuji nového vládce."},{"type":"😇","phrase":"Můžu si půjčit tvého vládce?"},{"type":"😱","phrase":"Ztratil jsem vládce."}]},{"slug":"sharpener","title":"Ořezávátko","phrases":[{"type":"🔪","phrase":"Zostřuji tužku."},{"type":"🙋","phrase":"Potřebuji nové ořezávátko."},{"type":"😇","phrase":"Mohu si půjčit vaše ořezávátko?"},{"type":"😱","phrase":"Ztratil jsem ořezávátko."}]},{"slug":"mathematics","title":"Matematika","phrases":[{"type":"❤️","phrase":"Mám rád matematiku."},{"type":"🙋","phrase":"Chci studovat matematiku."},{"type":"❌","phrase":"Nemám rád matematiku."},{"type":"⌚","phrase":"Kdy je matematická třída?"},{"type":"☝️","phrase":"Můžete mi pomoci s domácími úkoly z matematiky?"}]},{"slug":"literature","title":"Literatura","phrases":[{"type":"❤️","phrase":"Mám rád literaturu."},{"type":"🙋","phrase":"Chci studovat literaturu."},{"type":"❌","phrase":"Nemám rád literaturu."},{"type":"⌚","phrase":"Kdy je třída literatury?"},{"type":"☝️","phrase":"Můžete mi pomoci s domácími úkoly z literatury?"}]},{"slug":"science","title":"Věda","phrases":[{"type":"❤️","phrase":"Mám ráda vědu."},{"type":"🙋","phrase":"Chci studovat vědu."},{"type":"❌","phrase":"Nemám rád vědu."},{"type":"⌚","phrase":"Kdy je třída vědy?"},{"type":"☝️","phrase":"Můžeš mi pomoci s domácími úkoly?"}]},{"slug":"art-class","title":"Umělecká třída","phrases":[{"type":"❤️","phrase":"Mám rád uměleckou třídu."},{"type":"🙋","phrase":"Chci cvičit umělecké dovednosti."},{"type":"❌","phrase":"Nemám ráda uměleckou třídu."},{"type":"⌚","phrase":"Kdy je umělecká třída?"},{"type":"☝️","phrase":"Můžete mi pomoci s domácími úkoly v umělecké třídě?"}]},{"slug":"music-class","title":"Hudební třída","phrases":[{"type":"❤️","phrase":"Mám rád hudební třídu."},{"type":"🙋","phrase":"Chci si procvičit hudební dovednosti."},{"type":"❌","phrase":"Nelíbí se mi hudební třídy."},{"type":"⌚","phrase":"Kdy je hudební třída?"},{"type":"☝️","phrase":"Můžete mi pomoci s domácími úkoly z hudební třídy?"}]},{"slug":"geography","title":"Zeměpis","phrases":[{"type":"❤️","phrase":"Mám rád geografii."},{"type":"🙋","phrase":"Chci studovat geografii."},{"type":"❌","phrase":"Nemám rád geografii."},{"type":"⌚","phrase":"Kdy je geografie?"},{"type":"☝️","phrase":"Můžete mi pomoci s domácími úkoly v zeměpisu?"}]},{"slug":"telescope","title":"Dalekohled","phrases":[{"type":"🌎","phrase":"Používám dalekohled."},{"type":"🙋","phrase":"Chci použít dalekohled."},{"type":"🌟","phrase":"Chci se podívat na hvězdy."}]},{"slug":"glue","title":"Lepidlo","phrases":[{"type":"👌","phrase":"Používám lepidlo."},{"type":"🙋","phrase":"Potřebuji nové lepidlo."},{"type":"😇","phrase":"Mohu si půjčit vaše lepidlo?"},{"type":"😱","phrase":"Ztratil jsem své lepidlo."}]}]