[{"slug":"circle","title":"Kruh","phrases":[{"type":"👉","phrase":"Tohle je kruhový tvar."},{"type":"❓","phrase":"Můžete mě naučit, jak nakreslit kruh?"}]},{"slug":"triangle","title":"Trojúhelník","phrases":[{"type":"👉","phrase":"Tohle je trojúhelník."},{"type":"❓","phrase":"Můžete mě naučit kreslit trojúhelník?"}]},{"slug":"square","title":"Náměstí","phrases":[{"type":"👉","phrase":"Toto je čtvercového tvaru."},{"type":"❓","phrase":"Můžete mě naučit, jak nakreslit čtverec?"}]},{"slug":"rectangle","title":"Obdélník","phrases":[{"type":"👉","phrase":"Toto je obdélníkového tvaru."},{"type":"❓","phrase":"Můžete mě naučit kreslit obdélník?"}]},{"slug":"star","title":"Hvězda","phrases":[{"type":"👉","phrase":"To je ve tvaru hvězdy."},{"type":"❓","phrase":"Můžete mě naučit, jak kreslit hvězdu?"}]},{"slug":"pentagon","title":"Pentagon","phrases":[{"type":"👉","phrase":"To má tvar pětiúhelníku."},{"type":"❓","phrase":"Můžete mě naučit, jak kreslit pětiúhelník?"}]},{"slug":"hexagon","title":"Šestiúhelník","phrases":[{"type":"👉","phrase":"To má tvar šestiúhelníku."},{"type":"❓","phrase":"Můžete mě naučit, jak kreslit šestiúhelník?"}]},{"slug":"cross","title":"Přejít","phrases":[{"type":"👉","phrase":"To má tvar kříže."},{"type":"❓","phrase":"Můžete mě naučit kreslit kříž?"}]},{"slug":"ellipse","title":"Elipsa","phrases":[{"type":"👉","phrase":"To má tvar elipsy."},{"type":"❓","phrase":"Můžete mě naučit kreslit elipsu?"}]},{"slug":"arrow","title":"Šipka","phrases":[{"type":"👉","phrase":"Toto je ve tvaru šipky."},{"type":"❓","phrase":"Můžete mě naučit, jak nakreslit šipku?"}]},{"slug":"crescent","title":"Půlměsíc","phrases":[{"type":"👉","phrase":"To je ve tvaru půlměsíce."},{"type":"❓","phrase":"Můžete mě naučit kreslit půlměsíc?"}]},{"slug":"heart","title":"Srdce","phrases":[{"type":"👉","phrase":"To je ve tvaru srdce."},{"type":"❓","phrase":"Můžete mě naučit, jak kreslit srdce?"}]},{"slug":"rhombus","title":"Kosočtverec","phrases":[{"type":"👉","phrase":"Tohle je kosočtverec."},{"type":"❓","phrase":"Můžete mě naučit kreslit kosočtverce?"}]},{"slug":"ring","title":"Prsten","phrases":[{"type":"👉","phrase":"Tohle je prsten."},{"type":"❓","phrase":"Můžete mě naučit, jak nakreslit prsten?"}]},{"slug":"semicircle","title":"Půlkruh","phrases":[{"type":"👉","phrase":"To je ve tvaru půlkruhu."},{"type":"❓","phrase":"Můžete mě naučit, jak kreslit půlkruh?"}]},{"slug":"trapezoid","title":"Lichoběžník","phrases":[{"type":"👉","phrase":"Toto je lichoběžníkový tvar."},{"type":"❓","phrase":"Můžete mě naučit, jak kreslit lichoběžník?"}]},{"slug":"cube","title":"Krychle","phrases":[{"type":"👉","phrase":"Tohle je kostka."},{"type":"❓","phrase":"Můžete mě naučit, jak nakreslit kostku?"}]},{"slug":"cylinder","title":"Válec","phrases":[{"type":"👉","phrase":"To má tvar válce."},{"type":"❓","phrase":"Můžete mě naučit, jak nakreslit válec?"}]}]