[{"slug":"chips","title":"Bramborové hranolky","phrases":[{"type":"❤️","phrase":"Líbí se mi jíst hranolky."},{"type":"🙋","phrase":"Chci jíst chipsy."},{"type":"🤢","phrase":"Jíst příliš mnoho žetonů je pro mě špatné."}]},{"slug":"donut","title":"Kobliha","phrases":[{"type":"❤️","phrase":"Líbí se mi jíst koblihu."},{"type":"🙋","phrase":"Chci jíst koblihu."},{"type":"🤢","phrase":"Jíst příliš mnoho koblihy je pro mě špatné."}]},{"slug":"taco","title":"Taco","phrases":[{"type":"❤️","phrase":"Líbí se mi jíst tacos."},{"type":"🙋","phrase":"Chci jíst taco."},{"type":"🤢","phrase":"Jíst příliš mnoho tacos je pro mě špatné."}]},{"slug":"peanuts","title":"Arašídy","phrases":[{"type":"❤️","phrase":"Líbí se mi jíst arašídy."},{"type":"🙋","phrase":"Chci jíst arašídy."},{"type":"🤢","phrase":"Jíst příliš mnoho arašídů je pro mě špatné."}]},{"slug":"croissant","title":"Rohlík","phrases":[{"type":"❤️","phrase":"Líbí se mi jíst rohlík."},{"type":"🙋","phrase":"Chci jíst croissant."},{"type":"🤢","phrase":"Jíst příliš mnoho croissantu je pro mě špatné."}]},{"slug":"cookie","title":"Cookie","phrases":[{"type":"❤️","phrase":"Líbí se mi jíst cookie."},{"type":"🙋","phrase":"Chci jíst cookie."},{"type":"🤢","phrase":"Jíst příliš mnoho cookies je pro mě špatné."}]},{"slug":"burrito","title":"Burrito","phrases":[{"type":"❤️","phrase":"Líbí se mi jíst burrito."},{"type":"🙋","phrase":"Chci jíst burrito."},{"type":"🤢","phrase":"Jíst příliš mnoho burritos je pro mě špatné."}]},{"slug":"ramen","title":"Ramen","phrases":[{"type":"❤️","phrase":"Líbí se mi jíst ramen."},{"type":"🙋","phrase":"Chci jíst ramen."},{"type":"🤢","phrase":"Jíst příliš mnoho ramen je pro mě špatné."}]},{"slug":"sushi","title":"Sushi","phrases":[{"type":"❤️","phrase":"Líbí se mi jíst sushi."},{"type":"🙋","phrase":"Chci jíst sushi."},{"type":"🤢","phrase":"Jíst příliš mnoho sushi je pro mě špatné."}]},{"slug":"chocolate","title":"Čokoláda","phrases":[{"type":"❤️","phrase":"Líbí se mi jíst čokoládu."},{"type":"🙋","phrase":"Chci jíst čokoládu."},{"type":"🤢","phrase":"Jíst příliš mnoho čokolády je pro mě špatné."}]},{"slug":"apple-pie","title":"jablečný koláč","phrases":[{"type":"❤️","phrase":"Líbí se mi jíst jablečný koláč."},{"type":"🙋","phrase":"Chci jíst jablečný koláč."},{"type":"🤢","phrase":"Jíst příliš mnoho jablečného koláče je pro mě špatné."}]},{"slug":"muffin","title":"Muffin","phrases":[{"type":"❤️","phrase":"Líbí se mi jíst muffin."},{"type":"🙋","phrase":"Chci jíst muffin."},{"type":"🤢","phrase":"Jíst příliš mnoho muffinů je pro mě špatné."}]},{"slug":"pudding","title":"Pudink","phrases":[{"type":"❤️","phrase":"Líbí se mi jíst pudink."},{"type":"🙋","phrase":"Chci jíst pudink."},{"type":"🤢","phrase":"Jíst příliš mnoho pudinku je pro mě špatné."}]},{"slug":"macaron","title":"Macaron","phrases":[{"type":"❤️","phrase":"Líbí se mi jíst macaron."},{"type":"🙋","phrase":"Chci jíst macaron."},{"type":"🤢","phrase":"Jíst příliš mnoho macaronu je pro mě špatné."}]},{"slug":"crepe","title":"Krep","phrases":[{"type":"❤️","phrase":"Líbí se mi jíst krep."},{"type":"🙋","phrase":"Chci jíst krep."},{"type":"🤢","phrase":"Jíst příliš mnoho palačinek je pro mě špatné."}]},{"slug":"pizza","title":"Pizza","phrases":[{"type":"❤️","phrase":"Líbí se mi jíst pizzu."},{"type":"🙋","phrase":"Chci jíst pizzu."},{"type":"🤢","phrase":"Jíst příliš mnoho pizzy je pro mě špatné."}]},{"slug":"skewer","title":"Špíz","phrases":[{"type":"❤️","phrase":"Líbí se mi jíst špíz."},{"type":"🙋","phrase":"Chci jíst špíz."},{"type":"🤢","phrase":"Jíst příliš mnoho špízů je pro mě špatné."}]},{"slug":"fast-food","title":"Fast Food","phrases":[{"type":"❤️","phrase":"Líbí se mi jíst fast food."},{"type":"🙋","phrase":"Chci jíst rychlé občerstvení."},{"type":"🤢","phrase":"Jíst příliš mnoho rychlého občerstvení je pro mě špatné."}]}]