[{"slug":"basketball","title":"Basketball","phrases":[{"type":"❤️","phrase":"Ráda hraji basketbal."},{"type":"🙋","phrase":"Chcete hrát basketbal?"}]},{"slug":"boxing","title":"Box","phrases":[{"type":"❤️","phrase":"Líbí se mi box."},{"type":"🙋","phrase":"Chcete boxovat společně?"}]},{"slug":"tennis","title":"Tenis","phrases":[{"type":"❤️","phrase":"Rád hraji tenis."},{"type":"🙋","phrase":"Chcete si zahrát tenis?"}]},{"slug":"golf","title":"Golf","phrases":[{"type":"❤️","phrase":"Rád hraji golf."},{"type":"🙋","phrase":"Chcete hrát golf?"}]},{"slug":"hockey","title":"Hokej","phrases":[{"type":"❤️","phrase":"Rád hraji hokej."},{"type":"🙋","phrase":"Chcete hrát hokej?"}]},{"slug":"swimming","title":"Plavání","phrases":[{"type":"❤️","phrase":"Mám rád plavání."},{"type":"🙋","phrase":"Chcete plavat?"}]},{"slug":"baseball","title":"Baseball","phrases":[{"type":"❤️","phrase":"Rád hraji baseball."},{"type":"🙋","phrase":"Chcete hrát baseball?"}]},{"slug":"american-football","title":"Americký fotbal","phrases":[{"type":"❤️","phrase":"Rád hraji americký fotbal."},{"type":"🙋","phrase":"Chcete hrát americký fotbal?"}]},{"slug":"cricket","title":"Kriket","phrases":[{"type":"❤️","phrase":"Mám rád kriket."},{"type":"🙋","phrase":"Chcete hrát kriket?"}]},{"slug":"racing","title":"Závody","phrases":[{"type":"❤️","phrase":"Mám rád závody."},{"type":"🙋","phrase":"Chcete závodit společně?"}]},{"slug":"skiing","title":"Lyžování","phrases":[{"type":"❤️","phrase":"Mám rád lyžování."},{"type":"🙋","phrase":"Chcete lyžovat?"}]},{"slug":"volleyball","title":"Volejbal","phrases":[{"type":"❤️","phrase":"Rád hraji volejbal."},{"type":"🙋","phrase":"Chcete hrát volejbal?"}]},{"slug":"fencing","title":"Oplocení","phrases":[{"type":"❤️","phrase":"Mám rád šerm."}]},{"slug":"referee","title":"Rozhodčí","phrases":[{"type":"🏁","phrase":"Mohu být rozhodčím?"}]},{"slug":"coach","title":"Trenér","phrases":[{"type":"🏁","phrase":"Mohu být tvůj trenér?"}]},{"slug":"kendo","title":"Kendo","phrases":[]},{"slug":"table-tennis","title":"Stolní tenis","phrases":[{"type":"❤️","phrase":"Rád hraji stolní tenis."},{"type":"🙋","phrase":"Chcete si zahrát stolní tenis?"}]},{"slug":"medal","title":"Medaile","phrases":[{"type":"😎","phrase":"Mám medaili."}]},{"slug":"podium","title":"Pódium","phrases":[]}]