[{"slug":"doll","title":"Panenka","phrases":[{"type":"❤️","phrase":"Mám rád panenky."},{"type":"☝️","phrase":"Mohu si hrát se svými panenkami?"},{"type":"🙋","phrase":"Chci panenku jako dárek."}]},{"slug":"teddy-bear","title":"Medvídek","phrases":[{"type":"❤️","phrase":"Mám rád medvídky."},{"type":"☝️","phrase":"Mohu si hrát s mým medvídkem?"},{"type":"🙋","phrase":"Chci medvídka jako dárek."}]},{"slug":"blocks","title":"Bloky","phrases":[{"type":"❤️","phrase":"Líbí se mi bloky."},{"type":"☝️","phrase":"Mohu si hrát se svými bloky?"},{"type":"🙋","phrase":"Chci bloky jako přítomné."}]},{"slug":"spinner","title":"Spinner","phrases":[{"type":"❤️","phrase":"Mám rád spinner."},{"type":"☝️","phrase":"Mohu si hrát se svým přadlenem?"},{"type":"🙋","phrase":"Chci spinner jako přítomný."}]},{"slug":"nutcracker","title":"Louskáček","phrases":[{"type":"❤️","phrase":"Mám rád louskáčky."},{"type":"☝️","phrase":"Mohu si hrát s louskáčkem?"},{"type":"🙋","phrase":"Chci louskáček jako dárek."}]},{"slug":"video-games","title":"Videohry","phrases":[{"type":"❤️","phrase":"Mám rád videohry."},{"type":"☝️","phrase":"Můžeme spolu hrát videohry?"},{"type":"🙋","phrase":"Chci videohry jako přítomné."}]},{"slug":"cards","title":"Karty","phrases":[{"type":"❤️","phrase":"Ráda hraji karty."},{"type":"☝️","phrase":"Mohu si hrát se svými kartami?"},{"type":"🙋","phrase":"Chci hrát karty jako přítomné."}]},{"slug":"toy-car","title":"Autíčko","phrases":[{"type":"❤️","phrase":"Mám rád autíčka."},{"type":"☝️","phrase":"Mohu si hrát s autíčkem?"},{"type":"🙋","phrase":"Chci autíčko jako dárek."}]},{"slug":"sword","title":"meč","phrases":[{"type":"❤️","phrase":"Mám rád hračky meče."},{"type":"☝️","phrase":"Mohu si hrát s mým hračkovým mečem?"},{"type":"🙋","phrase":"Chci přítomný meč."}]},{"slug":"yo-yo","title":"Yo-yo","phrases":[{"type":"❤️","phrase":"Líbí se mi hrát s yo-yo."},{"type":"☝️","phrase":"Mohu si hrát s mým yo-yo?"},{"type":"🙋","phrase":"Chci yo-yo jako přítomné."}]},{"slug":"slingshot","title":"Prak","phrases":[{"type":"❤️","phrase":"Mám rád praky."},{"type":"☝️","phrase":"Mohu si hrát s prakem?"},{"type":"🙋","phrase":"Chci prak jako dárek."}]},{"slug":"water-gun","title":"Vodní pistol","phrases":[{"type":"❤️","phrase":"Mám rád vodní pistoli."},{"type":"☝️","phrase":"Mohu si hrát s vodní pistolí?"},{"type":"🙋","phrase":"Chci vodní pistoli."}]},{"slug":"doll-house","title":"Domeček pro panenky","phrases":[{"type":"❤️","phrase":"Rád hraji s domkem pro panenky."},{"type":"☝️","phrase":"Mohu si hrát s domem pro panenky?"},{"type":"🙋","phrase":"Chci jako panenský dům."}]},{"slug":"viewer","title":"Divák","phrases":[{"type":"❤️","phrase":"Rád hraji s prohlížečem."},{"type":"🙋","phrase":"Chci prohlížeč jako přítomný."}]},{"slug":"board-game","title":"Desková hra","phrases":[{"type":"❤️","phrase":"Mám rád stolní hry."},{"type":"☝️","phrase":"Můžeme hrát deskové hry?"},{"type":"🙋","phrase":"Chci deskovou hru jako dárek."}]},{"slug":"rubiks-cube","title":"Rubikova kostka","phrases":[{"type":"❤️","phrase":"Líbí se mi řešení rubikovy kostky."},{"type":"☝️","phrase":"Mohu se pokusit vyřešit mou rubikovou kostku?"},{"type":"🙋","phrase":"Chci rubikovu kostku jako přítomnou."}]},{"slug":"puzzle","title":"Hádanka","phrases":[{"type":"❤️","phrase":"Mám rád hádanky."},{"type":"☝️","phrase":"Mohu vyřešit hádanky?"},{"type":"🙋","phrase":"Chci hádanky jako přítomné."}]},{"slug":"remote-control-car","title":"Dálkové ovládání auta","phrases":[{"type":"❤️","phrase":"Líbí se mi moje auto s dálkovým ovládáním."},{"type":"☝️","phrase":"Mohu si hrát s autem s dálkovým ovládáním"},{"type":"🙋","phrase":"Chci auto s dálkovým ovládáním, které je přítomno."}]},{"slug":"rocking-horse","title":"Houpací kůň","phrases":[{"type":"❤️","phrase":"Mám rád svého houpacího koně."},{"type":"☝️","phrase":"Mohu si hrát s houpacím koněm?"}]},{"slug":"scooter","title":"Koloběžka","phrases":[{"type":"❤️","phrase":"Líbí se mi můj skútr."},{"type":"🙋","phrase":"Chci koloběžku jako dárek."}]},{"slug":"pyramid","title":"Pyramida","phrases":[{"type":"❤️","phrase":"Mám rád pyramidy."},{"type":"🙋","phrase":"Chci pyramidu jako dárek."}]},{"slug":"cart","title":"Vozík","phrases":[{"type":"❤️","phrase":"Mám rád svůj hračkový vozík."},{"type":"🙋","phrase":"Můžete mi pomoci uklidit mé hračky?"}]},{"slug":"aeroplane","title":"Letoun","phrases":[{"type":"❤️","phrase":"Mám rád letadla."},{"type":"☝️","phrase":"Mohu si hrát s letadlem?"},{"type":"🙋","phrase":"Chci letadlo jako přítomné."}]},{"slug":"sand-bucket","title":"Plechový kbelík","phrases":[{"type":"❤️","phrase":"Mám rád kbelíky na písek."},{"type":"☝️","phrase":"Mohu si postavit hrad s mým pískovým kbelíkem?"}]}]