[{"slug":"train","title":"Vlak","phrases":[{"type":"🙋","phrase":"Chci jet vlakem."},{"type":"❤️","phrase":"Líbí se mi vlaky."}]},{"slug":"car","title":"Auto","phrases":[{"type":"🙋","phrase":"Chci řídit auto."},{"type":"❤️","phrase":"Líbí se mi auta."}]},{"slug":"bicycle","title":"Jízdní kolo","phrases":[{"type":"🙋","phrase":"Chci jezdit na kole."},{"type":"❤️","phrase":"Mám rád kolo."}]},{"slug":"motorcycle","title":"Motocykl","phrases":[{"type":"🙋","phrase":"Chci jezdit na motocyklu."},{"type":"❤️","phrase":"Mám rád motocykl."}]},{"slug":"skateboard","title":"Skateboard","phrases":[{"type":"🙋","phrase":"Chci bruslit."},{"type":"❤️","phrase":"Mám rád skateboard."}]},{"slug":"food-truck","title":"Trajekt","phrases":[{"type":"🙋","phrase":"Chci vzít trajekt."},{"type":"🧑‍🤝‍🧑","phrase":"Trajekt je přeplněný."}]},{"slug":"boat","title":"Loď","phrases":[{"type":"🙋","phrase":"Chci jezdit na lodi."},{"type":"🧑‍🤝‍🧑","phrase":"Loď je přeplněná."}]},{"slug":"ship","title":"Loď","phrases":[{"type":"🙋","phrase":"Chci nastoupit na loď."},{"type":"🧑‍🤝‍🧑","phrase":"Loď je přeplněná."}]},{"slug":"bus","title":"Autobus","phrases":[{"type":"🙋","phrase":"Chci jet autobusem."},{"type":"🧑‍🤝‍🧑","phrase":"Autobus je přeplněný."}]},{"slug":"minibus","title":"Minibus","phrases":[{"type":"🙋","phrase":"Chci vzít minibus."},{"type":"🧑‍🤝‍🧑","phrase":"Minibus je přeplněný."}]},{"slug":"wheelchair","title":"Invalidní vozík","phrases":[{"type":"♿","phrase":"Používám invalidní vozík."},{"type":"👨‍🦽","phrase":"Používá invalidní vozík."},{"type":"🙋","phrase":"Můžete mi pomoci používat můj invalidní vozík."},{"type":"🖐️","phrase":"Můžeš mě tlačit?"}]},{"slug":"taxi","title":"Taxi","phrases":[{"type":"🙋","phrase":"Chci vzít taxi."}]},{"slug":"airplane","title":"Letoun","phrases":[{"type":"🙋","phrase":"Chci létat v letadle."},{"type":"❤️","phrase":"Mám rád letadla."},{"type":"🧑‍🤝‍🧑","phrase":"Letadlo je přeplněné."}]},{"slug":"van","title":"dodávka","phrases":[{"type":"🙋","phrase":"Chci jet v dodávce."}]},{"slug":"hot-air-balloon","title":"Horkovzdušný balón","phrases":[{"type":"🙋","phrase":"Chci létat na horkovzdušném balónu."},{"type":"❤️","phrase":"Mám rád horkovzdušný balón."}]},{"slug":"fire-truck","title":"Hasičský vůz","phrases":[{"type":"🚨","phrase":"Hasičské auto siréna."}]},{"slug":"police-car","title":"Policejní auto","phrases":[{"type":"🚨","phrase":"Policejní auto siréna."},{"type":"❤️","phrase":"Mám rád policejní auta."}]},{"slug":"ambulance","title":"záchranná služba","phrases":[{"type":"🚨","phrase":"Ambulanční siréna."}]},{"slug":"stretcher","title":"Nosítka","phrases":[{"type":"🙋","phrase":"Můžete mi pomoci s mými nosítky?"}]},{"slug":"helicopter","title":"Helikoptéra","phrases":[{"type":"🙋","phrase":"Chci létat na vrtulníku."}]},{"slug":"trailer","title":"Upoutávka","phrases":[{"type":"🙋","phrase":"Chci jet v přívěsu."}]},{"slug":"spaceship","title":"Kosmická loď","phrases":[{"type":"❤️","phrase":"Mám rád kosmické lodě."},{"type":"🌌","phrase":"Chci cestovat ve vesmíru."},{"type":"👽","phrase":"Chci vidět mimozemšťany."},{"type":"👩‍🚀","phrase":"Chci jít na Mars."},{"type":"🚀","phrase":"Můžeš mě vzít na Marla Elona Muska?"}]}]