[{"slug":"luggage","title":"Zavazadlo","phrases":[]},{"slug":"swimming","title":"Plavání","phrases":[]},{"slug":"passport","title":"Cestovní pas","phrases":[]},{"slug":"tent","title":"Stan","phrases":[]},{"slug":"backpacking","title":"Turismus","phrases":[]},{"slug":"beach-chair","title":"Plážové křeslo","phrases":[]},{"slug":"room-service","title":"Pokojová služba","phrases":[]},{"slug":"waiting-area","title":"Čekárna","phrases":[]},{"slug":"electric-socket","title":"Elektrická zásuvka","phrases":[]},{"slug":"bag","title":"Taška","phrases":[]},{"slug":"boarding-pass","title":"Palubní letenka","phrases":[]},{"slug":"gps","title":"GPS","phrases":[]},{"slug":"mountain","title":"Hora","phrases":[]},{"slug":"camera","title":"Fotoaparát","phrases":[]},{"slug":"hotel","title":"Hotel","phrases":[]},{"slug":"bed","title":"Lůžko","phrases":[]},{"slug":"hotel-key","title":"Klíč hotelu","phrases":[]},{"slug":"bonfire","title":"Táborák","phrases":[]},{"slug":"snorkling","title":"Šnorchlování","phrases":[]},{"slug":"action-camera","title":"Akční kamera","phrases":[]}]