[{"slug":"cucumber","title":"Okurka","phrases":[{"type":"❤️","phrase":"Líbí se mi jíst okurku."},{"type":"🙋","phrase":"Chci jíst okurku."},{"type":"❌","phrase":"Nemám rád okurky."}]},{"slug":"onion","title":"Cibule","phrases":[{"type":"❤️","phrase":"Líbí se mi jíst cibuli."},{"type":"🙋","phrase":"Chci jíst cibuli."},{"type":"❌","phrase":"Nelíbí se mi cibule."},{"type":"❌","phrase":"Nelíbí se mi vůně cibule."}]},{"slug":"garlic","title":"Česnek","phrases":[{"type":"❤️","phrase":"Líbí se mi jíst česnek."},{"type":"🙋","phrase":"Chci jíst česnek."},{"type":"❌","phrase":"Nemám rád česnek."},{"type":"❌","phrase":"Nelíbí se mi vůně česneku."}]},{"slug":"carrot","title":"Mrkev","phrases":[{"type":"❤️","phrase":"Líbí se mi jíst mrkev."},{"type":"🙋","phrase":"Chci jíst mrkev."},{"type":"❌","phrase":"Nemám rád mrkev."}]},{"slug":"cabbage","title":"Zelí","phrases":[{"type":"❤️","phrase":"Líbí se mi jíst zelí."},{"type":"🙋","phrase":"Chci jíst zelí."},{"type":"❌","phrase":"Nemám rád zelí."}]},{"slug":"tomato","title":"Rajče","phrases":[{"type":"❤️","phrase":"Líbí se mi jíst rajče."},{"type":"🙋","phrase":"Chci jíst rajče."},{"type":"❌","phrase":"Rajčata se mi nelíbí."},{"type":"❤️","phrase":"Líbí se mi rajčatová polévka."}]},{"slug":"eggplant","title":"Lilek","phrases":[{"type":"❤️","phrase":"Líbí se mi jíst lilek."},{"type":"🙋","phrase":"Chci jíst lilek."},{"type":"❌","phrase":"Nemám rád lilek."}]},{"slug":"mushroom","title":"Houba","phrases":[{"type":"❤️","phrase":"Líbí se mi jíst houby."},{"type":"🙋","phrase":"Chci jíst houby."},{"type":"❌","phrase":"Nemám rád houby."},{"type":"❤️","phrase":"Mám rád houbovou polévku."}]},{"slug":"pepper","title":"Pepř","phrases":[{"type":"❤️","phrase":"Líbí se mi jíst pepř."},{"type":"🙋","phrase":"Chci jíst pepř."},{"type":"❌","phrase":"Nemám rád pepř."}]},{"slug":"corn","title":"Kukuřice","phrases":[{"type":"❤️","phrase":"Líbí se mi jíst kukuřici."},{"type":"🙋","phrase":"Chci jíst kukuřici."},{"type":"❌","phrase":"Nemám rád kukuřici."},{"type":"❤️","phrase":"Mám rád kukuřičnou polévku."}]},{"slug":"broccoli","title":"Brokolice","phrases":[{"type":"❤️","phrase":"Líbí se mi jíst brokolici."},{"type":"🙋","phrase":"Chci jíst brokolici."},{"type":"❌","phrase":"Nelíbí se mi brokolice."}]},{"slug":"celery","title":"Celer","phrases":[{"type":"❤️","phrase":"Líbí se mi jíst celer."},{"type":"🙋","phrase":"Chci jíst celer."},{"type":"❌","phrase":"Nemám rád celer."}]},{"slug":"chili","title":"Chili","phrases":[{"type":"❤️","phrase":"Líbí se mi jíst chilli."},{"type":"🙋","phrase":"Chci jíst chili."},{"type":"❌","phrase":"Nemám rád chilli."}]},{"slug":"potato","title":"Brambor","phrases":[{"type":"❤️","phrase":"Líbí se mi jíst brambory."},{"type":"🙋","phrase":"Chci jíst brambor."},{"type":"❌","phrase":"Nelíbí se mi brambor."},{"type":"❤️","phrase":"Líbí se mi jíst bramborové hranolky."}]},{"slug":"asparagus","title":"Chřest","phrases":[{"type":"❤️","phrase":"Líbí se mi jíst chřest."},{"type":"🙋","phrase":"Chci jíst chřest."},{"type":"❌","phrase":"Nelíbí se mi chřest."}]},{"slug":"cauliflower","title":"Květák","phrases":[{"type":"❤️","phrase":"Líbí se mi jíst květák."},{"type":"🙋","phrase":"Chci jíst květák."},{"type":"❌","phrase":"Nemám rád květák."}]},{"slug":"pumpkin","title":"Dýně","phrases":[{"type":"❤️","phrase":"Líbí se mi jíst dýně."},{"type":"🙋","phrase":"Chci jíst dýně."},{"type":"❌","phrase":"Nemám rád dýně."},{"type":"❤️","phrase":"Mám rád dýňovou polévku."}]},{"slug":"beetroot","title":"Červená řepa","phrases":[{"type":"❤️","phrase":"Líbí se mi jíst červenou řepu."},{"type":"🙋","phrase":"Chci jíst řepu."},{"type":"❌","phrase":"Nelíbí se mi červená řepa."}]},{"slug":"bean","title":"Fazole","phrases":[{"type":"❤️","phrase":"Líbí se mi jíst fazole."},{"type":"🙋","phrase":"Chci jíst fazole."},{"type":"❌","phrase":"Nemám rád fazole."}]},{"slug":"lettuce","title":"Hlávkový salát","phrases":[{"type":"❤️","phrase":"Líbí se mi jíst salát."},{"type":"🙋","phrase":"Chci jíst hlávkový salát."},{"type":"❌","phrase":"Nelíbí se mi salát."},{"type":"❤️","phrase":"Líbí se mi, že můj salát má více salátu."}]},{"slug":"radish","title":"Ředkev","phrases":[{"type":"❤️","phrase":"Líbí se mi jíst ředkvičky."},{"type":"🙋","phrase":"Chci jíst ředkvičky."},{"type":"❌","phrase":"Nemám rád ředkvičky."}]},{"slug":"bok-choy","title":"Bok choy","phrases":[{"type":"❤️","phrase":"Líbí se mi jíst bok choy."},{"type":"🙋","phrase":"Chci jíst bok choy."},{"type":"❌","phrase":"Nemám rád bok choy."}]},{"slug":"leek","title":"Pórek","phrases":[{"type":"❤️","phrase":"Líbí se mi jíst pór."},{"type":"🙋","phrase":"Chci jíst pór."},{"type":"❌","phrase":"Nemám rád pórek."}]},{"slug":"peas","title":"Hrách","phrases":[{"type":"❤️","phrase":"Líbí se mi jíst hrášek."},{"type":"🙋","phrase":"Chci jíst hrášek."},{"type":"❌","phrase":"Nemám rád hrách."}]},{"slug":"ginger","title":"Zrzavý","phrases":[{"type":"❤️","phrase":"Líbí se mi jíst zázvor."},{"type":"🙋","phrase":"Chci jíst zázvor."},{"type":"❌","phrase":"Nemám rád zázvor."}]},{"slug":"sweet-potato","title":"Sladká brambora","phrases":[{"type":"❤️","phrase":"Líbí se mi jíst sladké brambory."},{"type":"🙋","phrase":"Chci jíst sladké brambory."},{"type":"❌","phrase":"Nemám rád sladké brambory."},{"type":"❤️","phrase":"Líbí se mi jíst smažené sladké brambory."}]},{"slug":"olives","title":"Olivy","phrases":[{"type":"❤️","phrase":"Líbí se mi jíst olivy."},{"type":"🙋","phrase":"Chci jíst olivy."},{"type":"❌","phrase":"Nemám rád olivy."},{"type":"❤️","phrase":"Mám rád pizzy olivy."}]}]