[{"slug":"walking","title":"En marchant","phrases":[{"type":"❤️","phrase":"J'aime marcher"},{"type":"❌","phrase":"Je n'aime pas marcher"},{"type":"🙋","phrase":"Voulez-vous marcher ensemble?"}]},{"slug":"running","title":"Fonctionnement","phrases":[{"type":"❤️","phrase":"J'aime courir."},{"type":"❌","phrase":"Je n'aime pas courir."},{"type":"🙋","phrase":"Voulez-vous aller courir?"}]},{"slug":"talking","title":"Parlant","phrases":[{"type":"❤️","phrase":"J'aime parler."},{"type":"❌","phrase":"Je n'aime pas parler."},{"type":"🙋","phrase":"Veux-tu parler avec moi?"}]},{"slug":"reading","title":"En train de lire","phrases":[{"type":"❤️","phrase":"J'aime lire."},{"type":"❌","phrase":"Je n'aime pas lire."},{"type":"🙋","phrase":"Voulez-vous lire ensemble?"}]},{"slug":"football","title":"Football","phrases":[{"type":"❤️","phrase":"J'aime jouer au football."},{"type":"❌","phrase":"Je n'aime pas jouer au football."},{"type":"🙋","phrase":"Veux-tu jouer au football?"}]},{"slug":"basketball","title":"Basketball","phrases":[{"type":"❤️","phrase":"J'aime jouer au basketball."},{"type":"❌","phrase":"Je n'aime pas jouer au basket."},{"type":"🙋","phrase":"Voulez-vous jouer au basket?"}]},{"slug":"swimming","title":"La natation","phrases":[{"type":"❤️","phrase":"J'aime nager."},{"type":"❌","phrase":"Je n'aime pas nager."},{"type":"🙋","phrase":"Voulez-vous aller nager?"}]},{"slug":"painting","title":"La peinture","phrases":[{"type":"❤️","phrase":"J'aime peindre."},{"type":"❌","phrase":"Je n'aime pas peindre."},{"type":"🙋","phrase":"Voulez-vous peindre ensemble?"}]},{"slug":"drawing","title":"Dessin","phrases":[{"type":"❤️","phrase":"J'aime dessiner."},{"type":"❌","phrase":"Je n'aime pas dessiner."},{"type":"🙋","phrase":"Voulez-vous vous rapprocher?"}]},{"slug":"cycling","title":"Cyclisme","phrases":[{"type":"❤️","phrase":"J'aime faire du vélo."},{"type":"❌","phrase":"Je n'aime pas faire du vélo."},{"type":"🙋","phrase":"Voulez-vous faire du vélo?"}]},{"slug":"skating","title":"Patinage","phrases":[{"type":"❤️","phrase":"J'aime patiner."},{"type":"❌","phrase":"Je n'aime pas patiner."},{"type":"🙋","phrase":"Voulez-vous aller patiner?"}]},{"slug":"sightseeing","title":"Tourisme","phrases":[{"type":"❤️","phrase":"J'aime faire du tourisme."},{"type":"❌","phrase":"Je n'aime pas faire du tourisme."},{"type":"🙋","phrase":"Voulez-vous faire du tourisme?"}]},{"slug":"video-games","title":"Jeux vidéo","phrases":[{"type":"❤️","phrase":"J'aime jouer aux jeux vidéos."},{"type":"❌","phrase":"Je n'aime pas jouer aux jeux vidéo."},{"type":"🙋","phrase":"Voulez-vous jouer à des jeux?"}]},{"slug":"tidying","title":"Rangement","phrases":[{"type":"❤️","phrase":"J'aime ranger ma chambre."},{"type":"❌","phrase":"Je n'aime pas ranger ma chambre."},{"type":"🙋","phrase":"Pouvez-vous m'aider à ranger ma chambre?"}]},{"slug":"toys","title":"Jouets","phrases":[{"type":"❤️","phrase":"J'aime les jouets."},{"type":"❌","phrase":"Je n'aime pas les jouets."},{"type":"🙋","phrase":"Voulez-vous jouer avec mes jouets?"}]},{"slug":"puzzle","title":"Puzzle","phrases":[{"type":"❤️","phrase":"J'aime résoudre des énigmes."},{"type":"❌","phrase":"Je n'aime pas résoudre les énigmes."},{"type":"🙋","phrase":"Voulez-vous résoudre des énigmes avec moi?"}]},{"slug":"comics","title":"Des bandes dessinées","phrases":[{"type":"❤️","phrase":"J'aime lire des bandes dessinées."},{"type":"❌","phrase":"Je n'aime pas lire les bandes dessinées."},{"type":"🙋","phrase":"Voulez-vous lire des bandes dessinées?"}]},{"slug":"chess","title":"Échecs","phrases":[{"type":"❤️","phrase":"J'aime jouer aux échecs."},{"type":"❌","phrase":"Je n'aime pas jouer aux échecs."},{"type":"🙋","phrase":"Voulez-vous jouer aux échecs avec moi?"}]},{"slug":"using-leeloo","title":"Utilisation de Leeloo","phrases":[{"type":"❤️","phrase":"J'aime utiliser leeloo."},{"type":"❌","phrase":"Je n'aime pas utiliser leeloo."},{"type":"🙋","phrase":"Pouvez-vous changer de pack de cartes sur leeloo?"}]},{"slug":"texting","title":"SMS","phrases":[{"type":"❤️","phrase":"J'aime envoyer des SMS."},{"type":"❌","phrase":"Je n'aime pas envoyer de SMS."}]},{"slug":"knitting","title":"Tricot","phrases":[{"type":"❤️","phrase":"J'aime tricoter."},{"type":"❌","phrase":"Je n'aime pas tricoter."},{"type":"🙋","phrase":"Je veux apprendre à tricoter."}]},{"slug":"bowling","title":"Bowling","phrases":[{"type":"❤️","phrase":"J'aime le bowling."},{"type":"❌","phrase":"Je n'aime pas le bowling."},{"type":"🙋","phrase":"Voulez-vous jouer au bowling avec moi?"}]},{"slug":"watching-tv","title":"Regarder la télévision","phrases":[{"type":"❤️","phrase":"J'aime regarder la télévision."},{"type":"❌","phrase":"Je n'aime pas regarder la télé."},{"type":"🙋","phrase":"Veux-tu regarder la TV?"}]},{"slug":"fishing","title":"Pêche","phrases":[{"type":"❤️","phrase":"J'aime pêcher."},{"type":"❌","phrase":"Je n'aime pas pêcher."},{"type":"🙋","phrase":"Voulez-vous aller à la pêche?"}]},{"slug":"exercising","title":"Exercice","phrases":[{"type":"❤️","phrase":"J'aime faire de l'exercice."},{"type":"❌","phrase":"Je n'aime pas faire de l'exercice."},{"type":"🙋","phrase":"Voulez-vous faire de l'exercice avec moi?"}]},{"slug":"tennis","title":"Tennis","phrases":[{"type":"❤️","phrase":"J'aime jouer au tennis."},{"type":"❌","phrase":"Je n'aime pas jouer au tennis."},{"type":"🙋","phrase":"Voulez-vous jouer au tennis avec moi?"}]}]