[{"slug":"cat","title":"Chat","phrases":[{"type":"❤️","phrase":"J'aime les chats."},{"type":"👀","phrase":"J'ai vu un chat."},{"type":"🔊","phrase":"Quel bruit fait un chat?"},{"type":"🐈","phrase":"Pouvons-nous avoir un chat comme animal de compagnie?"}]},{"slug":"dog","title":"Chien","phrases":[{"type":"❤️","phrase":"J'aime les chiens."},{"type":"👀","phrase":"J'ai vu un chien."},{"type":"🔊","phrase":"Quel bruit fait un chien?"},{"type":"🐕","phrase":"Pouvons-nous avoir un chien comme animal de compagnie?"}]},{"slug":"fish","title":"Poisson","phrases":[{"type":"❤️","phrase":"J'aime le poisson."},{"type":"👀","phrase":"J'ai vu un poisson."},{"type":"🔊","phrase":"Quel bruit fait un poisson?"},{"type":"🐠","phrase":"Pouvons-nous avoir un poisson comme animal de compagnie?"}]},{"slug":"rabbit","title":"lapin","phrases":[{"type":"❤️","phrase":"J'aime les lapins."},{"type":"👀","phrase":"J'ai vu un lapin."},{"type":"🔊","phrase":"Quel bruit fait un lapin?"},{"type":"🐇","phrase":"Pouvons-nous avoir un lapin comme animal de compagnie?"}]},{"slug":"butterfly","title":"Papillon","phrases":[{"type":"❤️","phrase":"J'aime les papillons."},{"type":"👀","phrase":"J'ai vu un papillon."},{"type":"🔊","phrase":"Quel bruit fait un papillon?"}]},{"slug":"kangaroo","title":"Kangourou","phrases":[{"type":"❤️","phrase":"J'aime les kangourous."},{"type":"👀","phrase":"J'ai vu un kangourou."},{"type":"🔊","phrase":"Quel bruit fait un kangourou?"}]},{"slug":"turtle","title":"Tortue","phrases":[{"type":"❤️","phrase":"J'aime les tortues."},{"type":"👀","phrase":"J'ai vu une tortue."},{"type":"🔊","phrase":"Quel bruit fait une tortue?"}]},{"slug":"giraffe","title":"Girafe","phrases":[{"type":"❤️","phrase":"J'aime les girafes."},{"type":"👀","phrase":"J'ai vu une girafe."},{"type":"🔊","phrase":"Quel bruit fait une girafe?"}]},{"slug":"frog","title":"Grenouille","phrases":[{"type":"❤️","phrase":"J'aime les grenouilles."},{"type":"👀","phrase":"J'ai vu une grenouille."},{"type":"🔊","phrase":"Quel bruit fait une grenouille?"}]},{"slug":"swan","title":"Cygne","phrases":[{"type":"❤️","phrase":"J'aime les cygnes."},{"type":"👀","phrase":"J'ai vu un cygne."},{"type":"🔊","phrase":"Quel bruit fait un cygne?"}]},{"slug":"spider","title":"Araignée","phrases":[{"type":"❤️","phrase":"J'aime les araignées."},{"type":"👀","phrase":"J'ai vu une araignée."},{"type":"🔊","phrase":"Quel bruit fait une araignée?"}]},{"slug":"cow","title":"Vache","phrases":[{"type":"❤️","phrase":"J'aime les vaches."},{"type":"👀","phrase":"J'ai vu une vache."},{"type":"🔊","phrase":"Quel bruit fait une vache?"}]},{"slug":"duck","title":"canard","phrases":[{"type":"❤️","phrase":"J'aime les canards."},{"type":"👀","phrase":"J'ai vu un canard."},{"type":"🔊","phrase":"Quel bruit fait un canard?"}]},{"slug":"horse","title":"Cheval","phrases":[{"type":"❤️","phrase":"J'aime les chevaux."},{"type":"👀","phrase":"J'ai vu un cheval."},{"type":"🔊","phrase":"Quel bruit fait un cheval?"}]},{"slug":"chicken","title":"poulet","phrases":[{"type":"❤️","phrase":"J'aime les poulets."},{"type":"👀","phrase":"J'ai vu un poulet."},{"type":"🔊","phrase":"Quel bruit fait un poulet?"}]},{"slug":"bee","title":"abeille","phrases":[{"type":"❤️","phrase":"J'aime les abeilles."},{"type":"👀","phrase":"J'ai vu une abeille."},{"type":"🔊","phrase":"Quel bruit fait une abeille?"}]},{"slug":"pig","title":"Porc","phrases":[{"type":"❤️","phrase":"J'aime les cochons."},{"type":"👀","phrase":"J'ai vu un cochon."},{"type":"🔊","phrase":"Quel bruit fait un cochon?"}]},{"slug":"dove","title":"Colombe","phrases":[{"type":"❤️","phrase":"J'aime les colombes."},{"type":"👀","phrase":"J'ai vu une colombe."},{"type":"🔊","phrase":"Quel bruit fait une colombe?"}]},{"slug":"crab","title":"Crabe","phrases":[{"type":"❤️","phrase":"J'aime les crabes."},{"type":"👀","phrase":"J'ai vu un crabe."},{"type":"🔊","phrase":"Quel bruit fait un crabe?"}]},{"slug":"penguin","title":"manchot","phrases":[{"type":"❤️","phrase":"J'aime les pingouins."},{"type":"👀","phrase":"J'ai vu un pingouin."},{"type":"🔊","phrase":"Quel bruit fait un pingouin?"}]},{"slug":"elephant","title":"l'éléphant","phrases":[{"type":"❤️","phrase":"J'aime les éléphants."},{"type":"👀","phrase":"J'ai vu un éléphant."},{"type":"🔊","phrase":"Quel bruit fait un éléphant?"}]},{"slug":"zebra","title":"Zèbre","phrases":[{"type":"❤️","phrase":"J'aime les zèbres."},{"type":"👀","phrase":"J'ai vu un zèbre."},{"type":"🔊","phrase":"Quel bruit fait un zèbre?"}]},{"slug":"panda","title":"Panda","phrases":[{"type":"❤️","phrase":"J'aime les pandas."},{"type":"👀","phrase":"J'ai vu un panda."},{"type":"🔊","phrase":"Quel bruit fait un panda?"}]},{"slug":"monkey","title":"Singe","phrases":[{"type":"❤️","phrase":"J'aime les singes."},{"type":"👀","phrase":"J'ai vu un singe."},{"type":"🔊","phrase":"Quel bruit fait un singe?"}]},{"slug":"camel","title":"chameau","phrases":[{"type":"❤️","phrase":"J'aime les chameaux."},{"type":"👀","phrase":"J'ai vu un chameau."},{"type":"🔊","phrase":"Quel bruit fait un chameau?"}]},{"slug":"mouse","title":"Souris","phrases":[{"type":"❤️","phrase":"J'aime les souris."},{"type":"👀","phrase":"J'ai vu une souris."},{"type":"🔊","phrase":"Quel bruit fait une souris?"}]},{"slug":"tiger","title":"tigre","phrases":[{"type":"❤️","phrase":"J'aime les tigres."},{"type":"👀","phrase":"J'ai vu un tigre."},{"type":"🔊","phrase":"Quel bruit fait un tigre?"}]},{"slug":"jellyfish","title":"Méduse","phrases":[{"type":"❤️","phrase":"J'aime les méduses."},{"type":"👀","phrase":"J'ai vu une méduse."},{"type":"🔊","phrase":"Quel bruit fait une méduse?"}]},{"slug":"crocodile","title":"Crocodile","phrases":[{"type":"❤️","phrase":"J'aime les crocodiles."},{"type":"👀","phrase":"J'ai vu un crocodile."},{"type":"🔊","phrase":"Quel bruit fait un crocodile?"}]},{"slug":"koala","title":"Koala","phrases":[{"type":"❤️","phrase":"J'aime les koalas."},{"type":"👀","phrase":"J'ai vu un koala."},{"type":"🔊","phrase":"Quel bruit fait un koala?"}]},{"slug":"ostrich","title":"Autruche","phrases":[{"type":"❤️","phrase":"J'aime les autruches."},{"type":"👀","phrase":"J'ai vu une autruche."},{"type":"🔊","phrase":"Quel bruit fait une autruche?"}]},{"slug":"racoon","title":"Raton laveur","phrases":[{"type":"❤️","phrase":"J'aime les ratons laveurs."},{"type":"👀","phrase":"J'ai vu un raton laveur."},{"type":"🔊","phrase":"Quel bruit fait un raton laveur?"}]},{"slug":"bat","title":"Chauve souris","phrases":[{"type":"❤️","phrase":"J'aime les chauves-souris."},{"type":"👀","phrase":"J'ai vu une chauve-souris."},{"type":"🔊","phrase":"Quel bruit fait une chauve-souris?"}]},{"slug":"eagle","title":"Aigle","phrases":[{"type":"❤️","phrase":"J'aime les aigles."},{"type":"👀","phrase":"J'ai vu un aigle."},{"type":"🔊","phrase":"Quel bruit fait un aigle?"}]},{"slug":"hippopotamus","title":"Hippopotame","phrases":[{"type":"❤️","phrase":"J'aime l'hippopotame."},{"type":"👀","phrase":"J'ai vu un hippopotame."},{"type":"🔊","phrase":"Quel bruit fait un hippopotame?"}]},{"slug":"seal","title":"Joint","phrases":[{"type":"❤️","phrase":"J'aime les phoques."},{"type":"👀","phrase":"J'ai vu un phoque."},{"type":"🔊","phrase":"Quel bruit fait un phoque?"}]},{"slug":"walrus","title":"Morse","phrases":[{"type":"❤️","phrase":"J'aime les morses."},{"type":"👀","phrase":"J'ai vu un morse."},{"type":"🔊","phrase":"Quel bruit fait un morse?"}]},{"slug":"seahorse","title":"hippocampe","phrases":[{"type":"❤️","phrase":"J'aime les hippocampes."},{"type":"👀","phrase":"J'ai vu un hippocampe."},{"type":"🔊","phrase":"Quel bruit fait un hippocampe?"}]},{"slug":"bull","title":"Taureau","phrases":[{"type":"❤️","phrase":"J'aime les taureaux."},{"type":"👀","phrase":"J'ai vu un taureau."},{"type":"🔊","phrase":"Quel bruit fait un taureau?"}]},{"slug":"pelican","title":"Pélican","phrases":[{"type":"❤️","phrase":"J'aime les pélicans."},{"type":"👀","phrase":"J'ai vu un pélican."},{"type":"🔊","phrase":"Quel bruit fait un pélican?"}]},{"slug":"beaver","title":"Castor","phrases":[{"type":"❤️","phrase":"J'aime les castors."},{"type":"👀","phrase":"J'ai vu un castor."},{"type":"🔊","phrase":"Quel bruit fait un castor?"}]},{"slug":"goldfish","title":"Poisson rouge","phrases":[{"type":"❤️","phrase":"J'aime les poissons rouges."},{"type":"👀","phrase":"J'ai vu un poisson rouge."},{"type":"🔊","phrase":"Quel bruit fait un poisson rouge?"},{"type":"🐠","phrase":"Pouvons-nous avoir un poisson rouge comme animal de compagnie?"}]},{"slug":"rhinoceros","title":"Rhinocéros","phrases":[{"type":"❤️","phrase":"J'aime les rhinocéros."},{"type":"👀","phrase":"J'ai vu un rhinocéros."},{"type":"🔊","phrase":"Quel bruit fait un rhinocéros?"}]},{"slug":"snake","title":"Serpent","phrases":[{"type":"❤️","phrase":"J'aime les serpents."},{"type":"👀","phrase":"J'ai vu un serpent."},{"type":"🔊","phrase":"Quel bruit fait un serpent?"}]},{"slug":"lion","title":"Lion","phrases":[{"type":"❤️","phrase":"J'aime les lions."},{"type":"👀","phrase":"J'ai vu un lion."},{"type":"🔊","phrase":"Quel bruit fait un lion?"}]},{"slug":"squid","title":"Calamar","phrases":[{"type":"❤️","phrase":"J'aime les calmars."},{"type":"👀","phrase":"J'ai vu un calmar."},{"type":"🔊","phrase":"Quel bruit fait un calmar?"}]},{"slug":"whale","title":"Baleine","phrases":[{"type":"❤️","phrase":"J'aime les baleines."},{"type":"👀","phrase":"J'ai vu une baleine."},{"type":"🔊","phrase":"Quel bruit fait une baleine?"}]},{"slug":"beetle","title":"Scarabée","phrases":[{"type":"❤️","phrase":"J'aime les coléoptères."},{"type":"👀","phrase":"J'ai vu un scarabée."},{"type":"🔊","phrase":"Quel bruit fait un scarabée?"}]},{"slug":"dolphin","title":"Dauphin","phrases":[{"type":"❤️","phrase":"J'aime les dauphins."},{"type":"👀","phrase":"J'ai vu un dauphin."},{"type":"🔊","phrase":"Quel bruit fait un dauphin?"}]},{"slug":"starfish","title":"Étoile de mer","phrases":[{"type":"❤️","phrase":"J'aime les étoiles de mer."},{"type":"👀","phrase":"J'ai vu une étoile de mer."},{"type":"🔊","phrase":"Quel bruit fait une étoile de mer?"}]},{"slug":"parakeet","title":"Perruche","phrases":[{"type":"❤️","phrase":"J'aime les perruches."},{"type":"👀","phrase":"J'ai vu une perruche."},{"type":"🔊","phrase":"Quel bruit fait une perruche?"}]},{"slug":"owl","title":"Hibou","phrases":[{"type":"❤️","phrase":"J'aime les hiboux."},{"type":"👀","phrase":"J'ai vu un hibou."},{"type":"🔊","phrase":"Quel bruit fait un hibou?"}]},{"slug":"sheep","title":"Mouton","phrases":[{"type":"❤️","phrase":"J'aime les moutons."},{"type":"👀","phrase":"J'ai vu un mouton."},{"type":"🔊","phrase":"Quel bruit fait un mouton?"}]}]