[{"slug":"pants","title":"Un pantalon","phrases":[{"type":"🧼","phrase":"Mon pantalon est sale."},{"type":"🙋","phrase":"Pouvez-vous m'aider à porter mon pantalon?"}]},{"slug":"shirt","title":"Chemise","phrases":[{"type":"🧼","phrase":"Ma chemise est sale."},{"type":"🙋","phrase":"Pouvez-vous m'aider à porter ma chemise?"}]},{"slug":"skirt","title":"Jupe","phrases":[{"type":"🧼","phrase":"Ma jupe est sale."},{"type":"🙋","phrase":"Pouvez-vous m'aider à porter ma jupe?"}]},{"slug":"panty","title":"Culotte","phrases":[{"type":"🧼","phrase":"Mes sous-vêtements sont sales."},{"type":"🙋","phrase":"Pouvez-vous m'aider à porter ma culotte?"}]},{"slug":"jacket","title":"Veste","phrases":[{"type":"🧼","phrase":"Ma veste est sale."},{"type":"🙋","phrase":"Pouvez-vous m'aider à porter ma veste?"}]},{"slug":"tie","title":"Attacher","phrases":[{"type":"❤️","phrase":"J'aime porter une cravate."},{"type":"🙋","phrase":"Pouvez-vous m'aider à attacher ma cravate?"}]},{"slug":"baseball-cap","title":"Casquette de baseball","phrases":[{"type":"❤️","phrase":"J'aime porter une casquette de baseball."},{"type":"❓","phrase":"Quelle casquette de baseball dois-je porter?"}]},{"slug":"dress","title":"Robe","phrases":[{"type":"🧼","phrase":"Ma robe est sale."},{"type":"🙋","phrase":"Pouvez-vous m'aider à porter ma robe?"}]},{"slug":"shoes","title":"Chaussures","phrases":[{"type":"🧼","phrase":"Mes chaussures sont sales."},{"type":"🙋","phrase":"Pouvez-vous m'aider à porter mes chaussures?"}]},{"slug":"boots","title":"Bottes","phrases":[{"type":"🧼","phrase":"Mes bottes sont sales."},{"type":"🙋","phrase":"Pouvez-vous m'aider à porter mes bottes?"}]},{"slug":"sneakers","title":"Baskets","phrases":[{"type":"🎈","phrase":"Je veux porter mes baskets."},{"type":"🙋","phrase":"Pouvez-vous m'aider à porter mes baskets?"}]},{"slug":"slippers","title":"Chaussons","phrases":[{"type":"🎈","phrase":"Je veux porter mes pantoufles."},{"type":"🙋","phrase":"Pouvez-vous m'aider à porter mes pantoufles?"}]},{"slug":"belt","title":"Ceinture","phrases":[{"type":"❤️","phrase":"J'aime porter une ceinture."},{"type":"🙋","phrase":"Pouvez-vous m'aider à porter ma ceinture?"}]},{"slug":"socks","title":"Chaussettes","phrases":[{"type":"🧼","phrase":"Mes chaussettes sont sales."},{"type":"🙋","phrase":"Pouvez-vous m'aider à porter mes chaussettes?"}]},{"slug":"swimsuit","title":"Maillot de bain","phrases":[{"type":"❤️","phrase":"Je veux porter mon maillot de bain."},{"type":"🙋","phrase":"Pouvez-vous m'aider à porter mon maillot de bain?"}]},{"slug":"sweater","title":"Chandail","phrases":[{"type":"🧼","phrase":"Mon pull est sale."},{"type":"🙋","phrase":"Pouvez-vous m'aider à porter mon pull?"}]},{"slug":"scarf","title":"Écharpe","phrases":[{"type":"❤️","phrase":"J'aime porter un foulard."},{"type":"🙋","phrase":"Pouvez-vous m'aider à porter mon foulard?"}]},{"slug":"denim-shorts","title":"Short en jean","phrases":[{"type":"🧼","phrase":"Mon short en jean est sale."},{"type":"🙋","phrase":"Pouvez-vous m'aider à porter mon short en jean?"}]},{"slug":"hoodies","title":"Sweats à capuche","phrases":[{"type":"❤️","phrase":"J'aime porter des sweats à capuche."},{"type":"🙋","phrase":"Pouvez-vous m'aider à porter mon sweat à capuche?"}]},{"slug":"swimming-shorts","title":"Short de bain","phrases":[{"type":"🧼","phrase":"Mon short de bain est sale."},{"type":"🙋","phrase":"Pouvez-vous m'aider à porter mon short de bain?"}]},{"slug":"bow-tie","title":"Nœud papillon","phrases":[{"type":"❤️","phrase":"J'aime porter un noeud papillon."},{"type":"🙋","phrase":"Pouvez-vous m'aider à porter mon noeud papillon?"}]},{"slug":"leather-jacket","title":"Veste de cuir","phrases":[{"type":"❤️","phrase":"J'aime porter une veste en cuir."},{"type":"🙋","phrase":"Pouvez-vous m'aider à porter ma veste en cuir?"}]},{"slug":"bathrobe","title":"Bathrope","phrases":[{"type":"❤️","phrase":"J'aime porter un peignoir."},{"type":"🙋","phrase":"Pouvez-vous m'aider à porter mon peignoir?"}]},{"slug":"jumpsuit","title":"Combinaison","phrases":[{"type":"❤️","phrase":"J'aime porter une combinaison."},{"type":"🙋","phrase":"Pouvez-vous m'aider à porter ma combinaison?"}]},{"slug":"fedora-hat","title":"Chapeau Fedora","phrases":[{"type":"❤️","phrase":"J'aime porter un chapeau fedora."},{"type":"🙋","phrase":"Pouvez-vous m'aider à porter mon chapeau fedora?"}]},{"slug":"t-shirt","title":"T-shirt","phrases":[{"type":"❤️","phrase":"J'aime porter un t-shirt."},{"type":"🙋","phrase":"Pouvez-vous m'aider à porter mon t-shirt?"}]},{"slug":"sleeveless","title":"Sans manches","phrases":[{"type":"❤️","phrase":"J'aime porter sans manches."},{"type":"🙋","phrase":"Pouvez-vous m'aider à porter mon sans manches?"}]},{"slug":"boxers","title":"Boxeurs","phrases":[{"type":"❤️","phrase":"J'aime porter des boxers."},{"type":"🙋","phrase":"Pouvez-vous m'aider à porter mon boxer?"}]},{"slug":"vest","title":"Gilet","phrases":[{"type":"❤️","phrase":"J'aime porter un gilet."},{"type":"🙋","phrase":"Pouvez-vous m'aider à porter mon gilet?"}]},{"slug":"pamela-hat","title":"Chapeau Pamela","phrases":[{"type":"❤️","phrase":"J'aime porter un chapeau pamela."},{"type":"🙋","phrase":"Pouvez-vous m'aider à porter mon chapeau pamela?"}]},{"slug":"high-heels","title":"Talons hauts","phrases":[{"type":"❤️","phrase":"J'aime porter des talons hauts."},{"type":"🙋","phrase":"Pouvez-vous m'aider à porter mes talons hauts?"}]},{"slug":"overalls","title":"Salopette","phrases":[{"type":"❤️","phrase":"J'aime porter une salopette."},{"type":"🙋","phrase":"Pouvez-vous m'aider à porter ma salopette?"}]},{"slug":"kimono","title":"Kimono","phrases":[{"type":"❤️","phrase":"J'aime porter un kimono."},{"type":"🙋","phrase":"Pouvez-vous m'aider à porter mon kimono?"}]},{"slug":"raincoat","title":"Imperméable","phrases":[{"type":"❤️","phrase":"J'aime porter un imperméable."},{"type":"🙋","phrase":"Pouvez-vous m'aider à porter mon imperméable?"}]},{"slug":"bandana","title":"Bandana","phrases":[{"type":"❤️","phrase":"J'aime porter un bandana."},{"type":"🙋","phrase":"Pouvez-vous m'aider à porter mon bandana?"}]},{"slug":"beret","title":"Béret","phrases":[{"type":"❤️","phrase":"J'aime porter un béret."},{"type":"🙋","phrase":"Pouvez-vous m'aider à porter mon béret?"}]},{"slug":"knit-hat","title":"Bonnet en tricot","phrases":[{"type":"❤️","phrase":"J'aime porter un bonnet en tricot."},{"type":"🙋","phrase":"Pouvez-vous m'aider à porter mon bonnet en tricot?"}]},{"slug":"suspenders","title":"Bretelles","phrases":[{"type":"❤️","phrase":"J'aime porter des bretelles."},{"type":"🙋","phrase":"Pouvez-vous m'aider à porter mes bretelles?"}]},{"slug":"mitten","title":"Mitaine","phrases":[{"type":"❤️","phrase":"J'aime porter des mitaines."},{"type":"🙋","phrase":"Pouvez-vous m'aider à porter ma mitaine?"}]},{"slug":"suit","title":"Costume","phrases":[{"type":"❤️","phrase":"J'aime porter un costume."},{"type":"🙋","phrase":"Pouvez-vous m'aider à porter mon costume?"}]},{"slug":"coat","title":"Manteau","phrases":[{"type":"❤️","phrase":"J'aime porter un manteau."},{"type":"🙋","phrase":"Pouvez-vous m'aider à porter mon manteau?"}]},{"slug":"trench-coat","title":"Trench-coat","phrases":[{"type":"❤️","phrase":"J'aime porter un trench-coat."},{"type":"🙋","phrase":"Pouvez-vous m'aider à porter mon trench-coat?"}]}]