[{"slug":"crayons","title":"Crayons de couleur","phrases":[{"type":"❤️","phrase":"J'aime les crayons."},{"type":"🙋","phrase":"Pouvez-vous me donner des crayons?"},{"type":"🖍️","phrase":"Je veux dessiner avec mes crayons."}]},{"slug":"red","title":"rouge","phrases":[{"type":"👉","phrase":"C'est rouge."},{"type":"💜","phrase":"Ma couleur préférée est le rouge."},{"type":"🙋","phrase":"Pouvez-vous me donner de la peinture rouge?"}]},{"slug":"blue","title":"Bleu","phrases":[{"type":"👉","phrase":"C'est bleu."},{"type":"💜","phrase":"Ma couleur préférée est le bleu."},{"type":"🙋","phrase":"Pouvez-vous me donner de la peinture bleue?"}]},{"slug":"orange","title":"Orange","phrases":[{"type":"👉","phrase":"C'est de couleur orange."},{"type":"💜","phrase":"Ma couleur préférée est orange."},{"type":"🙋","phrase":"Pouvez-vous me donner de la peinture orange?"}]},{"slug":"green","title":"vert","phrases":[{"type":"👉","phrase":"Il est vert."},{"type":"💜","phrase":"Ma couleur préférée est le vert."},{"type":"🙋","phrase":"Pouvez-vous me donner de la peinture verte?"}]},{"slug":"yellow","title":"Jaune","phrases":[{"type":"👉","phrase":"C'est jaune."},{"type":"💜","phrase":"Ma couleur préférée est le jaune."},{"type":"🙋","phrase":"Pouvez-vous me donner de la peinture jaune?"}]},{"slug":"purple","title":"Violet","phrases":[{"type":"👉","phrase":"C'est violet."},{"type":"💜","phrase":"Ma couleur préférée est le violet."},{"type":"🙋","phrase":"Pouvez-vous me donner de la peinture violette?"}]},{"slug":"pink","title":"Rose","phrases":[{"type":"👉","phrase":"C'est rose."},{"type":"💜","phrase":"Ma couleur préférée est le rose."},{"type":"🙋","phrase":"Pouvez-vous me donner de la peinture rose?"}]},{"slug":"brown","title":"marron","phrases":[{"type":"👉","phrase":"C'est marron."},{"type":"💜","phrase":"Ma couleur préférée est le marron."},{"type":"🙋","phrase":"Pouvez-vous me donner de la peinture brune?"}]},{"slug":"black","title":"Noir","phrases":[{"type":"👉","phrase":"C'est noir."},{"type":"💜","phrase":"Ma couleur préférée est noir."},{"type":"🙋","phrase":"Pouvez-vous me donner de la peinture noire?"}]},{"slug":"white","title":"blanc","phrases":[{"type":"👉","phrase":"C'est blanc."},{"type":"💜","phrase":"Ma couleur préférée est le blanc."},{"type":"🙋","phrase":"Pouvez-vous me donner de la peinture blanche?"}]},{"slug":"gray","title":"gris","phrases":[{"type":"👉","phrase":"C'est gris."},{"type":"💜","phrase":"Ma couleur préférée est le gris."},{"type":"🙋","phrase":"Pouvez-vous me donner de la peinture grise?"}]},{"slug":"transparent","title":"Transparent","phrases":[{"type":"👉","phrase":"C'est transparent."},{"type":"👀","phrase":"Je peux voir derrière une couleur transparente."},{"type":"🙋","phrase":"Pouvez-vous m'aider à effacer?"}]},{"slug":"cyan","title":"Cyan","phrases":[{"type":"👉","phrase":"C'est cyan."},{"type":"💜","phrase":"Ma couleur préférée est le cyan."},{"type":"🙋","phrase":"Pouvez-vous me donner de la peinture cyan?"}]},{"slug":"violet","title":"Violet","phrases":[{"type":"👉","phrase":"C'est violet."},{"type":"💜","phrase":"Ma couleur préférée est le violet."},{"type":"🙋","phrase":"Pouvez-vous me donner de la peinture violette?"}]},{"slug":"turquoise","title":"Turquoise","phrases":[{"type":"👉","phrase":"C'est turquoise."},{"type":"💜","phrase":"Ma couleur préférée est le turquoise."},{"type":"🙋","phrase":"Pouvez-vous me donner de la peinture turquoise?"}]},{"slug":"lime","title":"Citron vert","phrases":[{"type":"👉","phrase":"C'est de la chaux."},{"type":"💜","phrase":"Ma couleur préférée est le citron vert."},{"type":"🙋","phrase":"Pouvez-vous me donner de la peinture à la chaux?"}]},{"slug":"plum","title":"prune","phrases":[{"type":"👉","phrase":"C'est de la prune."},{"type":"💜","phrase":"Ma couleur préférée est la prune."},{"type":"🙋","phrase":"Pouvez-vous me donner de la peinture prune?"}]},{"slug":"tan","title":"bronzer","phrases":[{"type":"👉","phrase":"C'est de couleur beige."},{"type":"💜","phrase":"Ma couleur préférée est la couleur beige."},{"type":"🙋","phrase":"Pouvez-vous me donner de la peinture de couleur beige?"}]},{"slug":"avocado","title":"Avocat","phrases":[{"type":"👉","phrase":"Il est de couleur avocat."},{"type":"💜","phrase":"Ma couleur préférée est la couleur avocat."},{"type":"🙋","phrase":"Pouvez-vous me donner de la peinture couleur avocat?"}]},{"slug":"barbie-pink","title":"Barbie rose","phrases":[{"type":"👉","phrase":"Il est de couleur rose barbie."},{"type":"💜","phrase":"Ma couleur préférée est le rose barbie."},{"type":"🙋","phrase":"Pouvez-vous me donner de la peinture rose barbie?"}]},{"slug":"blizzard-blue","title":"Bleu Blizzard","phrases":[{"type":"👉","phrase":"Il est de couleur bleu blizzard."},{"type":"💜","phrase":"Ma couleur préférée est la couleur bleu blizzard."},{"type":"🙋","phrase":"Pouvez-vous me donner de la peinture bleu blizzard?"}]}]