[{"slug":"coffee","title":"café","phrases":[{"type":"❤️","phrase":"J'aime boire du café."},{"type":"🙋","phrase":"Je veux boire du café."}]},{"slug":"water","title":"Eau","phrases":[{"type":"☝️","phrase":"J'ai besoin de boire de l'eau."},{"type":"🙋","phrase":"Je veux boire de l'eau."}]},{"slug":"juice","title":"jus","phrases":[{"type":"❤️","phrase":"J'aime boire du jus."},{"type":"🙋","phrase":"Je veux boire du jus."}]},{"slug":"tea","title":"thé","phrases":[{"type":"❤️","phrase":"J'aime boire du thé."},{"type":"🙋","phrase":"Je veux boire du thé."}]},{"slug":"grape-juice","title":"Jus de raisin","phrases":[{"type":"❤️","phrase":"J'aime boire du jus de raisin."},{"type":"🙋","phrase":"Je veux boire du jus de raisin."}]},{"slug":"milk","title":"Lait","phrases":[{"type":"❤️","phrase":"J'aime boire du lait."},{"type":"🙋","phrase":"Je veux boire du lait."}]},{"slug":"milkshake","title":"Milk-shake","phrases":[{"type":"❤️","phrase":"J'aime boire du milk-shake."},{"type":"🙋","phrase":"Je veux boire du milk-shake."}]},{"slug":"orange-juice","title":"du jus d'orange","phrases":[{"type":"❤️","phrase":"J'aime boire du jus d'orange."},{"type":"🙋","phrase":"Je veux boire du jus d'orange."}]},{"slug":"apple-juice","title":"jus de pomme","phrases":[{"type":"❤️","phrase":"J'aime boire du jus de pomme."},{"type":"🙋","phrase":"Je veux boire du jus de pomme."}]},{"slug":"pineapple-juice","title":"Jus d'ananas","phrases":[{"type":"❤️","phrase":"J'aime boire du jus d'ananas."},{"type":"🙋","phrase":"Je veux boire du jus d'ananas."}]},{"slug":"lemonade","title":"limonade","phrases":[{"type":"❤️","phrase":"J'aime boire de la limonade."},{"type":"🙋","phrase":"Je veux boire de la limonade."}]},{"slug":"coke","title":"du Coca","phrases":[{"type":"❤️","phrase":"J'aime boire du coca."},{"type":"🙋","phrase":"Je veux boire du coca."}]},{"slug":"soda","title":"Un soda","phrases":[{"type":"❤️","phrase":"J'aime boire du soda."},{"type":"🙋","phrase":"Je veux boire du soda."}]},{"slug":"frappe","title":"Frappe","phrases":[{"type":"❤️","phrase":"J'aime boire du frappé."},{"type":"🙋","phrase":"Je veux boire de la frappe."}]},{"slug":"smoothie","title":"Smoothie","phrases":[{"type":"❤️","phrase":"J'aime boire du smoothie."},{"type":"🙋","phrase":"Je veux boire un smoothie."}]},{"slug":"iced-tea","title":"Thé glacé","phrases":[{"type":"❤️","phrase":"J'aime boire du thé glacé."},{"type":"🙋","phrase":"Je veux boire du thé glacé."}]},{"slug":"hot-chocolate","title":"Chocolat chaud","phrases":[{"type":"❤️","phrase":"J'aime boire du chocolat chaud."},{"type":"🙋","phrase":"Je veux boire du chocolat chaud."}]},{"slug":"mineral-water","title":"Eau minérale","phrases":[{"type":"❤️","phrase":"J'aime boire de l'eau minérale."},{"type":"🙋","phrase":"Je veux boire de l'eau minérale."}]}]