[{"slug":"cotton-candy","title":"Bonbons au Cotto","phrases":[{"type":"❤️","phrase":"J'aime manger de la barbe à papa."}]},{"slug":"magic-hat","title":"Chapeau magique","phrases":[{"type":"❤️","phrase":"J'aime porter un chapeau magique."}]},{"slug":"ferris-wheel","title":"grande roue","phrases":[{"type":"❤️","phrase":"J'aime rouler dans la grande roue."}]},{"slug":"bowling","title":"Bowling","phrases":[{"type":"❤️","phrase":"J'aime jouer au bowling."}]},{"slug":"bumper-car","title":"Auto tamponneuse","phrases":[{"type":"❤️","phrase":"J'aime rouler dans le pare-chocs."}]},{"slug":"carousel","title":"Carrousel","phrases":[{"type":"❤️","phrase":"J'aime monter dans le carrousel."}]},{"slug":"balloons","title":"des ballons","phrases":[{"type":"❤️","phrase":"J'aime les ballons."}]},{"slug":"cups","title":"Coupes","phrases":[]},{"slug":"unicycle","title":"Unicylce","phrases":[]},{"slug":"circus-tent","title":"Tente de cirque","phrases":[]},{"slug":"food-truck","title":"Camion de nourriture","phrases":[]},{"slug":"tea-cup-ride","title":"Tour de tasse de thé","phrases":[]},{"slug":"whack-a-mole","title":"Frappez une taupe","phrases":[]},{"slug":"food-stall","title":"Stand de nourriture","phrases":[]},{"slug":"claw-machine","title":"Machine à griffes","phrases":[]},{"slug":"shooting-target","title":"Cible de tir","phrases":[]},{"slug":"teddy-bear","title":"ours en peluche","phrases":[]},{"slug":"fireworks","title":"Feux d'artifice","phrases":[]},{"slug":"caramelized-apple","title":"Pomme caramélisée","phrases":[]},{"slug":"ring","title":"Bague","phrases":[]}]