[{"slug":"happy","title":"Heureux","phrases":[{"type":"🖐️","phrase":"Je suis heureux."},{"type":"🙋","phrase":"Je suis heureux."},{"type":"❓","phrase":"Vous sentez-vous heureux?"},{"type":"☝️","phrase":"Je veux me sentir heureuse."},{"type":"🎈","phrase":"Tu me rends heureux."}]},{"slug":"sad","title":"Triste","phrases":[{"type":"🖐️","phrase":"Je suis triste."},{"type":"🙋","phrase":"Je me sens triste."},{"type":"❓","phrase":"Vous sentez-vous triste?"},{"type":"☝️","phrase":"Je ne veux pas me sentir triste."},{"type":"😠","phrase":"Tu me rends triste."}]},{"slug":"exhausted","title":"Épuisé","phrases":[{"type":"🖐️","phrase":"Je suis épuisé."},{"type":"🙋","phrase":"Je me sens épuisé."},{"type":"❓","phrase":"Vous sentez-vous épuisé?"},{"type":"☝️","phrase":"Je ne veux pas être épuisé."}]},{"slug":"relaxed","title":"Détendu","phrases":[{"type":"🖐️","phrase":"Je suis relaxé."},{"type":"🙋","phrase":"Je me sens relaxé."},{"type":"❓","phrase":"Vous sentez-vous détendu?"},{"type":"☝️","phrase":"Je veux me sentir détendu."}]},{"slug":"in-love","title":"Amoureux","phrases":[{"type":"🖐️","phrase":"Je suis amoureux."},{"type":"🙋","phrase":"Je me sens amoureux."},{"type":"❓","phrase":"Es tu amoureuse?"},{"type":"☝️","phrase":"Je veux tomber amoureux."},{"type":"👉","phrase":"Est-ce que tu m'aimes?"}]},{"slug":"stressed","title":"Souligné","phrases":[{"type":"🖐️","phrase":"Je suis stressé."},{"type":"🙋","phrase":"Je me sens stressé."},{"type":"❓","phrase":"Vous sentez-vous stressé?"},{"type":"☝️","phrase":"Je ne veux pas me sentir stressé."}]},{"slug":"thankful","title":"Reconnaissant","phrases":[{"type":"🖐️","phrase":"Je suis reconnaissant."},{"type":"🙋","phrase":"Je me sens reconnaissant."},{"type":"❓","phrase":"Vous sentez-vous reconnaissant?"},{"type":"☝️","phrase":"Je veux me sentir reconnaissant."}]},{"slug":"confused","title":"Confus","phrases":[{"type":"🖐️","phrase":"Je suis confus."},{"type":"🙋","phrase":"Je suis confus."},{"type":"❓","phrase":"Vous sentez-vous confus?"},{"type":"☝️","phrase":"Vous me confondez."}]},{"slug":"joyful","title":"Joyeux","phrases":[{"type":"🖐️","phrase":"Je suis joyeuse."},{"type":"🙋","phrase":"Je me sens joyeuse."},{"type":"❓","phrase":"Vous sentez-vous joyeux?"},{"type":"☝️","phrase":"Je veux me sentir joyeux."}]},{"slug":"angry","title":"En colère","phrases":[{"type":"🖐️","phrase":"Je suis en colère."},{"type":"🙋","phrase":"Je suis en colère."},{"type":"❓","phrase":"Vous sentez-vous en colère?"},{"type":"☝️","phrase":"Je suis fachée contre toi."},{"type":"😠","phrase":"Vous me mettez en colère."}]},{"slug":"smart","title":"Intelligent","phrases":[{"type":"🖐️","phrase":"Je suis intelligente."},{"type":"🙋","phrase":"Je me sens malin."},{"type":"❓","phrase":"Vous sentez-vous intelligent?"},{"type":"☝️","phrase":"Suis-je intelligent?"},{"type":"👉","phrase":"Tu es intelligent!"}]},{"slug":"afraid","title":"Peur","phrases":[{"type":"🖐️","phrase":"J'ai peur."},{"type":"🙋","phrase":"Je suis effrayé."},{"type":"❓","phrase":"Avez-vous peur?"},{"type":"☝️","phrase":"Je ne veux pas avoir peur."},{"type":"😠","phrase":"Tu me fais peur."}]},{"slug":"ashamed","title":"Honteux","phrases":[{"type":"🖐️","phrase":"J'ai honte."},{"type":"🙋","phrase":"Je me sens honteux."},{"type":"❓","phrase":"Avez-vous honte?"},{"type":"☝️","phrase":"Je ne veux pas avoir honte."}]},{"slug":"shocked","title":"Choqué","phrases":[{"type":"🖐️","phrase":"Je suis choqué."},{"type":"🙋","phrase":"Je me sens choqué."},{"type":"❓","phrase":"Vous sentez-vous choqué?"},{"type":"☝️","phrase":"Tu m'as choqué."}]},{"slug":"sick","title":"Malade","phrases":[{"type":"🖐️","phrase":"Je suis malade."},{"type":"🙋","phrase":"Je me sens malade."},{"type":"❓","phrase":"Vous sentez-vous malade?"},{"type":"☝️","phrase":"Je ne veux pas être malade."},{"type":"🤢","phrase":"J'en ai marre de la nourriture."}]},{"slug":"frustrated","title":"Frustré","phrases":[{"type":"🖐️","phrase":"Je suis frustre."},{"type":"🙋","phrase":"Je me sens frustré."},{"type":"❓","phrase":"Vous sentez-vous frustré?"},{"type":"☝️","phrase":"Je ne veux pas me sentir frustré."}]},{"slug":"excited","title":"Excité","phrases":[{"type":"🖐️","phrase":"Je suis surexcité."},{"type":"🙋","phrase":"Je me sens excité."},{"type":"❓","phrase":"Vous sentez-vous excité?"},{"type":"☝️","phrase":"Je ne veux pas me sentir excité."}]},{"slug":"nauseated","title":"Nauseated","phrases":[{"type":"🖐️","phrase":"J'ai la nausée."},{"type":"🙋","phrase":"J'ai la nausée."},{"type":"❓","phrase":"Vous sentez-vous nauséeux?"},{"type":"☝️","phrase":"Je ne veux pas me sentir nauséeux."}]},{"slug":"agitated","title":"Agité","phrases":[{"type":"🖐️","phrase":"Je suis agité."},{"type":"🙋","phrase":"Je me sens agité."},{"type":"❓","phrase":"Vous sentez-vous agité?"},{"type":"☝️","phrase":"Je ne veux pas me sentir agité."}]}]