[{"slug":"hungry","title":"Faim","phrases":[{"type":"‼️","phrase":"J'ai faim."},{"type":"❓","phrase":"Avez-vous faim?"},{"type":"🙋","phrase":"Pouvez-vous me faire de la nourriture?"},{"type":"🍳","phrase":"Qu'est-ce qu'on mange?"}]},{"slug":"thirsty","title":"Assoiffé","phrases":[{"type":"‼️","phrase":"J'ai soif."},{"type":"🌊","phrase":"Puis-je avoir de l'eau?"},{"type":"🥛","phrase":"Puis-je avoir un verre d'eau?"},{"type":"🙋","phrase":"Je veux quelque chose à boire."}]},{"slug":"cutlery","title":"Coutellerie","phrases":[{"type":"🙋","phrase":"J'ai besoin de couverts."},{"type":"🍽️","phrase":"Aidez-moi à utiliser des couverts."},{"type":"🍴","phrase":"J'ai besoin d'une fourchette."},{"type":"🥄","phrase":"J'ai besoin d'une cuillère."},{"type":"🥢","phrase":"J'ai besoin de baguettes."},{"type":"🔪","phrase":"J'ai besoin d'un couteau."},{"type":"🧻","phrase":"J'ai besoin d'une serviette."}]},{"slug":"apple","title":"Pomme","phrases":[{"type":"❤️","phrase":"J'aime les pommes."},{"type":"❌","phrase":"Je n'aime pas la pomme."},{"type":"🙋","phrase":"Je veux manger une pomme."}]},{"slug":"carrot","title":"Carotte","phrases":[{"type":"❤️","phrase":"J'aime la carotte."},{"type":"❌","phrase":"Je n'aime pas la carotte."},{"type":"🙋","phrase":"Je veux manger une carotte."}]},{"slug":"beans","title":"Des haricots","phrases":[{"type":"❤️","phrase":"J'aime les haricots."},{"type":"❌","phrase":"Je n'aime pas les haricots."},{"type":"🙋","phrase":"Je veux manger des haricots."}]},{"slug":"chicken","title":"poulet","phrases":[{"type":"❤️","phrase":"J'aime le poulet."},{"type":"❌","phrase":"Je n'aime pas le poulet."},{"type":"🙋","phrase":"Je veux manger du poulet."},{"type":"🍗","phrase":"Je veux du poulet frit."},{"type":"🐣","phrase":"Je veux du poulet bouilli."}]},{"slug":"chocolate","title":"Chocolat","phrases":[{"type":"❤️","phrase":"J'aime le chocolat."},{"type":"❌","phrase":"Je n'aime pas le chocolat."},{"type":"🙋","phrase":"Je veux manger du chocolat."},{"type":"⚫","phrase":"Je veux du chocolat noir."},{"type":"⚪","phrase":"Je veux du chocolat blanc."}]},{"slug":"milk","title":"Lait","phrases":[{"type":"❤️","phrase":"J'aime le lait."},{"type":"❌","phrase":"Je n'aime pas le lait."},{"type":"🙋","phrase":"Je veux boire du lait."},{"type":"🍳","phrase":"Puis-je avoir un verre de lait?"}]},{"slug":"sandwich","title":"Sandwich","phrases":[{"type":"❤️","phrase":"J'aime le sandwich."},{"type":"❌","phrase":"Je n'aime pas le sandwich."},{"type":"🙋","phrase":"Je veux manger un sandwich."},{"type":"🍳","phrase":"Tu peux me faire un sandwich?"}]},{"slug":"steak","title":"Steak","phrases":[{"type":"❤️","phrase":"J'aime le steak."},{"type":"❌","phrase":"Je n'aime pas le steak."},{"type":"🙋","phrase":"Je veux manger du steak."},{"type":"🍳","phrase":"Pouvez-vous me préparer un steak?"}]},{"slug":"banana","title":"banane","phrases":[{"type":"❤️","phrase":"J'aime la banane."},{"type":"❌","phrase":"Je n'aime pas la banane."},{"type":"🙋","phrase":"Je veux manger une banane."}]},{"slug":"pie","title":"Tarte","phrases":[{"type":"❤️","phrase":"J'aime la tarte."},{"type":"❌","phrase":"Je n'aime pas la tarte."},{"type":"🙋","phrase":"Je veux manger une tarte."},{"type":"🍳","phrase":"Peux-tu faire une tarte pour moi?"}]},{"slug":"egg","title":"Oeuf","phrases":[{"type":"❤️","phrase":"J'aime l'œuf."},{"type":"❌","phrase":"Je n'aime pas l'oeuf."},{"type":"🙋","phrase":"Je veux manger un œuf."},{"type":"🍳","phrase":"Je veux des œufs au plat."},{"type":"🥚","phrase":"Je veux des œufs durs."}]},{"slug":"noodles","title":"Nouilles","phrases":[{"type":"❤️","phrase":"J'aime les nouilles."},{"type":"❌","phrase":"Je n'aime pas les nouilles."},{"type":"🙋","phrase":"Je veux manger des nouilles."},{"type":"🍳","phrase":"Pouvez-vous me faire des nouilles?"}]},{"slug":"salt","title":"Sel","phrases":[{"type":"🙋","phrase":"Je veux du sel."},{"type":"❓","phrase":"Peux-tu me passer le sel?"},{"type":"🧂","phrase":"La nourriture est trop salée."},{"type":"🧂","phrase":"Ma nourriture a besoin de sel."}]},{"slug":"spices","title":"Épices","phrases":[{"type":"❤️","phrase":"J'aime des nourritures épicées."},{"type":"❌","phrase":"Je n'aime pas la nourriture épicée."},{"type":"🙋","phrase":"Je veux du paprika."},{"type":"⚫","phrase":"Je veux du poivre noir."}]},{"slug":"pizza","title":"Pizza","phrases":[{"type":"❤️","phrase":"J'aime la pizza."},{"type":"❌","phrase":"Je n'aime pas la pizza."},{"type":"🙋","phrase":"Je veux manger de la pizza."},{"type":"🍳","phrase":"Pouvez-vous me cuisiner une pizza?"},{"type":"☝️","phrase":"Pouvons-nous commander une pizza?"}]},{"slug":"cheese","title":"Fromage","phrases":[{"type":"❤️","phrase":"J'aime le fromage."},{"type":"❌","phrase":"Je n'aime pas le fromage."},{"type":"🙋","phrase":"Je veux manger du fromage."}]},{"slug":"fish","title":"Poisson","phrases":[{"type":"❤️","phrase":"J'aime le poisson."},{"type":"❌","phrase":"Je n'aime pas le poisson."},{"type":"🙋","phrase":"Je veux manger du poisson."},{"type":"🍳","phrase":"Pouvez-vous me cuisiner du poisson?"}]},{"slug":"ice-cream","title":"Crème glacée","phrases":[{"type":"❤️","phrase":"J'aime la glace."},{"type":"❌","phrase":"Je n'aime pas la glace."},{"type":"🙋","phrase":"Je veux manger de la glace."},{"type":"☝️","phrase":"Pouvez-vous acheter des glaces pour moi?"}]},{"slug":"tea","title":"thé","phrases":[{"type":"❤️","phrase":"J'aime le thé."},{"type":"❌","phrase":"Je n'aime pas le thé."},{"type":"🙋","phrase":"Je veux boire du thé."},{"type":"🍳","phrase":"Pouvez-vous me faire du thé?"}]},{"slug":"coffee","title":"café","phrases":[{"type":"❤️","phrase":"J'aime le café."},{"type":"❌","phrase":"Je n'aime pas le café."},{"type":"🙋","phrase":"Je veux boire du café."},{"type":"🍳","phrase":"Pouvez-vous me faire du café?"}]},{"slug":"tomato","title":"Tomate","phrases":[{"type":"❤️","phrase":"J'aime la tomate."},{"type":"❌","phrase":"Je n'aime pas la tomate."},{"type":"🙋","phrase":"Je veux manger de la tomate."}]},{"slug":"cereal","title":"Céréale","phrases":[{"type":"❤️","phrase":"J'aime les céréales."},{"type":"❌","phrase":"Je n'aime pas les céréales."},{"type":"🙋","phrase":"Je veux manger des céréales."},{"type":"🍳","phrase":"Pouvez-vous me faire des céréales?"}]},{"slug":"burger","title":"Burger","phrases":[{"type":"❤️","phrase":"J'aime le burger."},{"type":"❌","phrase":"Je n'aime pas le burger."},{"type":"🙋","phrase":"Je veux manger un burger."},{"type":"🍳","phrase":"Pouvez-vous me cuisiner un burger?"},{"type":"☝️","phrase":"Pouvons-nous commander un burger?"}]},{"slug":"french-fries","title":"frites","phrases":[{"type":"❤️","phrase":"J'aime les frites."},{"type":"❌","phrase":"Je n'aime pas les frites."},{"type":"🙋","phrase":"Je veux manger des frites."},{"type":"🍳","phrase":"Pouvez-vous me préparer des frites?"},{"type":"☝️","phrase":"Pouvons-nous commander des frites?"}]},{"slug":"spinach","title":"épinard","phrases":[{"type":"❤️","phrase":"J'aime les épinards."},{"type":"❌","phrase":"Je n'aime pas les épinards."},{"type":"🙋","phrase":"Je veux manger des épinards."}]},{"slug":"rice","title":"Riz","phrases":[{"type":"❤️","phrase":"Jaime le riz."},{"type":"❌","phrase":"Je n'aime pas le riz."},{"type":"🙋","phrase":"Je veux manger du riz."},{"type":"🍳","phrase":"Pouvez-vous me faire du riz?"}]},{"slug":"bread","title":"Pain","phrases":[{"type":"❤️","phrase":"J'aime le pain."},{"type":"❌","phrase":"Je n'aime pas le pain."},{"type":"🙋","phrase":"Je veux manger du pain."},{"type":"☝️","phrase":"Pouvez-vous acheter du pain?"}]},{"slug":"pasta","title":"Pâtes","phrases":[{"type":"❤️","phrase":"J'aime les pâtes."},{"type":"❌","phrase":"Je n'aime pas les pâtes."},{"type":"🙋","phrase":"Je veux manger des pâtes."},{"type":"🍳","phrase":"Pouvez-vous me faire des pâtes?"}]},{"slug":"sauce","title":"sauce","phrases":[{"type":"❤️","phrase":"J'aime la sauce."},{"type":"❌","phrase":"Je n'aime pas la sauce."},{"type":"🙋","phrase":"Je veux de la sauce."},{"type":"🔴","phrase":"Puis-je avoir du ketchup?"},{"type":"⚪","phrase":"Puis-je avoir de la mayonnaise?"},{"type":"🟡","phrase":"Puis-je avoir de la moutarde?"},{"type":"🚜","phrase":"Puis-je avoir de la sauce ranch?"}]},{"slug":"kebab","title":"Kebab","phrases":[{"type":"❤️","phrase":"J'aime le kebab."},{"type":"❌","phrase":"Je n'aime pas le kebab."},{"type":"🙋","phrase":"Je veux manger du kebab."},{"type":"🍳","phrase":"Pouvez-vous cuisiner du kebab pour moi?"},{"type":"☝️","phrase":"Pouvons-nous commander du kebab?"}]}]