[{"slug":"apple","title":"Pomme","phrases":[{"type":"❤️","phrase":"J'aime manger des pommes."},{"type":"🙋","phrase":"Je veux manger une pomme."},{"type":"❌","phrase":"Je n'aime pas la pomme."}]},{"slug":"watermelon","title":"Pastèque","phrases":[{"type":"❤️","phrase":"J'aime manger de la pastèque."},{"type":"🙋","phrase":"Je veux manger une pastèque."},{"type":"❌","phrase":"Je n'aime pas la pastèque."}]},{"slug":"orange","title":"Orange","phrases":[{"type":"❤️","phrase":"J'aime manger de l'orange."},{"type":"🙋","phrase":"Je veux manger une orange."},{"type":"❌","phrase":"Je n'aime pas l'orange."}]},{"slug":"strawberry","title":"fraise","phrases":[{"type":"❤️","phrase":"J'aime manger des fraises."},{"type":"🙋","phrase":"Je veux manger des fraises."},{"type":"❌","phrase":"Je n'aime pas la fraise."}]},{"slug":"grape","title":"Grain de raisin","phrases":[{"type":"❤️","phrase":"J'aime manger du raisin."},{"type":"🙋","phrase":"Je veux manger des raisins."},{"type":"❌","phrase":"Je n'aime pas le raisin."}]},{"slug":"cherry","title":"Cerise","phrases":[{"type":"❤️","phrase":"J'aime manger de la cerise."},{"type":"🙋","phrase":"Je veux manger des cerises."},{"type":"❌","phrase":"Je n'aime pas la cerise."}]},{"slug":"mango","title":"Mangue","phrases":[{"type":"❤️","phrase":"J'aime manger de la mangue."},{"type":"🙋","phrase":"Je veux manger une mangue."},{"type":"❌","phrase":"Je n'aime pas la mangue."}]},{"slug":"guava","title":"Goyave","phrases":[{"type":"❤️","phrase":"J'aime manger de la goyave."},{"type":"🙋","phrase":"Je veux manger une goyave."},{"type":"❌","phrase":"Je n'aime pas la goyave."}]},{"slug":"banana","title":"banane","phrases":[{"type":"❤️","phrase":"J'aime manger de la banane."},{"type":"🙋","phrase":"Je veux manger une banane."},{"type":"❌","phrase":"Je n'aime pas la banane."}]},{"slug":"pomegranate","title":"Grenade","phrases":[{"type":"❤️","phrase":"J'aime manger de la grenade."},{"type":"🙋","phrase":"Je veux manger une grenade."},{"type":"❌","phrase":"Je n'aime pas la grenade."}]},{"slug":"raspberry","title":"Framboise","phrases":[{"type":"❤️","phrase":"J'aime manger de la framboise."},{"type":"🙋","phrase":"Je veux manger des framboises."},{"type":"❌","phrase":"Je n'aime pas la framboise."}]},{"slug":"papaya","title":"Papaye","phrases":[{"type":"❤️","phrase":"J'aime manger de la papaye."},{"type":"🙋","phrase":"Je veux manger une papaye."},{"type":"❌","phrase":"Je n'aime pas la papaye."}]},{"slug":"kiwi","title":"kiwi","phrases":[{"type":"❤️","phrase":"J'aime manger du kiwi."},{"type":"🙋","phrase":"Je veux manger un kiwi."},{"type":"❌","phrase":"Je n'aime pas le kiwi."}]},{"slug":"pineapple","title":"Ananas","phrases":[{"type":"❤️","phrase":"J'aime manger de l'ananas."},{"type":"🙋","phrase":"Je veux manger de l'ananas."},{"type":"❌","phrase":"Je n'aime pas l'ananas."}]},{"slug":"lemon","title":"citron","phrases":[{"type":"❤️","phrase":"J'aime manger du citron."},{"type":"🙋","phrase":"Je veux manger un citron."},{"type":"❌","phrase":"Je n'aime pas le citron."},{"type":"🍋","phrase":"Les citrons sont aigres."}]},{"slug":"apricot","title":"Abricot","phrases":[{"type":"❤️","phrase":"J'aime manger de l'abricot."},{"type":"🙋","phrase":"Je veux manger un abricot."},{"type":"❌","phrase":"Je n'aime pas l'abricot."}]},{"slug":"dragon-fruit","title":"fruit du dragon","phrases":[{"type":"❤️","phrase":"J'aime manger du fruit du dragon."},{"type":"🙋","phrase":"Je veux manger un fruit du dragon."},{"type":"❌","phrase":"Je n'aime pas le fruit du dragon."}]},{"slug":"peach","title":"Pêche","phrases":[{"type":"❤️","phrase":"J'aime manger de la pêche."},{"type":"🙋","phrase":"Je veux manger une pêche."},{"type":"❌","phrase":"Je n'aime pas la pêche."}]},{"slug":"avocado","title":"Avocat","phrases":[{"type":"❤️","phrase":"J'aime manger de l'avocat."},{"type":"🙋","phrase":"Je veux manger un avocat."},{"type":"❌","phrase":"Je n'aime pas l'avocat."}]},{"slug":"fig","title":"Figure","phrases":[{"type":"❤️","phrase":"J'aime manger de la figue."},{"type":"🙋","phrase":"Je veux manger une figue."},{"type":"❌","phrase":"Je n'aime pas la figue."}]},{"slug":"lychee","title":"Litchi","phrases":[{"type":"❤️","phrase":"J'aime manger du litchi."},{"type":"🙋","phrase":"Je veux manger un litchi."},{"type":"❌","phrase":"Je n'aime pas le litchi."}]},{"slug":"passion-fruit","title":"Fruit de la passion","phrases":[{"type":"❤️","phrase":"J'aime manger des fruits de la passion."},{"type":"🙋","phrase":"Je veux manger un fruit de la passion."},{"type":"❌","phrase":"Je n'aime pas les fruits de la passion."}]},{"slug":"blueberry","title":"Myrtille","phrases":[{"type":"❤️","phrase":"J'aime manger des myrtilles."},{"type":"🙋","phrase":"Je veux manger des myrtilles."},{"type":"❌","phrase":"Je n'aime pas les myrtilles."}]},{"slug":"coconut","title":"Noix de coco","phrases":[{"type":"❤️","phrase":"J'aime manger de la noix de coco."},{"type":"🙋","phrase":"Je veux manger de la noix de coco."},{"type":"❌","phrase":"Je n'aime pas la noix de coco."}]}]