[{"slug":"gardener","title":"Jardinier","phrases":[]},{"slug":"sprout","title":"Germer","phrases":[]},{"slug":"hose","title":"Tuyau","phrases":[]},{"slug":"glove","title":"Gant","phrases":[]},{"slug":"flowers","title":"Fleurs","phrases":[]},{"slug":"seeds","title":"Des graines","phrases":[]},{"slug":"shovel","title":"Pelle","phrases":[]},{"slug":"watering","title":"Arrosage","phrases":[]},{"slug":"scarecrow","title":"Épouvantail","phrases":[]},{"slug":"tree","title":"Arbre","phrases":[]},{"slug":"fertilizer","title":"Engrais","phrases":[]},{"slug":"pitchfork","title":"Fourche","phrases":[]},{"slug":"bucket","title":"Seau","phrases":[]},{"slug":"fence","title":"Clôture","phrases":[]},{"slug":"leaf","title":"Feuille","phrases":[]},{"slug":"windmill","title":"Moulin à vent","phrases":[]},{"slug":"spray","title":"Vaporisateur","phrases":[]},{"slug":"shears","title":"Cisailles","phrases":[]},{"slug":"sprinkler","title":"Arroseur","phrases":[]},{"slug":"tractor","title":"Tracteur","phrases":[]},{"slug":"jam","title":"Confiture","phrases":[]},{"slug":"bonsai","title":"Bonsai","phrases":[]},{"slug":"wheelbarrow","title":"Brouette","phrases":[]},{"slug":"birdhouse","title":"Nichoir","phrases":[]}]