[{"slug":"mixer","title":"Mixer","phrases":[{"type":"🙋","phrase":"Pouvez-vous me montrer comment utiliser un mélangeur?"},{"type":"🤞","phrase":"Je ne devrais pas utiliser le mixeur sans mes parents."}]},{"slug":"apron","title":"Tablier","phrases":[{"type":"👚","phrase":"Je porte un tablier pendant la cuisson."},{"type":"👚","phrase":"Ma maman porte un tablier pendant la cuisson."}]},{"slug":"fryer","title":"Friteuse","phrases":[{"type":"🙋","phrase":"Pouvez-vous me montrer comment utiliser une friteuse?"},{"type":"🤞","phrase":"Je ne devrais pas utiliser de friteuse sans mes parents."}]},{"slug":"rolling-pin","title":"Rouleau à pâtisserie","phrases":[{"type":"🙋","phrase":"Pouvez-vous me montrer comment utiliser un rouleau à pâtisserie?"},{"type":"💡","phrase":"J'utilise un rouleau à pâtisserie pour dérouler la pâte."}]},{"slug":"coffee-machine","title":"Cafetière","phrases":[{"type":"🙋","phrase":"Pouvez-vous me montrer comment utiliser une machine à café?"},{"type":"🤞","phrase":"Je ne devrais pas utiliser de machine à café sans mes parents."}]},{"slug":"fridge","title":"Frigo","phrases":[{"type":"🙋","phrase":"Pouvez-vous me montrer comment utiliser un réfrigérateur?"},{"type":"💡","phrase":"Le réfrigérateur garde les aliments froids."}]},{"slug":"pot","title":"Pot","phrases":[{"type":"🙋","phrase":"Pouvez-vous me montrer comment utiliser un pot?"},{"type":"🤞","phrase":"Je ne devrais pas utiliser le pot sans mes parents."}]},{"slug":"toaster","title":"Grille-pain","phrases":[{"type":"🙋","phrase":"Pouvez-vous me montrer comment utiliser un grille-pain?"},{"type":"🤞","phrase":"Je ne devrais pas utiliser de grille-pain sans mes parents."}]},{"slug":"cutlery","title":"Coutellerie","phrases":[{"type":"🙋","phrase":"Pouvez-vous me montrer comment utiliser les couverts?"},{"type":"😋","phrase":"J'apprends à manger avec des couverts."}]},{"slug":"spatula","title":"Spatule","phrases":[{"type":"🙋","phrase":"Pouvez-vous me montrer comment utiliser une spatule?"}]},{"slug":"oven","title":"Four","phrases":[{"type":"🙋","phrase":"Pouvez-vous me montrer comment utiliser le four?"},{"type":"🤞","phrase":"Je ne devrais pas utiliser le four sans mes parents."}]},{"slug":"kitchen-timer","title":"Minuterie de cuisine","phrases":[{"type":"🙋","phrase":"Pouvez-vous me montrer comment utiliser la minuterie de cuisine?"},{"type":"⏱️","phrase":"La minuterie de la cuisine sonne."}]},{"slug":"pizza-cutter","title":"couteau à pizza","phrases":[{"type":"🙋","phrase":"Pouvez-vous me montrer comment utiliser le coupe-pizza?"},{"type":"🤞","phrase":"Je ne devrais pas utiliser de coupe-pizza sans mes parents."}]},{"slug":"grater","title":"Râpe","phrases":[{"type":"🙋","phrase":"Pouvez-vous me montrer comment utiliser une râpe?"},{"type":"🤞","phrase":"Je ne devrais pas utiliser de râpe sans mes parents."}]},{"slug":"grill","title":"Gril","phrases":[{"type":"🙋","phrase":"Pouvez-vous me montrer comment utiliser le gril?"},{"type":"🤞","phrase":"Je ne devrais pas utiliser le grill sans mes parents."}]},{"slug":"recipe-book","title":"Livre de recettes","phrases":[{"type":"🙋","phrase":"Puis-je choisir une recette à cuisiner?"},{"type":"🍳","phrase":"Pouvons-nous cuisiner cette recette?"}]},{"slug":"kitchen-utensils","title":"Ustensiles de cuisine","phrases":[{"type":"❤️","phrase":"J'aime utiliser des ustensiles de cuisine."},{"type":"🤞","phrase":"Je ne devrais pas utiliser d'ustensiles de cuisine sans mes parents."}]},{"slug":"stove","title":"Le fourneau","phrases":[{"type":"🙋","phrase":"Pouvez-vous me montrer comment utiliser le poêle?"},{"type":"🤞","phrase":"Je ne devrais pas utiliser le poêle sans mes parents."}]},{"slug":"salt-and-pepper","title":"Sel et poivre","phrases":[{"type":"🙋","phrase":"Pouvez-vous apporter du sel et du poivre?"}]},{"slug":"kitchen-board","title":"Planche de cuisine","phrases":[{"type":"🙋","phrase":"Puis-je écrire sur le tableau de cuisine?"}]},{"slug":"scale","title":"Échelle","phrases":[{"type":"🙋","phrase":"Pouvez-vous me montrer comment utiliser la balance de cuisine?"}]},{"slug":"teapot","title":"Théière","phrases":[{"type":"🙋","phrase":"Pouvez-vous me montrer comment utiliser la théière?"},{"type":"🤞","phrase":"Je ne devrais pas utiliser de théière sans mes parents."}]},{"slug":"microwave","title":"Four micro onde","phrases":[{"type":"🙋","phrase":"Pouvez-vous me montrer comment utiliser le micro-ondes?"},{"type":"🤞","phrase":"Je ne devrais pas utiliser le micro-ondes sans mes parents."}]}]