[{"slug":"hospital-bed","title":"Lit d'hôpital","phrases":[{"type":"🙋","phrase":"Pouvez-vous m'aider avec mon lit d'hôpital?"}]},{"slug":"weight-loss","title":"Perte de poids","phrases":[{"type":"🏋️","phrase":"Je dois modérer mon apport alimentaire."},{"type":"🏃‍♀️","phrase":"Je perds du poids."},{"type":"🥩","phrase":"Je grossis."}]},{"slug":"exercise","title":"Exercice","phrases":[{"type":"🏋️","phrase":"Je fais de l'exercice."},{"type":"⏲️","phrase":"J'ai une routine d'exercice."}]},{"slug":"medical-history","title":"Antécédents médicaux","phrases":[{"type":"📂","phrase":"Voici mes antécédents médicaux."}]},{"slug":"vitamin-c","title":"Vitamine C","phrases":[{"type":"🍹","phrase":"J'ai besoin de prendre de la vitamine c."},{"type":"🍊","phrase":"Les oranges contiennent de la vitamine c."}]},{"slug":"thermometer","title":"Thermomètre","phrases":[{"type":"🤒","phrase":"Pouvez-vous mesurer ma fièvre?"},{"type":"🌡️","phrase":"Comment fonctionne un thermomètre?"}]},{"slug":"pills","title":"Pilules","phrases":[{"type":"💊","phrase":"Je dois prendre mes pilules."},{"type":"👉","phrase":"Avez-vous pris vos pilules?"}]},{"slug":"medical-mask","title":"Masque médical","phrases":[]},{"slug":"dental-care","title":"Soins dentaires","phrases":[{"type":"🦷","phrase":"J'ai mal aux dents."},{"type":"🦷","phrase":"Je me brosse les dents."}]},{"slug":"hearing-exam","title":"Examen d'audition","phrases":[{"type":"👂","phrase":"J'ai des problèmes d'audition."},{"type":"🦻","phrase":"J'aurai un examen auditif."}]},{"slug":"hospital","title":"Hôpital","phrases":[{"type":"🏥","phrase":"Je vais à l'hôpital."},{"type":"🏥","phrase":"Je suis à l'hôpital."}]},{"slug":"stethoscope","title":"Stéthoscope","phrases":[{"type":"👨‍⚕️","phrase":"Les médecins utilisent un stéthoscope."},{"type":"🩺","phrase":"Puis-je avoir un stéthoscope jouet?"}]},{"slug":"ambulance","title":"Ambulance","phrases":[{"type":"👀","phrase":"J'ai vu une ambulance."},{"type":"👂","phrase":"J'ai entendu une voix d'ambulance."}]},{"slug":"drugstore","title":"Pharmacie","phrases":[{"type":"🧾","phrase":"Je dois remplir ma prescription."},{"type":"➡️","phrase":"Voici ma prescription."}]},{"slug":"emergency","title":"Urgence","phrases":[{"type":"🚨","phrase":"J'ai une urgence sanitaire."},{"type":"🚑","phrase":"Je vais aux urgences."}]},{"slug":"health-insurance","title":"Assurance santé","phrases":[{"type":"⚕️","phrase":"J'ai une assurance maladie."},{"type":"❌","phrase":"Je n'ai pas d'assurance maladie."}]},{"slug":"doctor","title":"Médecin","phrases":[{"type":"❤️","phrase":"J'aime mon docteur."},{"type":"🤩","phrase":"Le docteur m'aide."}]},{"slug":"nurse","title":"Infirmière","phrases":[{"type":"❤️","phrase":"J'aime ma nourrice."},{"type":"🤩","phrase":"L'infirmière m'aide."}]}]