[{"slug":"one","title":"Une","phrases":[{"type":"➖","phrase":"Un vient avant deux."},{"type":"➕","phrase":"On vient après zéro."},{"type":"🙋","phrase":"J'en veux un."}]},{"slug":"two","title":"Deux","phrases":[{"type":"➖","phrase":"Deux avant trois."},{"type":"➕","phrase":"Deux vient après un."},{"type":"🙋","phrase":"J'en veux deux."}]},{"slug":"three","title":"Trois","phrases":[{"type":"➖","phrase":"Trois avant quatre."},{"type":"➕","phrase":"Trois vient après deux."},{"type":"🙋","phrase":"J'en veux trois."}]},{"slug":"four","title":"Quatre","phrases":[{"type":"➖","phrase":"Quatre avant cinq."},{"type":"➕","phrase":"Quatre vient après trois."},{"type":"🙋","phrase":"J'en veux quatre."}]},{"slug":"five","title":"Cinq","phrases":[{"type":"➖","phrase":"Cinq avant six."},{"type":"➕","phrase":"Cinq vient après quatre."},{"type":"🙋","phrase":"J'en veux cinq."}]},{"slug":"six","title":"Six","phrases":[{"type":"➖","phrase":"Six avant sept."},{"type":"➕","phrase":"Six vient après cinq."},{"type":"🙋","phrase":"Je veux réparer."}]},{"slug":"seven","title":"Sept","phrases":[{"type":"➖","phrase":"Sept avant huit."},{"type":"➕","phrase":"Sept après six."},{"type":"🙋","phrase":"J'en veux sept."}]},{"slug":"eight","title":"Huit","phrases":[{"type":"➖","phrase":"Huit vient avant neuf."},{"type":"➕","phrase":"Huit vient après sept."},{"type":"🙋","phrase":"J'en veux huit."}]},{"slug":"nine","title":"Neuf","phrases":[{"type":"➖","phrase":"Neuf avant dix."},{"type":"➕","phrase":"Neuf vient après huit."},{"type":"🙋","phrase":"J'en veux neuf."}]},{"slug":"ten","title":"Dix","phrases":[{"type":"➖","phrase":"Dix avant onze."},{"type":"➕","phrase":"Dix vient après neuf."},{"type":"🙋","phrase":"J'en veux dix."}]},{"slug":"eleven","title":"Onze","phrases":[{"type":"➖","phrase":"Onze vient avant treize."},{"type":"➕","phrase":"Onze vient après dix."},{"type":"🙋","phrase":"J'en veux onze."}]},{"slug":"twenty","title":"Vingt","phrases":[{"type":"🔢","phrase":"Je peux compter jusqu'à vingt."}]},{"slug":"thirty","title":"Trente","phrases":[{"type":"🔢","phrase":"Je peux compter jusqu'à trente."}]},{"slug":"forty","title":"Quarante","phrases":[{"type":"🔢","phrase":"Je peux compter jusqu'à quarante."}]},{"slug":"fifty","title":"Cinquante","phrases":[{"type":"🔢","phrase":"Je peux compter jusqu'à cinquante."}]},{"slug":"hundred","title":"Cent","phrases":[{"type":"🔢","phrase":"Je peux compter jusqu'à cent."}]},{"slug":"thousand","title":"Mille","phrases":[{"type":"🔢","phrase":"Je peux compter jusqu'à mille."}]},{"slug":"calculator","title":"Calculatrice","phrases":[{"type":"🖩","phrase":"Je veux utiliser une calculatrice."},{"type":"🧮","phrase":"Pouvez-vous m'apprendre à utiliser une calculatrice?"},{"type":"🙋","phrase":"Puis-je utiliser votre calculatrice?"}]}]