[{"slug":"teacher","title":"Prof","phrases":[{"type":"❓","phrase":"Que fait un enseignant?"},{"type":"🙋","phrase":"Je veux devenir enseignant."}]},{"slug":"police-officer","title":"Officier de police","phrases":[{"type":"❓","phrase":"Que fait un policier?"},{"type":"🙋","phrase":"Je veux devenir policier."}]},{"slug":"writer","title":"Écrivain","phrases":[{"type":"❓","phrase":"Que fait un écrivain?"},{"type":"🙋","phrase":"Je veux devenir écrivain."}]},{"slug":"doctor","title":"Médecin","phrases":[{"type":"❓","phrase":"Que fait un docteur?"},{"type":"🙋","phrase":"Je veux devenir médecin."}]},{"slug":"detective","title":"Détective","phrases":[{"type":"❓","phrase":"Que fait un détective?"},{"type":"🙋","phrase":"Je veux devenir détective."}]},{"slug":"artist","title":"Artiste","phrases":[{"type":"❓","phrase":"Que fait un artiste?"},{"type":"🙋","phrase":"Je veux devenir artiste."}]},{"slug":"singer","title":"Chanteur","phrases":[{"type":"❓","phrase":"Que fait un chanteur?"},{"type":"🙋","phrase":"Je veux devenir chanteur."}]},{"slug":"astronaut","title":"Astronaute","phrases":[{"type":"❓","phrase":"Que fait un astronaute?"},{"type":"🙋","phrase":"Je veux devenir astronaute."}]},{"slug":"sailor","title":"Marin","phrases":[{"type":"❓","phrase":"Que fait un marin?"},{"type":"🙋","phrase":"Je veux devenir marin."}]},{"slug":"chef","title":"Chef","phrases":[{"type":"❓","phrase":"Que fait un chef?"},{"type":"🙋","phrase":"Je veux devenir chef."}]},{"slug":"farmer","title":"Fermier","phrases":[{"type":"❓","phrase":"Que fait un agriculteur?"},{"type":"🙋","phrase":"Je veux devenir agriculteur."}]},{"slug":"construction-worker","title":"Ouvrier du batiment","phrases":[{"type":"❓","phrase":"Que fait un travailleur de la construction?"},{"type":"🙋","phrase":"Je veux devenir ouvrier du bâtiment."}]},{"slug":"baker","title":"boulanger","phrases":[{"type":"❓","phrase":"Que fait un boulanger?"},{"type":"🙋","phrase":"Je veux devenir boulanger."}]},{"slug":"lifeguard","title":"Sauveteur","phrases":[{"type":"❓","phrase":"Que fait un sauveteur?"},{"type":"🙋","phrase":"Je veux devenir sauveteur."}]},{"slug":"astronomer","title":"Astronome","phrases":[{"type":"❓","phrase":"Que fait un astronome?"},{"type":"🙋","phrase":"Je veux devenir astronome."}]},{"slug":"journalist","title":"Journaliste","phrases":[{"type":"❓","phrase":"Que fait un journaliste?"},{"type":"🙋","phrase":"Je veux devenir journaliste."}]},{"slug":"archeologist","title":"Archéologue","phrases":[{"type":"❓","phrase":"Que fait un archéologue?"},{"type":"🙋","phrase":"Je veux devenir archéologue."}]},{"slug":"musician","title":"Musicien","phrases":[{"type":"❓","phrase":"Que fait un musicien?"},{"type":"🙋","phrase":"Je veux devenir musicien."}]},{"slug":"magician","title":"Magicien","phrases":[{"type":"❓","phrase":"Que fait un magicien?"},{"type":"🙋","phrase":"Je veux devenir magicien."}]},{"slug":"soccer-player","title":"Joueur de football","phrases":[{"type":"❓","phrase":"Que fait un footballeur?"},{"type":"🙋","phrase":"Je veux devenir footballeur."}]},{"slug":"postwoman","title":"Postwoman","phrases":[{"type":"❓","phrase":"Que fait une postière?"},{"type":"🙋","phrase":"Je veux devenir postière."}]},{"slug":"firefighter","title":"Sapeur pompier","phrases":[{"type":"❓","phrase":"Que fait un pompier?"},{"type":"🙋","phrase":"Je veux devenir pompier."}]},{"slug":"scientist","title":"Scientifique","phrases":[{"type":"❓","phrase":"Que fait un scientifique?"},{"type":"🙋","phrase":"Je veux devenir scientifique."}]},{"slug":"gardener","title":"Jardinier","phrases":[{"type":"❓","phrase":"Que fait un jardinier?"},{"type":"🙋","phrase":"Je veux devenir jardinier."}]},{"slug":"butcher","title":"Boucher","phrases":[{"type":"❓","phrase":"Que fait un boucher?"},{"type":"🙋","phrase":"Je veux devenir boucher."}]},{"slug":"veterinarian","title":"Vétérinaire","phrases":[{"type":"❓","phrase":"Que fait un vétérinaire?"},{"type":"🙋","phrase":"Je veux devenir vétérinaire."}]},{"slug":"lumber-jack","title":"Prise de bois","phrases":[{"type":"❓","phrase":"Que fait un cric?"},{"type":"🙋","phrase":"Je veux devenir bûcheron."}]},{"slug":"miner","title":"Mineur","phrases":[{"type":"❓","phrase":"Que fait un mineur?"},{"type":"🙋","phrase":"Je veux devenir mineur."}]},{"slug":"nun","title":"Religieuse","phrases":[{"type":"❓","phrase":"Que fait une religieuse?"},{"type":"🙋","phrase":"Je veux devenir religieuse."}]},{"slug":"fisher-woman","title":"Femme pêcheur","phrases":[{"type":"❓","phrase":"Que fait une pêcheuse?"},{"type":"🙋","phrase":"Je veux devenir pêcheuse."}]},{"slug":"hair-dresser","title":"Coiffeur","phrases":[{"type":"❓","phrase":"Que fait un coiffeur?"},{"type":"🙋","phrase":"Je veux devenir coiffeur."}]},{"slug":"mechanic","title":"Mécanicien","phrases":[{"type":"❓","phrase":"Que fait un mécanicien?"},{"type":"🙋","phrase":"Je veux devenir mécanicien."}]},{"slug":"electrician","title":"Électricien","phrases":[{"type":"❓","phrase":"Que fait un électricien?"},{"type":"🙋","phrase":"Je veux devenir électricien."}]},{"slug":"swimmer","title":"Nageur","phrases":[{"type":"❓","phrase":"Que fait un nageur?"},{"type":"🙋","phrase":"Je veux devenir nageur."}]},{"slug":"photographer","title":"Photographe","phrases":[{"type":"❓","phrase":"Que fait un photographe?"},{"type":"🙋","phrase":"Je veux devenir photographe."}]},{"slug":"priest","title":"Prêtre","phrases":[{"type":"❓","phrase":"Que fait un prêtre?"},{"type":"🙋","phrase":"Je veux devenir prêtre."}]},{"slug":"soldier","title":"Soldat","phrases":[{"type":"❓","phrase":"Que fait un soldat?"},{"type":"🙋","phrase":"Je veux devenir soldat."}]},{"slug":"carpenter","title":"Charpentier","phrases":[{"type":"❓","phrase":"Que fait un charpentier?"},{"type":"🙋","phrase":"Je veux devenir charpentier."}]},{"slug":"plumber","title":"Plombier","phrases":[{"type":"❓","phrase":"Que fait un plombier?"},{"type":"🙋","phrase":"Je veux devenir plombier."}]},{"slug":"wall-painter","title":"Peintre muraliste","phrases":[{"type":"❓","phrase":"Que fait un peintre mural?"},{"type":"🙋","phrase":"Je veux devenir peintre mural."}]},{"slug":"nurse","title":"Infirmière","phrases":[{"type":"❓","phrase":"Que fait une infirmière?"},{"type":"🙋","phrase":"Je veux devenir infirmière."}]},{"slug":"judge","title":"Juge","phrases":[{"type":"❓","phrase":"Que fait un juge?"},{"type":"🙋","phrase":"Je veux devenir juge."}]},{"slug":"waiter","title":"serveur","phrases":[{"type":"❓","phrase":"Que fait un serveur?"},{"type":"🙋","phrase":"Je veux devenir serveur."}]},{"slug":"pilot","title":"Pilote","phrases":[{"type":"❓","phrase":"Que fait un pilote?"},{"type":"🙋","phrase":"Je veux devenir pilote."}]},{"slug":"welder","title":"Soudeur","phrases":[{"type":"❓","phrase":"Que fait un soudeur?"},{"type":"🙋","phrase":"Je veux devenir soudeur."}]},{"slug":"executive","title":"Exécutif","phrases":[{"type":"❓","phrase":"Que fait un dirigeant?"},{"type":"🙋","phrase":"Je veux devenir cadre."}]},{"slug":"hostess","title":"Hôtesse","phrases":[{"type":"❓","phrase":"Que fait une hôtesse?"},{"type":"🙋","phrase":"Je veux devenir hôtesse."}]}]