[{"slug":"confetti","title":"Confettis","phrases":[{"type":"❤️","phrase":"J'aime les confettis."},{"type":"🙋","phrase":"Puis-je faire éclater les confettis?"}]},{"slug":"party-blower","title":"Souffleur de fête","phrases":[{"type":"❤️","phrase":"J'aime les souffleurs de fête."},{"type":"🔊","phrase":"Mon ventilateur de fête est-il bruyant?"}]},{"slug":"gift","title":"Cadeau","phrases":[{"type":"❤️","phrase":"J'aime les cadeaux."},{"type":"🎁","phrase":"Qu'est-ce que tu m'as offert en cadeau?"}]},{"slug":"candle","title":"Bougie","phrases":[{"type":"❤️","phrase":"J'aime les bougies de fête."},{"type":"🕯️","phrase":"Puis-je souffler les bougies?"},{"type":"🎂","phrase":"Combien de bougies y a-t-il?"}]},{"slug":"party-hat","title":"Chapeau de Fête","phrases":[{"type":"❤️","phrase":"J'aime porter un chapeau de fête."},{"type":"👚","phrase":"Je porterai un chapeau de fête pendant la fête."}]},{"slug":"balloons","title":"des ballons","phrases":[{"type":"❤️","phrase":"J'aime les ballons."},{"type":"🎈","phrase":"Puis-je faire éclater les ballons?"}]},{"slug":"garlands","title":"Guirlandes","phrases":[{"type":"❤️","phrase":"J'aime les guirlandes."},{"type":"🙋","phrase":"Je veux porter des guirlandes à ma fête."},{"type":"🙋","phrase":"Pouvez-vous mettre ces guirlandes dans mon bras?"}]},{"slug":"cake","title":"gâteau","phrases":[{"type":"❤️","phrase":"J'aime manger du gâteau."},{"type":"🙋","phrase":"Puis-je avoir une tranche de gâteau?"}]},{"slug":"ice-cream","title":"Crème glacée","phrases":[{"type":"❤️","phrase":"J'aime manger de la glace."},{"type":"🍭","phrase":"Quelle est votre saveur préférée?"}]},{"slug":"microphone","title":"Microphone","phrases":[{"type":"❤️","phrase":"J'aime jouer au karaoké."},{"type":"❤️","phrase":"J'aime chanter."}]},{"slug":"music","title":"La musique","phrases":[{"type":"❤️","phrase":"J'aime jouer de la musique."},{"type":"🎶","phrase":"Quel genre de musique aimez-vous?"}]},{"slug":"magician","title":"Magicien","phrases":[{"type":"❤️","phrase":"J'aime les magiciens."},{"type":"✨","phrase":"Je veux être magicien."},{"type":"🙋","phrase":"Pouvez-vous m'apprendre quelques tours de magie?"}]},{"slug":"taking-photos","title":"Prendre des photos","phrases":[{"type":"❤️","phrase":"J'aime prendre des photos."},{"type":"🙋","phrase":"Puis-je prendre des photos avec votre téléphone?"}]},{"slug":"invitation","title":"Invitation","phrases":[{"type":"📧","phrase":"J'ai reçu une invitation."},{"type":"📨","phrase":"Puis-je inviter mes amis à la fête?"},{"type":"📨","phrase":"Puis-je inviter mes amis à ma fête d'anniversaire?"},{"type":"📨","phrase":"Pouvons-nous inviter mes amis à la fête de ma sœur?"},{"type":"📨","phrase":"Pouvons-nous inviter mes amis à la fête de mon frère?"}]},{"slug":"candy","title":"Bonbons","phrases":[{"type":"❤️","phrase":"J'aime les bonbons."},{"type":"🙋","phrase":"Puis-je manger des bonbons?"}]},{"slug":"popsicle","title":"Popsicle","phrases":[{"type":"❤️","phrase":"J'aime le popsicle."},{"type":"🙋","phrase":"Puis-je manger du popsicle?"},{"type":"🙋","phrase":"Pouvons-nous faire des sucettes glacées?"},{"type":"🙋","phrase":"Voulez-vous manger du popsicle?"}]},{"slug":"cupcake","title":"Cupcake","phrases":[{"type":"❤️","phrase":"J'aime le cupcake."},{"type":"🙋","phrase":"Puis-je manger un cupcake?"}]},{"slug":"costume","title":"Costume","phrases":[{"type":"❤️","phrase":"J'aime porter un costume."},{"type":"🦸","phrase":"Puis-je porter un costume d'homme araignée?"},{"type":"🦸‍♂️","phrase":"Puis-je porter un costume de batman?"},{"type":"🦸‍♀️","phrase":"Puis-je porter un costume de femme merveille?"}]},{"slug":"party-glasses","title":"Lunettes de fête","phrases":[{"type":"❤️","phrase":"J'aime les verres de fête."},{"type":"🙋","phrase":"Puis-je porter des lunettes de fête?"}]},{"slug":"spotlights","title":"Projecteurs","phrases":[{"type":"❤️","phrase":"J'aime les projecteurs."},{"type":"❌","phrase":"Je n'aime pas les projecteurs."}]},{"slug":"marshmallow","title":"Guimauve","phrases":[{"type":"❤️","phrase":"J'aime la guimauve."},{"type":"🔥","phrase":"Je fais cuire de la guimauve au feu de camp."},{"type":"🙋","phrase":"Je veux manger des guimauves."}]},{"slug":"guacamole","title":"Guacamole","phrases":[{"type":"❤️","phrase":"J'aime le guacamole."},{"type":"🙋","phrase":"Puis-je manger du guacamole?"},{"type":"❌","phrase":"Je n'aime pas manger du guacamole."}]},{"slug":"hotdog","title":"Hot-dog","phrases":[{"type":"❤️","phrase":"J'aime le hot-dog."},{"type":"🙋","phrase":"Puis-je obtenir un hot-dog?"},{"type":"❌","phrase":"Je n'aime pas manger de hot-dogs."},{"type":"🙋","phrase":"Puis-je manger des hot-dogs?"}]},{"slug":"bouncy-castle","title":"Château gonflable","phrases":[{"type":"❤️","phrase":"J'aime le château gonflable."},{"type":"🙋","phrase":"Je veux jouer au château gonflable."},{"type":"🙋","phrase":"Jouons au château gonflable."}]},{"slug":"clown","title":"Pitre","phrases":[{"type":"❤️","phrase":"J'aime les clowns."},{"type":"❌","phrase":"Je n'aime pas les clowns."},{"type":"🙋","phrase":"Je veux être un clown."}]},{"slug":"magic-hat","title":"Chapeau magique","phrases":[{"type":"❤️","phrase":"J'aime les chapeaux magiques."},{"type":"🧙‍♂️","phrase":"Je suis un sorcier!"},{"type":"🙋","phrase":"Je veux comme par magie."}]},{"slug":"dart-board","title":"Jeu de fléchettes","phrases":[{"type":"❤️","phrase":"J'aime jouer aux fléchettes."},{"type":"🎯","phrase":"Jouer aux fléchettes peut être dangereux."}]}]