[{"slug":"mother","title":"Mère","phrases":[{"type":"⁉️","phrase":"Maman!"},{"type":"💘","phrase":"J'aime ma mère."},{"type":"❤️","phrase":"Je t'aime maman."},{"type":"☹️","phrase":"Ma mère me manque."},{"type":"🙏🏼","phrase":"Merci de prendre soin de moi."},{"type":"👉🏼","phrase":"Elle est ma maman."},{"type":"❓","phrase":"Pouvez-vous m'aider à retrouver ma mère?"}]},{"slug":"father","title":"Père","phrases":[{"type":"⁉️","phrase":"Papa!"},{"type":"💘","phrase":"J'aime mon père."},{"type":"❤️","phrase":"Je t'aime papa."},{"type":"☹️","phrase":"Je manque mon père."},{"type":"🙏🏼","phrase":"Merci de prendre soin de moi."},{"type":"👉🏼","phrase":"Il est mon père."},{"type":"❓","phrase":"Pouvez-vous m'aider à retrouver mon père?"}]},{"slug":"parents","title":"Parents","phrases":[{"type":"💑","phrase":"Je aime mes parents."},{"type":"💘","phrase":"Je aime mes parents."},{"type":"☹️","phrase":"Mes parents me manquent."},{"type":"👉🏼","phrase":"Ce sont mes parents."},{"type":"👨‍👩‍👧","phrase":"Mes parents prennent soin de moi."},{"type":"❓","phrase":"Pouvez-vous m'aider à retrouver mes parents?"}]},{"slug":"grandparents","title":"Grands-parents","phrases":[{"type":"💑","phrase":"J'adore mes grands-parents."},{"type":"💘","phrase":"Je t'aime grands-parents."},{"type":"☹️","phrase":"Mes grands-parents me manquent."},{"type":"👉🏼","phrase":"Ce sont mes grands-parents."},{"type":"👨‍👩‍👧","phrase":"Mes grands-parents prennent soin de moi."},{"type":"❓","phrase":"Pouvez-vous m'aider à retrouver mes grands-parents?"}]},{"slug":"brother","title":"Frère","phrases":[{"type":"💑","phrase":"J'aime mon frère."},{"type":"💘","phrase":"J'aime ton frère."},{"type":"☹️","phrase":"Mon frère me manque."},{"type":"👉🏼","phrase":"C'est mon frère."},{"type":"🙎‍♂️","phrase":"Mon frère prend soin de moi."},{"type":"❓","phrase":"Pouvez-vous m'aider à retrouver mon frère?"}]},{"slug":"sister","title":"Sœur","phrases":[{"type":"💑","phrase":"J'aime ma soeur."},{"type":"💘","phrase":"Je t'aime ma soeur."},{"type":"☹️","phrase":"Ma soeur me manque."},{"type":"👉🏼","phrase":"Elle est ma soeur."},{"type":"🙍‍♀️","phrase":"Ma sœur prend soin de moi."},{"type":"❓","phrase":"Pouvez-vous m'aider à retrouver ma sœur?"}]},{"slug":"uncle","title":"Oncle","phrases":[{"type":"💑","phrase":"J'adore mon oncle."},{"type":"💘","phrase":"Je t'aime mon oncle."},{"type":"☹️","phrase":"Mon oncle me manque."},{"type":"👉🏼","phrase":"Il est mon oncle."},{"type":"❓","phrase":"Pouvez-vous m'aider à retrouver mon oncle?"}]},{"slug":"aunt","title":"Tante","phrases":[{"type":"💑","phrase":"J'aime ma tante."},{"type":"💘","phrase":"Je t'aime tante."},{"type":"☹️","phrase":"Ma tante me manque."},{"type":"👉🏼","phrase":"Elle est ma tante."},{"type":"❓","phrase":"Pouvez-vous m'aider à retrouver ma tante?"}]},{"slug":"teacher","title":"Prof","phrases":[{"type":"💑","phrase":"J'aime ma prof."},{"type":"💘","phrase":"Je t'aime professeur."},{"type":"💔","phrase":"Je n'aime pas mon professeur."},{"type":"☹️","phrase":"Mon professeur me manque."},{"type":"🙏🏼","phrase":"Merci pour la leçon."}]},{"slug":"therapist","title":"Thérapeute","phrases":[{"type":"💑","phrase":"J'adore mon thérapeute."},{"type":"💘","phrase":"Je t'aime thérapeute."},{"type":"💔","phrase":"Je n'aime pas mon thérapeute."},{"type":"☹️","phrase":"Mon thérapeute me manque."},{"type":"🙏🏼","phrase":"Merci pour la session."}]},{"slug":"doctor","title":"Médecin","phrases":[{"type":"💑","phrase":"J'adore mon docteur."},{"type":"💘","phrase":"Je t'aime docteur."},{"type":"💔","phrase":"Je n'aime pas mon docteur."},{"type":"☹️","phrase":"Mon médecin me manque."},{"type":"🙏🏼","phrase":"Merci de m'avoir guéri."}]},{"slug":"friends","title":"copains","phrases":[{"type":"💑","phrase":"J'aime mes amis."},{"type":"❓","phrase":"Veux tu être mon ami?"},{"type":"💔","phrase":"Je n'aime pas mes amis."},{"type":"☹️","phrase":"Mes amis me manquent."},{"type":"👉🏼","phrase":"Ce sont mes amis."},{"type":"🙏🏼","phrase":"Merci d'avoir joué avec moi."}]},{"slug":"cousins","title":"Les cousins","phrases":[{"type":"💑","phrase":"J'adore mes cousins."},{"type":"❌","phrase":"Je n'ai pas de cousins."},{"type":"☹️","phrase":"Mes cousins me manquent."},{"type":"👉🏼","phrase":"Ils sont mes cousins."}]},{"slug":"grandmother","title":"Grand-mère","phrases":[{"type":"💑","phrase":"J'aime ma grand-mère."},{"type":"💘","phrase":"Je t'aime grand-mère."},{"type":"☹️","phrase":"Ma grand-mère me manque."},{"type":"👉🏼","phrase":"C'est ma grand-mère."}]},{"slug":"grandfather","title":"Grand-père","phrases":[{"type":"💑","phrase":"J'adore mon grand-père."},{"type":"💘","phrase":"Je t'aime grand-père."},{"type":"☹️","phrase":"Mon grand-père me manque."},{"type":"👉🏼","phrase":"Il est mon grand-père."}]},{"slug":"stepfather","title":"Beau-père","phrases":[{"type":"💑","phrase":"J'adore mon beau-père."},{"type":"👉🏼","phrase":"Il est mon beau-père."},{"type":"☹️","phrase":"Mon beau-père me manque."},{"type":"👉🏼","phrase":"Il est mon beau-père."}]},{"slug":"stepmother","title":"Belle-mère","phrases":[{"type":"💑","phrase":"J'adore ma belle-mère."},{"type":"👉🏼","phrase":"Elle est ma belle-mère."},{"type":"☹️","phrase":"Ma belle-mère me manque."},{"type":"👉🏼","phrase":"Elle est ma belle-mère."}]},{"slug":"stepsister","title":"Demi-soeur","phrases":[{"type":"💑","phrase":"J'adore ma demi-soeur."},{"type":"👉🏼","phrase":"C'est ma demi-soeur."},{"type":"☹️","phrase":"Ma demi-soeur me manque."},{"type":"👉🏼","phrase":"C'est ma demi-soeur."}]},{"slug":"stepbrother","title":"Beau-frère","phrases":[{"type":"💑","phrase":"J'adore mon demi-frère."},{"type":"👉🏼","phrase":"Il est mon demi-frère."},{"type":"☹️","phrase":"Mon demi-frère me manque."},{"type":"👉🏼","phrase":"Il est mon demi-frère."}]},{"slug":"half-brother","title":"Demi-frère","phrases":[{"type":"💑","phrase":"J'adore mon demi-frère."},{"type":"👉🏼","phrase":"Il est mon demi-frère."},{"type":"☹️","phrase":"Mon demi-frère me manque."},{"type":"👉🏼","phrase":"Il est mon demi-frère."}]},{"slug":"half-sister","title":"Demi soeur","phrases":[{"type":"💑","phrase":"J'adore ma demi-sœur."},{"type":"👉🏼","phrase":"C'est ma demi-sœur."},{"type":"☹️","phrase":"Ma demi-sœur me manque."},{"type":"👉🏼","phrase":"C'est ma demi-sœur."}]}]