[{"slug":"captain","title":"Capitaine","phrases":[]},{"slug":"pirate-crew","title":"Équipage pirate","phrases":[]},{"slug":"treasure","title":"Trésor","phrases":[]},{"slug":"hook","title":"Crochet","phrases":[]},{"slug":"compass","title":"Boussole","phrases":[]},{"slug":"pirate-ship","title":"Navire pirate","phrases":[]},{"slug":"pirate-gun","title":"Pistolet pirate","phrases":[]},{"slug":"pirate-sword","title":"Épée de pirate","phrases":[]},{"slug":"barrel","title":"Baril","phrases":[]},{"slug":"pirate-flag","title":"Drapeau pirate","phrases":[]},{"slug":"treasure-map","title":"Carte au trésor","phrases":[]},{"slug":"spyglass","title":"Spyglass","phrases":[]},{"slug":"cannon","title":"Canon","phrases":[]},{"slug":"helm","title":"Barre","phrases":[]},{"slug":"lighthouse","title":"Phare","phrases":[]},{"slug":"anchor","title":"Ancre","phrases":[]},{"slug":"bomb","title":"Bombe","phrases":[]},{"slug":"coin","title":"Pièce de monnaie","phrases":[]},{"slug":"candle","title":"Bougie","phrases":[]},{"slug":"knife","title":"Couteau","phrases":[]}]