[{"slug":"park","title":"parc","phrases":[{"type":"🙋","phrase":"Je veux aller me garer."},{"type":"☝️","phrase":"Pouvez-vous m'emmener garer?"},{"type":"💡","phrase":"Je peux jouer dans le parc."}]},{"slug":"mall","title":"Centre commercial","phrases":[{"type":"🙋","phrase":"Je veux aller au centre commercial."},{"type":"☝️","phrase":"Pouvez-vous m'emmener au centre commercial?"},{"type":"💡","phrase":"Je peux acheter dans le centre commercial."}]},{"slug":"restaurant","title":"Restaurant","phrases":[{"type":"🙋","phrase":"Je veux aller au restaurant."},{"type":"☝️","phrase":"Pouvez-vous m'emmener au restaurant?"},{"type":"💡","phrase":"Je peux manger un repas au restaurant."}]},{"slug":"cinema","title":"Cinéma","phrases":[{"type":"🙋","phrase":"Je veux aller au cinéma."},{"type":"☝️","phrase":"Pouvez-vous m'emmener au cinéma?"},{"type":"💡","phrase":"Je peux regarder un film au cinéma."}]},{"slug":"school","title":"École","phrases":[{"type":"🙋","phrase":"Je veux aller à l'école."},{"type":"☝️","phrase":"Pouvez-vous m'emmener à l'école?"},{"type":"💡","phrase":"Je peux apprendre à l'école."}]},{"slug":"library","title":"Bibliothèque","phrases":[{"type":"🙋","phrase":"Je veux aller à la bibliothèque."},{"type":"☝️","phrase":"Pouvez-vous m'emmener à la bibliothèque?"},{"type":"💡","phrase":"Je peux étudier dans la bibliothèque."}]},{"slug":"fair","title":"Juste","phrases":[{"type":"🙋","phrase":"Je veux aller à la foire."},{"type":"☝️","phrase":"Pouvez-vous m'emmener à la foire?"},{"type":"💡","phrase":"Je peux m'amuser en foire."}]},{"slug":"drugstore","title":"Pharmacie","phrases":[{"type":"🙋","phrase":"Je veux aller en pharmacie."},{"type":"☝️","phrase":"Pouvez-vous m'emmener en pharmacie?"},{"type":"💡","phrase":"Je peux acheter mes médicaments en pharmacie."}]},{"slug":"hospital","title":"Hôpital","phrases":[{"type":"🙋","phrase":"Je veux aller à l'hôpital."},{"type":"☝️","phrase":"Pouvez-vous m'emmener à l'hôpital?"},{"type":"💡","phrase":"Les malades peuvent aller à l'hôpital."}]},{"slug":"amusement-park","title":"Parc d'attractions","phrases":[{"type":"🙋","phrase":"Je veux aller au parc d'attractions."},{"type":"☝️","phrase":"Pouvez-vous m'emmener au parc d'attractions?"},{"type":"💡","phrase":"Je peux m'amuser dans le parc d'attractions."}]},{"slug":"dormitory","title":"Dortoir","phrases":[{"type":"🙋","phrase":"Je veux aller au dortoir."},{"type":"☝️","phrase":"Pouvez-vous m'emmener au dortoir?"},{"type":"💡","phrase":"Je peux rester en dortoir."}]},{"slug":"laundry-place","title":"Buanderie","phrases":[{"type":"🙋","phrase":"Je veux aller au lavoir."},{"type":"☝️","phrase":"Pouvez-vous m'emmener à une buanderie?"},{"type":"💡","phrase":"Je peux nettoyer mon linge dans une buanderie."}]},{"slug":"barber-shop","title":"salon de coiffure","phrases":[{"type":"🙋","phrase":"Je veux aller chez le coiffeur."},{"type":"☝️","phrase":"Pouvez-vous m'emmener chez le coiffeur?"},{"type":"💡","phrase":"Je peux me faire couper les cheveux chez le coiffeur."}]},{"slug":"hotel","title":"Hôtel","phrases":[{"type":"🙋","phrase":"Je veux aller à l'hôtel."},{"type":"☝️","phrase":"Pouvez-vous m'emmener à l'hôtel?"},{"type":"💡","phrase":"Je peux rester dans un hôtel."}]},{"slug":"kindergarten","title":"Jardin d'enfants","phrases":[{"type":"🙋","phrase":"Je veux aller au jardin d'enfants."},{"type":"☝️","phrase":"Pouvez-vous m'emmener à la maternelle?"}]},{"slug":"parking-lot","title":"Terrain de stationnement","phrases":[{"type":"🙋","phrase":"Je veux aller au parking."},{"type":"☝️","phrase":"Pouvez-vous m'emmener au parking?"}]},{"slug":"elevator","title":"Ascenseur","phrases":[{"type":"🙋","phrase":"Je veux utiliser l'ascenseur."},{"type":"💗","phrase":"J'aime utiliser l'ascenseur?"},{"type":"💡","phrase":"Je peux monter à l'étage en utilisant l'ascenseur."}]},{"slug":"bank","title":"Banque","phrases":[{"type":"🙋","phrase":"Je veux aller à la banque."},{"type":"☝️","phrase":"Pouvez-vous m'emmener à la banque?"},{"type":"💡","phrase":"Je peux retirer de l'argent à la banque."}]},{"slug":"skycraper","title":"Skycraper","phrases":[{"type":"🙋","phrase":"Je veux aller au gratte-ciel."},{"type":"☝️","phrase":"Pouvez-vous m'emmener au gratte-ciel?"}]},{"slug":"stadium","title":"Stade","phrases":[{"type":"🙋","phrase":"Je veux aller au stade."},{"type":"☝️","phrase":"Pouvez-vous m'emmener au stade?"}]},{"slug":"cruise-ship","title":"Bateau de croisière","phrases":[{"type":"🙋","phrase":"Je veux embarquer sur un bateau de croisière."},{"type":"☝️","phrase":"Pouvez-vous m'emmener en bateau de croisière?"}]},{"slug":"forest","title":"Forêt","phrases":[{"type":"🙋","phrase":"Je veux aller en forêt."},{"type":"☝️","phrase":"Pouvez-vous m'emmener en forêt?"}]},{"slug":"tent","title":"Tente","phrases":[{"type":"🙋","phrase":"Je veux aller à la tente."},{"type":"☝️","phrase":"Pouvons-nous rester dans une tente?"}]},{"slug":"beach","title":"Plage","phrases":[{"type":"🙋","phrase":"Je veux aller à la plage."},{"type":"☝️","phrase":"Pouvez-vous m'emmener à la plage?"},{"type":"💡","phrase":"Je peux bronzer à la plage."}]}]