[{"slug":"protective-mask","title":"Masque de protection","phrases":[{"type":"🛡️","phrase":"J'utilise un masque de protection."},{"type":"😷","phrase":"Je ne peux pas sortir sans masque de protection."}]},{"slug":"stay-home","title":"Rester à la maison","phrases":[{"type":"🏠","phrase":"Vous devez rester à la maison."},{"type":"🏡","phrase":"Je reste à la maison."}]},{"slug":"toilet-paper","title":"Papier toilette","phrases":[]},{"slug":"sprayer","title":"Pulvérisateur","phrases":[]},{"slug":"disinfectant","title":"Désinfectant","phrases":[{"type":"🧼","phrase":"J'utilise un désinfectant."},{"type":"🙋","phrase":"Pouvez-vous m'aider à utiliser un désinfectant?"}]},{"slug":"coughing","title":"Tousser","phrases":[{"type":"🤒","phrase":"Je tousse."},{"type":"🏥","phrase":"La toux est un symptôme du virus."}]},{"slug":"medical-assistance","title":"Assistance médicale","phrases":[{"type":"⚕️","phrase":"J'ai besoin d'une assistance médicale."},{"type":"❓","phrase":"Avez-vous besoin d'une assistance médicale?"}]},{"slug":"hand-sanitizer","title":"Gel hydroalcoolique","phrases":[{"type":"🚰","phrase":"J'utilise un désinfectant pour les mains."},{"type":"🙋","phrase":"Pouvez-vous m'aider à utiliser un désinfectant pour les mains?"}]},{"slug":"gloves","title":"Gants","phrases":[{"type":"🧤","phrase":"J'utilise des gants."},{"type":"🙋","phrase":"Pouvez-vous m'aider à mettre mes gants?"}]},{"slug":"social-distancing","title":"Distanciation sociale","phrases":[{"type":"🖐️","phrase":"Je pratique la distanciation sociale."},{"type":"📏","phrase":"Nous devons garder nos distances entre nous."}]},{"slug":"mouth-mask","title":"Masque de bouche","phrases":[{"type":"😷","phrase":"J'utilise un masque buccal."},{"type":"🏡","phrase":"Je ne peux pas sortir sans masque buccal."}]},{"slug":"pandemic","title":"Pandémie","phrases":[{"type":"🌐","phrase":"Qu'est-ce qu'une pandémie?"},{"type":"⏱️","phrase":"Quand la pandémie prendra-t-elle fin?"},{"type":"⌚","phrase":"Il y a une pandémie en cours."}]},{"slug":"working-at-home","title":"Travailler à la maison","phrases":[{"type":"🏠","phrase":"Je travaille à la maison."},{"type":"👪","phrase":"Mes parents travaillent à la maison."}]},{"slug":"wet-wipes","title":"Lingettes humides","phrases":[{"type":"🤧","phrase":"J'ai besoin de lingettes humides."}]},{"slug":"quarantine","title":"Quarantaine","phrases":[{"type":"🔲","phrase":"Qu'est-ce que la quarantaine?"},{"type":"🙋","phrase":"Je suis en quarantaine."}]},{"slug":"first-aid-kit","title":"Trousse de premiers secours","phrases":[{"type":"❓","phrase":"Où est la trousse de premiers soins?"},{"type":"🙋","phrase":"Pouvez-vous m'aider à utiliser la trousse de premiers soins?"}]},{"slug":"fitness","title":"Aptitude","phrases":[{"type":"🤸","phrase":"J'aime faire du fitness."},{"type":"🤼","phrase":"J'aime faire du fitness."}]},{"slug":"e-learning","title":"E-learning","phrases":[{"type":"💻","phrase":"J'apprends de chez moi."},{"type":"📱","phrase":"J'utilise des applications d'apprentissage en ligne."}]},{"slug":"virus","title":"Virus","phrases":[{"type":"🦠","phrase":"Qu'est-ce qu'un virus?"},{"type":"💉","phrase":"Quels sont les symptômes du virus?"}]},{"slug":"cleaning","title":"Nettoyage","phrases":[{"type":"🧼","phrase":"Je nettoie ma chambre."},{"type":"🔲","phrase":"Il est important de garder votre chambre propre."}]}]