[{"slug":"desk","title":"Bureau","phrases":[{"type":"🙋","phrase":"Puis-je utiliser ce bureau?"},{"type":"❓","phrase":"Quel bureau est le mien?"},{"type":"🥛","phrase":"J'ai renversé sur mon bureau."},{"type":"❌","phrase":"Ne rayez pas votre bureau."}]},{"slug":"chair","title":"chaise","phrases":[{"type":"🙋","phrase":"Je peux m'asseoir avec toi?"},{"type":"❓","phrase":"Quelle chaise est la mienne?"},{"type":"☝️","phrase":"Cette chaise est-elle prise?"},{"type":"🥛","phrase":"J'ai renversé sur ma chaise."}]},{"slug":"book","title":"Livre","phrases":[{"type":"📙","phrase":"Cahier de texte"},{"type":"📒","phrase":"Classeur"},{"type":"📚","phrase":"Lire un livre."},{"type":"😇","phrase":"Puis-je emprunter ton livre?"},{"type":"📃","phrase":"À quelle page en sommes-nous?"},{"type":"☝️","phrase":"Retournez la page."},{"type":"😱","phrase":"J'ai perdu mon livre."}]},{"slug":"notebook","title":"Carnet","phrases":[{"type":"📝","phrase":"Prendre des notes."},{"type":"🖐️","phrase":"Je prends des notes."},{"type":"😱","phrase":"J'ai perdu mon carnet."}]},{"slug":"backpack","title":"Sac à dos","phrases":[{"type":"👜","phrase":"Porter mon sac à dos."},{"type":"💡","phrase":"Mettre mes livres dans mon sac à dos."},{"type":"🙋","phrase":"J'ai besoin d'un nouveau sac à dos."},{"type":"🙏🏼","phrase":"Merci d'avoir porté mon sac à dos."},{"type":"😱","phrase":"J'ai perdu mon sac à dos."},{"type":"⚖️","phrase":"Mon sac à dos est lourd."}]},{"slug":"blackboard","title":"Tableau noir","phrases":[{"type":"👀","phrase":"Regarde le tableau noir."},{"type":"🧽","phrase":"Nettoyage du tableau noir."},{"type":"🧮","phrase":"Résoudre le problème sur le tableau noir."},{"type":"📝","phrase":"Prendre note sur le tableau noir."},{"type":"🖊️","phrase":"Donnez-moi une craie."}]},{"slug":"teacher","title":"Prof","phrases":[{"type":"🤔","phrase":"Je ne comprends pas cette partie."},{"type":"🔁","phrase":"Pouvez-vous répéter la dernière partie?"},{"type":"🚻","phrase":"Puis-je aller aux toilettes?"},{"type":"❓","phrase":"Quel sujet?"},{"type":"😀","phrase":"J'aime ce sujet."},{"type":"😔","phrase":"Je n'aime pas ce sujet."},{"type":"🙏🏼","phrase":"Merci pour la leçon."}]},{"slug":"school-bus","title":"Bus scolaire","phrases":[{"type":"⌛","phrase":"Le bus scolaire arrive."},{"type":"❓","phrase":"Puis-je m'asseoir à côté de toi?"},{"type":"🙏🏼","phrase":"Merci chauffeur de bus!"},{"type":"⏱️","phrase":"Le bus scolaire était en retard."}]},{"slug":"pencil","title":"Crayon","phrases":[{"type":"✏️","phrase":"J'écris."},{"type":"🎓","phrase":"J'apprends à écrire."},{"type":"🙋","phrase":"J'ai besoin d'un nouveau crayon."},{"type":"😇","phrase":"Puis-je emprunter ton crayon?"},{"type":"😱","phrase":"J'ai perdu mon crayon."}]},{"slug":"eraser","title":"La gomme","phrases":[{"type":"🧽","phrase":"J'efface."},{"type":"🙋","phrase":"J'ai besoin d'une nouvelle gomme."},{"type":"😇","phrase":"Puis-je emprunter votre gomme?"},{"type":"😱","phrase":"J'ai perdu ma gomme."}]},{"slug":"ruler","title":"Règle","phrases":[{"type":"📏","phrase":"Je mesure."},{"type":"🙋","phrase":"J'ai besoin d'une nouvelle règle."},{"type":"😇","phrase":"Puis-je emprunter votre règle?"},{"type":"😱","phrase":"J'ai perdu ma règle."}]},{"slug":"sharpener","title":"Taille crayon","phrases":[{"type":"🔪","phrase":"J'affile mon crayon."},{"type":"🙋","phrase":"J'ai besoin d'un nouveau taille-crayon."},{"type":"😇","phrase":"Puis-je emprunter votre taille-crayon?"},{"type":"😱","phrase":"J'ai perdu mon taille-crayon."}]},{"slug":"mathematics","title":"Mathématiques","phrases":[{"type":"❤️","phrase":"J'aime les mathématiques."},{"type":"🙋","phrase":"Je veux étudier les mathématiques."},{"type":"❌","phrase":"Je n'aime pas les mathématiques."},{"type":"⌚","phrase":"Quand a lieu le cours de mathématiques?"},{"type":"☝️","phrase":"Pouvez-vous m'aider avec mes devoirs de mathématiques?"}]},{"slug":"literature","title":"Littérature","phrases":[{"type":"❤️","phrase":"J'aime la littérature."},{"type":"🙋","phrase":"Je veux étudier la littérature."},{"type":"❌","phrase":"Je n'aime pas la littérature."},{"type":"⌚","phrase":"Quand est le cours de littérature?"},{"type":"☝️","phrase":"Pouvez-vous m'aider avec mes devoirs de littérature?"}]},{"slug":"science","title":"Science","phrases":[{"type":"❤️","phrase":"J'aime la science."},{"type":"🙋","phrase":"Je veux étudier la science."},{"type":"❌","phrase":"Je n'aime pas la science."},{"type":"⌚","phrase":"Quand est la classe de science?"},{"type":"☝️","phrase":"Pouvez-vous m'aider avec mes devoirs scientifiques?"}]},{"slug":"art-class","title":"Classe d'art plastique","phrases":[{"type":"❤️","phrase":"J'aime les cours d'art."},{"type":"🙋","phrase":"Je veux pratiquer des compétences artistiques."},{"type":"❌","phrase":"Je n'aime pas les cours d'art."},{"type":"⌚","phrase":"Quand est la classe d'art?"},{"type":"☝️","phrase":"Pouvez-vous m'aider avec mes devoirs de classe d'art?"}]},{"slug":"music-class","title":"Cours de musique","phrases":[{"type":"❤️","phrase":"J'aime les cours de musique."},{"type":"🙋","phrase":"Je veux pratiquer des compétences musicales."},{"type":"❌","phrase":"Je n'aime pas les cours de musique."},{"type":"⌚","phrase":"Quand est le cours de musique?"},{"type":"☝️","phrase":"Pouvez-vous m'aider avec mes devoirs de cours de musique?"}]},{"slug":"geography","title":"La géographie","phrases":[{"type":"❤️","phrase":"J'aime la géographie."},{"type":"🙋","phrase":"Je veux étudier la géographie."},{"type":"❌","phrase":"Je n'aime pas la géographie."},{"type":"⌚","phrase":"Quand est la géographie?"},{"type":"☝️","phrase":"Pouvez-vous m'aider avec mes devoirs de géographie?"}]},{"slug":"telescope","title":"Télescope","phrases":[{"type":"🌎","phrase":"J'utilise le télescope."},{"type":"🙋","phrase":"Je veux utiliser le télescope."},{"type":"🌟","phrase":"Je veux regarder les étoiles."}]},{"slug":"glue","title":"La colle","phrases":[{"type":"👌","phrase":"J'utilise de la colle."},{"type":"🙋","phrase":"J'ai besoin d'une nouvelle colle."},{"type":"😇","phrase":"Puis-je emprunter votre colle?"},{"type":"😱","phrase":"J'ai perdu ma colle."}]}]