[{"slug":"circle","title":"Cercle","phrases":[{"type":"👉","phrase":"C'est en forme de cercle."},{"type":"❓","phrase":"Pouvez-vous m'apprendre à dessiner un cercle?"}]},{"slug":"triangle","title":"Triangle","phrases":[{"type":"👉","phrase":"C'est en forme de triangle."},{"type":"❓","phrase":"Pouvez-vous m'apprendre à dessiner un triangle?"}]},{"slug":"square","title":"Carré","phrases":[{"type":"👉","phrase":"C'est de forme carrée."},{"type":"❓","phrase":"Pouvez-vous m'apprendre à dessiner des carrés?"}]},{"slug":"rectangle","title":"Rectangle","phrases":[{"type":"👉","phrase":"C'est en forme de rectangle."},{"type":"❓","phrase":"Pouvez-vous m'apprendre à dessiner un rectangle?"}]},{"slug":"star","title":"Étoile","phrases":[{"type":"👉","phrase":"C'est en forme d'étoile."},{"type":"❓","phrase":"Pouvez-vous m'apprendre à dessiner des étoiles?"}]},{"slug":"pentagon","title":"Pentagone","phrases":[{"type":"👉","phrase":"C'est en forme de pentagone."},{"type":"❓","phrase":"Pouvez-vous m'apprendre à dessiner le pentagone?"}]},{"slug":"hexagon","title":"Hexagone","phrases":[{"type":"👉","phrase":"C'est en forme d'hexagone."},{"type":"❓","phrase":"Pouvez-vous m'apprendre à dessiner un hexagone?"}]},{"slug":"cross","title":"Traverser","phrases":[{"type":"👉","phrase":"C'est en forme de croix."},{"type":"❓","phrase":"Pouvez-vous m'apprendre à dessiner une croix?"}]},{"slug":"ellipse","title":"Ellipse","phrases":[{"type":"👉","phrase":"C'est en forme d'ellipse."},{"type":"❓","phrase":"Pouvez-vous m'apprendre à dessiner une ellipse?"}]},{"slug":"arrow","title":"La Flèche","phrases":[{"type":"👉","phrase":"C'est en forme de flèche."},{"type":"❓","phrase":"Pouvez-vous m'apprendre à dessiner une flèche?"}]},{"slug":"crescent","title":"Croissant","phrases":[{"type":"👉","phrase":"C'est en forme de croissant."},{"type":"❓","phrase":"Pouvez-vous m'apprendre à dessiner un croissant?"}]},{"slug":"heart","title":"Cœur","phrases":[{"type":"👉","phrase":"C'est en forme de coeur."},{"type":"❓","phrase":"Pouvez-vous m'apprendre à dessiner le cœur?"}]},{"slug":"rhombus","title":"Rhombe","phrases":[{"type":"👉","phrase":"C'est en forme de losange."},{"type":"❓","phrase":"Pouvez-vous m'apprendre à dessiner des losanges?"}]},{"slug":"ring","title":"Bague","phrases":[{"type":"👉","phrase":"C'est en forme d'anneau."},{"type":"❓","phrase":"Pouvez-vous m'apprendre à dessiner un anneau?"}]},{"slug":"semicircle","title":"Demi-cercle","phrases":[{"type":"👉","phrase":"C'est en forme de demi-cercle."},{"type":"❓","phrase":"Pouvez-vous m'apprendre à dessiner un demi-cercle?"}]},{"slug":"trapezoid","title":"Trapèze","phrases":[{"type":"👉","phrase":"C'est en forme de trapèze."},{"type":"❓","phrase":"Pouvez-vous m'apprendre à dessiner un trapèze?"}]},{"slug":"cube","title":"cube","phrases":[{"type":"👉","phrase":"C'est en forme de cube."},{"type":"❓","phrase":"Pouvez-vous m'apprendre à dessiner un cube?"}]},{"slug":"cylinder","title":"Cylindre","phrases":[{"type":"👉","phrase":"C'est en forme de cylindre."},{"type":"❓","phrase":"Pouvez-vous m'apprendre à dessiner un cylindre?"}]}]