[{"slug":"chips","title":"chips","phrases":[{"type":"❤️","phrase":"J'aime manger des frites."},{"type":"🙋","phrase":"Je veux manger des frites."},{"type":"🤢","phrase":"Manger trop de chips est mauvais pour moi."}]},{"slug":"donut","title":"Donut","phrases":[{"type":"❤️","phrase":"J'aime manger du beignet."},{"type":"🙋","phrase":"Je veux manger du beignet."},{"type":"🤢","phrase":"Manger trop de beignets est mauvais pour moi."}]},{"slug":"taco","title":"Taco","phrases":[{"type":"❤️","phrase":"J'aime manger des tacos."},{"type":"🙋","phrase":"Je veux manger du taco."},{"type":"🤢","phrase":"Manger trop de tacos est mauvais pour moi."}]},{"slug":"peanuts","title":"Cacahuètes","phrases":[{"type":"❤️","phrase":"J'aime manger des cacahuètes."},{"type":"🙋","phrase":"Je veux manger des cacahuètes."},{"type":"🤢","phrase":"Manger trop d'arachides est mauvais pour moi."}]},{"slug":"croissant","title":"Croissant","phrases":[{"type":"❤️","phrase":"J'aime manger des croissants."},{"type":"🙋","phrase":"Je veux manger un croissant."},{"type":"🤢","phrase":"Manger trop de croissants est mauvais pour moi."}]},{"slug":"cookie","title":"Biscuit","phrases":[{"type":"❤️","phrase":"J'aime manger des biscuits."},{"type":"🙋","phrase":"Je veux manger des biscuits."},{"type":"🤢","phrase":"Manger trop de cookies est mauvais pour moi."}]},{"slug":"burrito","title":"Burrito","phrases":[{"type":"❤️","phrase":"J'aime manger du burrito."},{"type":"🙋","phrase":"Je veux manger du burrito."},{"type":"🤢","phrase":"Manger trop de burritos est mauvais pour moi."}]},{"slug":"ramen","title":"Ramen","phrases":[{"type":"❤️","phrase":"J'aime manger des ramen."},{"type":"🙋","phrase":"Je veux manger des ramen."},{"type":"🤢","phrase":"Manger trop de ramen est mauvais pour moi."}]},{"slug":"sushi","title":"Sushi","phrases":[{"type":"❤️","phrase":"J'aime manger des sushis."},{"type":"🙋","phrase":"Je veux manger des sushis."},{"type":"🤢","phrase":"Manger trop de sushis est mauvais pour moi."}]},{"slug":"chocolate","title":"Chocolat","phrases":[{"type":"❤️","phrase":"J'aime manger du chocolat."},{"type":"🙋","phrase":"Je veux manger du chocolat."},{"type":"🤢","phrase":"Manger trop de chocolat est mauvais pour moi."}]},{"slug":"apple-pie","title":"tarte aux pommes","phrases":[{"type":"❤️","phrase":"J'aime manger de la tarte aux pommes."},{"type":"🙋","phrase":"Je veux manger une tarte aux pommes."},{"type":"🤢","phrase":"Manger trop de tarte aux pommes est mauvais pour moi."}]},{"slug":"muffin","title":"Muffin","phrases":[{"type":"❤️","phrase":"J'aime manger des muffins."},{"type":"🙋","phrase":"Je veux manger des muffins."},{"type":"🤢","phrase":"Manger trop de muffins est mauvais pour moi."}]},{"slug":"pudding","title":"Pudding","phrases":[{"type":"❤️","phrase":"J'aime manger du pudding."},{"type":"🙋","phrase":"Je veux manger du pudding."},{"type":"🤢","phrase":"Manger trop de pudding est mauvais pour moi."}]},{"slug":"macaron","title":"Macaron","phrases":[{"type":"❤️","phrase":"J'aime manger du macaron."},{"type":"🙋","phrase":"Je veux manger du macaron."},{"type":"🤢","phrase":"Manger trop de macaron est mauvais pour moi."}]},{"slug":"crepe","title":"Crêpe","phrases":[{"type":"❤️","phrase":"J'aime manger de la crêpe."},{"type":"🙋","phrase":"Je veux manger de la crêpe."},{"type":"🤢","phrase":"Manger trop de crêpes est mauvais pour moi."}]},{"slug":"pizza","title":"Pizza","phrases":[{"type":"❤️","phrase":"J'aime manger de la pizza."},{"type":"🙋","phrase":"Je veux manger de la pizza."},{"type":"🤢","phrase":"Manger trop de pizza est mauvais pour moi."}]},{"slug":"skewer","title":"Brochette","phrases":[{"type":"❤️","phrase":"J'aime manger des brochettes."},{"type":"🙋","phrase":"Je veux manger des brochettes."},{"type":"🤢","phrase":"Manger trop de brochettes est mauvais pour moi."}]},{"slug":"fast-food","title":"Fast food","phrases":[{"type":"❤️","phrase":"J'aime manger de la restauration rapide."},{"type":"🙋","phrase":"Je veux manger de la restauration rapide."},{"type":"🤢","phrase":"Manger trop de fast-food est mauvais pour moi."}]}]