[{"slug":"basketball","title":"Basketball","phrases":[{"type":"❤️","phrase":"J'aime jouer au basketball."},{"type":"🙋","phrase":"Voulez-vous jouer au basket?"}]},{"slug":"boxing","title":"Boxe","phrases":[{"type":"❤️","phrase":"J'aime la boxe."},{"type":"🙋","phrase":"Voulez-vous boxer ensemble?"}]},{"slug":"tennis","title":"Tennis","phrases":[{"type":"❤️","phrase":"J'aime jouer au tennis."},{"type":"🙋","phrase":"Veux tu jouer au tennis?"}]},{"slug":"golf","title":"Le golf","phrases":[{"type":"❤️","phrase":"J'aime jouer au golf."},{"type":"🙋","phrase":"Voulez-vous jouer au golf?"}]},{"slug":"hockey","title":"Le hockey","phrases":[{"type":"❤️","phrase":"J'aime jouer au hockey."},{"type":"🙋","phrase":"Voulez-vous jouer au hockey?"}]},{"slug":"swimming","title":"La natation","phrases":[{"type":"❤️","phrase":"J'aime nager."},{"type":"🙋","phrase":"Voulez-vous nager?"}]},{"slug":"baseball","title":"Base-ball","phrases":[{"type":"❤️","phrase":"J'aime jouer au baseball."},{"type":"🙋","phrase":"Voulez-vous jouer au baseball?"}]},{"slug":"american-football","title":"Football américain","phrases":[{"type":"❤️","phrase":"J'aime jouer au football américain."},{"type":"🙋","phrase":"Voulez-vous jouer au football américain?"}]},{"slug":"cricket","title":"Criquet","phrases":[{"type":"❤️","phrase":"J'aime le cricket."},{"type":"🙋","phrase":"Voulez-vous jouer au cricket?"}]},{"slug":"racing","title":"Courses","phrases":[{"type":"❤️","phrase":"J'aime la course."},{"type":"🙋","phrase":"Voulez-vous courir ensemble?"}]},{"slug":"skiing","title":"Ski","phrases":[{"type":"❤️","phrase":"J'aime skier."},{"type":"🙋","phrase":"Voulez-vous skier?"}]},{"slug":"volleyball","title":"Volley-ball","phrases":[{"type":"❤️","phrase":"J'aime jouer au volley-ball."},{"type":"🙋","phrase":"Voulez-vous jouer au volleyball?"}]},{"slug":"fencing","title":"Escrime","phrases":[{"type":"❤️","phrase":"J'aime l'escrime."}]},{"slug":"referee","title":"Arbitre","phrases":[{"type":"🏁","phrase":"Puis-je être l'arbitre?"}]},{"slug":"coach","title":"Entraîneur","phrases":[{"type":"🏁","phrase":"Puis-je être votre coach?"}]},{"slug":"kendo","title":"Kendo","phrases":[]},{"slug":"table-tennis","title":"Tennis de table","phrases":[{"type":"❤️","phrase":"J'aime jouer au tennis de table."},{"type":"🙋","phrase":"Voulez-vous jouer au tennis de table?"}]},{"slug":"medal","title":"Médaille","phrases":[{"type":"😎","phrase":"J'ai une médaille."}]},{"slug":"podium","title":"Podium","phrases":[]}]