[{"slug":"doll","title":"Poupée","phrases":[{"type":"❤️","phrase":"J'aime les poupées."},{"type":"☝️","phrase":"Puis-je jouer avec mes poupées?"},{"type":"🙋","phrase":"Je veux une poupée comme cadeau."}]},{"slug":"teddy-bear","title":"ours en peluche","phrases":[{"type":"❤️","phrase":"J'aime les ours en peluche."},{"type":"☝️","phrase":"Puis-je jouer avec mon ours en peluche?"},{"type":"🙋","phrase":"Je veux un ours en peluche comme cadeau."}]},{"slug":"blocks","title":"Blocs","phrases":[{"type":"❤️","phrase":"J'aime les blocs."},{"type":"☝️","phrase":"Puis-je jouer avec mes blocs?"},{"type":"🙋","phrase":"Je veux un bloc comme présent."}]},{"slug":"spinner","title":"Fileur","phrases":[{"type":"❤️","phrase":"J'aime le spinner."},{"type":"☝️","phrase":"Puis-je jouer avec mon spinner?"},{"type":"🙋","phrase":"Je veux un spinner comme cadeau."}]},{"slug":"nutcracker","title":"casse Noisette","phrases":[{"type":"❤️","phrase":"J'aime les casse-noisettes."},{"type":"☝️","phrase":"Puis-je jouer avec mon casse-noisette?"},{"type":"🙋","phrase":"Je veux un casse-noisette comme présent."}]},{"slug":"video-games","title":"Jeux vidéo","phrases":[{"type":"❤️","phrase":"J'aime les jeux vidéo."},{"type":"☝️","phrase":"Pouvons-nous jouer aux jeux vidéo ensemble?"},{"type":"🙋","phrase":"Je veux que les jeux vidéo soient présents."}]},{"slug":"cards","title":"Cartes","phrases":[{"type":"❤️","phrase":"J'aime jouer aux cartes."},{"type":"☝️","phrase":"Puis-je jouer avec mes cartes?"},{"type":"🙋","phrase":"Je veux jouer aux cartes comme cadeau."}]},{"slug":"toy-car","title":"Petite voiture","phrases":[{"type":"❤️","phrase":"J'aime les petites voitures."},{"type":"☝️","phrase":"Puis-je jouer avec ma petite voiture?"},{"type":"🙋","phrase":"Je veux une petite voiture comme cadeau."}]},{"slug":"sword","title":"Épée","phrases":[{"type":"❤️","phrase":"J'aime les épées jouets."},{"type":"☝️","phrase":"Puis-je jouer avec mon épée jouet?"},{"type":"🙋","phrase":"Je veux une épée comme cadeau."}]},{"slug":"yo-yo","title":"Yo-yo","phrases":[{"type":"❤️","phrase":"J'aime jouer avec yo-yo."},{"type":"☝️","phrase":"Puis-je jouer avec mon yo-yo?"},{"type":"🙋","phrase":"Je veux un yo-yo comme cadeau."}]},{"slug":"slingshot","title":"Lance-pierres","phrases":[{"type":"❤️","phrase":"J'aime les frondes."},{"type":"☝️","phrase":"Puis-je jouer avec ma fronde?"},{"type":"🙋","phrase":"Je veux une fronde comme présente."}]},{"slug":"water-gun","title":"Pistolet à eau","phrases":[{"type":"❤️","phrase":"J'aime le pistolet à eau."},{"type":"☝️","phrase":"Puis-je jouer avec mon pistolet à eau?"},{"type":"🙋","phrase":"Je veux un pistolet à eau comme cadeau."}]},{"slug":"doll-house","title":"Maison de poupée","phrases":[{"type":"❤️","phrase":"J'aime jouer avec la maison de poupée."},{"type":"☝️","phrase":"Puis-je jouer avec ma maison de poupée?"},{"type":"🙋","phrase":"Je veux une maison de poupée comme cadeau."}]},{"slug":"viewer","title":"Téléspectateur","phrases":[{"type":"❤️","phrase":"J'aime jouer avec le spectateur."},{"type":"🙋","phrase":"Je veux un spectateur comme présent."}]},{"slug":"board-game","title":"Jeu de plateau","phrases":[{"type":"❤️","phrase":"J'aime les jeux de société."},{"type":"☝️","phrase":"Pouvons-nous jouer à des jeux de société?"},{"type":"🙋","phrase":"Je veux un jeu de société comme cadeau."}]},{"slug":"rubiks-cube","title":"Rubik's Cube","phrases":[{"type":"❤️","phrase":"J'aime résoudre le cube de rubik."},{"type":"☝️","phrase":"Puis-je essayer de résoudre mon cube Rubik?"},{"type":"🙋","phrase":"Je veux un cube de rubik comme cadeau."}]},{"slug":"puzzle","title":"Puzzle","phrases":[{"type":"❤️","phrase":"J'aime les puzzles."},{"type":"☝️","phrase":"Puis-je résoudre des puzzles?"},{"type":"🙋","phrase":"Je veux des puzzles comme présents."}]},{"slug":"remote-control-car","title":"Voiture télécommandée","phrases":[{"type":"❤️","phrase":"J'aime ma voiture télécommandée."},{"type":"☝️","phrase":"Puis-je jouer avec ma voiture télécommandée"},{"type":"🙋","phrase":"Je veux une voiture télécommandée comme cadeau."}]},{"slug":"rocking-horse","title":"Cheval à bascule","phrases":[{"type":"❤️","phrase":"J'aime mon cheval à bascule."},{"type":"☝️","phrase":"Puis-je jouer avec le cheval à bascule?"}]},{"slug":"scooter","title":"Scooter","phrases":[{"type":"❤️","phrase":"J'aime mon scooter."},{"type":"🙋","phrase":"Je veux un scooter comme cadeau."}]},{"slug":"pyramid","title":"Pyramide","phrases":[{"type":"❤️","phrase":"J'aime les pyramides."},{"type":"🙋","phrase":"Je veux une pyramide comme présente."}]},{"slug":"cart","title":"Chariot","phrases":[{"type":"❤️","phrase":"J'aime mon chariot de jouets."},{"type":"🙋","phrase":"Pouvez-vous m'aider à ranger mes jouets?"}]},{"slug":"aeroplane","title":"Avion","phrases":[{"type":"❤️","phrase":"J'aime les avions."},{"type":"☝️","phrase":"Puis-je jouer avec mon avion?"},{"type":"🙋","phrase":"Je veux un avion comme cadeau."}]},{"slug":"sand-bucket","title":"Seau à sable","phrases":[{"type":"❤️","phrase":"J'aime les seaux de sable."},{"type":"☝️","phrase":"Puis-je construire un château avec mon seau de sable?"}]}]