[{"slug":"train","title":"Train","phrases":[{"type":"🙋","phrase":"Je veux prendre le train."},{"type":"❤️","phrase":"J'aime les trains."}]},{"slug":"car","title":"Voiture","phrases":[{"type":"🙋","phrase":"Je veux conduire une voiture."},{"type":"❤️","phrase":"J'aime les voitures."}]},{"slug":"bicycle","title":"Vélo","phrases":[{"type":"🙋","phrase":"Je veux faire du vélo."},{"type":"❤️","phrase":"J'aime le vélo."}]},{"slug":"motorcycle","title":"Moto","phrases":[{"type":"🙋","phrase":"Je veux conduire une moto."},{"type":"❤️","phrase":"J'aime la moto."}]},{"slug":"skateboard","title":"planche à roulette","phrases":[{"type":"🙋","phrase":"Je veux patiner."},{"type":"❤️","phrase":"J'aime le skateboard."}]},{"slug":"food-truck","title":"Traversier","phrases":[{"type":"🙋","phrase":"Je veux prendre le ferry."},{"type":"🧑‍🤝‍🧑","phrase":"Le ferry est bondé."}]},{"slug":"boat","title":"Bateau","phrases":[{"type":"🙋","phrase":"Je veux monter un bateau."},{"type":"🧑‍🤝‍🧑","phrase":"Le bateau est bondé."}]},{"slug":"ship","title":"Navire","phrases":[{"type":"🙋","phrase":"Je veux monter à bord d'un navire."},{"type":"🧑‍🤝‍🧑","phrase":"Le navire est bondé."}]},{"slug":"bus","title":"Autobus","phrases":[{"type":"🙋","phrase":"Je veux prendre le bus."},{"type":"🧑‍🤝‍🧑","phrase":"Le bus est bondé."}]},{"slug":"minibus","title":"Minibus","phrases":[{"type":"🙋","phrase":"Je veux prendre le minibus."},{"type":"🧑‍🤝‍🧑","phrase":"Le minibus est bondé."}]},{"slug":"wheelchair","title":"Fauteuil roulant","phrases":[{"type":"♿","phrase":"J'utilise un fauteuil roulant."},{"type":"👨‍🦽","phrase":"Il utilise un fauteuil roulant."},{"type":"🙋","phrase":"Pouvez-vous m'aider à utiliser mon fauteuil roulant."},{"type":"🖐️","phrase":"Tu peux me pousser?"}]},{"slug":"taxi","title":"Taxi","phrases":[{"type":"🙋","phrase":"Je veux prendre le taxi."}]},{"slug":"airplane","title":"Avion","phrases":[{"type":"🙋","phrase":"Je veux voler dans un avion."},{"type":"❤️","phrase":"J'aime les avions."},{"type":"🧑‍🤝‍🧑","phrase":"L'avion est bondé."}]},{"slug":"van","title":"Van","phrases":[{"type":"🙋","phrase":"Je veux conduire dans un van."}]},{"slug":"hot-air-balloon","title":"Ballon à air chaud","phrases":[{"type":"🙋","phrase":"Je veux voler sur un ballon à air chaud."},{"type":"❤️","phrase":"J'aime le ballon à air chaud."}]},{"slug":"fire-truck","title":"Camion de pompier","phrases":[{"type":"🚨","phrase":"Sirène de camion de pompiers."}]},{"slug":"police-car","title":"Voiture de police","phrases":[{"type":"🚨","phrase":"Sirène de voiture de police."},{"type":"❤️","phrase":"J'aime les voitures de police."}]},{"slug":"ambulance","title":"Ambulance","phrases":[{"type":"🚨","phrase":"Sirène d'ambulance."}]},{"slug":"stretcher","title":"Tendeur","phrases":[{"type":"🙋","phrase":"Pouvez-vous m'aider avec ma civière?"}]},{"slug":"helicopter","title":"Hélicoptère","phrases":[{"type":"🙋","phrase":"Je veux voler sur un hélicoptère."}]},{"slug":"trailer","title":"Bande annonce","phrases":[{"type":"🙋","phrase":"Je veux conduire dans une remorque."}]},{"slug":"spaceship","title":"Vaisseau spatial","phrases":[{"type":"❤️","phrase":"J'aime les vaisseaux spatiaux."},{"type":"🌌","phrase":"Je veux voyager dans l'espace."},{"type":"👽","phrase":"Je veux voir des extraterrestres."},{"type":"👩‍🚀","phrase":"Je veux aller au mars."},{"type":"🚀","phrase":"Pouvez-vous m'emmener à mars Elon Musk?"}]}]