[{"slug":"luggage","title":"Bagage","phrases":[]},{"slug":"swimming","title":"La natation","phrases":[]},{"slug":"passport","title":"Passeport","phrases":[]},{"slug":"tent","title":"Tente","phrases":[]},{"slug":"backpacking","title":"Sac à dos","phrases":[]},{"slug":"beach-chair","title":"chaise de plage","phrases":[]},{"slug":"room-service","title":"Service de chambre","phrases":[]},{"slug":"waiting-area","title":"Salle d'attente","phrases":[]},{"slug":"electric-socket","title":"Prise électrique","phrases":[]},{"slug":"bag","title":"Sac","phrases":[]},{"slug":"boarding-pass","title":"Carte d'embarquement","phrases":[]},{"slug":"gps","title":"GPS","phrases":[]},{"slug":"mountain","title":"Montagne","phrases":[]},{"slug":"camera","title":"Caméra","phrases":[]},{"slug":"hotel","title":"Hôtel","phrases":[]},{"slug":"bed","title":"Lit","phrases":[]},{"slug":"hotel-key","title":"Clé de l'hôtel","phrases":[]},{"slug":"bonfire","title":"Feu","phrases":[]},{"slug":"snorkling","title":"Snorkling","phrases":[]},{"slug":"action-camera","title":"Caméra d'action","phrases":[]}]