[{"slug":"cucumber","title":"Concombre","phrases":[{"type":"❤️","phrase":"J'aime manger du concombre."},{"type":"🙋","phrase":"Je veux manger un concombre."},{"type":"❌","phrase":"Je n'aime pas le concombre."}]},{"slug":"onion","title":"Oignon","phrases":[{"type":"❤️","phrase":"J'aime manger de l'oignon."},{"type":"🙋","phrase":"Je veux manger un oignon."},{"type":"❌","phrase":"Je n'aime pas l'oignon."},{"type":"❌","phrase":"Je n'aime pas l'odeur de l'oignon."}]},{"slug":"garlic","title":"Ail","phrases":[{"type":"❤️","phrase":"J'aime manger de l'ail."},{"type":"🙋","phrase":"Je veux manger un ail."},{"type":"❌","phrase":"Je n'aime pas l'ail."},{"type":"❌","phrase":"Je n'aime pas l'odeur de l'ail."}]},{"slug":"carrot","title":"Carotte","phrases":[{"type":"❤️","phrase":"J'aime manger de la carotte."},{"type":"🙋","phrase":"Je veux manger une carotte."},{"type":"❌","phrase":"Je n'aime pas les carottes."}]},{"slug":"cabbage","title":"Chou","phrases":[{"type":"❤️","phrase":"J'aime manger du chou."},{"type":"🙋","phrase":"Je veux manger un chou."},{"type":"❌","phrase":"Je n'aime pas le chou."}]},{"slug":"tomato","title":"Tomate","phrases":[{"type":"❤️","phrase":"J'aime manger de la tomate."},{"type":"🙋","phrase":"Je veux manger une tomate."},{"type":"❌","phrase":"Je n'aime pas la tomate."},{"type":"❤️","phrase":"J'aime avoir une soupe aux tomates."}]},{"slug":"eggplant","title":"Aubergine","phrases":[{"type":"❤️","phrase":"J'aime manger des aubergines."},{"type":"🙋","phrase":"Je veux manger une aubergine."},{"type":"❌","phrase":"Je n'aime pas l'aubergine."}]},{"slug":"mushroom","title":"Champignon","phrases":[{"type":"❤️","phrase":"J'aime manger des champignons."},{"type":"🙋","phrase":"Je veux manger un champignon."},{"type":"❌","phrase":"Je n'aime pas les champignons."},{"type":"❤️","phrase":"J'aime avoir une soupe aux champignons."}]},{"slug":"pepper","title":"Poivre","phrases":[{"type":"❤️","phrase":"J'aime manger du poivre."},{"type":"🙋","phrase":"Je veux manger un poivre."},{"type":"❌","phrase":"Je n'aime pas le poivre."}]},{"slug":"corn","title":"Blé","phrases":[{"type":"❤️","phrase":"J'aime manger du maïs."},{"type":"🙋","phrase":"Je veux manger un maïs."},{"type":"❌","phrase":"Je n'aime pas le maïs."},{"type":"❤️","phrase":"J'aime avoir une soupe de maïs."}]},{"slug":"broccoli","title":"brocoli","phrases":[{"type":"❤️","phrase":"J'aime manger du brocoli."},{"type":"🙋","phrase":"Je veux manger un brocoli."},{"type":"❌","phrase":"Je n'aime pas le brocoli."}]},{"slug":"celery","title":"Céleri","phrases":[{"type":"❤️","phrase":"J'aime manger du céleri."},{"type":"🙋","phrase":"Je veux manger un céleri."},{"type":"❌","phrase":"Je n'aime pas le céleri."}]},{"slug":"chili","title":"le Chili","phrases":[{"type":"❤️","phrase":"J'aime manger du piment."},{"type":"🙋","phrase":"Je veux manger un piment."},{"type":"❌","phrase":"Je n'aime pas le piment."}]},{"slug":"potato","title":"Patate","phrases":[{"type":"❤️","phrase":"J'aime manger de la pomme de terre."},{"type":"🙋","phrase":"Je veux manger une pomme de terre."},{"type":"❌","phrase":"Je n'aime pas la pomme de terre."},{"type":"❤️","phrase":"J'aime manger des frites de pommes de terre."}]},{"slug":"asparagus","title":"Asperges","phrases":[{"type":"❤️","phrase":"J'aime manger des asperges."},{"type":"🙋","phrase":"Je veux manger des asperges."},{"type":"❌","phrase":"Je n'aime pas les asperges."}]},{"slug":"cauliflower","title":"choufleur","phrases":[{"type":"❤️","phrase":"J'aime manger du chou-fleur."},{"type":"🙋","phrase":"Je veux manger un chou-fleur."},{"type":"❌","phrase":"Je n'aime pas le chou-fleur."}]},{"slug":"pumpkin","title":"Citrouille","phrases":[{"type":"❤️","phrase":"J'aime manger de la citrouille."},{"type":"🙋","phrase":"Je veux manger une citrouille."},{"type":"❌","phrase":"Je n'aime pas la citrouille."},{"type":"❤️","phrase":"J'aime avoir une soupe à la citrouille."}]},{"slug":"beetroot","title":"Betterave","phrases":[{"type":"❤️","phrase":"J'aime manger de la betterave."},{"type":"🙋","phrase":"Je veux manger une betterave."},{"type":"❌","phrase":"Je n'aime pas la betterave."}]},{"slug":"bean","title":"Haricot","phrases":[{"type":"❤️","phrase":"J'aime manger des haricots."},{"type":"🙋","phrase":"Je veux manger un haricot."},{"type":"❌","phrase":"Je n'aime pas le haricot."}]},{"slug":"lettuce","title":"Salade","phrases":[{"type":"❤️","phrase":"J'aime manger de la laitue."},{"type":"🙋","phrase":"Je veux manger une laitue."},{"type":"❌","phrase":"Je n'aime pas la laitue."},{"type":"❤️","phrase":"J'aime que ma salade contienne plus de laitue."}]},{"slug":"radish","title":"Un radis","phrases":[{"type":"❤️","phrase":"J'aime manger du radis."},{"type":"🙋","phrase":"Je veux manger un radis."},{"type":"❌","phrase":"Je n'aime pas le radis."}]},{"slug":"bok-choy","title":"Bok choy","phrases":[{"type":"❤️","phrase":"J'aime manger du bok choy."},{"type":"🙋","phrase":"Je veux manger un bok choy."},{"type":"❌","phrase":"Je n'aime pas le bok choy."}]},{"slug":"leek","title":"Poireau","phrases":[{"type":"❤️","phrase":"J'aime manger des poireaux."},{"type":"🙋","phrase":"Je veux manger un poireau."},{"type":"❌","phrase":"Je n'aime pas le poireau."}]},{"slug":"peas","title":"Pois","phrases":[{"type":"❤️","phrase":"J'aime manger des petits pois."},{"type":"🙋","phrase":"Je veux manger des petits pois."},{"type":"❌","phrase":"Je n'aime pas les pois."}]},{"slug":"ginger","title":"Gingembre","phrases":[{"type":"❤️","phrase":"J'aime manger du gingembre."},{"type":"🙋","phrase":"Je veux manger du gingembre."},{"type":"❌","phrase":"Je n'aime pas le gingembre."}]},{"slug":"sweet-potato","title":"Patate douce","phrases":[{"type":"❤️","phrase":"J'aime manger de la patate douce."},{"type":"🙋","phrase":"Je veux manger une patate douce."},{"type":"❌","phrase":"Je n'aime pas la patate douce."},{"type":"❤️","phrase":"J'aime manger de la patate douce frite."}]},{"slug":"olives","title":"Olives","phrases":[{"type":"❤️","phrase":"J'aime manger des olives."},{"type":"🙋","phrase":"Je veux manger des olives."},{"type":"❌","phrase":"Je n'aime pas les olives."},{"type":"❤️","phrase":"J'aime les olives dans ma pizza."}]}]